{"movie": "tagesschau", "offset": 50, "text_offset": 50, "embedding": [-0.052490234375, -0.0167236328125, -0.0179443359375, -0.00347900390625, -0.0228271484375, 0.056884765625, 0.0194091796875, -0.00927734375, -0.01519775390625, 0.0023956298828125, -0.033935546875, -0.0052490234375, -0.026123046875, 0.037353515625, -0.01165771484375, -0.06787109375, 0.0036468505859375, -0.034423828125, 0.0181884765625, 0.03466796875, 0.0439453125, 0.05126953125, 0.05078125, 0.006256103515625, 0.0517578125, 0.033935546875, -0.0322265625, -0.0196533203125, 0.00665283203125, 0.006317138671875, -0.03662109375, 0.0166015625, 0.0126953125, 0.027099609375, 0.0166015625, 0.037353515625, 0.00250244140625, 0.029541015625, 0.01055908203125, -0.013671875, 0.032958984375, -0.020263671875, -0.01025390625, 0.050048828125, 0.0184326171875, 0.01123046875, 0.027587890625, 0.06787109375, -0.00189208984375, 0.00011539459228515625, 0.0001277923583984375, -0.0224609375, 0.038818359375, 0.001617431640625, -0.045654296875, 0.00848388671875, 0.00113677978515625, -0.00836181640625, -0.01806640625, -0.004547119140625, -0.0003643035888671875, -0.036376953125, -0.00408935546875, 0.0196533203125, 0.044677734375, -0.034423828125, -0.004730224609375, -0.04638671875, 0.00531005859375, 0.08203125, 0.0108642578125, -0.0294189453125, 0.047119140625, -0.026123046875, -0.015869140625, 0.0172119140625, -0.0036773681640625, 0.0322265625, -0.0045166015625, -0.03466796875, 0.048828125, -0.02490234375, -0.005889892578125, 0.0233154296875, 0.01055908203125, -0.01708984375, -0.019775390625, -0.01397705078125, 0.0189208984375, -0.01416015625, -0.005462646484375, -0.0216064453125, -0.054931640625, 0.0185546875, -0.021728515625, 0.016357421875, -0.00225830078125, -0.044189453125, -0.0286865234375, 0.022705078125, 0.0213623046875, 0.033203125, -0.06884765625, -0.021728515625, 0.0213623046875, -0.04833984375, -0.0247802734375, -0.03759765625, -0.004852294921875, 0.0162353515625, -0.0213623046875, -0.01055908203125, 0.019775390625, -0.0174560546875, -0.00543212890625, 0.0291748046875, 0.03564453125, 0.056884765625, 0.01416015625, 0.02587890625, 0.00567626953125, -0.0118408203125, -0.06298828125, 0.029541015625, 0.003021240234375, 0.013671875, 0.00390625, 0.01336669921875, -0.0157470703125, -0.01043701171875, -0.001800537109375, 0.005889892578125, -0.00830078125, 0.05419921875, -0.00677490234375, -0.029541015625, -0.0015106201171875, -0.000202178955078125, 0.019775390625, 0.007110595703125, -0.004150390625, -0.022705078125, 0.04833984375, -0.026123046875, -0.037353515625, 0.006561279296875, 0.0005035400390625, -0.0302734375, -0.01519775390625, -0.0118408203125, -0.0093994140625, -0.025390625, 0.016357421875, -0.0014801025390625, -0.0135498046875, -0.00860595703125, -0.00469970703125, 0.034912109375, 0.0184326171875, -0.0302734375, -0.057373046875, -0.00090789794921875, -0.0205078125, 0.00323486328125, 0.054931640625, 0.048828125, 0.0064697265625, 0.0157470703125, 0.033935546875, 0.024169921875, 0.05078125, -0.03125, -0.01416015625, -0.0174560546875, -0.0150146484375, 0.001220703125, 0.02587890625, -0.08203125, 0.006134033203125, -0.006561279296875, 0.0233154296875, -0.0019683837890625, 0.004547119140625, 0.015380859375, 0.038818359375, -0.0206298828125, 0.00933837890625, 0.000659942626953125, 0.023681640625, 0.0194091796875, 0.01251220703125, 0.01055908203125, -0.027587890625, -0.03271484375, -0.0147705078125, 0.004669189453125, -0.01251220703125, -0.036376953125, -0.01611328125, 0.047119140625, -0.029541015625, 0.01336669921875, -0.0162353515625, 0.006011962890625, 0.0576171875, -0.03662109375, 0.026123046875, 0.0213623046875, -0.0181884765625, -0.0128173828125, 0.01007080078125, 0.002349853515625, 0.030029296875, -0.037841796875, -0.0390625, 0.0076904296875, 0.037109375, 0.04345703125, 0.064453125, -0.01007080078125, -0.0101318359375, -0.033203125, 0.005584716796875, -0.0279541015625, 0.05517578125, -0.0223388671875, -0.0145263671875, -0.0196533203125, 0.006011962890625, -0.060791015625, -0.01226806640625, 0.029052734375, -0.0250244140625, 0.061767578125, -0.023193359375, 0.0115966796875, 0.05322265625, -0.0284423828125, 0.00045013427734375, 0.0030670166015625, -0.037353515625, -0.01251220703125, 0.0625, 0.0311279296875, -0.0031280517578125, 0.037109375, 0.01104736328125, -0.0185546875, 0.0120849609375, 0.0703125, 0.00830078125, 0.040771484375, 0.03759765625, -0.01251220703125, 0.00738525390625, 0.037109375, -0.0093994140625, 0.0186767578125, 0.0201416015625, -0.0208740234375, 0.03466796875, 0.021728515625, 0.000690460205078125, -0.00168609619140625, 0.037841796875, 0.010498046875, 0.0021514892578125, -0.024169921875, 0.021728515625, 0.06787109375, 0.00927734375, 0.015869140625, -0.0203857421875, 0.0281982421875, 0.0771484375, -0.08984375, 0.0439453125, -0.024169921875, -0.0011444091796875, 0.037841796875, -0.018798828125, 0.01336669921875, 0.0184326171875, 0.0311279296875, 0.021728515625, 0.03271484375, 0.033935546875, -0.00164031982421875, -0.01251220703125, -0.013916015625, -0.005584716796875, -0.008056640625, 0.0211181640625, -0.037109375, 0.0166015625, 0.080078125, -0.02099609375, -0.005584716796875, 0.0086669921875, 0.029052734375, -0.005279541015625, 0.010498046875, 0.029541015625, -0.0296630859375, -0.006988525390625, -0.005096435546875, -0.06787109375, -0.0576171875, -0.00689697265625, 0.010009765625, 0.025634765625, -0.048828125, -0.001953125, -0.03076171875, 0.0169677734375, -0.03271484375, -0.0201416015625, 0.0206298828125, 0.08984375, 0.005706787109375, 0.040283203125, 0.021240234375, -0.060791015625, 0.0296630859375, 0.001739501953125, -0.0244140625, -0.0517578125, -0.030029296875, 0.0201416015625, -0.0120849609375, 0.023193359375, -0.032470703125, 0.0003509521484375, 0.0220947265625, 0.006134033203125, -0.040283203125, -0.017333984375, 0.0064697265625, -0.08154296875, 0.0283203125, 0.0186767578125, -0.003265380859375, -0.019775390625, -0.004150390625, 0.01336669921875, -0.004241943359375, -0.035888671875, 0.008056640625, -0.01611328125, -0.00323486328125, 0.0303955078125, 0.044677734375, 0.040283203125, 0.031982421875, 0.039306640625, 0.044189453125, 0.047119140625, -0.01123046875, -0.057373046875, 0.0166015625, -0.043212890625, -0.017822265625, 0.0257568359375, -0.06396484375, -0.0021514892578125, -0.001434326171875, 0.00872802734375, -0.06787109375, -0.01031494140625, 0.0546875, -0.06396484375, 0.033447265625, 0.029052734375, -0.003204345703125, -0.024169921875, 0.00012874603271484375, 0.0311279296875, -0.0130615234375, -0.0224609375, 0.0311279296875, -0.0228271484375, 0.0267333984375, 0.01116943359375, -0.0186767578125, 0.0269775390625, -0.055908203125, 0.00848388671875, 0.0019073486328125, -0.0015106201171875, -0.04736328125, 0.0120849609375, -0.0274658203125, 0.0035552978515625, -0.068359375, -0.07421875, 0.0078125, 0.038330078125, 0.0133056640625, 0.03564453125, -0.052978515625, -0.005615234375, -0.0294189453125, -0.00095367431640625, 0.01544189453125, -0.0081787109375, 0.031494140625, -0.0224609375, -0.005828857421875, 0.005340576171875, 0.01348876953125, -0.0174560546875, 0.0419921875, 0.02880859375, -0.0181884765625, 0.0284423828125, 0.044677734375, 0.01007080078125, -0.019775390625, 0.08837890625, -0.0223388671875, -0.01336669921875, 0.01336669921875, -0.0303955078125, -0.041259765625, 0.037841796875, -0.012939453125, 0.024169921875, 0.00579833984375, -0.044189453125, 0.031494140625, 0.034423828125, -0.03955078125, 0.004364013671875, -0.03125, -0.0247802734375, 0.00848388671875, -0.05810546875, -0.05908203125, -0.035888671875, 0.0218505859375, 0.0771484375, 0.013671875, -0.0245361328125, 0.040283203125, 0.000919342041015625, -0.0205078125, 0.0172119140625, 0.017822265625, -0.0169677734375, 0.0081787109375, -0.0169677734375, 0.0361328125, 0.0089111328125, 0.00506591796875, 0.03955078125, -0.004608154296875, 0.0224609375, 0.01025390625, -0.0186767578125, 0.060791015625, -0.042724609375, 0.07177734375, 0.02880859375, 0.0322265625, 0.0322265625, -0.023193359375, -0.0194091796875, 