{"movie": "tagesschau", "offset": 72, "text_offset": 70, "embedding": [0.0185546875, 0.01513671875, 0.0024871826171875, 0.0189208984375, -0.0576171875, 0.0169677734375, 0.021728515625, -0.0206298828125, -0.04541015625, 0.042724609375, -0.0035400390625, -0.00109100341796875, -0.00848388671875, -0.006988525390625, 0.031494140625, -0.036865234375, 0.039306640625, -0.021728515625, -0.04150390625, -0.0206298828125, -0.02685546875, 0.032470703125, 0.068359375, -0.01153564453125, 0.055419921875, 0.0272216796875, -0.061767578125, 0.04736328125, 0.049560546875, 0.064453125, 0.01470947265625, 0.0284423828125, 0.0341796875, 0.0084228515625, -0.01507568359375, -0.0223388671875, 0.01953125, 0.01116943359375, 0.0034027099609375, 0.031982421875, -0.06884765625, 0.0015869140625, -0.064453125, -0.0034027099609375, -0.031005859375, 0.01202392578125, -0.047607421875, 0.036865234375, -0.029541015625, 1.2159347534179688e-05, -0.0400390625, 0.013671875, -0.0262451171875, 0.025390625, -0.00799560546875, 0.00628662109375, 0.026123046875, -0.0033111572265625, -0.0240478515625, -0.01055908203125, -0.007476806640625, -0.0301513671875, 0.0152587890625, -0.011474609375, 0.026123046875, -0.021484375, -0.058349609375, 0.00433349609375, 0.00927734375, 0.04541015625, -0.02587890625, -0.07568359375, -0.024169921875, -0.072265625, -0.01348876953125, 0.001373291015625, 0.033935546875, -0.061767578125, 0.031005859375, 0.004241943359375, 0.0206298828125, -0.0302734375, 0.0230712890625, 0.000644683837890625, 0.054443359375, -0.04541015625, 0.0234375, 0.00927734375, 0.0177001953125, 0.01055908203125, -0.0189208984375, -0.0272216796875, -0.0279541015625, -0.041748046875, 0.032470703125, 0.018310546875, 0.0120849609375, 0.015869140625, 0.0089111328125, 0.0498046875, -0.013671875, 0.0169677734375, -0.01904296875, -0.029541015625, 0.0283203125, -0.03662109375, -0.00823974609375, 0.007080078125, 0.0294189453125, 0.058349609375, -0.080078125, 0.004425048828125, 0.01513671875, -0.00311279296875, -0.0004329681396484375, -0.039794921875, 0.0120849609375, -0.0220947265625, 0.025146484375, 0.00592041015625, -0.018798828125, 0.0147705078125, -0.058349609375, -0.027587890625, -0.005645751953125, 0.02587890625, 0.039306640625, 0.014404296875, -0.07275390625, -0.0010528564453125, 0.052490234375, 0.051025390625, 0.02685546875, 0.0537109375, -0.06396484375, 0.024169921875, -0.06201171875, -0.018310546875, 0.0341796875, -0.008056640625, -0.02587890625, -0.004730224609375, 0.01129150390625, 0.0023040771484375, -0.0400390625, 0.033203125, 0.013427734375, -0.01116943359375, -0.041748046875, 0.0029754638671875, 0.0283203125, -0.009521484375, -0.0159912109375, 0.01153564453125, -0.005523681640625, -0.048828125, 0.0033111572265625, 0.01422119140625, -0.032958984375, 0.053955078125, -0.04736328125, 0.0302734375, -0.03173828125, 0.048095703125, 0.031982421875, -0.033203125, -0.005859375, -0.03173828125, 0.064453125, 0.006805419921875, 0.0033721923828125, -0.0201416015625, -0.001861572265625, 0.01611328125, -0.00390625, 0.00799560546875, -0.00927734375, -0.0390625, -0.0400390625, 0.031494140625, -0.03173828125, 0.0277099609375, 0.0537109375, -0.0400390625, 0.02880859375, -0.0595703125, 0.02197265625, -0.043701171875, 0.00775146484375, 0.023681640625, 0.007568359375, 0.0230712890625, -0.025390625, 0.041748046875, 0.0003528594970703125, -0.0023345947265625, 0.017333984375, -0.00433349609375, -0.06787109375, 0.06982421875, -0.037353515625, -0.0234375, -0.0159912109375, 0.00921630859375, -0.028076171875, 0.00885009765625, -0.01422119140625, -0.028076171875, 0.02880859375, -0.00775146484375, 0.0208740234375, 0.03173828125, -0.0172119140625, 0.0284423828125, -0.046142578125, 0.035400390625, 0.0294189453125, 0.009765625, 0.05029296875, 0.025146484375, 0.023193359375, -0.0284423828125, -0.032470703125, -0.011474609375, 0.041748046875, -0.055908203125, 0.017333984375, -0.033447265625, 0.01544189453125, -0.03857421875, -0.0576171875, 0.041259765625, -0.01904296875, 0.017578125, 0.01507568359375, 0.0184326171875, 0.0255126953125, 0.03271484375, 0.041259765625, -0.003021240234375, 0.0269775390625, -0.01495361328125, 0.02197265625, -0.0230712890625, 0.040283203125, 0.0086669921875, -0.0001811981201171875, -0.03466796875, -0.01458740234375, 0.0177001953125, -0.01055908203125, -0.0034942626953125, 0.039794921875, -0.0203857421875, -0.02490234375, -0.0035858154296875, -0.02587890625, 0.0174560546875, -0.0380859375, -0.01129150390625, 0.01416015625, -0.03125, 0.00994873046875, 0.004974365234375, 0.00183868408203125, 0.0169677734375, -0.01458740234375, -0.00848388671875, -0.00811767578125, -0.0113525390625, 0.049560546875, 0.040771484375, -0.009765625, -0.0130615234375, -0.010009765625, -0.0302734375, 0.0194091796875, -0.004730224609375, 0.01202392578125, 0.037841796875, 0.012939453125, -0.01397705078125, -0.0133056640625, -0.006744384765625, -0.003326416015625, 0.03662109375, -0.0247802734375, 0.036865234375, 0.01153564453125, -0.0240478515625, -0.0517578125, 0.00029754638671875, 0.07080078125, -0.0169677734375, 0.0091552734375, 0.0234375, 0.045166015625, -0.01055908203125, -0.034423828125, -0.03271484375, -0.039306640625, -0.01458740234375, 0.061279296875, -0.0091552734375, 0.0255126953125, 0.0546875, 0.05615234375, -0.00537109375, 0.042724609375, 0.06591796875, -0.0244140625, -0.042724609375, -0.020751953125, -0.01226806640625, -0.0022430419921875, -0.0272216796875, -0.019287109375, -0.03466796875, 0.023193359375, -0.0203857421875, -0.006378173828125, -0.01324462890625, 0.025390625, 0.042724609375, -0.00799560546875, 0.021240234375, 0.02734375, -0.048095703125, 0.0390625, -0.042724609375, 0.025390625, 0.02001953125, 0.0191650390625, -0.031494140625, 0.01434326171875, 0.00665283203125, -0.01416015625, -0.031982421875, 0.007080078125, -0.01361083984375, 0.055419921875, -0.0498046875, -0.005096435546875, 0.005645751953125, -0.01458740234375, 0.029541015625, -0.01470947265625, 0.0185546875, -0.035400390625, 0.03173828125, 0.0086669921875, 0.0537109375, 0.0203857421875, -0.0078125, 0.01312255859375, -0.020751953125, 0.00933837890625, 0.00860595703125, -0.0164794921875, -0.0167236328125, -0.01007080078125, 0.046142578125, 0.09228515625, -0.054443359375, 0.04638671875, -0.042236328125, 0.051513671875, -0.00982666015625, 0.039306640625, -0.043701171875, -0.0380859375, 0.05224609375, -0.0167236328125, 0.037109375, -0.051025390625, 0.017822265625, -0.000568389892578125, -0.0079345703125, -0.044189453125, 0.0400390625, 0.000247955322265625, 0.02490234375, 0.009765625, -0.015869140625, 0.0439453125, 0.0286865234375, 0.005157470703125, -0.08251953125, -0.03173828125, -0.056884765625, 0.0361328125, 0.023681640625, -0.007110595703125, -0.0400390625, -0.049560546875, -0.026611328125, 0.000530242919921875, 0.0546875, 0.03466796875, -0.03369140625, -0.01123046875, -0.01007080078125, -0.03759765625, -0.02587890625, 0.010986328125, 0.087890625, -0.04248046875, -0.003936767578125, 0.0517578125, 0.02734375, -0.035400390625, -0.006195068359375, 0.043701171875, -0.0179443359375, 0.023193359375, -0.00811767578125, 0.05224609375, -0.0014495849609375, 0.09033203125, 0.0087890625, 0.01019287109375, -0.005584716796875, -0.02490234375, -0.025390625, 0.01153564453125, -0.058837890625, -0.0279541015625, 0.021240234375, -0.0194091796875, 0.006927490234375, 0.01092529296875, 0.04638671875, -0.0198974609375, -0.01513671875, 0.02197265625, 0.003692626953125, -0.008056640625, -0.046875, -0.06396484375, -0.02734375, 0.0125732421875, 0.006622314453125, -0.05078125, 0.01190185546875, -0.0517578125, -0.00244140625, 0.0218505859375, 0.00141143798828125, 0.005645751953125, 0.0047607421875, -0.0019683837890625, -0.01129150390625, 0.0498046875, 0.0169677734375, -0.04150390625, -0.0024566650390625, 0.00848388671875, 0.00982666015625, -0.00921630859375, -0.0033111572265625, -0.0068359375, -0.00274658203125, -0.01104736328125, 0.015625, 0.038818359375, -0.08447265625, -0.0089111328125, 0.00433349609375, -0.01470947265625, -0.03369140625, 0.02001953125, -0.042236328125, 