{"movie": "tagesschau", "offset": 102, "text_offset": 100, "embedding": [0.058837890625, -0.00238037109375, -0.00665283203125, -0.03173828125, -0.04638671875, -0.02734375, 0.0157470703125, 0.0035552978515625, -0.040283203125, -0.0196533203125, -0.0206298828125, -0.003631591796875, -0.03759765625, 0.046875, 0.0281982421875, -0.045166015625, -0.0203857421875, 0.0244140625, -0.0004100799560546875, 0.0145263671875, 0.01446533203125, -0.0140380859375, 0.0206298828125, -0.03125, 0.0361328125, -0.0028839111328125, -0.06005859375, -0.06591796875, 0.00970458984375, 0.029052734375, -0.0308837890625, 0.020751953125, 0.0174560546875, 0.00119781494140625, -0.0025634765625, -0.00167083740234375, -0.0064697265625, 0.017578125, -0.0108642578125, 0.0031280517578125, 0.0576171875, 0.00982666015625, -0.0517578125, -0.003387451171875, 0.02880859375, -0.0125732421875, -0.0380859375, 0.022216796875, 0.056396484375, 0.00121307373046875, 0.0103759765625, 0.006927490234375, 0.004180908203125, 0.0240478515625, 0.01422119140625, 0.0016632080078125, -0.0281982421875, -0.0203857421875, 0.003326416015625, 0.0380859375, -0.08984375, -0.0247802734375, 0.0142822265625, -0.05419921875, 0.030029296875, -0.00156402587890625, -0.007415771484375, 0.049560546875, -0.025390625, 0.061767578125, -0.0869140625, -0.052490234375, -0.0257568359375, -0.0262451171875, 0.0615234375, -0.06005859375, 0.0098876953125, -0.044189453125, -0.0107421875, 0.0157470703125, 0.0267333984375, 0.00799560546875, 0.03759765625, -0.031494140625, 0.0107421875, -0.0201416015625, -0.01446533203125, 0.01483154296875, -0.002655029296875, 0.001190185546875, -6.771087646484375e-05, 0.005889892578125, -0.07421875, -0.033447265625, 0.00396728515625, 0.004638671875, 0.037109375, -0.0031280517578125, 0.039306640625, -4.76837158203125e-05, 0.004608154296875, 0.0026702880859375, -0.08056640625, -0.00421142578125, -0.0257568359375, -0.0113525390625, 0.005645751953125, -0.0242919921875, -0.0205078125, 0.0224609375, 0.029296875, -0.007110595703125, -0.0184326171875, 0.0159912109375, 0.0191650390625, -0.0341796875, 0.0125732421875, -0.05859375, 0.00714111328125, -0.0008697509765625, -0.0211181640625, -0.0267333984375, 0.000926971435546875, 0.0019989013671875, 0.0301513671875, -0.049560546875, 0.01611328125, -0.0145263671875, -0.0211181640625, 0.00982666015625, -0.007720947265625, -0.00274658203125, 0.00958251953125, -0.01177978515625, -0.09521484375, 0.015869140625, -0.022216796875, -0.003662109375, -0.01104736328125, 0.06591796875, 0.00124359130859375, 0.006866455078125, 0.0108642578125, -0.038330078125, -0.0020294189453125, 0.040771484375, 0.007720947265625, 0.0018157958984375, -0.0849609375, -0.0230712890625, -0.03759765625, -0.0081787109375, -0.0211181640625, 0.030029296875, 0.03271484375, -0.0169677734375, -0.04150390625, 0.0240478515625, 0.0296630859375, 0.06396484375, 0.02587890625, 0.00872802734375, -0.048828125, -0.01611328125, 0.04150390625, -0.0274658203125, -0.0191650390625, 0.0546875, 0.02099609375, -0.019287109375, -0.03857421875, 0.032958984375, -0.005706787109375, -0.05419921875, 0.04345703125, 0.002716064453125, -0.02783203125, -0.05615234375, 0.00469970703125, 0.04345703125, -0.0031280517578125, -0.013916015625, 0.00970458984375, 0.00323486328125, 0.01055908203125, -0.008544921875, -0.039794921875, -0.023193359375, -0.0206298828125, 0.0024261474609375, -0.00079345703125, 0.01287841796875, 0.0184326171875, 0.00171661376953125, 0.051025390625, -0.061767578125, -0.0166015625, 0.01904296875, -0.012939453125, 0.036865234375, -0.06103515625, 0.0130615234375, 0.005706787109375, 0.018310546875, 0.0194091796875, -0.017822265625, 0.04638671875, -0.012939453125, 0.00262451171875, 0.0166015625, 0.047119140625, -0.01129150390625, 0.03271484375, 0.037353515625, 0.059326171875, -0.005706787109375, -0.0201416015625, 0.03271484375, 0.022216796875, -0.027099609375, -0.0186767578125, -0.0230712890625, 0.003753662109375, 0.000629425048828125, 0.1064453125, -0.045166015625, -0.01287841796875, -0.000274658203125, -0.033203125, 0.038818359375, -0.056884765625, 0.048095703125, 0.01214599609375, 0.072265625, 0.052978515625, -0.03759765625, -0.031494140625, -0.05615234375, 0.056884765625, 0.039306640625, -0.01483154296875, -0.016357421875, 0.08056640625, -0.036865234375, -0.0206298828125, -0.00836181640625, -0.04345703125, -0.0033111572265625, 0.023193359375, 0.056884765625, -0.03271484375, -0.0140380859375, -0.009033203125, -0.01007080078125, 0.0380859375, 0.048828125, -0.03271484375, -0.0108642578125, -0.034912109375, 0.01446533203125, 0.0064697265625, -0.0211181640625, 0.00173187255859375, -0.0213623046875, -0.00921630859375, 0.031494140625, 0.0181884765625, -0.004852294921875, 0.02978515625, 0.0184326171875, 0.018798828125, 0.0028228759765625, 0.00836181640625, 0.03564453125, 0.0206298828125, -0.03369140625, 0.0220947265625, 0.0038909912109375, 0.045654296875, 0.0244140625, 0.0576171875, -0.006744384765625, -0.01611328125, 0.021240234375, 0.0213623046875, 0.0341796875, 0.00299072265625, -0.002593994140625, -0.03955078125, -0.001953125, 0.037109375, -0.0106201171875, 0.042724609375, 0.0303955078125, 0.03662109375, -0.0024566650390625, -0.00823974609375, 0.0284423828125, 0.0093994140625, -0.06689453125, -0.0201416015625, 0.015625, -0.005950927734375, 0.006927490234375, 0.0159912109375, -0.0230712890625, -0.0089111328125, -0.010986328125, 0.053955078125, 0.0294189453125, -0.0093994140625, 0.0311279296875, -0.0274658203125, 0.00811767578125, 0.006195068359375, -0.0111083984375, 0.01068115234375, 0.0264892578125, -0.00958251953125, -0.0247802734375, -0.031494140625, -0.026123046875, -0.00128936767578125, 0.01806640625, -0.033935546875, -0.008056640625, -0.0115966796875, -0.019775390625, -0.0201416015625, -0.006072998046875, 0.0262451171875, -0.006744384765625, 0.011962890625, 0.00177764892578125, -0.01239013671875, -0.00167083740234375, -0.0228271484375, -0.05712890625, -0.0194091796875, 0.0172119140625, 0.02392578125, 0.0322265625, 0.00958251953125, -0.0198974609375, 0.0086669921875, 0.0225830078125, 0.0341796875, -0.00927734375, -0.03515625, -0.01336669921875, -0.0274658203125, 0.0091552734375, -0.0107421875, 0.03955078125, 0.048828125, -0.0140380859375, 0.021728515625, -0.0250244140625, -0.048583984375, -0.00274658203125, 0.03515625, -0.003753662109375, 0.004608154296875, -0.031982421875, 0.07275390625, 0.01275634765625, -0.0146484375, -0.0198974609375, -0.041259765625, 0.0108642578125, -0.031982421875, -0.028564453125, 0.06005859375, -0.004119873046875, -0.0478515625, 0.015380859375, 0.036865234375, 0.008056640625, -5.173683166503906e-05, 0.08154296875, 0.0191650390625, 0.02587890625, 0.00982666015625, -0.006622314453125, -0.03271484375, 0.056396484375, 0.02099609375, 0.017578125, 0.01025390625, 0.02197265625, 0.017578125, -0.008056640625, 0.034912109375, -0.011962890625, 0.03271484375, 0.01104736328125, 0.003143310546875, 0.044921875, 0.031982421875, 0.0029296875, 0.00750732421875, 0.006927490234375, -0.048583984375, 0.026611328125, -0.00628662109375, 0.041259765625, -0.068359375, -0.014892578125, 0.0294189453125, -0.0133056640625, -0.0242919921875, 0.03759765625, 0.04638671875, -0.0269775390625, -0.026611328125, -0.0419921875, 0.00457763671875, -0.0018310546875, 0.00921630859375, 0.034912109375, -0.03125, -0.029296875, -0.0703125, 0.041259765625, 0.0108642578125, 0.0142822265625, -0.049560546875, -0.0281982421875, -0.0146484375, 0.003143310546875, -0.007598876953125, 0.0042724609375, 0.023193359375, -0.048583984375, -0.000797271728515625, 0.09521484375, 0.0225830078125, 0.01611328125, -0.01220703125, 0.02392578125, -0.01239013671875, 0.025146484375, -0.03759765625, -0.0152587890625, -0.04150390625, -0.01104736328125, -0.0198974609375, 0.0296630859375, -0.047119140625, 0.0035552978515625, -0.0181884765625, 0.040283203125, 0.06591796875, 0.01007080078125, -0.00677490234375, -0.008056640625, 0.048583984375, -0.0250244140625, -0.044921875, 0.0186767578125, 0.0264892578125, -0.00897216796875, 0.049560546875, -0.0255126953125, 