{"movie": "tagesschau", "offset": 114, "text_offset": 110, "embedding": [0.07568359375, 0.01214599609375, 0.06787109375, 0.01422119140625, -0.052490234375, -0.0390625, 0.045166015625, 0.057861328125, -0.00970458984375, -0.051025390625, 0.01239013671875, 0.034912109375, -0.0289306640625, -0.0274658203125, -0.034423828125, -0.0272216796875, 0.007354736328125, -0.037841796875, 0.0169677734375, 0.0654296875, -0.011474609375, 0.00445556640625, -0.037841796875, -0.0108642578125, 0.041259765625, 0.0087890625, -0.04052734375, -0.01129150390625, 0.013916015625, -0.01190185546875, -0.007293701171875, -0.0615234375, -0.0260009765625, -0.01080322265625, 0.033935546875, 0.01385498046875, 0.062255859375, 0.020263671875, 0.01470947265625, 0.000339508056640625, 0.01708984375, 0.01611328125, -0.0023193359375, 0.011474609375, 0.003631591796875, -0.05029296875, 0.02392578125, 0.0208740234375, -0.00139617919921875, 0.0242919921875, 0.02001953125, -0.00762939453125, 0.018310546875, 0.002655029296875, -0.0693359375, -0.06298828125, 0.032470703125, 0.033203125, 0.0169677734375, -0.06396484375, -0.002716064453125, 0.00836181640625, 0.0081787109375, -0.0009002685546875, -0.0439453125, 0.0225830078125, -0.03271484375, 0.03271484375, 0.01416015625, 0.00421142578125, -0.050048828125, -0.0106201171875, -0.0206298828125, -0.007110595703125, 0.0264892578125, -0.01495361328125, 0.041259765625, -0.0322265625, -0.01544189453125, 0.041259765625, -0.01495361328125, -0.0189208984375, -0.0255126953125, -0.0255126953125, 0.0400390625, -0.0703125, -0.0157470703125, 0.02392578125, 0.0166015625, 0.028564453125, 0.01531982421875, -0.0013580322265625, -0.0036163330078125, -0.041748046875, -0.025634765625, -0.0166015625, -0.061279296875, 0.01422119140625, 0.01416015625, -0.059814453125, -0.01190185546875, 0.0211181640625, -0.001312255859375, 0.006195068359375, -0.06787109375, -0.007476806640625, 0.049560546875, -0.051025390625, -0.05224609375, 0.00152587890625, 0.0272216796875, -0.00244140625, 0.03662109375, 0.0264892578125, -0.04248046875, -0.007476806640625, 0.0084228515625, 0.01409912109375, 0.0152587890625, -0.0225830078125, -0.01385498046875, 0.004180908203125, -0.0306396484375, -0.016357421875, 0.0135498046875, 0.031982421875, 0.039794921875, 0.031982421875, -0.0322265625, 0.00250244140625, -0.002197265625, -0.032470703125, 0.018310546875, 0.029541015625, -0.062255859375, -0.018310546875, 0.004150390625, -0.01251220703125, -3.62396240234375e-05, 0.0245361328125, 0.028564453125, 0.0174560546875, -0.034423828125, -0.08837890625, -0.006683349609375, 0.013671875, -0.004638671875, -0.0225830078125, 0.01104736328125, -0.0283203125, 0.016845703125, -0.02490234375, -0.0654296875, -0.00848388671875, -0.00830078125, 0.004730224609375, 0.068359375, 0.09375, 0.0021820068359375, -0.02880859375, -0.005279541015625, 0.0106201171875, -0.042236328125, -0.0174560546875, 0.0233154296875, 0.03125, -0.06298828125, 0.03271484375, -0.07421875, -0.0419921875, -0.06787109375, 0.0018157958984375, -0.033447265625, -0.037353515625, -0.039794921875, 0.01531982421875, 0.0031280517578125, -0.0308837890625, -0.0002689361572265625, -0.0289306640625, -0.0245361328125, -0.0220947265625, 0.023193359375, 0.033203125, -0.0245361328125, -0.0247802734375, 0.0133056640625, 0.058349609375, -0.048828125, 0.02001953125, 0.0277099609375, -0.033203125, -0.03955078125, 0.03857421875, 0.007537841796875, 0.0037689208984375, -0.042236328125, -0.0174560546875, 0.058349609375, 0.0390625, -0.0556640625, -0.00171661376953125, -0.0478515625, 0.01611328125, -0.0084228515625, -0.02783203125, -0.0260009765625, -0.01611328125, -0.03955078125, 0.035400390625, 0.019775390625, -0.01611328125, 0.04345703125, -0.00193023681640625, -0.01531982421875, -0.011962890625, 0.0009765625, 0.04248046875, 0.01708984375, -0.0341796875, -0.0177001953125, -0.0255126953125, -0.0177001953125, 0.016845703125, -0.00994873046875, -0.0191650390625, 0.0059814453125, -0.00156402587890625, 0.006378173828125, 0.0262451171875, 0.00872802734375, -0.0390625, -0.061767578125, 0.0267333984375, 0.0308837890625, 0.01416015625, -0.00897216796875, -0.026611328125, 0.00982666015625, 0.0294189453125, 0.03271484375, -0.0537109375, 0.00579833984375, -0.00457763671875, 0.018310546875, 0.03564453125, -0.01544189453125, 0.01507568359375, 0.010498046875, -0.0277099609375, -0.0556640625, -0.006195068359375, 0.03955078125, -0.03466796875, 0.002044677734375, -0.002410888671875, 0.00848388671875, -0.005645751953125, 0.00653076171875, -0.0081787109375, 0.021240234375, -0.007415771484375, -0.0113525390625, -0.01422119140625, -0.0021209716796875, 0.05322265625, -0.049560546875, 0.0087890625, -0.01171875, 0.0203857421875, 0.006103515625, -0.015625, -0.01806640625, 0.03271484375, 0.0208740234375, 0.000423431396484375, -0.020263671875, -0.016357421875, 0.022216796875, 0.027099609375, 0.01080322265625, 0.003326416015625, -0.045166015625, 0.0478515625, -0.01470947265625, 0.00677490234375, 0.0296630859375, 0.059814453125, 0.050048828125, -0.03076171875, 0.018310546875, -0.021240234375, 0.03125, 0.0272216796875, 0.0013580322265625, 0.054931640625, 0.00885009765625, 0.048828125, 0.0018768310546875, -0.078125, -0.0211181640625, 0.004241943359375, 0.0284423828125, -0.01226806640625, 0.00946044921875, 0.0223388671875, 0.03515625, -0.002105712890625, 0.02099609375, 0.03369140625, 0.0306396484375, 0.02099609375, -0.0301513671875, 0.00830078125, -0.004425048828125, -0.029541015625, 0.0038909912109375, 0.035888671875, 0.0390625, -0.005645751953125, -0.05029296875, -0.0174560546875, 0.059814453125, 0.001678466796875, -0.10205078125, -0.02197265625, -0.03369140625, -0.05126953125, -0.006134033203125, 0.01104736328125, 0.0299072265625, -0.0274658203125, -0.03662109375, -0.00311279296875, -0.05126953125, -0.0439453125, -0.0341796875, 0.01409912109375, -0.034423828125, 0.016357421875, -0.0015716552734375, -0.0045166015625, -0.07177734375, 0.022216796875, 0.05322265625, 0.010498046875, 0.0019989013671875, 0.048095703125, 0.002288818359375, 0.00579833984375, 0.001129150390625, 0.01422119140625, -0.005126953125, 0.0036163330078125, -0.0089111328125, 0.01336669921875, 0.0301513671875, -0.00555419921875, 0.0166015625, 0.05224609375, 0.04638671875, -0.004730224609375, -0.016845703125, -0.041015625, -0.004913330078125, 0.002532958984375, -0.0245361328125, -0.0306396484375, -0.02099609375, 0.01373291015625, -0.049560546875, 0.056396484375, -0.00762939453125, 0.0054931640625, 0.07421875, 0.0003528594970703125, 0.0126953125, -0.03466796875, -0.068359375, 0.00579833984375, -0.037841796875, -0.01708984375, 0.0341796875, -0.09130859375, -0.0177001953125, 0.0029144287109375, 0.035400390625, -0.00051116943359375, -0.039794921875, -0.0191650390625, 0.03271484375, 0.020263671875, -0.03271484375, -0.059326171875, -0.0216064453125, -0.00848388671875, -0.00579833984375, 0.03271484375, 0.0257568359375, -0.0004367828369140625, -0.00982666015625, 0.0299072265625, -0.01275634765625, -0.0272216796875, -0.0059814453125, -0.0284423828125, 0.0067138671875, 0.06494140625, 0.08837890625, 0.011474609375, -0.0279541015625, 0.045166015625, -0.045166015625, 0.00107574462890625, -0.003326416015625, -0.047607421875, -0.033447265625, -0.037841796875, -0.03955078125, -0.00579833984375, 0.019775390625, -0.051025390625, -0.004180908203125, 0.0478515625, 0.037109375, -0.00634765625, 0.00506591796875, -0.01495361328125, 0.010986328125, -0.00970458984375, -0.04296875, 0.0306396484375, 0.07421875, 0.0228271484375, 0.004241943359375, 0.04052734375, 0.0194091796875, 0.002166748046875, -0.0791015625, 0.047607421875, -0.02490234375, 0.00927734375, 0.019775390625, -0.04052734375, 0.0089111328125, 0.006195068359375, 0.00127410888671875, -0.01422119140625, -0.031494140625, 0.0247802734375, 0.02099609375, -0.0537109375, 0.061279296875, 0.00799560546875, 0.0279541015625, 0.059326171875, -0.022705078125, -0.05322265625, 0.01043701171875, -0.031982421875, 0.0034027099609375, 0.03466796875, -0.0245361328125, -0.0152587890625, 0.00543212890625, 0.00958251953125, 