{"movie": "tagesschau", "offset": 90, "text_offset": 90, "embedding": [0.048583984375, -0.002593994140625, -0.0262451171875, -0.05078125, -0.04736328125, 0.0162353515625, 0.0419921875, -0.01373291015625, -0.059814453125, 0.0162353515625, -0.0081787109375, 0.00090789794921875, -0.0302734375, 0.022216796875, -0.019287109375, -0.0458984375, -0.043701171875, 0.01226806640625, 0.00830078125, 0.0311279296875, 0.0286865234375, 0.0615234375, -0.0281982421875, 0.00433349609375, 0.029541015625, 0.0322265625, -0.0291748046875, -0.01495361328125, -0.005096435546875, 0.0233154296875, -0.01007080078125, -0.036865234375, -0.009765625, -0.0240478515625, 0.020751953125, 0.032470703125, 0.0262451171875, 0.04736328125, -0.055908203125, -0.008544921875, 0.04150390625, 0.0130615234375, -0.01287841796875, -0.0146484375, 0.005035400390625, -0.0008087158203125, -0.02294921875, 0.050048828125, -0.00018596649169921875, 0.0072021484375, 0.0211181640625, -0.021484375, 0.018798828125, 0.054931640625, 0.0157470703125, 0.0174560546875, 0.007781982421875, 0.0125732421875, 0.00010585784912109375, -0.00054168701171875, -0.0673828125, -0.0013580322265625, 0.041015625, -0.0458984375, 0.009521484375, -0.034423828125, -0.0181884765625, 0.0283203125, -0.034423828125, 0.029052734375, -0.05224609375, -0.04052734375, -0.020263671875, -0.0118408203125, -0.002166748046875, -0.005035400390625, 0.00083160400390625, -0.01611328125, 0.00653076171875, 0.0177001953125, 0.03076171875, -0.0224609375, 0.0257568359375, -0.006591796875, 0.0108642578125, -0.0419921875, -0.0024261474609375, 0.039794921875, -0.0087890625, -0.051513671875, -0.0185546875, 0.00439453125, -0.0218505859375, -0.0137939453125, -0.0390625, 0.0198974609375, 0.006866455078125, -0.04248046875, 0.00433349609375, 0.050048828125, 0.0203857421875, 0.03515625, 0.00156402587890625, -0.0262451171875, -0.004638671875, -0.06640625, -0.03369140625, -0.0164794921875, 0.0245361328125, 0.039794921875, -0.003173828125, -0.039306640625, -0.026611328125, -0.0120849609375, 0.05859375, -0.036865234375, 0.00616455078125, -0.0086669921875, 0.052490234375, 0.051025390625, 0.0087890625, 0.0242919921875, -0.01007080078125, 0.046875, -0.0101318359375, -0.0245361328125, 0.031494140625, 0.0157470703125, -0.064453125, -0.0181884765625, 0.0238037109375, -0.046630859375, 0.023193359375, 0.0206298828125, -0.04296875, 0.0025177001953125, -0.03759765625, -0.0390625, -0.0157470703125, 0.006011962890625, 0.0439453125, -0.0169677734375, 0.021484375, -0.01226806640625, 0.0133056640625, 0.042236328125, 0.0123291015625, 0.02880859375, -0.0115966796875, -0.047607421875, 0.00994873046875, 0.01348876953125, -0.04833984375, 0.05224609375, 0.004150390625, 0.009521484375, 0.017822265625, 0.038818359375, 0.01214599609375, 0.049072265625, 0.04638671875, -0.0033416748046875, -0.033203125, -0.0283203125, 0.0250244140625, 0.01287841796875, 0.03173828125, 0.041015625, -0.004425048828125, -0.04443359375, 0.00592041015625, 0.01190185546875, 0.001220703125, -0.025390625, -0.0150146484375, -0.01141357421875, 0.00506591796875, -0.057373046875, 0.01092529296875, 0.06787109375, -0.0145263671875, -0.017333984375, 0.00909423828125, 0.024658203125, -0.000946044921875, 0.01416015625, -0.01397705078125, -0.034912109375, 0.034423828125, 0.0281982421875, 0.041015625, -0.0242919921875, 0.006866455078125, 0.046875, 0.054443359375, -0.0206298828125, -0.01904296875, 0.03466796875, 0.026611328125, 0.07861328125, -0.04833984375, 0.021484375, 0.0225830078125, -0.01318359375, 0.04345703125, -0.064453125, -0.0181884765625, 0.036376953125, 0.00927734375, -0.01202392578125, 0.0220947265625, 0.034912109375, 0.00592041015625, 0.00439453125, 0.059326171875, 0.016845703125, 0.01416015625, 0.02490234375, -0.010498046875, 0.0233154296875, -0.007293701171875, -0.012451171875, 0.06298828125, 0.0047607421875, 0.08056640625, -0.014404296875, -0.04296875, -0.0196533203125, -0.036376953125, 0.023193359375, -0.023193359375, 0.050048828125, 0.00689697265625, 0.0498046875, 0.031494140625, -0.0220947265625, -0.005615234375, -0.007049560546875, 0.05224609375, 0.0274658203125, -0.024169921875, -0.0101318359375, 0.06591796875, -0.01458740234375, -0.012939453125, 0.046630859375, 0.00933837890625, -0.00848388671875, 0.040283203125, 0.024169921875, -0.021240234375, 0.04736328125, 0.0181884765625, -0.04248046875, 0.0242919921875, 0.04296875, -0.0194091796875, 0.034423828125, -0.0162353515625, -0.0030364990234375, 0.04248046875, 0.006439208984375, -0.00537109375, 0.01336669921875, -0.03125, -0.01361083984375, -0.026611328125, 0.0322265625, -0.017578125, 0.068359375, 0.052734375, 0.01251220703125, -0.00064849853515625, 0.048583984375, 0.0283203125, -0.033203125, 0.019287109375, -0.035400390625, 0.040771484375, 0.04150390625, 0.039794921875, -0.006866455078125, -0.0218505859375, -0.030517578125, -0.016357421875, -0.00830078125, -0.042236328125, -0.04150390625, -0.037109375, 0.023681640625, 0.044921875, -0.0184326171875, 0.060791015625, 0.006439208984375, -0.00628662109375, 0.01287841796875, 0.0040283203125, 0.01348876953125, -0.0703125, -0.064453125, -0.01953125, -0.016357421875, 0.008544921875, -0.020751953125, 0.0439453125, 0.0283203125, -0.03564453125, -0.01318359375, 0.0228271484375, 0.0106201171875, 0.01611328125, 0.044921875, -0.0166015625, 0.00982666015625, 0.005035400390625, -0.025390625, -0.0283203125, -0.000858306884765625, -0.0084228515625, -0.0126953125, 0.031494140625, -0.052490234375, 0.01336669921875, 0.027099609375, -0.0026397705078125, -0.018798828125, -0.0267333984375, -0.036865234375, -0.026123046875, -0.0057373046875, 0.0089111328125, 0.0267333984375, 0.0069580078125, 0.0498046875, -0.053955078125, 0.03564453125, -0.0123291015625, -0.033203125, -0.08544921875, 0.003265380859375, 0.02197265625, -0.00201416015625, -0.044189453125, -0.0021209716796875, -0.01104736328125, 0.0135498046875, 0.01031494140625, 0.020263671875, 0.02099609375, -0.0089111328125, 0.024658203125, -0.00311279296875, 0.00543212890625, 0.017822265625, 0.0179443359375, 0.02587890625, 0.004302978515625, -0.01495361328125, -0.05810546875, 0.0322265625, 0.009033203125, -0.01019287109375, -0.0089111328125, -0.044189453125, 0.01495361328125, 0.002532958984375, 0.0022735595703125, -0.04150390625, -0.0101318359375, 0.04150390625, -0.0166015625, 0.0019073486328125, 0.0283203125, 0.00909423828125, -0.05322265625, 0.0125732421875, -0.01129150390625, -0.00075531005859375, 0.01092529296875, 0.047607421875, -0.036376953125, 0.0255126953125, 0.0213623046875, 0.01953125, -0.0196533203125, -0.0054931640625, 0.02099609375, -0.033447265625, 0.0172119140625, -0.05419921875, -0.00994873046875, 0.00262451171875, 0.0186767578125, -0.052490234375, -0.00075531005859375, 0.006744384765625, -0.051513671875, 0.00079345703125, 0.08447265625, -0.0341796875, -0.006988525390625, 0.0009765625, -0.046875, 0.00787353515625, 0.01513671875, 0.04443359375, -0.03173828125, -0.01422119140625, 0.039794921875, -0.03271484375, -0.018798828125, 0.01202392578125, -0.024169921875, -0.036865234375, 0.005645751953125, -0.0281982421875, 0.068359375, 0.0027618408203125, 0.00830078125, 0.004669189453125, 0.0177001953125, 0.0062255859375, -0.05322265625, 0.0284423828125, -0.03466796875, -0.032958984375, -0.006866455078125, -0.005615234375, -0.026611328125, 0.0439453125, 0.029296875, 0.023681640625, 0.041015625, -0.0576171875, 0.002685546875, 0.05517578125, -0.001129150390625, -0.01495361328125, -0.0185546875, -0.007720947265625, 0.01373291015625, 0.051025390625, -0.0108642578125, 0.00726318359375, -0.036376953125, 0.01953125, -0.033935546875, 0.0145263671875, -0.060791015625, 0.0159912109375, -0.00927734375, 0.002899169921875, 0.033203125, -0.0012969970703125, 0.021240234375, -0.012939453125, 0.00830078125, -0.008056640625, -0.037109375, 0.03076171875, 0.0269775390625, 0.0013275146484375, 0.064453125, -0.016357421875, 0.0341796875, 0.01434326171875, 0.0137939453125, 0.0147705078125, 0.0054931640625, -0.057373046875, -0.03271484375, 0.037353515625, 0.008544921875, -0.0123291015625, 