{"movie": "tagesschau", "offset": 80, "text_offset": 80, "embedding": [-0.0096435546875, -0.015869140625, -0.052734375, -0.044921875, -0.023193359375, 0.00628662109375, -0.00970458984375, -0.01422119140625, -0.00982666015625, -0.01251220703125, 0.034912109375, -0.026611328125, 0.020263671875, -0.02490234375, -0.0224609375, -0.01904296875, -0.040283203125, 0.00019550323486328125, -0.000713348388671875, 0.021240234375, -0.01953125, 0.031494140625, 0.01104736328125, -0.0322265625, 0.050048828125, 0.03759765625, -0.037353515625, -0.0147705078125, 0.012451171875, -0.00347900390625, -0.0751953125, -0.0206298828125, -0.0026397705078125, -0.03564453125, 0.01519775390625, 0.06298828125, 0.05078125, 0.042236328125, -0.064453125, -0.004241943359375, 0.020263671875, 0.04052734375, -0.042724609375, 0.00750732421875, -0.0079345703125, 0.04345703125, 0.02294921875, 0.0615234375, -0.0458984375, 0.0093994140625, -0.039306640625, 0.0234375, 0.05517578125, 0.026611328125, 0.0245361328125, -0.002166748046875, 0.0250244140625, 0.042236328125, -0.00579833984375, -0.033203125, -0.0771484375, -0.0274658203125, 0.00921630859375, -0.04052734375, 0.020263671875, -0.01953125, -0.017333984375, -0.02294921875, -0.0380859375, -0.01397705078125, 0.003631591796875, -0.039794921875, 0.005126953125, -0.036376953125, -0.00830078125, -0.0303955078125, 0.025390625, 0.005462646484375, 0.035888671875, 0.0238037109375, 0.06298828125, 0.0274658203125, 0.029296875, 0.03076171875, 0.03076171875, -0.00604248046875, -0.001739501953125, 0.017822265625, 0.03125, -0.0439453125, -0.020263671875, -0.033203125, -0.0296630859375, -0.0242919921875, 0.036865234375, -0.004974365234375, -0.032958984375, -0.0218505859375, -0.0157470703125, 0.01141357421875, 0.0296630859375, 0.06884765625, -0.03564453125, -0.04345703125, -0.021240234375, -0.052490234375, -0.038818359375, 0.005950927734375, -0.038818359375, 0.0064697265625, 0.0181884765625, -0.0303955078125, -0.051513671875, -0.0380859375, 0.00116729736328125, -0.01129150390625, 0.036376953125, 0.01348876953125, -0.01251220703125, -0.003143310546875, 0.01202392578125, 0.034423828125, -0.051513671875, -0.010498046875, 0.032470703125, 0.0032196044921875, -0.012451171875, -0.0089111328125, -0.099609375, -0.01708984375, 0.0257568359375, 0.023193359375, 0.00445556640625, 0.032470703125, -0.056640625, -0.00982666015625, -0.041015625, -0.0458984375, -0.0031890869140625, -0.033935546875, 0.0022735595703125, -0.0125732421875, 0.000858306884765625, -0.03076171875, -0.0106201171875, 0.0238037109375, 0.0233154296875, 0.025390625, -0.04638671875, 0.007293701171875, -0.06298828125, -0.030029296875, -0.0203857421875, 0.04248046875, -0.01416015625, -0.00897216796875, 0.0174560546875, 0.07958984375, -0.022216796875, 0.03857421875, -0.0240478515625, -0.0625, -0.0654296875, 0.01019287109375, 0.0040283203125, 0.0181884765625, 0.017822265625, -0.040283203125, 0.046630859375, 0.037109375, 0.01318359375, -0.021484375, -0.0196533203125, 0.01348876953125, -0.0303955078125, -0.003143310546875, 0.01953125, -0.006561279296875, -0.01251220703125, -0.000835418701171875, -0.007080078125, 0.005828857421875, 0.0201416015625, -0.0024871826171875, 0.01251220703125, -0.03271484375, -0.01055908203125, -0.002899169921875, -0.01434326171875, 0.03271484375, 0.0419921875, 0.00653076171875, 0.00909423828125, 0.021484375, -0.010498046875, 0.009521484375, -0.005157470703125, 0.0015869140625, 0.0115966796875, 0.07470703125, -0.00762939453125, 0.0250244140625, 0.04248046875, 0.01251220703125, 0.008544921875, -0.0164794921875, -0.0299072265625, -0.034912109375, 0.0274658203125, -0.01416015625, 0.01611328125, 0.046630859375, 0.05322265625, -0.0220947265625, -0.0361328125, -0.051513671875, 0.03076171875, 0.005615234375, 0.05078125, 0.05322265625, -0.0703125, -0.0166015625, 0.001556396484375, 0.002685546875, 0.056640625, -0.05419921875, 0.00787353515625, -0.01495361328125, 0.01007080078125, -0.0220947265625, -0.0322265625, 0.01544189453125, -0.001800537109375, 0.006134033203125, 0.034423828125, 0.000415802001953125, -0.005615234375, 0.005950927734375, 0.003753662109375, 0.03369140625, -0.01904296875, 0.0035400390625, 0.005828857421875, 0.0224609375, -0.051513671875, 0.00634765625, 0.00665283203125, -0.06591796875, 0.053466796875, 0.01251220703125, -0.01416015625, 0.046630859375, -0.00506591796875, -0.006988525390625, -0.0003204345703125, 0.01544189453125, -0.034912109375, 0.00011730194091796875, -0.046630859375, 0.02587890625, 0.00262451171875, 0.0033416748046875, 0.0274658203125, 0.0181884765625, 0.05419921875, -0.0009613037109375, -0.0228271484375, -0.014404296875, 0.005828857421875, 0.0283203125, 0.058349609375, 0.033203125, 0.016845703125, 0.05859375, -0.046875, 0.00140380859375, 0.00762939453125, 0.01287841796875, 0.0380859375, 0.005126953125, 0.0159912109375, -0.0087890625, 0.00090789794921875, 0.0302734375, 0.00830078125, -0.008056640625, 0.0250244140625, -0.0137939453125, 0.0089111328125, 0.045166015625, 0.008056640625, -0.0025177001953125, 0.01904296875, 0.0108642578125, 0.0250244140625, 0.0005645751953125, -0.032958984375, 0.01513671875, -0.02099609375, -0.042724609375, -0.03466796875, 0.00762939453125, 0.016845703125, -0.006439208984375, 0.026611328125, 0.09033203125, -0.039794921875, 0.045166015625, 0.03173828125, 0.0380859375, -0.00469970703125, 0.0224609375, 0.00994873046875, -0.052490234375, -0.0166015625, -0.01904296875, 0.0040283203125, -0.0115966796875, 0.0380859375, -0.035400390625, -0.033935546875, -0.01141357421875, -0.00994873046875, 0.052490234375, 0.00360107421875, -0.042724609375, -0.0177001953125, -0.0093994140625, 0.00860595703125, 0.0052490234375, 0.0213623046875, 0.024658203125, 0.054931640625, 0.0341796875, -5.269050598144531e-05, 0.029541015625, -0.056884765625, -0.00897216796875, -0.0419921875, 0.01422119140625, -0.01055908203125, -0.0218505859375, -0.00860595703125, -0.0169677734375, 0.008056640625, 0.048583984375, 0.0107421875, 0.00860595703125, -0.033203125, -0.03466796875, 0.002166748046875, 0.025146484375, 0.0303955078125, 0.035400390625, 0.056396484375, -0.0296630859375, -0.002655029296875, 0.031494140625, 0.00054168701171875, 0.0213623046875, -0.0166015625, -0.0093994140625, 0.021484375, -0.04150390625, -0.0103759765625, 0.0076904296875, 0.025146484375, -0.006256103515625, 0.00482177734375, 0.0576171875, -0.004486083984375, 0.0184326171875, 0.01202392578125, 0.04248046875, -0.05419921875, 0.062255859375, 0.021240234375, -0.0030364990234375, 0.0150146484375, 0.039306640625, -0.00201416015625, 0.012939453125, 0.044189453125, -0.0263671875, 0.0198974609375, 0.0167236328125, -0.0206298828125, -0.07958984375, -0.061767578125, -0.020263671875, 0.0164794921875, 0.004302978515625, 0.007080078125, -0.052734375, -0.02880859375, 0.01544189453125, 0.03759765625, 0.01171875, 0.07470703125, 0.0281982421875, 0.0238037109375, 0.0257568359375, -0.01904296875, -0.0286865234375, -0.026611328125, 0.04833984375, 0.01251220703125, 0.04150390625, -0.01190185546875, -0.0169677734375, -0.0390625, 0.029052734375, 0.03515625, -0.0262451171875, 0.0172119140625, -0.03515625, 0.0654296875, 2.1338462829589844e-05, 0.059814453125, -0.0184326171875, -0.031982421875, -0.01007080078125, -0.07958984375, 0.031494140625, 0.052734375, -0.026611328125, -0.037109375, -0.00238037109375, -0.027099609375, 0.0206298828125, 0.041259765625, -0.016845703125, 0.051513671875, 0.004913330078125, -0.02294921875, 0.007049560546875, -0.0283203125, -0.0120849609375, -0.05908203125, -0.01190185546875, 0.0274658203125, -0.02099609375, -0.00860595703125, -0.0089111328125, -0.033203125, 0.00628662109375, -0.0125732421875, -0.007080078125, 0.01123046875, 0.00762939453125, -0.04833984375, -0.00897216796875, 0.0081787109375, 0.0242919921875, -0.03466796875, 0.01513671875, 0.0194091796875, 0.020751953125, -0.01904296875, 0.0206298828125, -0.0003223419189453125, 0.0032196044921875, 0.046630859375, 0.032470703125, 0.0927734375, -0.054443359375, 0.007476806640625, 0.039306640625, -0.0103759765625, 0.0166015625, 0.005645751953125, 