{"movie": "tagesschau", "offset": 16, "text_offset": 10, "embedding": [-0.033203125, -0.044677734375, 0.054443359375, -0.046630859375, -0.025146484375, -0.00732421875, 0.0284423828125, 0.0390625, -0.04931640625, 0.045654296875, -0.006591796875, 0.00628662109375, -0.004791259765625, -0.001068115234375, -0.04443359375, -0.01251220703125, 0.043701171875, 0.01409912109375, -0.032470703125, 0.0196533203125, -0.002349853515625, 0.0159912109375, 0.005096435546875, -0.04638671875, 0.033447265625, -0.01287841796875, -0.06396484375, -0.064453125, -0.003936767578125, 0.038330078125, 0.00135040283203125, -0.01129150390625, 0.022705078125, -0.0205078125, -0.0115966796875, -0.0242919921875, 0.04931640625, -0.015869140625, -0.01458740234375, 0.038330078125, -0.0004405975341796875, 9.107589721679688e-05, -0.057861328125, -0.02001953125, 0.050048828125, -0.0191650390625, -0.0244140625, 0.00616455078125, -0.035400390625, -0.0216064453125, 0.036865234375, 0.0205078125, -0.006622314453125, -0.04345703125, 0.01806640625, -0.0185546875, -0.023193359375, -0.00176239013671875, 0.039794921875, -0.039794921875, -0.01507568359375, -0.00909423828125, 0.015869140625, 0.0087890625, 0.0087890625, -0.02392578125, -0.01177978515625, -0.0264892578125, -0.006927490234375, 0.028076171875, 0.00135040283203125, -0.0264892578125, 0.0201416015625, -0.031494140625, 0.0264892578125, 0.01513671875, -0.00836181640625, -0.031982421875, -0.0201416015625, 0.061279296875, -0.0242919921875, -0.058349609375, -0.0098876953125, -0.0211181640625, -0.00762939453125, -0.0196533203125, -0.046142578125, -0.025146484375, -0.034912109375, 0.03662109375, 0.015869140625, 0.031982421875, -0.007659912109375, -0.00787353515625, 0.000576019287109375, -0.01275634765625, -0.06103515625, -0.016357421875, -0.006805419921875, -0.006591796875, -0.027099609375, -0.0220947265625, -0.01043701171875, 0.0093994140625, 0.0126953125, -0.0205078125, -0.02685546875, -0.0184326171875, -0.0634765625, 0.042724609375, 0.05078125, 0.05615234375, -0.00830078125, -0.01544189453125, 0.0186767578125, 0.0233154296875, -0.0238037109375, -0.02392578125, 0.022705078125, 0.0272216796875, -0.0306396484375, -0.0185546875, -0.00021266937255859375, 0.044677734375, 0.02783203125, 0.00457763671875, 0.0115966796875, -0.0086669921875, -0.01129150390625, 0.0032196044921875, -0.005340576171875, 0.01446533203125, 0.054443359375, 0.036376953125, -0.04345703125, -0.0185546875, -0.04931640625, -0.028564453125, -0.00872802734375, 0.0022430419921875, -0.05029296875, 0.0238037109375, 0.033935546875, 0.005584716796875, -0.048583984375, 0.0040283203125, 0.0003070831298828125, -0.007232666015625, 0.0140380859375, -0.037841796875, 0.01513671875, -0.0185546875, -0.048828125, 0.0147705078125, -0.00830078125, -0.0400390625, -0.0036468505859375, 0.0263671875, -0.06396484375, -0.01422119140625, -0.0308837890625, -0.025146484375, 0.021728515625, -0.0595703125, 0.028076171875, 0.051025390625, -0.025146484375, 0.0029754638671875, -0.033447265625, -0.0299072265625, -0.033935546875, -0.0240478515625, -0.00130462646484375, 0.023193359375, -0.0027008056640625, -0.00067901611328125, -0.045654296875, -0.0206298828125, 0.0218505859375, 0.0478515625, -0.00714111328125, 0.0250244140625, 0.0162353515625, -0.0322265625, -0.00011014938354492188, 0.00921630859375, -0.025390625, -0.01190185546875, -0.05419921875, 0.03759765625, 0.042724609375, 0.029541015625, 0.0284423828125, 0.040771484375, 0.0537109375, 0.006591796875, -0.0211181640625, 0.014892578125, 0.060302734375, 0.0257568359375, -0.039306640625, -0.043212890625, -0.07177734375, -0.0220947265625, 0.039306640625, -0.0185546875, -0.000690460205078125, -0.01068115234375, -0.013427734375, -0.00836181640625, -0.004058837890625, -0.003936767578125, -0.029296875, 0.015625, -0.0198974609375, 0.018798828125, 0.000629425048828125, 0.09033203125, -0.03173828125, -0.0179443359375, 0.00958251953125, -0.0419921875, 0.031005859375, 0.0250244140625, -0.01300048828125, -0.00994873046875, 0.033203125, -0.051513671875, 0.035888671875, -0.028076171875, 0.042724609375, 0.01953125, -0.040283203125, -0.01409912109375, 0.057861328125, -0.0301513671875, -0.0341796875, -0.01019287109375, -0.040283203125, 0.01202392578125, -9.679794311523438e-05, -0.01275634765625, 0.033935546875, -0.0198974609375, 0.0240478515625, 0.0157470703125, -0.0419921875, -0.01275634765625, -0.0203857421875, 0.05029296875, -0.040283203125, -0.00010728836059570312, 0.0240478515625, -0.03759765625, -0.007720947265625, 0.021728515625, 0.004608154296875, 0.053466796875, -0.00958251953125, 0.03173828125, 0.04931640625, 0.0732421875, -0.01409912109375, -0.058349609375, 0.0027618408203125, 0.033447265625, -0.0140380859375, -0.034912109375, -0.01708984375, 0.0277099609375, -0.03125, 0.039794921875, -0.033203125, -0.005645751953125, 0.027099609375, -0.0341796875, -0.047607421875, -0.0255126953125, 0.0179443359375, -0.014892578125, -0.033447265625, 0.045654296875, 0.0223388671875, 0.0284423828125, 0.08056640625, -0.01043701171875, -0.0196533203125, -0.0194091796875, 0.019287109375, -0.0213623046875, -0.00653076171875, 0.005279541015625, 0.0400390625, 0.0067138671875, 0.022216796875, 0.0201416015625, -0.018798828125, -0.03173828125, -0.032470703125, 0.03173828125, 0.016845703125, -0.0198974609375, 0.051513671875, -0.0140380859375, -0.0263671875, 0.06396484375, -0.05908203125, -0.01190185546875, 0.0135498046875, -0.0089111328125, 0.043212890625, -0.08203125, -0.048828125, 0.0177001953125, 0.0093994140625, 0.06640625, -0.03466796875, -0.00018787384033203125, -0.005950927734375, -0.005157470703125, 0.0234375, -0.0634765625, -0.0206298828125, 0.04345703125, -0.04638671875, 0.00885009765625, 0.00946044921875, -0.0084228515625, 0.0272216796875, 0.002227783203125, 0.032470703125, -0.00860595703125, 0.032470703125, 0.004913330078125, -0.0004405975341796875, -0.00022602081298828125, -0.024658203125, 0.03271484375, -0.0032196044921875, 0.022705078125, 0.0113525390625, -0.00078582763671875, 0.01019287109375, -0.00897216796875, 0.039794921875, 0.0203857421875, -0.010498046875, 0.01190185546875, 0.0301513671875, 0.01708984375, 0.0028839111328125, 0.041748046875, 0.01446533203125, 0.0186767578125, -0.038818359375, 0.004669189453125, -0.0140380859375, 0.125, -0.01904296875, 0.0096435546875, 0.03271484375, 0.0108642578125, 0.05078125, -0.036376953125, 0.047607421875, -0.03173828125, 0.005401611328125, -0.01458740234375, 0.01092529296875, 0.033935546875, 0.045654296875, 0.0634765625, 0.0244140625, 0.0556640625, 0.006591796875, 0.01080322265625, 0.00116729736328125, -0.00732421875, -0.049560546875, -0.00970458984375, -0.048095703125, -0.00738525390625, -0.0147705078125, -0.0179443359375, 0.08251953125, -0.00897216796875, 0.00836181640625, 0.003082275390625, 0.005340576171875, -0.01806640625, 0.01300048828125, -0.005950927734375, -0.06982421875, -0.0020904541015625, -0.045654296875, -0.030517578125, -0.02099609375, 0.042724609375, 0.068359375, -0.01708984375, -0.024658203125, -0.004058837890625, -0.03759765625, 0.0400390625, -0.033935546875, 0.03173828125, -0.0123291015625, 0.0024566650390625, 0.043701171875, 0.0034332275390625, -0.029541015625, -0.024658203125, -0.0380859375, 0.0225830078125, 0.01904296875, 0.05078125, -0.0306396484375, 0.0135498046875, 0.0301513671875, -0.008544921875, -0.033203125, 0.04638671875, -0.0157470703125, -0.050048828125, -0.0164794921875, 0.010498046875, 0.0198974609375, 0.005340576171875, 0.0091552734375, 0.036376953125, -0.00830078125, 0.01275634765625, 0.01531982421875, 0.00982666015625, -0.024658203125, 0.0277099609375, 0.0281982421875, -0.06494140625, -0.010498046875, 0.01202392578125, 0.046142578125, -0.0184326171875, -0.0181884765625, 0.028564453125, -0.030517578125, -0.032470703125, 0.0152587890625, 0.0703125, -0.0096435546875, -0.0015411376953125, -0.032470703125, -0.01220703125, -0.0013580322265625, 0.022705078125, -0.0091552734375, 0.0201416015625, 0.00135040283203125, 0.0096435546875, -0.042724609375, -0.01153564453125, 0.03662109375, 0.037109375, 