{"movie": "tagesschau", "offset": 2, "text_offset": 0, "embedding": [0.006866455078125, 0.00946044921875, 0.0267333984375, 0.02392578125, -0.005584716796875, -0.0087890625, 0.006683349609375, 0.0152587890625, -0.0380859375, 0.0361328125, -0.024658203125, -0.01031494140625, -0.0133056640625, -0.010986328125, -0.00848388671875, -0.03759765625, -0.0113525390625, 0.025390625, 0.03515625, 0.00604248046875, 0.0057373046875, 0.0299072265625, 0.04248046875, 0.00360107421875, 0.0751953125, -0.0048828125, -0.044677734375, -0.0034027099609375, -0.03369140625, 0.0036468505859375, -0.052734375, -0.006866455078125, -0.01031494140625, -0.037353515625, -0.0010223388671875, 0.00970458984375, 0.0174560546875, 0.028076171875, -0.033447265625, 0.0556640625, -0.027587890625, -0.022216796875, -0.07470703125, -0.05126953125, 0.0140380859375, -0.01611328125, 0.0034332275390625, 0.00634765625, -0.0274658203125, 0.030029296875, 0.07763671875, -0.01416015625, 0.00083160400390625, -0.0556640625, -0.00323486328125, -0.0242919921875, -0.002197265625, -0.00555419921875, 0.025146484375, -0.00848388671875, 0.00811767578125, -0.0179443359375, -0.00640869140625, 0.05517578125, 0.0216064453125, 0.0107421875, -0.0017547607421875, -0.0322265625, -0.011962890625, -0.00439453125, -0.041015625, -0.0225830078125, 0.0029296875, -0.02783203125, 0.0234375, 0.01104736328125, 0.0024261474609375, 0.005218505859375, -0.018798828125, 0.0013427734375, -0.045166015625, -0.05615234375, -0.005157470703125, -0.020263671875, 0.0303955078125, -0.06298828125, -0.05126953125, -0.0439453125, -0.0211181640625, -0.0146484375, -0.01239013671875, 0.021240234375, -0.0517578125, -0.0107421875, -0.0194091796875, -0.00604248046875, -0.034912109375, -0.044189453125, -0.00946044921875, -0.011962890625, -0.0216064453125, 0.034423828125, -0.01507568359375, 0.056884765625, -0.0120849609375, -0.0086669921875, -0.026611328125, 0.002105712890625, -0.03466796875, 0.0213623046875, -0.0186767578125, -0.00185394287109375, -0.04833984375, 0.0150146484375, -0.06494140625, 0.0250244140625, -0.044189453125, -0.005523681640625, -0.0235595703125, -0.024658203125, -0.010009765625, -0.00604248046875, 0.0089111328125, 0.01025390625, -0.01129150390625, 0.014404296875, 0.01904296875, -0.0126953125, -0.047119140625, 0.034912109375, -0.02392578125, -0.036865234375, 0.039306640625, 0.045166015625, -0.0712890625, 0.04833984375, -0.005401611328125, 0.0016937255859375, -0.042236328125, -0.005218505859375, -0.010986328125, -0.01361083984375, 0.0537109375, 0.005767822265625, -0.0157470703125, 0.044189453125, 0.01806640625, -0.01519775390625, -0.02783203125, -0.00885009765625, 0.0087890625, 0.0242919921875, -0.051025390625, 0.0174560546875, -0.01214599609375, -0.052490234375, 0.0167236328125, 0.04833984375, -5.2928924560546875e-05, -0.05322265625, -0.0322265625, 0.04052734375, -0.0027618408203125, -0.007110595703125, 0.034912109375, 0.042724609375, 0.0037078857421875, 0.002777099609375, -0.046875, 0.000732421875, -0.07275390625, -0.0537109375, -0.03759765625, 0.01434326171875, -0.05029296875, 0.002105712890625, -0.0086669921875, -0.0242919921875, 0.037353515625, 0.0159912109375, 0.0220947265625, 0.0150146484375, -0.006072998046875, -0.040771484375, -0.0196533203125, 0.025390625, -0.000705718994140625, 0.000469207763671875, -0.00408935546875, 0.0157470703125, 0.059326171875, 0.047119140625, 0.031494140625, 0.0703125, 0.01251220703125, -0.024658203125, -0.0140380859375, -0.0206298828125, 0.055908203125, 0.04541015625, -0.030029296875, -0.0086669921875, -0.045166015625, 0.01043701171875, -0.00133514404296875, 0.01300048828125, -0.018798828125, 0.033935546875, -0.0296630859375, 0.0010986328125, -0.0233154296875, -0.0018157958984375, 0.0033416748046875, 0.03515625, -0.01318359375, -0.04296875, -0.010009765625, 0.0038909912109375, -0.039306640625, -0.033447265625, 0.036376953125, -0.00396728515625, -0.01275634765625, 0.00146484375, 0.06298828125, -0.017822265625, 0.02001953125, -0.013427734375, 0.017578125, 0.00921630859375, -0.021484375, 0.04833984375, -0.007537841796875, 0.0400390625, 0.032470703125, -0.03369140625, 0.025390625, -0.0250244140625, -0.0107421875, 0.0002880096435546875, -0.0047607421875, -0.0245361328125, 0.05029296875, 0.00848388671875, 0.00506591796875, -0.0303955078125, -0.0220947265625, -0.0113525390625, 0.03173828125, 0.056884765625, -0.0966796875, -0.005645751953125, -0.030517578125, -0.0208740234375, 0.0004291534423828125, 0.000720977783203125, 0.026611328125, 0.02880859375, 0.03271484375, 0.01312255859375, 0.044677734375, 0.030517578125, -0.01251220703125, -0.04052734375, -0.027587890625, 0.06640625, 0.026611328125, -0.039306640625, -0.01031494140625, 0.032958984375, -0.031494140625, -0.005218505859375, -0.0167236328125, 0.0140380859375, -0.0291748046875, 0.007110595703125, -0.004364013671875, -0.007598876953125, 0.0361328125, 0.01031494140625, 0.0002079010009765625, -0.01080322265625, 0.0126953125, 0.087890625, 0.01495361328125, 0.0004062652587890625, -0.041748046875, 0.03515625, 0.08935546875, 0.006072998046875, 0.0439453125, 0.004852294921875, 0.00286865234375, 0.031982421875, 0.0206298828125, 0.007110595703125, -0.021728515625, -0.003936767578125, -0.017333984375, 0.03759765625, -0.01171875, -0.007781982421875, 0.00823974609375, 0.0400390625, -0.0107421875, 0.042236328125, 0.0174560546875, -0.05517578125, 0.015869140625, -0.007415771484375, 0.0017547607421875, -0.0186767578125, -0.02294921875, -0.0167236328125, -0.021484375, 0.0205078125, -0.009033203125, -0.004150390625, 0.01068115234375, 0.05810546875, 0.0166015625, -0.0086669921875, 0.0322265625, -0.004730224609375, 0.00106048583984375, -0.021728515625, -0.04345703125, 0.01165771484375, -0.062255859375, -0.01165771484375, 0.03857421875, -0.050048828125, -0.0113525390625, -0.0194091796875, -0.0235595703125, 0.0169677734375, -0.064453125, 0.01519775390625, -0.0108642578125, -0.00909423828125, -0.000537872314453125, -0.002838134765625, 0.005645751953125, 0.007598876953125, -0.0184326171875, -0.0177001953125, -0.00128936767578125, -0.011962890625, 0.0145263671875, -0.029052734375, -0.0296630859375, 0.00897216796875, 0.01116943359375, 0.00830078125, 0.041748046875, -0.0101318359375, 0.01953125, 0.0771484375, -0.0272216796875, 0.01336669921875, 0.0230712890625, -0.007171630859375, 0.057373046875, -0.0189208984375, 0.048583984375, -0.01019287109375, -0.0087890625, -0.04833984375, -0.000591278076171875, 0.040771484375, 0.046142578125, 0.02001953125, 0.022216796875, 0.00604248046875, 0.00830078125, 0.0654296875, 0.020263671875, -0.05908203125, -0.033935546875, 0.0225830078125, -0.027587890625, 0.025390625, -0.0274658203125, -8.0108642578125e-05, 0.019775390625, 0.0179443359375, -0.0135498046875, -0.05419921875, -0.021728515625, -0.062255859375, 0.033203125, -0.03564453125, -0.039306640625, -0.02880859375, -0.0125732421875, -0.036376953125, 0.02001953125, -0.017578125, 0.0908203125, -0.0113525390625, 0.01171875, 3.695487976074219e-05, 0.017822265625, -0.046875, -0.036376953125, 0.03466796875, 0.0211181640625, 0.044677734375, 0.06494140625, -0.00555419921875, -0.05517578125, 0.017822265625, 0.0087890625, -0.0181884765625, -0.0189208984375, 0.029296875, -0.0106201171875, 0.004150390625, 0.018798828125, -0.062255859375, -0.036376953125, 0.064453125, -0.009521484375, 0.037841796875, -0.0128173828125, 0.037841796875, 0.037841796875, -0.036865234375, -0.0235595703125, 0.003509521484375, 0.046142578125, -0.01171875, 0.059326171875, 0.022216796875, -0.005584716796875, -0.0211181640625, -0.006866455078125, -0.03173828125, -0.0859375, 0.0308837890625, 0.03271484375, -0.00921630859375, -0.01055908203125, 0.03125, -0.060302734375, -0.009033203125, -0.0018310546875, 0.06298828125, -0.0208740234375, 0.0235595703125, -0.0018157958984375, 0.01031494140625, 0.0223388671875, 0.03955078125, 0.0093994140625, 0.036865234375, 0.003387451171875, -0.0147705078125, -0.0849609375, 0.01373291015625, 0.022705078125, 0.0308837890625, -0.004180908203125, -0.046875, 0.00179290771484375, -0.00323486328125, 