{"movie": "tagesschau", "offset": 20, "text_offset": 20, "embedding": [-0.01519775390625, 0.0123291015625, -0.0224609375, -0.052734375, 0.0130615234375, -0.02294921875, 0.0084228515625, 0.0164794921875, -0.024658203125, 0.042236328125, 0.000949859619140625, -0.023193359375, -0.011962890625, -0.022705078125, -0.031494140625, -0.056396484375, -0.00750732421875, -0.003570556640625, -0.0341796875, 0.0142822265625, 0.0242919921875, 0.023193359375, -0.00787353515625, -0.007598876953125, 0.0634765625, 0.01080322265625, -0.054443359375, -0.006500244140625, -0.0264892578125, 0.011962890625, 0.01806640625, -0.0281982421875, -0.03662109375, -0.01031494140625, 0.00970458984375, -0.01226806640625, 0.01470947265625, -0.00994873046875, -0.0211181640625, 0.029052734375, 0.022705078125, 0.0311279296875, -0.004150390625, -0.040283203125, 0.00994873046875, -0.00811767578125, 0.0281982421875, -0.018310546875, 0.0128173828125, -0.0189208984375, 0.0693359375, 0.0025482177734375, 0.030029296875, 0.0020904541015625, -0.0208740234375, -0.01031494140625, 0.007415771484375, -0.040771484375, 0.001556396484375, -0.0478515625, -0.02490234375, 0.0081787109375, 0.034423828125, -0.01171875, 0.0303955078125, -0.037353515625, 0.01153564453125, -0.038818359375, 0.0009307861328125, -0.007537841796875, -0.06494140625, -0.0230712890625, 0.014892578125, 0.002197265625, -0.00848388671875, 0.035888671875, -0.0238037109375, -0.0150146484375, 0.019287109375, 0.03662109375, -0.039306640625, -0.046875, 0.007080078125, 0.039794921875, 0.03759765625, 0.004852294921875, -0.0016326904296875, -0.0164794921875, 0.051513671875, 0.0031585693359375, -0.052001953125, 0.024658203125, -0.08154296875, -0.0294189453125, 0.0157470703125, -0.01025390625, -0.0186767578125, -0.0135498046875, 0.0179443359375, -0.01080322265625, 0.00457763671875, 0.052978515625, -0.00750732421875, -0.004150390625, 0.041259765625, -0.04541015625, -0.01055908203125, -0.0238037109375, -0.00823974609375, 0.0771484375, -0.0052490234375, -0.0059814453125, 0.0201416015625, 0.0084228515625, 0.01361083984375, 0.016845703125, -0.03076171875, -0.0308837890625, 0.044677734375, 0.007415771484375, 0.0096435546875, 0.0089111328125, 0.0093994140625, 0.04638671875, 0.0260009765625, 0.00020313262939453125, -0.02099609375, 0.0311279296875, -0.04345703125, -0.0120849609375, 0.03125, -0.060791015625, 0.08203125, 0.0263671875, -0.039794921875, -0.0162353515625, -0.03515625, -0.0018157958984375, -0.039306640625, 0.053466796875, 0.0098876953125, -0.01171875, 0.047607421875, -0.03125, -0.025634765625, 0.0020751953125, 0.032958984375, -0.00982666015625, -0.006622314453125, -0.033935546875, -0.0281982421875, -0.0252685546875, -0.043701171875, 0.0263671875, -0.0257568359375, -0.037841796875, -0.0267333984375, 0.0223388671875, 0.004974365234375, -0.0198974609375, -0.00799560546875, -0.0021514892578125, 0.0322265625, -0.052001953125, -0.0191650390625, 0.0458984375, 0.021728515625, 0.007171630859375, -0.03369140625, -0.03466796875, 0.005889892578125, -0.05517578125, -0.00162506103515625, 0.05224609375, 0.005950927734375, 0.00994873046875, -0.06494140625, -0.029052734375, -0.007354736328125, 0.04345703125, -0.0194091796875, 0.0185546875, -0.01287841796875, -0.0021820068359375, 0.023193359375, 0.01409912109375, -0.008544921875, -0.022216796875, 0.0272216796875, 0.0211181640625, 0.0419921875, 0.04931640625, 0.01324462890625, 0.052978515625, 0.04296875, -0.00811767578125, -0.036865234375, 0.0126953125, 0.04931640625, 0.0458984375, -0.0279541015625, 0.0281982421875, -0.029296875, -0.0084228515625, 0.0322265625, 0.004974365234375, -0.05078125, -0.0128173828125, -0.0113525390625, -0.003021240234375, -0.00811767578125, 0.01397705078125, -0.04248046875, 0.0137939453125, -0.003173828125, -0.0732421875, 0.035888671875, 0.0791015625, -0.0205078125, 0.0186767578125, 0.032958984375, -0.0732421875, 0.03076171875, -0.0135498046875, 0.07177734375, -0.08984375, -0.07421875, -0.00848388671875, 0.0115966796875, 0.0028076171875, -0.01446533203125, 0.0281982421875, -0.042236328125, 0.0032501220703125, 0.08203125, -0.0029754638671875, -0.023193359375, -0.00011491775512695312, 0.01190185546875, 0.0206298828125, -0.0272216796875, -0.0179443359375, 0.04638671875, 0.005035400390625, -0.047119140625, -0.0216064453125, -0.0201416015625, -0.061767578125, 0.0159912109375, 0.01214599609375, -0.047119140625, -0.007598876953125, 0.02978515625, -0.04248046875, -0.04345703125, -0.002655029296875, 0.00555419921875, 0.0120849609375, 0.038818359375, 0.01019287109375, 0.03076171875, 0.007232666015625, -0.0111083984375, -0.01025390625, -0.040283203125, 0.021728515625, 0.033447265625, 0.0023345947265625, 0.01055908203125, -0.01025390625, 0.0106201171875, -0.0027313232421875, 0.054443359375, 0.010986328125, 0.04443359375, 0.0201416015625, 0.033447265625, -0.0296630859375, 0.040283203125, 0.0279541015625, 0.039306640625, -0.00439453125, 0.0281982421875, 0.0037689208984375, -0.018310546875, -0.01318359375, -0.0439453125, -0.0142822265625, -0.004730224609375, 0.0206298828125, 0.036865234375, 0.018310546875, 0.0135498046875, 0.004364013671875, 0.014892578125, 0.07861328125, -0.01409912109375, -0.0036163330078125, -0.08056640625, -0.0283203125, 0.03515625, -0.0272216796875, -0.0281982421875, 0.0135498046875, 0.005279541015625, 0.035888671875, 0.01324462890625, -0.0166015625, 0.0218505859375, -0.0152587890625, 0.0186767578125, -0.0096435546875, 0.0279541015625, -0.0167236328125, 0.04296875, 0.0162353515625, -0.003204345703125, -0.005035400390625, 0.0235595703125, 0.0098876953125, 0.025634765625, -0.126953125, -0.0281982421875, 0.044921875, 0.002349853515625, 0.006072998046875, -0.026123046875, -0.0189208984375, 0.031982421875, 0.05712890625, 0.008544921875, -0.0162353515625, 0.0010223388671875, 0.00787353515625, 0.00946044921875, 0.01287841796875, -0.0322265625, -0.0238037109375, -0.0203857421875, 0.00335693359375, 0.032470703125, 0.0257568359375, 0.00677490234375, 0.007415771484375, 0.0113525390625, -0.0029754638671875, -0.005218505859375, -0.033203125, 0.034423828125, 0.006500244140625, 0.01190185546875, 0.00927734375, -0.01446533203125, 0.01904296875, -0.0027008056640625, 0.01373291015625, -0.0272216796875, 0.07177734375, -0.00970458984375, 0.0238037109375, 0.029052734375, 0.0341796875, 0.033935546875, -0.03466796875, -0.01019287109375, -0.00494384765625, -7.43865966796875e-05, -0.0245361328125, -0.025634765625, 0.00823974609375, 0.029296875, 0.0260009765625, 0.01324462890625, 0.0286865234375, -0.0196533203125, 0.003082275390625, 0.0023345947265625, -0.0034027099609375, -0.0279541015625, 0.05810546875, -0.016845703125, 0.026123046875, 0.0181884765625, 0.04931640625, -0.00469970703125, -0.0296630859375, -0.008056640625, -0.03857421875, -0.01397705078125, -0.0216064453125, -0.001739501953125, -0.025634765625, -0.05078125, -0.018310546875, -0.06640625, 0.00164794921875, -0.0135498046875, 0.043701171875, 0.0625, -0.05517578125, 0.006683349609375, -0.006317138671875, 0.000926971435546875, 0.037841796875, -0.00112152099609375, 0.031494140625, 0.00193023681640625, 0.0218505859375, 0.05810546875, 0.01007080078125, 0.00156402587890625, -0.038330078125, -0.07177734375, 0.00335693359375, -0.022705078125, 0.057373046875, -0.0791015625, 0.00616455078125, 0.035400390625, -0.009521484375, 0.001373291015625, 0.003936767578125, 0.01025390625, 0.02490234375, 0.005279541015625, -0.01190185546875, -0.007171630859375, 0.00567626953125, -0.01007080078125, 0.043701171875, 0.041748046875, 0.004486083984375, 0.03076171875, 0.005615234375, -0.04638671875, 0.0289306640625, -0.0238037109375, -0.0272216796875, -0.000579833984375, -0.017822265625, -0.019775390625, -0.02197265625, -0.044677734375, -0.004058837890625, -0.01043701171875, -0.032470703125, -0.047119140625, 0.061767578125, -0.0164794921875, -0.02099609375, 0.04638671875, 0.018798828125, 0.038818359375, -0.0142822265625, 0.004150390625, 0.01336669921875, 0.0106201171875, 0.002166748046875, 0.004974365234375, -0.033447265625, 0.0272216796875, -0.00469970703125, 