{"movie": "tagesschau", "offset": 110, "text_offset": 110, "embedding": [0.0732421875, 0.00860595703125, 0.0693359375, 0.0145263671875, -0.0556640625, -0.039794921875, 0.04541015625, 0.056884765625, -0.00836181640625, -0.048583984375, 0.01171875, 0.0361328125, -0.0306396484375, -0.029052734375, -0.03369140625, -0.0277099609375, 0.00836181640625, -0.04052734375, 0.01275634765625, 0.064453125, -0.01385498046875, 0.00347900390625, -0.038818359375, -0.013916015625, 0.041015625, 0.00830078125, -0.04345703125, -0.013427734375, 0.016357421875, -0.0108642578125, -0.003265380859375, -0.058349609375, -0.0277099609375, -0.01214599609375, 0.0306396484375, 0.01361083984375, 0.059814453125, 0.0186767578125, 0.01416015625, 0.000331878662109375, 0.0159912109375, 0.0126953125, 0.000644683837890625, 0.0159912109375, 0.004302978515625, -0.0537109375, 0.0242919921875, 0.0211181640625, -0.001434326171875, 0.027099609375, 0.017333984375, -0.0108642578125, 0.017578125, 0.00191497802734375, -0.0712890625, -0.06396484375, 0.03466796875, 0.0291748046875, 0.0166015625, -0.061279296875, -0.003936767578125, 0.0089111328125, 0.00738525390625, 0.0005645751953125, -0.04736328125, 0.021728515625, -0.034423828125, 0.03125, 0.01544189453125, 0.006866455078125, -0.051025390625, -0.01251220703125, -0.0205078125, -0.00897216796875, 0.0284423828125, -0.01361083984375, 0.041748046875, -0.032470703125, -0.0157470703125, 0.041748046875, -0.01385498046875, -0.01611328125, -0.0234375, -0.0238037109375, 0.035400390625, -0.07080078125, -0.016357421875, 0.0277099609375, 0.0177001953125, 0.025634765625, 0.01446533203125, -0.00010728836059570312, -0.004638671875, -0.040771484375, -0.0250244140625, -0.0185546875, -0.05908203125, 0.016357421875, 0.01385498046875, -0.059326171875, -0.01483154296875, 0.0191650390625, 0.0023651123046875, 0.004425048828125, -0.0712890625, -0.007476806640625, 0.048583984375, -0.052001953125, -0.05224609375, 0.0032196044921875, 0.026611328125, -0.0036468505859375, 0.03271484375, 0.0274658203125, -0.043212890625, -0.008056640625, 0.01031494140625, 0.01025390625, 0.0186767578125, -0.0205078125, -0.01611328125, 0.002044677734375, -0.03271484375, -0.015380859375, 0.01422119140625, 0.033447265625, 0.042236328125, 0.033935546875, -0.0341796875, 0.0020751953125, -0.0002460479736328125, -0.0299072265625, 0.0174560546875, 0.0274658203125, -0.06396484375, -0.0211181640625, 0.004730224609375, -0.01531982421875, 0.0020294189453125, 0.0289306640625, 0.02685546875, 0.0174560546875, -0.033935546875, -0.0859375, -0.006256103515625, 0.016357421875, -0.007659912109375, -0.02099609375, 0.0086669921875, -0.02783203125, 0.0191650390625, -0.0250244140625, -0.064453125, -0.00726318359375, -0.00927734375, 0.0052490234375, 0.0673828125, 0.09033203125, 0.000141143798828125, -0.0272216796875, -0.006256103515625, 0.007476806640625, -0.04052734375, -0.020263671875, 0.023681640625, 0.0283203125, -0.0654296875, 0.0311279296875, -0.0712890625, -0.04296875, -0.06787109375, 0.0010986328125, -0.033203125, -0.03857421875, -0.038818359375, 0.01397705078125, 0.0033111572265625, -0.0296630859375, -0.000553131103515625, -0.0311279296875, -0.0306396484375, -0.02392578125, 0.0228271484375, 0.032470703125, -0.0206298828125, -0.0245361328125, 0.01239013671875, 0.05810546875, -0.0458984375, 0.02099609375, 0.023681640625, -0.03369140625, -0.039794921875, 0.037841796875, 0.00982666015625, 0.002471923828125, -0.047607421875, -0.01556396484375, 0.061279296875, 0.0419921875, -0.058349609375, -0.000286102294921875, -0.0478515625, 0.015869140625, -0.00592041015625, -0.0274658203125, -0.0277099609375, -0.0174560546875, -0.038330078125, 0.035888671875, 0.02490234375, -0.017822265625, 0.04296875, -0.0031280517578125, -0.01708984375, -0.01300048828125, -0.002716064453125, 0.0419921875, 0.0211181640625, -0.041259765625, -0.0174560546875, -0.0279541015625, -0.0189208984375, 0.0185546875, -0.01239013671875, -0.0189208984375, 0.006103515625, 0.0033111572265625, 0.002838134765625, 0.0225830078125, 0.0101318359375, -0.03857421875, -0.061279296875, 0.02685546875, 0.0281982421875, 0.01556396484375, -0.010009765625, -0.023193359375, 0.00738525390625, 0.0311279296875, 0.035400390625, -0.0556640625, 0.00408935546875, -0.0081787109375, 0.021728515625, 0.037353515625, -0.01483154296875, 0.0130615234375, 0.0108642578125, -0.0301513671875, -0.054931640625, -0.0034637451171875, 0.039306640625, -0.034912109375, 0.0017852783203125, -0.00677490234375, 0.0091552734375, -0.00897216796875, 0.005401611328125, -0.007415771484375, 0.0196533203125, -0.0048828125, -0.013671875, -0.01275634765625, -0.001434326171875, 0.052001953125, -0.049072265625, 0.00634765625, -0.014404296875, 0.0191650390625, 0.0079345703125, -0.0145263671875, -0.0157470703125, 0.0322265625, 0.017822265625, -0.000637054443359375, -0.01953125, -0.0166015625, 0.02294921875, 0.0291748046875, 0.0108642578125, 0.0020904541015625, -0.045166015625, 0.0498046875, -0.01708984375, 0.005279541015625, 0.0341796875, 0.059326171875, 0.051025390625, -0.031982421875, 0.016845703125, -0.021728515625, 0.0277099609375, 0.02392578125, 0.004058837890625, 0.056396484375, 0.006256103515625, 0.0498046875, 0.004302978515625, -0.0791015625, -0.0225830078125, 0.00191497802734375, 0.0274658203125, -0.01019287109375, 0.0078125, 0.0257568359375, 0.037353515625, -0.00069427490234375, 0.0242919921875, 0.033935546875, 0.032470703125, 0.02099609375, -0.0308837890625, 0.008544921875, -0.004730224609375, -0.028564453125, 0.004180908203125, 0.0390625, 0.04052734375, -0.004150390625, -0.049072265625, -0.018310546875, 0.060546875, 0.0002899169921875, -0.10009765625, -0.02392578125, -0.033203125, -0.052001953125, -0.004852294921875, 0.01275634765625, 0.02880859375, -0.0291748046875, -0.039794921875, -0.00176239013671875, -0.046875, -0.041259765625, -0.033203125, 0.0125732421875, -0.033203125, 0.0089111328125, -0.000957489013671875, -0.007659912109375, -0.0703125, 0.02294921875, 0.050048828125, 0.0107421875, 0.00244140625, 0.048095703125, 0.004913330078125, 0.00799560546875, -0.001953125, 0.01312255859375, -0.0037384033203125, 0.001068115234375, -0.00970458984375, 0.007720947265625, 0.02880859375, -0.00579833984375, 0.01806640625, 0.049560546875, 0.044189453125, -0.00506591796875, -0.0145263671875, -0.04638671875, -0.00567626953125, 0.0014495849609375, -0.0223388671875, -0.026611328125, -0.0189208984375, 0.0081787109375, -0.050048828125, 0.061279296875, -0.00836181640625, 0.00579833984375, 0.07421875, 0.002166748046875, 0.0084228515625, -0.037841796875, -0.07080078125, 0.0089111328125, -0.03857421875, -0.0130615234375, 0.0361328125, -0.08935546875, -0.017333984375, 0.0062255859375, 0.03662109375, -0.0010833740234375, -0.0400390625, -0.02001953125, 0.0311279296875, 0.0203857421875, -0.0361328125, -0.060302734375, -0.019287109375, -0.011962890625, -0.0068359375, 0.03271484375, 0.0216064453125, -0.0016326904296875, -0.0108642578125, 0.031982421875, -0.01171875, -0.0311279296875, -0.0034637451171875, -0.02392578125, 0.006866455078125, 0.0634765625, 0.0859375, 0.0084228515625, -0.0234375, 0.0458984375, -0.04345703125, -0.00191497802734375, -0.003570556640625, -0.046875, -0.03076171875, -0.039794921875, -0.0390625, -0.005218505859375, 0.0191650390625, -0.048583984375, -0.0001373291015625, 0.04638671875, 0.033935546875, -0.00445556640625, 0.006195068359375, -0.013427734375, 0.0089111328125, -0.011474609375, -0.04345703125, 0.031494140625, 0.07177734375, 0.0255126953125, 0.003387451171875, 0.039794921875, 0.0203857421875, 0.00421142578125, -0.078125, 0.0458984375, -0.0242919921875, 0.008056640625, 0.0216064453125, -0.042236328125, 0.00946044921875, 0.007293701171875, 0.0048828125, -0.01611328125, -0.03271484375, 0.0260009765625, 0.0216064453125, -0.054443359375, 0.05810546875, 0.01104736328125, 0.0283203125, 0.060302734375, -0.022216796875, -0.0556640625, 0.00946044921875, -0.031982421875, 0.00543212890625, 0.03564453125, -0.025634765625, -0.015625, 0.007476806640625, 0.009033203125, -0.0101318359375, 0.0247802734375, 