{"movie": "tagesschau", "offset": 42, "text_offset": 40, "embedding": [0.0269775390625, 0.01275634765625, -0.055419921875, -0.03515625, -0.0233154296875, -0.009765625, 0.004150390625, -0.045654296875, -0.042724609375, -0.0213623046875, -0.0174560546875, 0.021240234375, -0.0198974609375, -0.025146484375, -0.038818359375, -0.061767578125, 0.003631591796875, -0.029541015625, -0.0218505859375, -0.0022125244140625, 0.00872802734375, 0.018798828125, 0.039794921875, -0.0164794921875, -0.0234375, 0.0130615234375, -0.00830078125, -0.0242919921875, 0.0084228515625, 0.06494140625, -0.0157470703125, 0.01495361328125, 0.033935546875, 0.016357421875, -0.0159912109375, -0.00162506103515625, 0.0177001953125, -0.050048828125, 0.040771484375, -0.0147705078125, -0.000560760498046875, 0.032470703125, -0.01556396484375, 0.005645751953125, 0.00726318359375, -0.0093994140625, 0.01556396484375, 0.03466796875, -0.006927490234375, -0.0159912109375, -0.07421875, -0.034912109375, 0.064453125, -0.0032958984375, -0.02685546875, 0.02734375, -0.0177001953125, 0.00482177734375, -0.02734375, -0.0245361328125, -0.038818359375, -0.0478515625, 0.0198974609375, 0.009521484375, 0.0269775390625, -0.00141143798828125, -0.0299072265625, -0.020751953125, 0.06494140625, 0.0166015625, 0.002899169921875, -0.06494140625, 0.005157470703125, -0.037353515625, 0.00341796875, 0.0140380859375, -0.01019287109375, -0.047607421875, 0.01904296875, 0.046630859375, 0.0064697265625, -0.01446533203125, -0.0120849609375, -0.025146484375, 0.02734375, 0.003448486328125, 0.0439453125, -0.056640625, 0.04736328125, -0.017822265625, 0.0245361328125, 0.0308837890625, -0.0283203125, -0.023681640625, -0.0264892578125, -0.01385498046875, 0.000392913818359375, 0.032958984375, 0.023681640625, -0.029052734375, 0.002593994140625, 0.037353515625, -0.0234375, -0.031494140625, 0.0269775390625, -0.017822265625, -0.0057373046875, 0.00017642974853515625, 0.03125, 0.049560546875, -0.0260009765625, -0.00811767578125, 0.033203125, -0.021484375, 0.0198974609375, -0.010986328125, 0.0303955078125, 0.01470947265625, -0.003509521484375, 0.0167236328125, 0.012939453125, 0.039306640625, 0.0283203125, 0.048583984375, -0.00885009765625, -0.035888671875, 0.02734375, 0.039794921875, -0.07275390625, 0.006378173828125, -0.0281982421875, 0.02099609375, 0.049072265625, -0.0126953125, -0.028076171875, 0.00445556640625, -0.01190185546875, -0.021484375, -0.0126953125, 0.002960205078125, 0.045654296875, -0.0390625, 0.040283203125, 0.006256103515625, -0.049072265625, -0.0341796875, 0.044189453125, -0.044189453125, -0.0205078125, -0.0546875, -0.01251220703125, -0.049072265625, -0.02099609375, 0.06298828125, 0.005706787109375, -0.0198974609375, -0.0419921875, 0.07421875, -0.0179443359375, -0.000507354736328125, -0.025634765625, -0.01300048828125, -0.0177001953125, 0.0177001953125, -0.0137939453125, 0.01556396484375, 0.0118408203125, -0.0010223388671875, 0.00653076171875, -0.0439453125, -0.0064697265625, 0.0025482177734375, -0.004547119140625, -0.032470703125, -0.0040283203125, 0.0184326171875, -0.02392578125, -0.031494140625, -0.012939453125, -0.0054931640625, 0.0299072265625, 0.00738525390625, 0.02099609375, -0.041015625, 0.02197265625, -0.00193023681640625, 0.031982421875, -0.0184326171875, -0.00921630859375, -0.006500244140625, 0.02099609375, 0.0228271484375, -0.024169921875, 0.01361083984375, -0.029052734375, -0.035888671875, 0.0036468505859375, -0.0069580078125, 0.0198974609375, 0.029052734375, -0.08984375, 0.00537109375, -0.024658203125, 0.01129150390625, 0.0198974609375, -0.042724609375, -0.038818359375, 0.028076171875, -0.0228271484375, -0.00982666015625, 0.032470703125, 0.00104522705078125, -0.00421142578125, 0.00872802734375, -0.0419921875, 0.005859375, 0.039306640625, 0.00970458984375, 0.00579833984375, -0.0067138671875, -0.031494140625, -0.015380859375, 0.02197265625, -0.01165771484375, 0.06005859375, -0.0234375, -0.06005859375, -0.0006866455078125, 0.06103515625, -0.03125, -0.036865234375, 0.044677734375, 0.004425048828125, 0.0223388671875, 0.0269775390625, 0.0203857421875, 0.0281982421875, 0.039794921875, 0.02099609375, 0.0250244140625, -0.00110626220703125, 0.00799560546875, 0.0263671875, 0.0517578125, -0.00286865234375, 0.0556640625, -0.039794921875, -0.00128173828125, 0.001861572265625, 0.0233154296875, -0.017822265625, -0.018798828125, 0.04248046875, -0.0625, 0.01080322265625, -0.02783203125, -0.0220947265625, -0.02197265625, 0.02392578125, -0.002044677734375, 0.055419921875, 0.00982666015625, 0.017578125, -0.036376953125, -0.0250244140625, 0.043701171875, -0.0159912109375, 0.0174560546875, 0.0038604736328125, 0.04736328125, 0.0034637451171875, 0.0267333984375, -0.00640869140625, -0.00634765625, 0.033203125, -0.0302734375, 0.004364013671875, 0.008056640625, 0.00860595703125, 0.0419921875, 0.024169921875, -0.0224609375, 7.295608520507812e-05, -0.00714111328125, -0.00640869140625, 0.0194091796875, -0.0115966796875, -0.040283203125, 0.003936767578125, 0.00531005859375, 0.039794921875, 0.01416015625, 0.045654296875, -0.035888671875, -0.03857421875, 0.0242919921875, -0.00194549560546875, -0.03271484375, 0.01904296875, -0.0147705078125, -0.013671875, -0.01434326171875, 0.0458984375, 0.010498046875, -0.04296875, -0.004486083984375, 0.058349609375, -0.00347900390625, 0.044921875, 0.07080078125, -0.0245361328125, 0.0380859375, -0.00640869140625, 0.0106201171875, 0.07275390625, 0.017822265625, -0.037353515625, 0.0203857421875, 0.0264892578125, -0.0194091796875, 0.0167236328125, -0.0264892578125, -0.0439453125, 0.00274658203125, -0.060546875, 0.007598876953125, -0.01251220703125, -0.087890625, 0.032470703125, -0.00830078125, 0.0194091796875, 0.032470703125, 0.007293701171875, 0.0216064453125, 0.0009307861328125, 0.042724609375, -0.045654296875, -0.0157470703125, -0.0213623046875, 0.04736328125, 0.04931640625, 0.0036773681640625, -0.013427734375, 0.00726318359375, 0.0069580078125, 0.0546875, -0.0380859375, 0.003692626953125, -0.0283203125, 0.031494140625, -0.0203857421875, -0.0125732421875, -0.01434326171875, 0.0125732421875, -0.07275390625, 0.029541015625, 0.004547119140625, -0.006683349609375, -0.0238037109375, 0.043212890625, -0.041259765625, 0.056396484375, -0.00122833251953125, -0.0216064453125, -0.0196533203125, 0.0159912109375, -0.044921875, -0.017822265625, -0.0186767578125, 0.00701904296875, -0.0166015625, 0.0439453125, 0.045654296875, 0.068359375, -0.06884765625, -0.00482177734375, -0.040771484375, 0.0264892578125, -0.021240234375, 0.052978515625, -0.0162353515625, 0.0118408203125, -0.0283203125, -0.01214599609375, -0.01708984375, 0.0184326171875, -0.03857421875, -0.0299072265625, -0.0255126953125, 0.0269775390625, -0.0218505859375, 0.00124359130859375, 0.01416015625, -0.0615234375, -0.0419921875, 0.0036468505859375, -0.01165771484375, -0.00372314453125, 0.030029296875, -0.01361083984375, -0.00182342529296875, -0.01470947265625, -0.0179443359375, -0.0003509521484375, 0.0142822265625, -0.002349853515625, 0.018798828125, 0.034423828125, -0.00128936767578125, -0.021240234375, -0.0216064453125, 0.0322265625, -0.0228271484375, -0.0004062652587890625, 0.01092529296875, -0.01318359375, -0.0283203125, 0.02099609375, 0.0390625, -0.030029296875, -0.00579833984375, -0.044921875, -0.00518798828125, -0.0303955078125, 0.03564453125, -0.04736328125, -0.006134033203125, -0.030029296875, -0.0308837890625, -0.00102996826171875, -0.025390625, -0.04736328125, -0.01141357421875, -0.051025390625, -0.0126953125, 0.01556396484375, -0.0076904296875, 0.01251220703125, -0.01019287109375, -0.03466796875, 0.036376953125, -0.0478515625, -0.0986328125, -0.01708984375, 0.0028533935546875, -0.00994873046875, 0.0030364990234375, 0.0125732421875, -0.0142822265625, 0.0291748046875, -0.006622314453125, 0.0263671875, 0.031494140625, -0.003936767578125, 0.041015625, 0.00156402587890625, -0.013671875, 0.01214599609375, 0.0250244140625, -0.01141357421875, -0.0028076171875, 0.02978515625, 0.053466796875, 0.0299072265625, -0.003631591796875, -0.0267333984375, 