{"movie": "tagesschau", "offset": 56, "text_offset": 50, "embedding": [-0.05615234375, -0.0128173828125, -0.0125732421875, 0.01409912109375, -0.0281982421875, 0.043701171875, 0.0172119140625, 0.0201416015625, -0.025390625, 0.005035400390625, -0.03759765625, -0.02099609375, -0.00109100341796875, 0.017578125, -0.011474609375, -0.056396484375, 0.0390625, -0.0263671875, 0.016357421875, 0.03857421875, 0.052734375, 0.034912109375, 0.05517578125, -0.00077056884765625, 0.028076171875, 0.024658203125, -0.04296875, -0.033203125, -0.015869140625, -0.0162353515625, -0.04931640625, 0.0281982421875, 0.024658203125, 0.00897216796875, 0.004425048828125, 0.01953125, 0.01116943359375, 0.039794921875, 0.00628662109375, 0.0054931640625, 0.006256103515625, -3.075599670410156e-05, -0.0179443359375, 0.041015625, 0.00836181640625, 0.007171630859375, 0.0255126953125, 0.0458984375, -0.048583984375, 0.005584716796875, 0.01165771484375, -0.025390625, 0.024658203125, -0.0286865234375, -0.030029296875, -0.030517578125, 0.01007080078125, -0.03173828125, -0.0216064453125, 0.045654296875, 0.007232666015625, -0.024658203125, -0.037353515625, 0.017578125, 0.047607421875, -0.03369140625, 0.0162353515625, -0.034423828125, -0.006134033203125, 0.0849609375, 0.0115966796875, -0.0380859375, 0.03466796875, -0.01708984375, -0.01104736328125, 0.010986328125, 0.02978515625, 0.056640625, -0.01708984375, -0.0059814453125, 0.0220947265625, -0.00787353515625, 0.004425048828125, 0.0106201171875, 0.010986328125, 0.0322265625, -0.00830078125, -0.0390625, 0.00140380859375, -0.02099609375, -0.00701904296875, -0.031494140625, -0.037841796875, 0.017333984375, 0.011962890625, 0.037353515625, -0.01348876953125, -0.03955078125, -0.026123046875, -0.0017852783203125, 0.044189453125, 0.011474609375, -0.091796875, -0.009765625, 0.0255126953125, -0.035888671875, -0.0026702880859375, -0.017822265625, -0.00823974609375, 0.02392578125, -0.018798828125, -0.01544189453125, 0.040283203125, -0.018798828125, -0.021484375, 0.0673828125, 0.059814453125, 0.054443359375, 0.0181884765625, 0.03076171875, -0.0216064453125, -0.003173828125, -0.07958984375, 0.0277099609375, 0.005645751953125, 0.0145263671875, 0.037109375, -0.019775390625, -0.046875, -0.0002593994140625, -0.01251220703125, -0.007476806640625, 0.0032958984375, 0.07421875, -0.01953125, -0.03125, 0.011474609375, -0.0220947265625, 0.0162353515625, -0.01214599609375, -0.0260009765625, -0.006072998046875, 0.051025390625, -0.0174560546875, -0.0238037109375, -0.005462646484375, 0.0341796875, -0.0224609375, -0.037353515625, -0.0341796875, -0.01458740234375, -0.01348876953125, 0.032470703125, -0.001434326171875, -0.008056640625, 0.00811767578125, -0.01123046875, 0.06103515625, -0.009521484375, -0.0220947265625, -0.06005859375, -0.0213623046875, -0.0458984375, -0.002899169921875, 0.06396484375, 0.009521484375, 0.01434326171875, -0.019287109375, 0.06005859375, 0.0299072265625, 0.01226806640625, -0.052734375, -0.0030364990234375, -0.021240234375, -0.0023193359375, 0.00640869140625, 0.04150390625, -0.0751953125, 0.0286865234375, -0.01953125, 0.0174560546875, -0.00921630859375, 0.007476806640625, -0.003936767578125, 0.040283203125, -0.024169921875, 0.0166015625, -0.0198974609375, 0.011474609375, 0.004608154296875, 0.0169677734375, 0.011962890625, 0.00787353515625, -0.03271484375, -0.0159912109375, -0.03125, -0.044189453125, -0.021240234375, -0.0028076171875, 0.049560546875, -0.0281982421875, 0.054443359375, -0.02783203125, 0.00077056884765625, 0.044189453125, -0.014892578125, 0.028564453125, -0.0033416748046875, -0.03857421875, -0.00653076171875, -0.00994873046875, -0.002166748046875, 0.0157470703125, -0.01171875, -0.0220947265625, -0.01434326171875, 0.027587890625, 0.046630859375, 0.06494140625, -0.034912109375, 0.0025177001953125, -0.059814453125, 0.031494140625, -0.0380859375, 0.045166015625, -0.03173828125, -0.043212890625, 0.004150390625, 0.016357421875, -0.0341796875, -0.0164794921875, 0.0255126953125, -0.0064697265625, 0.03857421875, 0.006134033203125, 0.0118408203125, 0.051025390625, -0.033203125, -0.0064697265625, 0.006591796875, -0.0380859375, -0.023193359375, 0.031494140625, 0.0186767578125, -0.01104736328125, -0.002685546875, -0.0076904296875, -0.004364013671875, 0.0137939453125, 0.07470703125, 0.0218505859375, 0.0517578125, 0.01495361328125, -0.036865234375, 0.0103759765625, 0.0263671875, -0.00634765625, 0.0380859375, 0.010498046875, -0.0096435546875, 0.033203125, 0.02587890625, 0.000102996826171875, -0.01409912109375, 0.0341796875, 0.01239013671875, -0.026123046875, -0.049560546875, 0.00262451171875, 0.047607421875, 0.00799560546875, 0.0247802734375, -0.0220947265625, -0.000698089599609375, 0.049560546875, -0.0830078125, 0.06982421875, -0.047607421875, -0.006256103515625, 0.0311279296875, -0.048583984375, 0.02099609375, 0.0283203125, 0.0172119140625, 0.03857421875, 0.023681640625, 0.053466796875, 0.030029296875, -0.00848388671875, -0.027587890625, -0.0052490234375, -0.01336669921875, 0.019287109375, -0.052001953125, 0.0067138671875, 0.0673828125, -0.031494140625, -0.003143310546875, 0.0057373046875, 0.00225830078125, -0.001953125, 0.01080322265625, 0.01348876953125, -0.004913330078125, -0.0164794921875, 0.0017547607421875, -0.04931640625, -0.05810546875, -0.0025787353515625, -0.010498046875, 0.0267333984375, -0.06298828125, -0.04931640625, -0.0283203125, 0.020751953125, -0.014892578125, -0.0005950927734375, 0.037841796875, 0.0986328125, 0.00109100341796875, 0.006805419921875, 0.0517578125, -0.04931640625, 0.039306640625, -0.00701904296875, -0.040283203125, -0.034423828125, -0.0164794921875, 0.0096435546875, -0.03173828125, 0.00787353515625, -0.0140380859375, 0.01348876953125, 0.0137939453125, 0.02978515625, -0.0169677734375, -0.0272216796875, 0.011474609375, -0.07080078125, 0.0238037109375, 0.0166015625, -0.011962890625, -0.024658203125, -0.028564453125, 0.00445556640625, 0.007598876953125, -0.054443359375, 0.02392578125, -0.0380859375, -0.03173828125, 0.0255126953125, 0.0361328125, 0.0147705078125, 0.05517578125, 0.03076171875, 0.030517578125, 0.041259765625, 0.0057373046875, -0.044189453125, 0.01318359375, -0.0302734375, -0.0198974609375, 0.0458984375, -0.050048828125, -0.01318359375, -0.01214599609375, 0.0125732421875, -0.021484375, -0.00439453125, 0.03564453125, -0.03369140625, 0.051025390625, 0.026123046875, -0.00066375732421875, 0.000179290771484375, 0.01495361328125, 0.03759765625, -0.0198974609375, -0.0185546875, 0.05224609375, -0.0184326171875, 0.028076171875, 0.024169921875, -0.03857421875, 0.0029296875, -0.049560546875, -0.006378173828125, 0.01708984375, 0.00140380859375, -0.0341796875, 0.0023193359375, -0.043701171875, 0.0220947265625, -0.06982421875, -0.059814453125, 0.00787353515625, 0.0380859375, 0.02587890625, 0.032958984375, -0.029052734375, 0.00994873046875, -0.0196533203125, -0.010986328125, 0.01116943359375, -0.0223388671875, 0.0225830078125, -0.04638671875, -0.011962890625, 0.0198974609375, 0.031494140625, -0.0205078125, 0.041259765625, -0.01104736328125, -0.0291748046875, 0.0189208984375, 0.0269775390625, -0.012939453125, 0.005615234375, 0.0625, -0.0234375, -0.024658203125, -0.00482177734375, -0.0673828125, -0.0238037109375, 0.026123046875, -0.0196533203125, 0.03076171875, -0.00640869140625, -0.04931640625, 0.024658203125, 0.0167236328125, -0.06591796875, -0.00994873046875, -0.035400390625, -0.037841796875, 0.03564453125, -0.068359375, -0.05517578125, -0.015625, 0.035400390625, 0.06640625, 0.0150146484375, -0.00616455078125, 0.041015625, -0.019287109375, 0.00439453125, 0.0140380859375, -0.00154876708984375, -0.00469970703125, 0.01336669921875, -0.0255126953125, 0.04931640625, 0.00482177734375, 0.0242919921875, 0.049072265625, 0.002899169921875, 0.02197265625, 0.0185546875, -0.031982421875, 0.0712890625, -0.06591796875, 0.06298828125, 0.033447265625, 0.0189208984375, 0.0380859375, -0.044677734375, -0.0076904296875, 0.00099945068359375, 0.046875, 0.003509521484375, 0.028564453125, -0.06884765625, 0.008056640625, 0.0118408203125, 0.0224609375, 