{"movie": "tagesschau", "offset": 52, "text_offset": 50, "embedding": [-0.05908203125, -0.0152587890625, -0.01416015625, -0.0076904296875, -0.0245361328125, 0.057373046875, 0.0185546875, -0.00921630859375, -0.0111083984375, 0.003387451171875, -0.035400390625, -0.005767822265625, -0.0169677734375, 0.03955078125, -0.0111083984375, -0.0673828125, 0.0098876953125, -0.029296875, 0.0198974609375, 0.033447265625, 0.047119140625, 0.049072265625, 0.044677734375, 0.00494384765625, 0.052490234375, 0.0322265625, -0.030029296875, -0.0194091796875, 0.001068115234375, 0.004241943359375, -0.03564453125, 0.0162353515625, 0.01153564453125, 0.0322265625, 0.00994873046875, 0.04296875, 0.00677490234375, 0.026611328125, 0.01129150390625, -0.01312255859375, 0.03662109375, -0.0145263671875, -0.00970458984375, 0.0517578125, 0.0223388671875, 0.00732421875, 0.0245361328125, 0.06494140625, -0.00274658203125, 0.00128173828125, 0.00433349609375, -0.022216796875, 0.036865234375, -0.000644683837890625, -0.0478515625, 0.003631591796875, -0.0023956298828125, -0.0054931640625, -0.01507568359375, -0.005889892578125, 0.00174713134765625, -0.037841796875, -0.007598876953125, 0.01507568359375, 0.049072265625, -0.037841796875, -0.0026397705078125, -0.047607421875, 0.0028839111328125, 0.091796875, 0.00787353515625, -0.0299072265625, 0.03955078125, -0.0213623046875, -0.01519775390625, 0.0159912109375, -0.003631591796875, 0.02880859375, -0.000644683837890625, -0.033447265625, 0.04541015625, -0.0220947265625, -0.005523681640625, 0.025390625, 0.0101318359375, -0.01153564453125, -0.0167236328125, -0.01226806640625, 0.0189208984375, -0.00994873046875, -0.011962890625, -0.0230712890625, -0.0576171875, 0.019775390625, -0.013916015625, 0.0185546875, -0.006500244140625, -0.04345703125, -0.0235595703125, 0.025634765625, 0.022705078125, 0.0322265625, -0.07763671875, -0.0157470703125, 0.01708984375, -0.04541015625, -0.0211181640625, -0.038818359375, -0.004241943359375, 0.01458740234375, -0.022705078125, -0.0106201171875, 0.0279541015625, -0.0216064453125, -0.006378173828125, 0.032958984375, 0.032470703125, 0.052490234375, 0.01397705078125, 0.0208740234375, 0.0089111328125, -0.01373291015625, -0.059814453125, 0.0262451171875, 0.0072021484375, 0.017822265625, 0.00012159347534179688, 0.01043701171875, -0.0181884765625, -0.007171630859375, -0.00193023681640625, 0.0081787109375, -0.006591796875, 0.060791015625, -0.00323486328125, -0.03369140625, -0.0031280517578125, 0.000652313232421875, 0.017822265625, 0.00787353515625, -0.00836181640625, -0.022705078125, 0.047119140625, -0.033447265625, -0.031494140625, 0.0108642578125, -0.000568389892578125, -0.029541015625, -0.0167236328125, -0.01129150390625, -0.010009765625, -0.0272216796875, 0.0184326171875, -0.0029144287109375, -0.0162353515625, -0.006683349609375, -0.008056640625, 0.036865234375, 0.017578125, -0.03564453125, -0.064453125, -0.00604248046875, -0.0223388671875, 0.00506591796875, 0.0576171875, 0.046142578125, 0.0011749267578125, 0.015380859375, 0.038818359375, 0.027099609375, 0.04833984375, -0.02880859375, -0.018310546875, -0.018798828125, -0.0172119140625, 0.000652313232421875, 0.029052734375, -0.0810546875, 0.0128173828125, -0.0103759765625, 0.0167236328125, -0.00408935546875, 0.0064697265625, 0.01043701171875, 0.038818359375, -0.025146484375, 0.0086669921875, 0.00274658203125, 0.0245361328125, 0.0225830078125, 0.01031494140625, 0.0120849609375, -0.0262451171875, -0.032470703125, -0.01214599609375, 0.004180908203125, -0.01226806640625, -0.0341796875, -0.01519775390625, 0.048583984375, -0.0291748046875, 0.016357421875, -0.0145263671875, 0.01068115234375, 0.054443359375, -0.033447265625, 0.02587890625, 0.0150146484375, -0.0185546875, -0.015869140625, 0.010009765625, -0.0025634765625, 0.0238037109375, -0.03759765625, -0.037841796875, 0.00119781494140625, 0.039306640625, 0.044677734375, 0.07080078125, -0.0126953125, -0.01239013671875, -0.033447265625, 0.006866455078125, -0.0322265625, 0.05419921875, -0.02587890625, -0.01483154296875, -0.01483154296875, 0.0093994140625, -0.0615234375, -0.01397705078125, 0.0296630859375, -0.0196533203125, 0.0615234375, -0.0234375, 0.017822265625, 0.0517578125, -0.031982421875, -0.0008392333984375, 0.0001201629638671875, -0.038818359375, -0.01806640625, 0.0654296875, 0.0322265625, -0.004974365234375, 0.0380859375, 0.01031494140625, -0.0220947265625, 0.01055908203125, 0.064453125, 0.01031494140625, 0.04150390625, 0.036865234375, -0.0140380859375, 0.01190185546875, 0.03955078125, -0.007293701171875, 0.0169677734375, 0.0223388671875, -0.021728515625, 0.030517578125, 0.018798828125, -0.0015411376953125, 0.004791259765625, 0.0361328125, 0.0113525390625, -0.0015716552734375, -0.0284423828125, 0.0179443359375, 0.068359375, 0.0103759765625, 0.01312255859375, -0.01458740234375, 0.0242919921875, 0.07861328125, -0.09228515625, 0.047607421875, -0.025390625, -7.915496826171875e-05, 0.038818359375, -0.0272216796875, 0.01312255859375, 0.0150146484375, 0.03369140625, 0.020263671875, 0.026611328125, 0.03759765625, -0.000675201416015625, -0.0128173828125, -0.0167236328125, -0.00946044921875, -0.0067138671875, 0.0145263671875, -0.0380859375, 0.0150146484375, 0.08447265625, -0.0194091796875, -3.039836883544922e-05, 0.0089111328125, 0.02587890625, -0.00970458984375, 0.00628662109375, 0.0235595703125, -0.033447265625, -0.0101318359375, 0.0034332275390625, -0.06884765625, -0.05810546875, -0.00567626953125, 0.0128173828125, 0.0245361328125, -0.04541015625, -0.003326416015625, -0.031494140625, 0.016357421875, -0.032958984375, -0.0213623046875, 0.0255126953125, 0.0888671875, 0.007171630859375, 0.038818359375, 0.02783203125, -0.064453125, 0.0260009765625, -0.0016632080078125, -0.02392578125, -0.05517578125, -0.0299072265625, 0.0191650390625, -0.01495361328125, 0.0196533203125, -0.031494140625, 0.00151824951171875, 0.0216064453125, -0.000820159912109375, -0.041748046875, -0.0235595703125, 0.004241943359375, -0.0859375, 0.024658203125, 0.01226806640625, -0.00506591796875, -0.020263671875, -0.00787353515625, 0.01611328125, -0.00506591796875, -0.031982421875, 0.00970458984375, -0.018798828125, -0.00390625, 0.027587890625, 0.037109375, 0.036376953125, 0.03173828125, 0.046875, 0.0458984375, 0.043212890625, -0.0026702880859375, -0.0576171875, 0.017822265625, -0.042724609375, -0.02001953125, 0.0260009765625, -0.059814453125, -0.0026702880859375, -0.004852294921875, 0.007293701171875, -0.0625, -0.00823974609375, 0.05322265625, -0.06298828125, 0.03564453125, 0.032958984375, -0.0059814453125, -0.020263671875, 0.00860595703125, 0.0311279296875, -0.01483154296875, -0.0235595703125, 0.031494140625, -0.020751953125, 0.029296875, 0.020263671875, -0.01806640625, 0.025390625, -0.056640625, 0.0079345703125, 0.002777099609375, -0.005767822265625, -0.041015625, 0.011474609375, -0.03173828125, 0.0087890625, -0.076171875, -0.0751953125, 0.010986328125, 0.0400390625, 0.0133056640625, 0.033447265625, -0.0537109375, -0.002227783203125, -0.025146484375, -0.004608154296875, 0.0111083984375, -0.006500244140625, 0.03271484375, -0.019775390625, -0.0120849609375, 0.00156402587890625, 0.01397705078125, -0.021728515625, 0.04248046875, 0.0238037109375, -0.0145263671875, 0.029296875, 0.049072265625, 0.00970458984375, -0.017333984375, 0.08251953125, -0.0234375, -0.01373291015625, 0.006195068359375, -0.0322265625, -0.041015625, 0.046142578125, -0.010009765625, 0.0245361328125, 0.0089111328125, -0.047607421875, 0.0341796875, 0.0341796875, -0.045166015625, 0.0034027099609375, -0.030517578125, -0.025146484375, 0.01397705078125, -0.06103515625, -0.06298828125, -0.032470703125, 0.020263671875, 0.07177734375, 0.012939453125, -0.0291748046875, 0.039306640625, -0.006134033203125, -0.020263671875, 0.02001953125, 0.01611328125, -0.017578125, 0.003936767578125, -0.0185546875, 0.036865234375, 0.01214599609375, 0.00384521484375, 0.039306640625, -0.008056640625, 0.025390625, 0.00762939453125, -0.015380859375, 0.05810546875, -0.049072265625, 0.07177734375, 0.030517578125, 0.0279541015625, 