{"movie": "tagesschau", "offset": 60, "text_offset": 60, "embedding": [-0.04638671875, -0.00244140625, 0.014892578125, -0.00836181640625, -0.045654296875, 0.002532958984375, -0.0030975341796875, 0.0322265625, -0.03662109375, -0.038818359375, -0.0089111328125, -0.0076904296875, 0.0184326171875, -0.03466796875, 0.006439208984375, -0.0228271484375, 0.006500244140625, -0.060791015625, 0.03076171875, 0.0255126953125, 0.016357421875, 0.0174560546875, 0.0732421875, -0.050537109375, 0.02880859375, -0.0263671875, -0.0361328125, -0.028076171875, 0.005401611328125, 0.0277099609375, -0.05126953125, 0.028076171875, -0.061767578125, 0.01068115234375, 0.045654296875, 0.03125, 0.0289306640625, 0.0026397705078125, -0.04736328125, -0.0108642578125, -0.0272216796875, 0.003021240234375, -0.032470703125, 0.0157470703125, 0.0166015625, 0.0174560546875, -0.0162353515625, 0.0284423828125, -0.039794921875, 0.0308837890625, 0.0228271484375, 0.032958984375, -0.03662109375, -0.039794921875, -0.0101318359375, -0.000965118408203125, -0.0196533203125, 0.021728515625, -0.0211181640625, -0.01025390625, -0.0205078125, -0.01239013671875, -0.041015625, 0.0042724609375, 0.023681640625, -0.028076171875, 0.00787353515625, -0.0576171875, -0.025146484375, 0.06298828125, -0.00909423828125, -0.048095703125, -0.04150390625, -0.00011301040649414062, -0.033447265625, -0.0185546875, -0.006378173828125, -0.06005859375, -0.05615234375, 0.0322265625, 0.034912109375, -0.0224609375, 0.01361083984375, 0.004913330078125, 0.054443359375, 0.00421142578125, 0.005340576171875, -0.052978515625, 0.0289306640625, 0.01806640625, -0.043701171875, -0.03271484375, -0.060791015625, -0.006927490234375, 0.01446533203125, -0.0113525390625, -0.037353515625, -0.017333984375, -0.021728515625, 0.0301513671875, 0.04736328125, 0.0235595703125, -0.031494140625, -0.0115966796875, 0.0196533203125, -0.032470703125, 0.0030670166015625, 0.034423828125, -0.0218505859375, 0.0390625, -0.017578125, 0.0137939453125, 0.0240478515625, -0.026123046875, -0.02197265625, 0.000850677490234375, 0.00787353515625, -0.004547119140625, 0.0201416015625, 0.004486083984375, -0.012451171875, -0.0078125, -0.041015625, 0.01806640625, 0.00164794921875, -0.00064849853515625, 0.0087890625, -0.005218505859375, -0.08349609375, -0.03271484375, -0.007781982421875, 0.031982421875, 0.0247802734375, 0.0213623046875, -0.041015625, -0.035888671875, 0.02734375, -0.0284423828125, -0.0184326171875, 0.017822265625, -0.039306640625, -0.0079345703125, -0.03125, 0.0189208984375, -0.07421875, 0.0233154296875, 0.0235595703125, 0.023681640625, -0.049072265625, -0.042724609375, 0.00457763671875, 0.01361083984375, -0.0277099609375, 0.048828125, 0.015380859375, -0.035888671875, 0.005126953125, 0.06298828125, -0.0245361328125, -0.0031585693359375, -0.05029296875, 0.0130615234375, -0.04638671875, -0.03759765625, 0.034912109375, 0.054443359375, -0.014404296875, -0.01092529296875, 0.0751953125, 0.0074462890625, 0.00701904296875, 0.014892578125, -0.02392578125, -0.0191650390625, 0.0032196044921875, 0.01953125, 0.0390625, -0.07958984375, 0.01043701171875, 0.035888671875, -0.0023956298828125, -0.0166015625, 0.039794921875, -0.0255126953125, -0.0189208984375, -0.01361083984375, -0.00689697265625, -0.01226806640625, -0.003814697265625, 0.000682830810546875, -0.015380859375, 0.0235595703125, 0.04443359375, 0.0263671875, -0.006744384765625, 0.035888671875, -0.050537109375, -0.015380859375, 0.0003948211669921875, 0.038818359375, -0.011962890625, 9.822845458984375e-05, -0.006134033203125, 0.033447265625, 0.0086669921875, -0.018310546875, 0.02978515625, -0.00689697265625, 0.01361083984375, 0.0027008056640625, 0.00738525390625, 0.0277099609375, 0.00897216796875, 0.0111083984375, -0.01708984375, -0.035400390625, 0.03076171875, -0.01544189453125, 0.00189971923828125, -0.039306640625, -0.01165771484375, -0.043701171875, -0.03271484375, -0.008544921875, 0.044677734375, -0.08203125, -0.042724609375, -0.03466796875, -0.0213623046875, -0.0245361328125, -0.0026397705078125, 0.0213623046875, -0.0179443359375, 0.0311279296875, 0.022216796875, -0.0172119140625, 0.00933837890625, 0.008544921875, -0.007537841796875, 0.0625, -0.028076171875, -0.01336669921875, 0.006134033203125, 0.0301513671875, -0.0272216796875, -0.016357421875, 0.01141357421875, -0.039794921875, 0.02294921875, 0.0228271484375, -0.02685546875, -0.0252685546875, 0.009033203125, -0.01416015625, -0.00110626220703125, 0.037109375, -0.02490234375, 0.018310546875, 0.00994873046875, -0.0068359375, 0.049072265625, 0.003204345703125, -0.005340576171875, -0.007232666015625, 0.033203125, -0.020263671875, 0.00095367431640625, -0.0179443359375, -0.006317138671875, 0.0296630859375, -0.0084228515625, -0.01068115234375, -0.0191650390625, -0.006591796875, -0.01055908203125, -0.01123046875, -0.004364013671875, 0.020263671875, -0.006805419921875, 0.0224609375, -0.010986328125, 0.043701171875, 0.01324462890625, 0.0439453125, 0.04443359375, 0.01708984375, 0.01507568359375, 0.055908203125, 0.01287841796875, -0.01708984375, -0.006378173828125, -0.0235595703125, 0.00836181640625, -0.006591796875, -0.037109375, 0.0036163330078125, 0.02685546875, -0.010498046875, -0.0341796875, -0.000812530517578125, -0.012451171875, 0.0263671875, 0.043212890625, -0.013671875, 0.02392578125, 0.031982421875, -0.0263671875, -0.00958251953125, 0.0322265625, 0.036865234375, -0.00101470947265625, -0.0595703125, -0.0498046875, -0.014892578125, -0.02294921875, 0.0128173828125, 0.01239013671875, 0.0002918243408203125, 0.0419921875, -0.042236328125, -0.01080322265625, -0.010498046875, 0.01068115234375, 0.064453125, -0.005584716796875, -0.0654296875, 0.00145721435546875, 0.010986328125, -0.000659942626953125, -0.0693359375, 0.05224609375, 0.037353515625, 0.04052734375, -0.01446533203125, -0.001495361328125, -0.0086669921875, -0.0625, -0.002166748046875, -0.039794921875, 0.036865234375, 0.034423828125, -0.045654296875, -0.02001953125, -0.01458740234375, 0.007598876953125, 0.0311279296875, -0.03271484375, 0.037109375, -0.05859375, -0.04638671875, -0.0057373046875, 0.01348876953125, 0.00408935546875, -0.01123046875, -0.02294921875, -0.0255126953125, -0.01025390625, 0.038330078125, 0.00738525390625, 0.0264892578125, 0.0130615234375, 0.0142822265625, 0.05908203125, -0.0595703125, 0.0118408203125, 0.04736328125, 0.01416015625, -0.0218505859375, 0.0224609375, 0.038330078125, -0.033447265625, 0.044677734375, 0.015380859375, -0.006439208984375, -0.006591796875, 0.0228271484375, -0.0341796875, -0.00640869140625, -0.0224609375, 0.04150390625, -0.0289306640625, 0.01708984375, 0.041015625, -0.026123046875, 0.00836181640625, -0.03662109375, -0.01068115234375, -0.0118408203125, 0.025634765625, -0.032958984375, 0.061767578125, 0.01458740234375, -0.0189208984375, -0.03173828125, -0.025634765625, 0.006988525390625, 0.0140380859375, 0.039794921875, 0.035400390625, -0.011474609375, -0.0128173828125, 0.0247802734375, -0.023681640625, 0.043701171875, -0.023193359375, 0.056884765625, -0.054443359375, 0.0111083984375, 0.00762939453125, 0.03466796875, 0.021728515625, 0.01068115234375, 0.00555419921875, -0.0267333984375, 0.053955078125, -0.00180816650390625, 0.00567626953125, 0.01263427734375, 0.052978515625, -0.0113525390625, -0.008544921875, 0.00811767578125, -0.0264892578125, -0.0303955078125, 0.03662109375, -0.031494140625, -0.0020904541015625, 0.033447265625, -0.023193359375, -0.020263671875, 0.014404296875, -0.013671875, 0.01953125, -0.02490234375, -0.01007080078125, -0.00128173828125, -0.0703125, -0.035400390625, -0.020751953125, 0.035888671875, 0.0615234375, -0.03173828125, -0.028076171875, 0.00787353515625, -0.01055908203125, 0.028076171875, 0.038818359375, 0.006378173828125, -0.0146484375, -0.0118408203125, -0.0162353515625, -0.0036163330078125, 0.017578125, 0.043212890625, 0.0101318359375, -0.00836181640625, 0.0179443359375, 0.046630859375, 0.00689697265625, 0.03271484375, -0.02099609375, -0.00982666015625, 0.054443359375, -0.01226806640625, 0.0086669921875, -0.00177001953125, -0.022705078125, 