{"movie": "tagesschau", "offset": 46, "text_offset": 40, "embedding": [-0.023193359375, 0.016357421875, -0.0257568359375, -0.0234375, -0.0439453125, 0.0439453125, 0.0162353515625, -0.023681640625, -0.022705078125, -0.01409912109375, -0.007110595703125, 0.0400390625, 0.015869140625, 0.01123046875, -0.0223388671875, -0.0244140625, 0.0164794921875, -0.0113525390625, -0.024169921875, 0.05029296875, 0.014892578125, 0.04638671875, 0.006195068359375, -0.03369140625, 0.0556640625, 0.00457763671875, -0.0301513671875, -0.0478515625, 0.01806640625, 0.0380859375, -0.01708984375, -0.0264892578125, -0.004180908203125, -0.0096435546875, 0.0004024505615234375, 0.072265625, 0.049560546875, 0.016845703125, -0.0064697265625, 0.0107421875, 0.032958984375, 0.0089111328125, -0.021484375, 0.0634765625, -0.004180908203125, 0.0074462890625, -0.004119873046875, 0.0184326171875, 0.0086669921875, 0.00061798095703125, -0.020263671875, -0.032470703125, 0.02880859375, 0.0096435546875, -0.00579833984375, 0.030517578125, -0.03369140625, 0.0159912109375, 0.02685546875, -0.061279296875, -0.027099609375, -0.08056640625, 0.006439208984375, 0.044921875, 0.04541015625, -0.01904296875, -0.0034027099609375, -0.04833984375, -0.0162353515625, 0.010986328125, -0.01708984375, -0.020263671875, 0.01544189453125, -0.021240234375, -0.02099609375, -0.0279541015625, -0.0098876953125, -0.023193359375, 0.03759765625, -0.033447265625, 0.032470703125, -0.03173828125, 0.0118408203125, -0.00860595703125, -0.01202392578125, -0.0458984375, 0.029296875, -0.0021820068359375, 0.032958984375, -0.0322265625, -0.01544189453125, -0.02099609375, -0.04638671875, 0.02197265625, -0.0267333984375, 0.0054931640625, -0.0172119140625, -0.0206298828125, 0.02197265625, 0.031005859375, 0.021484375, 0.0185546875, -0.03173828125, -0.01708984375, 0.0390625, -0.02294921875, 0.00189208984375, 0.023681640625, -0.031982421875, 0.0289306640625, -0.06982421875, 0.033935546875, 0.00885009765625, 0.0103759765625, -0.0157470703125, -0.0244140625, -4.351139068603516e-06, 0.05078125, 0.022705078125, -0.041015625, -0.006866455078125, 0.0247802734375, -0.01397705078125, 0.00848388671875, -0.04345703125, -0.01531982421875, -0.0255126953125, 0.027587890625, -0.02978515625, 0.018798828125, -0.04345703125, 0.010986328125, 0.0302734375, 0.0703125, -0.009765625, -0.033447265625, -0.00799560546875, 0.003448486328125, 0.0029296875, -0.007720947265625, 0.04443359375, -0.03125, 0.014404296875, -0.0228271484375, -0.0849609375, 0.017822265625, -0.021240234375, -0.01806640625, -0.00347900390625, -0.01531982421875, 0.032470703125, -0.0308837890625, -0.0186767578125, 0.00799560546875, -0.022705078125, 0.01220703125, -0.007232666015625, 0.05078125, -0.00946044921875, -0.03662109375, -0.0186767578125, -0.0257568359375, -0.007476806640625, 0.0115966796875, 0.04638671875, 0.05712890625, 0.01007080078125, 0.036865234375, -0.001953125, -0.02099609375, 0.0184326171875, -0.0169677734375, -0.0262451171875, -0.00872802734375, -0.0478515625, -0.022216796875, 0.0035552978515625, -0.0537109375, 0.0118408203125, 0.04443359375, 0.04736328125, -0.0030975341796875, 0.028564453125, 0.015625, -0.007110595703125, -0.0595703125, -0.0093994140625, -0.01275634765625, 0.006378173828125, 0.03759765625, 0.0059814453125, 0.029296875, -0.05029296875, 0.0181884765625, -0.01312255859375, 0.00063323974609375, -0.01513671875, -0.0137939453125, -0.00152587890625, 0.021484375, -0.068359375, -0.0118408203125, -0.007537841796875, -0.02294921875, 0.0167236328125, -0.052978515625, 0.0284423828125, 0.04736328125, -0.0089111328125, -0.054931640625, 0.017578125, -0.021484375, -0.010009765625, -0.041015625, -0.0125732421875, -0.01324462890625, 0.03759765625, 0.0030975341796875, 0.02294921875, 0.036376953125, -0.026123046875, 0.02197265625, -0.0008087158203125, 0.0115966796875, 0.040283203125, -0.054931640625, -0.0107421875, -0.054931640625, 0.022705078125, -0.0264892578125, -0.07470703125, 0.00921630859375, -0.0164794921875, 0.0458984375, 0.03125, 0.0247802734375, 0.025146484375, -0.0022125244140625, 0.0228271484375, 0.002471923828125, -0.04296875, 0.0206298828125, 0.05517578125, 0.0264892578125, -0.0030670166015625, 0.0281982421875, -0.052490234375, -0.00958251953125, -0.00823974609375, 0.03173828125, -0.029296875, 0.0115966796875, 0.002685546875, -0.04052734375, -0.003265380859375, 0.00921630859375, -0.034423828125, 0.05908203125, 0.033447265625, -0.02490234375, 0.0439453125, 0.0013275146484375, 0.02197265625, -0.0224609375, -0.01336669921875, 0.01202392578125, -0.020751953125, 0.019775390625, -0.012939453125, 0.0908203125, 0.016845703125, 0.0205078125, -0.007293701171875, 0.03466796875, 0.0115966796875, -0.05078125, 0.0185546875, -0.01373291015625, -0.032958984375, 0.07763671875, -0.00020694732666015625, 0.003143310546875, -0.036865234375, 0.0299072265625, 0.01806640625, 0.0024261474609375, -0.00787353515625, 0.00537109375, -0.02197265625, -0.0025634765625, -0.007049560546875, -0.0142822265625, 0.03466796875, 0.0001316070556640625, -0.011962890625, 0.0556640625, 0.003570556640625, -0.0120849609375, 0.0147705078125, 0.0419921875, 0.00347900390625, 0.01458740234375, 0.0205078125, -0.029296875, -0.0274658203125, 0.02197265625, -0.021484375, 0.005157470703125, -0.0072021484375, 0.03564453125, 0.01336669921875, -0.010498046875, -0.023193359375, -0.060302734375, -0.021484375, -0.044921875, -0.023681640625, -0.015869140625, 0.0244140625, 0.03466796875, 0.01513671875, -0.020263671875, -0.0478515625, 0.00537109375, -0.037353515625, -0.0289306640625, -0.068359375, -0.01397705078125, -0.01336669921875, -0.0035552978515625, 0.0223388671875, -0.02197265625, 0.0234375, -0.000698089599609375, -0.034912109375, 0.009033203125, -0.02099609375, 0.006195068359375, -0.06787109375, 0.056884765625, 0.0169677734375, 0.037109375, -0.06103515625, -0.00433349609375, 0.0078125, 0.0400390625, -0.03173828125, 0.036865234375, -0.0164794921875, 0.0021820068359375, 0.049560546875, 0.0228271484375, 0.02490234375, 0.021240234375, 0.019287109375, 0.056884765625, 0.000530242919921875, -0.0033416748046875, -0.0291748046875, 0.0164794921875, -0.04052734375, 0.0257568359375, -0.0089111328125, -0.068359375, -0.00189208984375, 0.0013885498046875, -0.0439453125, -0.07470703125, 0.0034332275390625, 0.0712890625, -0.02294921875, 0.00933837890625, 0.060546875, 0.01239013671875, -0.0654296875, 0.0177001953125, -0.01287841796875, -0.05517578125, -0.0164794921875, 0.02001953125, -0.03955078125, 0.0255126953125, 0.0177001953125, -0.013916015625, 0.029296875, -0.02880859375, -0.0264892578125, -0.034912109375, -0.01422119140625, -0.02197265625, 0.0419921875, -0.020263671875, 0.0419921875, -0.06396484375, -0.06201171875, 0.00836181640625, -0.00592041015625, 0.0024871826171875, 0.052978515625, -0.035400390625, -0.009033203125, -0.0361328125, -0.02685546875, 0.037109375, 0.01220703125, 0.052490234375, 0.006683349609375, 0.0034942626953125, -0.02001953125, 0.0069580078125, 0.0267333984375, 0.0185546875, -0.01220703125, 0.0045166015625, 0.0262451171875, 0.0458984375, 0.023681640625, -0.034912109375, 0.032958984375, -0.004974365234375, -0.002960205078125, 0.0245361328125, 0.032470703125, -0.0302734375, 0.0146484375, -0.00811767578125, 0.0135498046875, 0.0198974609375, -0.016357421875, 0.0244140625, 0.04443359375, -0.03515625, -0.0247802734375, -0.072265625, -0.0184326171875, -0.04638671875, -0.06787109375, -0.019775390625, -0.04638671875, -0.04296875, 0.03515625, -0.0205078125, -0.013427734375, 0.0284423828125, -0.009765625, 0.002227783203125, 0.04443359375, 0.03271484375, -0.022216796875, 0.010498046875, -0.0279541015625, -0.015869140625, 0.04345703125, -0.03857421875, 0.00823974609375, -0.01611328125, -0.0162353515625, -0.01513671875, -0.0098876953125, 0.06591796875, -0.0291748046875, 0.0267333984375, 0.0284423828125, -0.006561279296875, 0.0162353515625, -0.01287841796875, -0.0172119140625, -0.0654296875, 0.034912109375, -0.020751953125, 0.007293701171875, -0.03125, -0.030517578125, -0.01336669921875, 0.0439453125, -0.037109375, -0.012939453125, 