{"movie": "tagesschau", "offset": 0, "text_offset": 0, "embedding": [0.01806640625, 0.01220703125, 0.0361328125, 0.0224609375, -0.0016632080078125, 0.00116729736328125, -0.005035400390625, 0.01385498046875, -0.051513671875, 0.0242919921875, -0.01806640625, -0.01409912109375, -0.0294189453125, -0.0179443359375, -0.00946044921875, -0.0201416015625, -0.017578125, 0.0084228515625, 0.031494140625, 0.01031494140625, 0.0146484375, 0.03076171875, 0.0380859375, -0.000335693359375, 0.058837890625, 0.0033111572265625, -0.047119140625, -0.0108642578125, -0.048095703125, 0.017822265625, -0.041015625, -0.017578125, 0.0022125244140625, -0.038330078125, -0.01055908203125, 0.027099609375, 0.03564453125, 0.0157470703125, -0.0322265625, 0.062255859375, -0.01904296875, -0.02783203125, -0.054931640625, -0.053466796875, 0.0228271484375, -0.0289306640625, 0.00701904296875, 0.01556396484375, -0.029296875, 0.02978515625, 0.0751953125, -0.005889892578125, -0.00982666015625, -0.06396484375, -0.003997802734375, -0.031494140625, 0.01055908203125, 0.0089111328125, 0.031494140625, -0.006927490234375, 0.01348876953125, -0.018310546875, -0.019775390625, 0.060791015625, 0.0211181640625, -0.0152587890625, 0.00494384765625, -0.0380859375, -0.023193359375, 0.01806640625, -0.04150390625, -0.0238037109375, 0.00176239013671875, -0.03173828125, 0.0238037109375, 0.0201416015625, 0.002227783203125, -0.006683349609375, -0.00830078125, 0.0008544921875, -0.056884765625, -0.044921875, -0.00555419921875, -0.01348876953125, 0.035888671875, -0.0546875, -0.05419921875, -0.031982421875, -0.0164794921875, -0.0186767578125, -0.022216796875, 0.01611328125, -0.04296875, -0.0107421875, -0.030517578125, -0.009033203125, -0.041015625, -0.055419921875, -0.00701904296875, 0.0030517578125, 0.0017547607421875, 0.013671875, -0.0196533203125, 0.049560546875, -0.0086669921875, -0.006256103515625, -0.0181884765625, 0.00994873046875, -0.0240478515625, 0.0218505859375, -0.0264892578125, -0.0201416015625, -0.04443359375, 0.01251220703125, -0.04296875, 0.0169677734375, -0.0277099609375, -0.00079345703125, 0.006622314453125, -0.0277099609375, -0.0211181640625, -0.013916015625, 0.0234375, 0.00616455078125, -0.0012969970703125, 0.0084228515625, 0.032470703125, -0.005645751953125, -0.049560546875, 0.032958984375, -0.0257568359375, -0.0361328125, 0.036865234375, 0.038818359375, -0.06494140625, 0.056396484375, -0.0169677734375, -0.0035552978515625, -0.06689453125, 0.0191650390625, -0.026123046875, -0.0196533203125, 0.056396484375, 0.01275634765625, -0.017822265625, 0.04248046875, 0.0140380859375, -0.01611328125, -0.038818359375, -0.0023956298828125, 0.004638671875, 0.022705078125, -0.048095703125, 0.026611328125, -0.022705078125, -0.0625, 0.01708984375, 0.053955078125, -0.00372314453125, -0.04443359375, -0.035400390625, 0.05322265625, -0.0068359375, -0.0068359375, 0.0361328125, 0.051025390625, 0.00970458984375, 0.019775390625, -0.05322265625, -0.002166748046875, -0.056396484375, -0.0654296875, -0.040283203125, 0.014892578125, -0.047607421875, 0.0150146484375, -0.018798828125, -0.031494140625, 0.0250244140625, 0.007537841796875, 0.031494140625, 0.0169677734375, 0.0064697265625, -0.051513671875, -0.0164794921875, 0.008056640625, 0.001708984375, 0.01470947265625, -0.0093994140625, 0.00323486328125, 0.038330078125, 0.049560546875, 0.036376953125, 0.068359375, 0.01385498046875, -0.0205078125, -0.028564453125, -0.032958984375, 0.06298828125, 0.052490234375, -0.03125, -0.0145263671875, -0.049560546875, 0.01324462890625, 0.005126953125, 0.0247802734375, -0.030517578125, 0.047607421875, -0.02880859375, 0.008056640625, -0.031982421875, -0.00037384033203125, -0.0045166015625, 0.020751953125, -0.0211181640625, -0.06787109375, -0.0162353515625, 0.006103515625, -0.0478515625, -0.038818359375, 0.0224609375, -0.007415771484375, 0.0029449462890625, 0.015380859375, 0.06103515625, -0.022216796875, 0.0107421875, -0.0201416015625, 0.02197265625, 0.01031494140625, -0.00665283203125, 0.04638671875, -0.01123046875, 0.044921875, 0.017822265625, -0.0267333984375, 0.0240478515625, -0.026611328125, -0.013916015625, 0.01177978515625, -0.00787353515625, -0.047119140625, 0.040283203125, 0.0269775390625, 0.0150146484375, -0.034423828125, -0.029052734375, 0.01556396484375, 0.0361328125, 0.05322265625, -0.1044921875, -0.000751495361328125, -0.0225830078125, -0.01806640625, -0.011962890625, 0.0311279296875, 0.0341796875, 0.03271484375, 0.03125, 0.01422119140625, 0.043701171875, 0.013671875, -0.0142822265625, -0.03076171875, -0.034423828125, 0.0517578125, 0.025390625, -0.044921875, -0.0017547607421875, 0.040283203125, -0.0274658203125, 0.0079345703125, -0.0228271484375, 0.0247802734375, -0.041015625, 0.007537841796875, -0.0174560546875, -0.017333984375, 0.029296875, 0.028076171875, -0.010498046875, -0.01123046875, 0.0185546875, 0.08056640625, 0.0196533203125, 0.017822265625, -0.038818359375, 0.039794921875, 0.0732421875, 0.00872802734375, 0.028564453125, 0.0123291015625, -0.000591278076171875, 0.0250244140625, 0.0113525390625, 0.017578125, -0.03369140625, -0.004730224609375, -0.045166015625, 0.032470703125, -0.0341796875, -0.0126953125, 0.005615234375, 0.034912109375, -0.007049560546875, 0.03955078125, 0.0244140625, -0.0380859375, 0.0224609375, -0.01446533203125, -0.000904083251953125, -0.010986328125, -0.01422119140625, -0.01251220703125, -0.0189208984375, 0.00762939453125, -0.00445556640625, -0.00188446044921875, 0.00072479248046875, 0.056396484375, -0.0030059814453125, -0.0164794921875, 0.0130615234375, -0.0164794921875, 0.003509521484375, -0.01312255859375, -0.05078125, 0.0028839111328125, -0.06884765625, -0.01202392578125, 0.047119140625, -0.041259765625, -0.0106201171875, -0.032470703125, -0.03125, 0.00970458984375, -0.0634765625, 0.00836181640625, 0.003753662109375, 0.00921630859375, 0.00494384765625, 0.0224609375, 0.0113525390625, 0.00347900390625, -0.01806640625, -0.0113525390625, -0.0032806396484375, -0.0010986328125, 0.0024261474609375, -0.0322265625, -0.0284423828125, 0.01202392578125, 0.0228271484375, 0.01373291015625, 0.0196533203125, -0.01507568359375, 0.0169677734375, 0.07666015625, -0.031494140625, 0.0277099609375, 0.01092529296875, -0.0115966796875, 0.068359375, -0.04150390625, 0.055419921875, -0.01177978515625, -0.0045166015625, -0.051513671875, 0.0002079010009765625, 0.0419921875, 0.03564453125, 0.0257568359375, 0.0322265625, 0.007537841796875, -0.002838134765625, 0.051025390625, 0.0196533203125, -0.051025390625, -0.02587890625, 0.0257568359375, -0.028564453125, 0.034423828125, -0.0194091796875, -0.00543212890625, 0.007232666015625, 0.0240478515625, -0.0185546875, -0.04248046875, -0.0274658203125, -0.0576171875, 0.0274658203125, -0.0250244140625, -0.037109375, -0.056396484375, -0.004974365234375, -0.03466796875, 0.01483154296875, 0.00537109375, 0.07763671875, -0.0089111328125, 0.0126953125, 0.00665283203125, 0.00732421875, -0.048095703125, -0.0311279296875, 0.04345703125, 0.017333984375, 0.041259765625, 0.07275390625, 0.0126953125, -0.06982421875, 0.02783203125, -0.0185546875, -0.00799560546875, -0.00933837890625, 0.02880859375, -0.0135498046875, -0.00518798828125, 0.02783203125, -0.0625, -0.0230712890625, 0.052978515625, -0.0107421875, 0.0341796875, -0.00848388671875, 0.03662109375, 0.0240478515625, -0.01519775390625, -0.0010528564453125, 0.0022430419921875, 0.0361328125, -0.0036773681640625, 0.036865234375, 0.007049560546875, -0.0142822265625, -0.013916015625, -0.0108642578125, -0.035400390625, -0.072265625, 0.029052734375, 0.034912109375, 0.00093841552734375, -0.026123046875, 0.0308837890625, -0.0556640625, 0.00201416015625, 0.0028228759765625, 0.0615234375, -0.0242919921875, 0.0277099609375, -0.00848388671875, 0.004608154296875, 0.01275634765625, 0.048095703125, 0.00799560546875, 0.0301513671875, 0.000705718994140625, -0.0191650390625, -0.09033203125, 0.0230712890625, 0.0174560546875, 0.0308837890625, -0.00154876708984375, -0.0361328125, 0.00421142578125, -0.0164794921875, -0.0021209716796875, 0.0184326171875, -0.04443359375, 