{"movie": "tagesschau", "offset": 98, "text_offset": 90, "embedding": [-0.0076904296875, -0.0235595703125, 0.0067138671875, -0.0400390625, 0.004852294921875, -0.0260009765625, 0.00579833984375, -0.0177001953125, 0.0206298828125, 0.0198974609375, 0.048828125, -0.0478515625, -0.027099609375, 0.04541015625, -0.01904296875, -0.0279541015625, -0.036865234375, 0.03515625, -0.035888671875, -0.00848388671875, 0.0380859375, -0.0159912109375, -0.0478515625, -0.0091552734375, 0.0140380859375, -0.019287109375, -0.048583984375, -0.046142578125, -0.00060272216796875, 0.0277099609375, -0.01373291015625, -0.0234375, -0.000896453857421875, 0.00180816650390625, 0.03759765625, 0.0244140625, 0.0400390625, 0.0260009765625, -0.0283203125, 0.00909423828125, 0.04541015625, 0.0147705078125, -0.00066375732421875, -0.00188446044921875, -0.0001373291015625, 0.02880859375, -0.0004062652587890625, 0.015380859375, 0.01318359375, 0.028076171875, -0.000423431396484375, 0.00823974609375, 0.03564453125, -0.006591796875, 0.0291748046875, 0.046142578125, 0.052001953125, -0.0341796875, 0.009033203125, -0.005218505859375, -0.0400390625, 0.01611328125, 0.004608154296875, -0.06494140625, 0.000606536865234375, 0.0220947265625, -0.0196533203125, 0.015869140625, -0.00787353515625, 0.0284423828125, -0.06787109375, -0.05859375, -0.03955078125, 0.01104736328125, 0.002685546875, -0.03076171875, 0.0228271484375, 0.0260009765625, 0.0040283203125, 0.06298828125, 0.050537109375, -0.043212890625, 0.003082275390625, -0.04541015625, 0.00142669677734375, -0.0849609375, 0.006866455078125, 0.003936767578125, -0.00958251953125, 0.007720947265625, -0.0087890625, 0.018798828125, -0.013427734375, 0.00823974609375, 0.0264892578125, 0.004119873046875, 0.0291748046875, -0.052001953125, 0.050048828125, 0.006561279296875, 0.0262451171875, -0.002105712890625, -0.0115966796875, 0.0262451171875, -0.022705078125, -0.050537109375, -0.01458740234375, -0.006317138671875, 0.028076171875, 0.0205078125, -0.0052490234375, 0.01043701171875, -0.0283203125, -0.038330078125, 0.0205078125, -0.01904296875, 0.03369140625, 0.021240234375, -0.0191650390625, 0.03515625, -0.0267333984375, 0.041015625, 0.034912109375, 0.003997802734375, 0.038818359375, -0.031494140625, 0.01025390625, 0.0308837890625, -0.0185546875, -0.012939453125, -0.0064697265625, -0.025146484375, 0.043212890625, -0.00092315673828125, -0.048828125, 0.044189453125, -0.003082275390625, -0.040771484375, 0.0234375, 0.050048828125, 0.01385498046875, 0.0224609375, 0.0291748046875, -0.028076171875, 0.005889892578125, 0.0272216796875, 0.05126953125, -0.0115966796875, -0.047607421875, -0.0206298828125, 0.0194091796875, -0.035888671875, -0.0296630859375, 0.0849609375, 0.0303955078125, -0.01458740234375, 0.0111083984375, 0.064453125, -0.0181884765625, 0.0419921875, 0.001953125, 0.000675201416015625, -0.06689453125, -0.01483154296875, 0.034423828125, -0.0260009765625, 0.00836181640625, 0.06787109375, -0.0238037109375, -0.00860595703125, -0.0224609375, 0.040283203125, 0.00469970703125, -0.0419921875, -0.01324462890625, -0.035400390625, -0.0296630859375, -0.021240234375, -0.01904296875, 0.031494140625, -0.03271484375, 0.01611328125, 0.01220703125, -0.0272216796875, 0.00811767578125, -0.00433349609375, 0.012939453125, -0.0205078125, -0.041259765625, 0.027587890625, 0.043212890625, -0.0111083984375, 0.0228271484375, -0.0234375, 0.057373046875, -0.0732421875, 0.0267333984375, 0.0703125, 0.005218505859375, 0.08837890625, 0.0020751953125, 0.0380859375, 0.04638671875, 0.0205078125, 0.003997802734375, -0.05029296875, 0.0034942626953125, -0.009521484375, 0.0123291015625, 0.036865234375, 0.018798828125, -0.01220703125, -0.01324462890625, 0.05419921875, 0.052978515625, -0.0014495849609375, 0.034912109375, 0.045654296875, 0.064453125, -0.0286865234375, -0.01507568359375, -0.0081787109375, -0.01123046875, -0.034423828125, 0.07373046875, -0.021728515625, -0.041259765625, 0.0042724609375, -0.022705078125, 0.00848388671875, -0.020751953125, 0.052490234375, -0.00494384765625, 0.01312255859375, 0.01092529296875, -0.034423828125, 0.00390625, -0.0113525390625, 0.047119140625, 0.052001953125, -0.0223388671875, -0.0111083984375, 0.034912109375, -0.0361328125, 0.01220703125, -0.00139617919921875, 0.0167236328125, 0.016357421875, 0.06591796875, 0.008544921875, -0.01397705078125, 0.057373046875, 0.01446533203125, -0.025634765625, 0.0654296875, 0.03955078125, -0.00885009765625, -0.00011777877807617188, -0.0242919921875, 0.00112152099609375, -0.0191650390625, 0.0242919921875, -0.0252685546875, -0.021240234375, -0.006622314453125, -0.052490234375, 0.002166748046875, 0.043212890625, 0.04296875, 0.0198974609375, 0.021728515625, 0.0380859375, -0.00323486328125, 0.00052642822265625, 0.05126953125, 0.00360107421875, -0.01025390625, -0.00115203857421875, 0.0308837890625, 0.0223388671875, 0.0537109375, 0.004425048828125, -0.004486083984375, -0.041015625, 0.035400390625, 0.0174560546875, -0.03125, 0.004302978515625, -0.0159912109375, 0.0228271484375, 0.05517578125, -0.0024566650390625, 0.048828125, 0.00439453125, -0.046875, 0.02685546875, 0.003753662109375, 0.00182342529296875, -0.03955078125, -0.0517578125, -0.03515625, -0.0018310546875, -0.00567626953125, 0.0216064453125, 0.002716064453125, 0.040771484375, -0.0081787109375, -0.045654296875, 0.0107421875, -0.001190185546875, -0.005462646484375, 0.047607421875, -0.0751953125, 0.005767822265625, 0.0322265625, 0.00408935546875, -0.021484375, 0.030029296875, 0.0537109375, -0.0252685546875, -0.010498046875, -0.040283203125, -0.00872802734375, 0.0184326171875, 0.00531005859375, -0.0419921875, 0.01611328125, -0.0703125, -0.01031494140625, 0.00457763671875, 0.054443359375, -0.0113525390625, 0.021484375, 0.023193359375, 0.0286865234375, -0.034912109375, -0.038818359375, -0.019287109375, -0.041748046875, -0.046875, 0.0147705078125, -0.047119140625, 0.01904296875, 0.00213623046875, 0.0194091796875, -0.00836181640625, -0.0308837890625, -0.01434326171875, -0.0021820068359375, -0.007293701171875, -0.0003681182861328125, 0.0250244140625, -0.0059814453125, -0.006805419921875, 0.021240234375, -0.0017242431640625, -0.01544189453125, 0.01116943359375, -0.048828125, 0.040771484375, -0.005401611328125, 0.008056640625, -0.03564453125, -0.014404296875, 0.07275390625, 0.045654296875, -0.0191650390625, 0.01483154296875, 0.038330078125, -0.017578125, 0.00909423828125, 0.00836181640625, 0.054443359375, -0.004608154296875, -0.033447265625, -0.0081787109375, -0.016845703125, -0.034912109375, -0.01263427734375, 0.0888671875, -0.0220947265625, -0.022705078125, 0.031494140625, 0.05419921875, -0.019287109375, 0.0751953125, 0.00811767578125, -0.0038604736328125, 0.00531005859375, -0.050537109375, -0.021484375, 0.036865234375, 0.022705078125, -0.01611328125, 0.027587890625, -0.018310546875, -0.024658203125, 0.0218505859375, 0.09521484375, -0.0247802734375, -0.01519775390625, 0.0091552734375, -0.04931640625, -0.0096435546875, 0.001678466796875, 0.01220703125, -0.03466796875, 0.03857421875, 0.01904296875, 0.0111083984375, -0.002410888671875, 0.044189453125, 0.055908203125, -0.045654296875, 0.00238037109375, -0.027099609375, 0.03271484375, -0.01214599609375, 0.01025390625, -0.0029296875, 0.034912109375, -0.03369140625, -0.04296875, 0.00384521484375, -0.0093994140625, -0.0260009765625, -0.006866455078125, -0.057373046875, -0.061767578125, 0.00156402587890625, 0.00128173828125, -0.03271484375, 0.06298828125, -0.0111083984375, 0.0146484375, 0.0703125, 0.047607421875, 0.06591796875, -0.01153564453125, -0.01177978515625, 0.0115966796875, 0.04248046875, -0.0869140625, -0.0255126953125, -0.0172119140625, 0.006622314453125, -0.02685546875, 0.0272216796875, -0.05029296875, 0.052978515625, -0.01385498046875, 0.04150390625, 0.0576171875, -0.00323486328125, -0.044189453125, -0.0177001953125, 0.0091552734375, 0.0019683837890625, -0.032958984375, -0.0150146484375, 0.038330078125, -0.00848388671875, 0.041748046875, 0.0286865234375, 0.0361328125, -0.0003376007080078125, -0.051025390625, 0.04541015625, 