{"movie": "tagesschau", "offset": 106, "text_offset": 100, "embedding": [0.04296875, -0.00970458984375, 0.004119873046875, -0.0301513671875, -0.028564453125, -0.020263671875, 0.0001811981201171875, 0.01031494140625, -0.0262451171875, -0.028564453125, -0.0198974609375, -0.03466796875, -0.034423828125, 0.032958984375, 0.020751953125, -0.028564453125, 0.0020751953125, -0.003936767578125, -0.0361328125, 0.025146484375, -0.028076171875, -0.023681640625, 0.0186767578125, -0.020263671875, 0.0242919921875, -0.01507568359375, -0.061767578125, -0.034423828125, 0.017578125, 0.04541015625, -0.0301513671875, 0.0045166015625, 0.0167236328125, -0.00640869140625, -0.00119781494140625, 0.006378173828125, 0.004302978515625, -0.0006256103515625, -0.01519775390625, 0.0308837890625, 0.060791015625, 0.007354736328125, -0.041748046875, 0.0125732421875, 0.048583984375, -0.034423828125, -0.0079345703125, 0.011474609375, 0.048095703125, -0.018798828125, 0.0128173828125, -0.0027313232421875, 0.0458984375, 0.0118408203125, 0.0218505859375, 0.0050048828125, -0.014892578125, -0.01953125, 0.003997802734375, 0.01544189453125, -0.0771484375, -0.0286865234375, 0.0267333984375, -0.0289306640625, 0.020751953125, 0.00152587890625, 0.000568389892578125, 0.052734375, -0.01507568359375, 0.052001953125, -0.10693359375, -0.09423828125, -0.0269775390625, -0.03857421875, 0.052490234375, -0.044189453125, 0.01275634765625, -0.0311279296875, 0.004364013671875, 0.03369140625, 0.03857421875, 0.00787353515625, 0.036376953125, -0.0198974609375, 0.028564453125, -0.02783203125, -0.031494140625, 0.0198974609375, 0.020263671875, 0.006072998046875, -0.017578125, 0.031982421875, -0.08251953125, -0.028564453125, -0.00098419189453125, 0.00811767578125, 0.0242919921875, -0.0107421875, 0.05029296875, 0.00970458984375, -0.0086669921875, -0.01556396484375, -0.05615234375, -0.0035858154296875, -0.0308837890625, -0.0228271484375, 0.002685546875, -0.033203125, -0.01214599609375, 0.0084228515625, 0.039794921875, -0.008544921875, -0.0260009765625, 0.0031280517578125, 0.0361328125, -0.050048828125, 0.000823974609375, -0.04150390625, -0.0145263671875, 0.0186767578125, -0.0228271484375, -0.023681640625, -0.00506591796875, -0.01300048828125, 0.034912109375, -0.052001953125, 0.0218505859375, -0.01507568359375, -0.037109375, 0.01116943359375, -0.0322265625, -0.002838134765625, 0.004119873046875, -0.00194549560546875, -0.09326171875, 0.03369140625, -0.0164794921875, 0.01043701171875, 0.00131988525390625, 0.095703125, 0.000335693359375, 0.021240234375, 0.0242919921875, -0.034423828125, -0.0059814453125, 0.039794921875, 0.0240478515625, -0.0301513671875, -0.08447265625, -0.0296630859375, -0.0084228515625, -0.0308837890625, -0.0301513671875, 0.0281982421875, 0.0260009765625, -0.0113525390625, -0.03857421875, 0.0181884765625, 0.022705078125, 0.03125, 0.01165771484375, -0.01318359375, -0.053955078125, -0.006072998046875, 0.044677734375, -0.0189208984375, -0.005889892578125, 0.06591796875, 0.0260009765625, -0.01519775390625, -0.0286865234375, 0.03955078125, -0.0218505859375, -0.049560546875, 0.0218505859375, -0.002349853515625, -0.050048828125, -0.050537109375, -0.01519775390625, 0.052001953125, -0.020263671875, 0.00592041015625, 0.0157470703125, -0.00107574462890625, -0.00037384033203125, 0.00701904296875, -0.0267333984375, -0.02001953125, -0.03515625, -0.002593994140625, -0.0164794921875, -0.006591796875, 0.01336669921875, -0.020751953125, 0.04638671875, -0.06005859375, -0.0247802734375, 0.03857421875, -0.0311279296875, 0.01214599609375, -0.04736328125, 0.01336669921875, 0.0115966796875, 0.018310546875, 0.0194091796875, -0.018310546875, 0.033203125, -0.0205078125, -0.01556396484375, 0.0269775390625, 0.038818359375, -0.007781982421875, 0.00946044921875, 0.0012054443359375, 0.055419921875, -0.04443359375, -0.02978515625, 0.03466796875, 0.02978515625, -0.009765625, -0.0194091796875, -0.018798828125, 0.000698089599609375, -0.031494140625, 0.11083984375, -0.0301513671875, -0.018798828125, -0.01312255859375, -0.001007080078125, 0.023193359375, -0.05810546875, 0.043701171875, -0.004150390625, 0.06884765625, 0.025146484375, -0.0361328125, -0.031982421875, -0.049560546875, 0.0517578125, 0.034912109375, -0.007781982421875, -0.015625, 0.07080078125, -0.04931640625, -0.021484375, 0.0015716552734375, -0.0390625, 0.0003681182861328125, 0.020263671875, 0.043212890625, -0.044189453125, -0.01025390625, -0.04052734375, -0.02392578125, 0.0146484375, 0.032958984375, -0.0145263671875, 0.00482177734375, -0.01708984375, 0.00159454345703125, 0.002532958984375, 0.004364013671875, -0.0150146484375, -0.0133056640625, 0.0093994140625, 0.037109375, 0.03466796875, 0.0177001953125, 0.03857421875, 0.0218505859375, 0.017822265625, -0.0101318359375, 0.001434326171875, 0.032958984375, 0.0101318359375, -0.0281982421875, 0.007232666015625, -0.006561279296875, 0.07666015625, 0.01556396484375, 0.0262451171875, -0.0213623046875, -0.024658203125, -0.01519775390625, 0.028076171875, 0.06884765625, 0.0004119873046875, -0.0076904296875, -0.0260009765625, 0.0089111328125, 0.051025390625, -0.0169677734375, 0.018798828125, 0.01251220703125, 0.0179443359375, 0.00848388671875, 0.006500244140625, 0.0145263671875, 0.006591796875, -0.056396484375, -0.026611328125, 0.0186767578125, -0.00102996826171875, 0.004241943359375, 0.01556396484375, 0.004791259765625, 0.000553131103515625, -0.0115966796875, 0.016357421875, 0.031982421875, -0.032470703125, 0.0294189453125, -0.025634765625, 0.00830078125, 0.00958251953125, -0.00897216796875, 0.00299072265625, 0.028564453125, 0.00299072265625, 0.00060272216796875, -0.0250244140625, -0.046630859375, 0.014892578125, 0.005706787109375, -0.038330078125, 0.00823974609375, -0.0233154296875, -0.032470703125, -0.0157470703125, 0.01806640625, 0.016357421875, -0.01080322265625, 0.00970458984375, -0.00164794921875, 0.00250244140625, 0.0106201171875, -0.016845703125, -0.05859375, -0.035888671875, 0.01129150390625, 0.031982421875, 0.006866455078125, 0.0009307861328125, 0.01129150390625, 0.007232666015625, 0.0260009765625, 0.016845703125, -0.0296630859375, -0.036865234375, -0.002899169921875, -0.032958984375, 0.00885009765625, 0.00482177734375, -0.006500244140625, 0.048583984375, 0.018798828125, 0.0142822265625, -0.010009765625, -0.025146484375, 0.007537841796875, 0.026611328125, -0.00555419921875, -0.018798828125, -0.025634765625, 0.058837890625, 0.031982421875, -0.000896453857421875, -0.022705078125, -0.0303955078125, -0.00732421875, -0.029296875, -0.0194091796875, 0.07373046875, 0.004638671875, -0.05859375, -0.0020904541015625, 0.01177978515625, 0.009765625, -0.0035858154296875, 0.09130859375, -0.0093994140625, 0.0311279296875, 0.00421142578125, 0.00421142578125, -0.05419921875, 0.07080078125, 0.0089111328125, 0.0301513671875, -0.0026702880859375, 0.00665283203125, 0.01239013671875, 0.0185546875, 0.007537841796875, -0.0011749267578125, 0.053466796875, 0.0032501220703125, -0.039794921875, 0.042236328125, 0.0218505859375, -0.0107421875, 0.000324249267578125, 0.00872802734375, -0.042236328125, 0.0157470703125, -0.0218505859375, 0.060302734375, -0.050537109375, -0.014892578125, 0.0263671875, -0.041259765625, -0.0283203125, 0.037109375, 0.050537109375, -0.028564453125, -0.05029296875, -0.01055908203125, -0.00946044921875, -0.00055694580078125, -0.01116943359375, 0.047119140625, -0.0289306640625, -0.0009918212890625, -0.058837890625, 0.0185546875, 0.00714111328125, 0.0233154296875, -0.037109375, -0.03173828125, -0.0150146484375, -0.00927734375, -0.0181884765625, 0.003326416015625, 0.033935546875, -0.041748046875, -0.002838134765625, 0.08740234375, 0.04443359375, 0.01385498046875, -0.0205078125, 0.002960205078125, 0.003814697265625, 0.025146484375, -0.04736328125, -0.0031585693359375, -0.020263671875, -0.0101318359375, -0.00946044921875, 0.04443359375, -0.036376953125, -0.001129150390625, -0.03271484375, 0.059326171875, 0.06787109375, 0.0235595703125, -0.01806640625, -0.0218505859375, 0.04296875, -0.046630859375, -0.042724609375, 0.01348876953125, 