{"movie": "tagesschau", "offset": 6, "text_offset": 0, "embedding": [0.0145263671875, -0.000675201416015625, 0.03662109375, -0.011962890625, -0.0194091796875, 0.0152587890625, -0.016845703125, -0.00164794921875, -0.04638671875, 0.0279541015625, -0.022705078125, -0.024169921875, -0.002166748046875, -0.003753662109375, -0.007598876953125, 0.01031494140625, -0.00286865234375, 0.040283203125, 0.030517578125, 0.004486083984375, 0.032470703125, 0.08251953125, 0.00958251953125, -0.00176239013671875, 0.08056640625, 0.0203857421875, -0.03662109375, -0.0126953125, -0.033203125, -0.006072998046875, 0.0033111572265625, -0.02978515625, -0.004425048828125, -0.00148773193359375, 0.00262451171875, 0.02978515625, 0.033447265625, 0.031494140625, -0.028564453125, 0.05712890625, -0.003265380859375, 0.0023193359375, -0.050537109375, -0.044677734375, 0.0478515625, -0.00927734375, -0.018798828125, 0.00970458984375, 0.01409912109375, 0.027099609375, 0.09716796875, -0.0024261474609375, -0.01318359375, -0.054931640625, 0.00970458984375, -0.0279541015625, -0.0257568359375, 0.0047607421875, 0.051513671875, 0.006866455078125, -0.00885009765625, -0.03369140625, 0.01373291015625, 0.0791015625, 0.0137939453125, -0.03515625, -0.01190185546875, -0.0164794921875, -0.0159912109375, -0.021484375, -0.05078125, -0.0322265625, -0.0267333984375, -0.04052734375, -0.0126953125, -0.0157470703125, -0.0322265625, 0.0015869140625, 0.00372314453125, -0.004669189453125, -0.01611328125, -0.0272216796875, -0.0022735595703125, -0.0654296875, 0.01336669921875, -0.04345703125, -0.0169677734375, -0.00102996826171875, 0.01080322265625, -0.034423828125, -0.0235595703125, 0.01806640625, -0.06884765625, -0.005279541015625, -0.05224609375, -0.025390625, -0.00927734375, -0.0380859375, -0.002838134765625, -0.007080078125, 0.0281982421875, -0.0008392333984375, -0.00823974609375, 0.04052734375, 0.00616455078125, 0.00970458984375, -0.031982421875, 0.0079345703125, -0.0034027099609375, 0.0205078125, -0.033203125, 0.000270843505859375, -0.00787353515625, -0.0198974609375, -0.02783203125, 0.0089111328125, -0.0296630859375, 0.0164794921875, -0.000446319580078125, -0.0194091796875, -0.0263671875, -0.006134033203125, 0.0281982421875, 0.006439208984375, -0.0052490234375, 0.016845703125, 0.0123291015625, -0.003814697265625, -0.05224609375, 0.03759765625, 0.0012664794921875, 0.022705078125, 0.0130615234375, 0.03466796875, -0.054443359375, 0.02099609375, -0.0281982421875, 0.00022125244140625, -0.08935546875, 0.005889892578125, 0.024169921875, -0.017333984375, 0.0257568359375, 0.006866455078125, -0.037353515625, 0.01397705078125, 0.00836181640625, -0.0181884765625, -0.0283203125, -0.002777099609375, 0.021484375, 0.00439453125, -0.032958984375, 0.04296875, -0.001953125, -0.041259765625, 0.040283203125, 0.0211181640625, -0.0157470703125, -0.0196533203125, -0.0181884765625, 0.01373291015625, 0.00836181640625, -0.01226806640625, 0.0380859375, 0.08203125, 0.03271484375, 0.02490234375, -0.064453125, -0.0137939453125, -0.0693359375, -0.055908203125, -0.01116943359375, 0.01708984375, -0.057861328125, 0.0191650390625, -0.037109375, -0.01019287109375, 0.021728515625, 0.02197265625, 0.034423828125, 0.0113525390625, 0.0084228515625, -0.00762939453125, 0.00421142578125, 0.007080078125, -0.0184326171875, -0.01025390625, -0.009521484375, -0.0022430419921875, 0.030517578125, 0.036865234375, 0.01007080078125, 0.0186767578125, 0.04541015625, -0.0186767578125, -0.03271484375, -0.007171630859375, 0.087890625, 0.06103515625, -0.03955078125, -0.008056640625, -0.052734375, 0.006439208984375, 0.0108642578125, 0.00494384765625, -0.0419921875, 0.036376953125, -0.0223388671875, 0.0238037109375, -0.04541015625, 0.0098876953125, -0.016845703125, -0.00035858154296875, -0.0245361328125, -0.062255859375, 0.00176239013671875, -0.0087890625, -0.003570556640625, 0.00958251953125, 0.0106201171875, -0.016357421875, 0.060302734375, -0.024658203125, 0.06884765625, -0.043212890625, 0.0380859375, -0.036376953125, -0.04052734375, 0.00408935546875, -0.022705078125, 0.05517578125, -0.0322265625, 0.05224609375, 0.036865234375, 0.0022125244140625, 0.01446533203125, -0.01806640625, 0.0145263671875, 0.01611328125, -0.0263671875, -0.00933837890625, 0.01519775390625, 0.0172119140625, -0.005950927734375, 0.0002899169921875, -0.0272216796875, 0.00107574462890625, 0.03515625, 0.032958984375, -0.07568359375, 0.0013885498046875, -0.0322265625, -0.022705078125, -0.0115966796875, 0.032470703125, 0.01171875, 0.022705078125, 0.026123046875, 0.0250244140625, 0.053466796875, -0.01226806640625, -0.0230712890625, -0.0301513671875, -0.02490234375, 0.05712890625, 0.01446533203125, -0.05078125, 0.0013427734375, 0.031494140625, -0.025390625, 0.0037078857421875, -0.00127410888671875, 0.0250244140625, -0.040283203125, -0.032958984375, -0.0036773681640625, -0.007171630859375, 0.005767822265625, 0.052734375, -0.0126953125, -0.00531005859375, 0.0108642578125, 0.07080078125, 0.01007080078125, 0.023193359375, -0.0322265625, 0.0123291015625, 0.06640625, -0.01904296875, 0.025634765625, -0.0179443359375, -0.01409912109375, 0.0322265625, 0.00726318359375, 0.03662109375, -0.0296630859375, -0.005126953125, -0.046875, 0.040771484375, -0.03125, 0.02783203125, 0.00127410888671875, 0.0087890625, -0.005035400390625, 0.064453125, -0.0322265625, 0.0007171630859375, -0.00384521484375, -0.001739501953125, 0.01611328125, -0.037109375, -0.0260009765625, -0.0208740234375, -0.0250244140625, 0.01397705078125, -0.036865234375, 0.00079345703125, 0.0203857421875, 0.064453125, -0.0235595703125, -0.037353515625, -0.02197265625, -0.005279541015625, 0.0145263671875, 0.010986328125, -0.053466796875, -0.01556396484375, -0.040283203125, -0.00933837890625, 0.044921875, -0.0311279296875, -0.00933837890625, -0.047119140625, -0.040771484375, 0.04345703125, -0.05517578125, 0.01611328125, -0.03515625, 0.0159912109375, 0.00171661376953125, 0.0201416015625, -0.005889892578125, 0.0093994140625, -0.012451171875, 0.01611328125, 0.0036163330078125, 0.00127410888671875, 0.0498046875, -0.014892578125, 0.02392578125, -0.00131988525390625, 0.02197265625, 0.0019073486328125, 0.0478515625, -0.04052734375, 0.0034027099609375, 0.059326171875, -0.0024566650390625, 0.03515625, 0.00762939453125, -0.00970458984375, 0.05078125, -0.02783203125, 0.0673828125, -0.0028076171875, -0.022705078125, -0.0693359375, -0.0296630859375, 0.037353515625, 0.01263427734375, 0.0264892578125, 0.03515625, -0.00180816650390625, -0.0235595703125, 0.053466796875, 0.00127410888671875, -0.064453125, 0.017578125, 0.023193359375, -0.060302734375, 0.030517578125, 0.00921630859375, 0.03125, 0.028564453125, -0.0098876953125, 0.00604248046875, -0.013427734375, -0.00640869140625, -0.0673828125, 0.0238037109375, -0.055908203125, -0.0556640625, -0.05126953125, -0.041748046875, -0.03466796875, 0.0108642578125, 0.000736236572265625, 0.04833984375, 0.002777099609375, 0.038330078125, -0.0234375, 0.00153350830078125, -0.0234375, 0.01190185546875, 0.03662109375, 0.0164794921875, 0.059326171875, 0.03515625, 0.0274658203125, -0.0289306640625, 0.0263671875, -0.0162353515625, -0.003387451171875, 0.00823974609375, 0.0281982421875, -0.0150146484375, -0.0235595703125, 0.0234375, -0.032958984375, 0.006317138671875, 0.05078125, 0.012451171875, 0.038818359375, 0.004638671875, 0.01153564453125, 0.01123046875, 0.0186767578125, -0.029296875, -0.000743865966796875, 0.03076171875, -0.0289306640625, 0.005584716796875, -0.002838134765625, -0.004852294921875, -0.03759765625, -0.031494140625, -0.041259765625, -0.07177734375, 0.027587890625, 0.0224609375, -0.0177001953125, -0.0145263671875, 0.05078125, -0.044921875, -0.01031494140625, 0.00537109375, 0.0751953125, -0.035888671875, 0.006866455078125, -0.00139617919921875, 0.004974365234375, 0.04052734375, -0.00830078125, -0.00494384765625, 0.0128173828125, 0.01361083984375, -0.0419921875, -0.0615234375, 0.035888671875, 0.02392578125, 0.033447265625, 0.00933837890625, -0.04931640625, 0.024658203125, 0.01519775390625, 0.00445556640625, -0.018798828125, 