{"movie": "tagesschau", "offset": 92, "text_offset": 90, "embedding": [0.0242919921875, -0.018798828125, -0.0252685546875, -0.05810546875, -0.052001953125, 0.006561279296875, 0.0260009765625, -0.0206298828125, -0.046630859375, 0.01336669921875, 0.0031890869140625, -0.00714111328125, -0.056396484375, 0.01251220703125, -0.030517578125, -0.0556640625, -0.04248046875, 0.020263671875, 0.00150299072265625, 0.027099609375, 0.0262451171875, 0.031494140625, -0.01483154296875, -0.01336669921875, 0.025634765625, 0.0157470703125, -0.0208740234375, -0.01409912109375, -0.00023174285888671875, 0.0185546875, 0.01348876953125, -0.043212890625, 0.0118408203125, -0.0277099609375, 0.052001953125, 0.0206298828125, 0.0205078125, 0.06787109375, -0.01165771484375, 0.01470947265625, 0.0301513671875, 0.01556396484375, -0.0400390625, -0.00823974609375, 0.0174560546875, 0.003326416015625, -0.026611328125, 0.048828125, 0.0164794921875, 0.0174560546875, -0.00787353515625, 0.03515625, -0.0007476806640625, 0.05322265625, 0.0145263671875, 0.0191650390625, 0.007049560546875, -0.00994873046875, -0.00506591796875, -0.026611328125, -0.053466796875, 0.00628662109375, 0.01312255859375, -0.0172119140625, -0.0133056640625, -0.01104736328125, -0.041259765625, 0.050537109375, -0.0260009765625, 0.022216796875, -0.042724609375, -0.052490234375, -0.0093994140625, -0.01483154296875, -0.00433349609375, -0.01806640625, 0.01055908203125, -0.0118408203125, -0.020263671875, 0.0009613037109375, 0.01953125, -0.04248046875, -0.004974365234375, -0.04541015625, 0.020751953125, -0.03076171875, -0.015625, 0.005706787109375, -0.0125732421875, -0.0390625, -0.020263671875, 0.0177001953125, -0.02734375, -0.0250244140625, -0.0181884765625, 0.0164794921875, -0.0023345947265625, -0.05322265625, 0.04052734375, 0.052490234375, 0.01611328125, -0.00457763671875, -0.0118408203125, 0.008056640625, -0.0223388671875, -0.060302734375, -0.01202392578125, -0.000640869140625, 0.0213623046875, 0.025634765625, -0.0164794921875, -0.005462646484375, 0.011962890625, -0.031494140625, 0.0233154296875, -0.00384521484375, 0.0118408203125, 0.0205078125, 0.0296630859375, 0.051025390625, 0.01300048828125, 0.035400390625, -0.00537109375, 0.020751953125, -0.006683349609375, -0.0146484375, 0.019775390625, 0.0140380859375, -0.0177001953125, -0.020263671875, 0.024658203125, -0.016845703125, -0.002410888671875, 0.017578125, -0.0654296875, 0.019775390625, -0.03369140625, -0.06005859375, -0.01483154296875, 0.025634765625, 0.044677734375, 0.00151824951171875, -0.00131988525390625, -0.042236328125, 0.00130462646484375, 0.052001953125, -0.0032806396484375, 0.0089111328125, -0.00726318359375, -0.0242919921875, 0.002899169921875, -0.0150146484375, -0.041259765625, 0.08251953125, 0.00099945068359375, 0.01031494140625, 0.036865234375, 0.064453125, 0.0019073486328125, 0.0185546875, 0.01318359375, -0.0081787109375, -0.08349609375, -0.031494140625, 0.03466796875, 0.018798828125, 0.022216796875, 0.07763671875, -0.02783203125, -0.05419921875, -0.00970458984375, 0.0242919921875, 0.0074462890625, -0.0458984375, -0.026611328125, -0.02294921875, -0.01434326171875, -0.064453125, 0.0274658203125, 0.048095703125, -0.0252685546875, -0.037109375, 0.0301513671875, 0.02294921875, -0.002532958984375, 0.0001850128173828125, -0.006683349609375, -0.0218505859375, -0.00616455078125, 0.032470703125, 0.022216796875, 0.0037994384765625, -0.0017547607421875, 0.03466796875, 0.07177734375, -0.034912109375, -0.01068115234375, 0.029296875, 0.002471923828125, 0.0810546875, -0.09716796875, 0.03857421875, 0.0294189453125, -0.01507568359375, 0.0267333984375, -0.030029296875, -0.007080078125, 0.022705078125, 0.00592041015625, -0.01275634765625, 0.01116943359375, 0.025634765625, 0.0107421875, -0.01104736328125, 0.02734375, 0.01611328125, 0.02294921875, 0.037109375, 0.00421142578125, 0.0294189453125, -0.004547119140625, 0.0027008056640625, 0.03857421875, -0.0093994140625, 0.064453125, 0.01544189453125, -0.01434326171875, -0.0146484375, -0.031982421875, 0.0546875, -0.015625, 0.03759765625, 0.0286865234375, 0.048095703125, 0.05712890625, 0.0020599365234375, -0.0213623046875, -0.031494140625, 0.058837890625, 0.042724609375, -0.03125, -0.0023651123046875, 0.043701171875, -0.0283203125, -0.0242919921875, 0.032958984375, 0.0277099609375, -0.0030517578125, 0.0294189453125, 0.029052734375, -0.0294189453125, 0.00732421875, 0.0166015625, -0.0751953125, 0.025146484375, 0.051025390625, -0.0263671875, 0.0086669921875, -0.0079345703125, 0.0089111328125, 0.04052734375, -0.018798828125, -0.043701171875, 0.04052734375, -0.018798828125, 0.00640869140625, 0.00025177001953125, 0.046630859375, -0.01300048828125, 0.051025390625, 0.0400390625, 0.04052734375, -0.006500244140625, 0.0194091796875, 0.045654296875, -0.02294921875, 0.0252685546875, -0.048583984375, 0.0673828125, 0.0255126953125, 0.01483154296875, -0.0133056640625, -0.06298828125, -0.038330078125, -0.0032501220703125, -0.0106201171875, -0.046630859375, -0.00118255615234375, -0.0322265625, 0.03759765625, 0.03857421875, -0.0107421875, 0.046630859375, 0.0252685546875, -0.04052734375, -0.00098419189453125, 0.003936767578125, 0.0262451171875, -0.04931640625, -0.042236328125, -0.0185546875, 0.0034637451171875, 0.0218505859375, -0.0157470703125, 0.07275390625, 0.068359375, -0.02392578125, 0.002655029296875, 0.017822265625, -0.0218505859375, 0.023193359375, 0.034423828125, -0.048095703125, -0.0027313232421875, 0.0242919921875, -0.03173828125, -0.046630859375, 0.002105712890625, 0.00787353515625, 0.00897216796875, 0.022216796875, -0.03955078125, 0.0274658203125, 0.037109375, -0.0113525390625, -0.0025634765625, -0.033935546875, -0.04052734375, 0.0024261474609375, -0.005218505859375, 0.031494140625, 0.044189453125, 0.005889892578125, 0.0142822265625, -0.053466796875, 0.022705078125, -0.00787353515625, -0.042724609375, -0.0859375, 0.0087890625, -0.00714111328125, 0.005706787109375, -0.034423828125, -0.0242919921875, -0.0025787353515625, 0.032958984375, 0.0233154296875, 0.01385498046875, 0.04248046875, -0.0308837890625, 0.007598876953125, 0.00286865234375, 0.03076171875, -0.01104736328125, 0.053955078125, 0.0146484375, -0.0211181640625, -0.000308990478515625, -0.0595703125, 0.0159912109375, 0.042724609375, -0.02294921875, -0.00506591796875, -0.04736328125, 0.03125, -0.0125732421875, -0.00104522705078125, -0.00640869140625, 0.016845703125, 0.0135498046875, -0.0260009765625, 0.006683349609375, 0.037109375, -0.0101318359375, -0.039794921875, 0.044677734375, -0.0142822265625, -0.031494140625, -0.00714111328125, 0.0634765625, -0.057373046875, 0.0235595703125, 0.05615234375, 0.02734375, -0.0205078125, 0.038818359375, 0.010009765625, -0.02978515625, 0.020263671875, -0.03515625, -0.00927734375, -0.0142822265625, 0.032470703125, -0.038818359375, 0.01275634765625, 0.0220947265625, -0.04052734375, 0.025146484375, 0.07958984375, 0.002227783203125, 0.005462646484375, -0.015380859375, -0.060302734375, 0.0223388671875, 0.00762939453125, 0.04638671875, -0.055419921875, -0.0014495849609375, 0.042236328125, -0.04052734375, -0.00921630859375, 0.00151824951171875, -0.0118408203125, -0.029052734375, -0.014892578125, -0.0301513671875, 0.04736328125, -0.0076904296875, -0.0260009765625, 0.00188446044921875, 0.0296630859375, -0.0213623046875, -0.049560546875, 0.035400390625, -0.04248046875, -0.01611328125, 0.0030517578125, -0.008056640625, -0.03369140625, 0.0169677734375, 0.00750732421875, 0.037841796875, 0.046630859375, -0.0556640625, 0.04296875, 0.037841796875, 0.043701171875, -0.00885009765625, -0.0185546875, 0.002532958984375, 0.004608154296875, 0.03662109375, -0.02783203125, -0.006683349609375, -0.029052734375, 0.01092529296875, -0.017822265625, 0.02587890625, -0.025634765625, 0.06689453125, -0.0289306640625, 0.0191650390625, 0.05712890625, 0.003631591796875, 0.0025787353515625, -0.0012969970703125, 0.01300048828125, -0.0208740234375, -0.041259765625, 0.031982421875, -0.00347900390625, -0.000919342041015625, 0.033935546875, -0.041259765625, 0.0023956298828125, 