{"movie": "tagesschau", "offset": 8, "text_offset": 0, "embedding": [0.00469970703125, 0.019775390625, 0.0302734375, -0.004791259765625, -0.013671875, 0.00017642974853515625, -0.020751953125, 0.01495361328125, -0.044189453125, 0.0172119140625, -0.033203125, -0.0322265625, 0.0028533935546875, -0.01104736328125, -0.0191650390625, -0.00994873046875, 0.00433349609375, 0.0157470703125, 0.037109375, 0.021728515625, 0.0361328125, 0.0576171875, 0.00872802734375, -0.014892578125, 0.0751953125, 0.01348876953125, -0.0306396484375, -0.033935546875, -0.028076171875, 0.0198974609375, 5.245208740234375e-05, -0.02880859375, 0.009765625, -0.0087890625, 0.007354736328125, 0.035888671875, 0.02685546875, 0.0242919921875, -0.039794921875, 0.048828125, 0.006195068359375, 0.0042724609375, -0.061279296875, -0.0302734375, 0.042724609375, -0.01104736328125, -0.00518798828125, 0.005828857421875, -0.0033111572265625, 0.0166015625, 0.10595703125, -0.00494384765625, -0.01220703125, -0.07470703125, 0.01177978515625, -0.037109375, -0.0228271484375, 0.0145263671875, 0.045654296875, -0.005126953125, -0.004364013671875, -0.032470703125, -0.0033111572265625, 0.05615234375, 0.018310546875, -0.02978515625, -0.003509521484375, -0.04248046875, -0.018310546875, -0.0019683837890625, -0.048583984375, -0.01953125, -0.01275634765625, -0.039794921875, -0.0218505859375, -0.0235595703125, -0.0279541015625, 0.01434326171875, 0.00994873046875, -0.013671875, -0.0247802734375, -0.0177001953125, 0.00046539306640625, -0.045166015625, 0.020751953125, -0.03173828125, -0.02880859375, -0.0301513671875, 0.01068115234375, -0.0272216796875, -0.0157470703125, 0.0011749267578125, -0.06640625, -0.00994873046875, -0.03466796875, -0.028076171875, -0.0224609375, -0.038330078125, -0.009765625, -0.012939453125, 0.035400390625, -0.001983642578125, -0.03662109375, 0.032958984375, 0.011962890625, -0.0078125, -0.035400390625, 0.01141357421875, -0.0277099609375, 0.021240234375, -0.0419921875, 0.0013580322265625, 8.7738037109375e-05, -0.015625, -0.0390625, 0.0106201171875, -0.0390625, 0.012939453125, 0.017333984375, -0.0166015625, -0.0390625, -0.006195068359375, 0.0233154296875, 0.0225830078125, -0.00830078125, 0.01495361328125, 0.006378173828125, -0.0155029296875, -0.0478515625, 0.0294189453125, 0.005828857421875, 0.00958251953125, 0.037109375, 0.037353515625, -0.0400390625, 0.01953125, -0.0074462890625, -0.00098419189453125, -0.08642578125, 0.006195068359375, -0.0015411376953125, -0.033935546875, 0.048828125, 0.01385498046875, -0.049560546875, 0.0203857421875, 0.0166015625, -0.006622314453125, -0.0181884765625, -0.0133056640625, 0.01324462890625, 0.0098876953125, -0.038330078125, 0.047119140625, -0.004058837890625, -0.04248046875, 0.033203125, 0.027587890625, -0.00701904296875, -0.02587890625, -0.0291748046875, 0.0230712890625, -0.009521484375, -0.0269775390625, 0.03564453125, 0.09130859375, 0.032470703125, 0.01080322265625, -0.05224609375, -0.009765625, -0.05322265625, -0.0732421875, -0.028076171875, 0.0264892578125, -0.048828125, 0.0286865234375, -0.025390625, -0.02734375, 0.035400390625, 0.0228271484375, 0.038330078125, 0.016357421875, 0.0230712890625, -0.0279541015625, -0.0244140625, 0.01055908203125, -0.023193359375, -0.017822265625, -0.009765625, 0.0019683837890625, 0.03564453125, 0.0390625, 0.0213623046875, 0.0272216796875, 0.0390625, -0.01055908203125, -0.031005859375, -0.012939453125, 0.07568359375, 0.048095703125, -0.0284423828125, -0.004180908203125, -0.05810546875, 0.0068359375, 0.02001953125, 0.016357421875, -0.0250244140625, 0.040771484375, -0.046630859375, 0.02099609375, -0.032470703125, 0.0189208984375, -0.01904296875, 0.01953125, -0.0089111328125, -0.06396484375, -0.0224609375, 0.00244140625, -0.020263671875, -0.0115966796875, 0.0264892578125, -0.0308837890625, 0.042724609375, -0.0230712890625, 0.054443359375, -0.060546875, 0.0115966796875, -0.0306396484375, -0.0306396484375, -0.000431060791015625, -0.0220947265625, 0.053955078125, -0.0220947265625, 0.058349609375, 0.043212890625, -0.0191650390625, 0.005828857421875, -0.0203857421875, 0.002105712890625, 0.0294189453125, -0.04345703125, -0.018310546875, 0.03955078125, 0.038330078125, 0.00341796875, -0.00087738037109375, -0.0341796875, 0.0108642578125, 0.0277099609375, 0.0264892578125, -0.08447265625, 0.010009765625, -0.0169677734375, -0.0166015625, -0.0029449462890625, 0.051025390625, 0.01239013671875, 0.04736328125, 0.0299072265625, 0.028076171875, 0.0654296875, -0.0030059814453125, -0.0322265625, -0.0361328125, -0.029052734375, 0.048583984375, 0.0164794921875, -0.053955078125, -0.01422119140625, 0.031494140625, -0.01116943359375, 0.0108642578125, 0.00848388671875, 0.0400390625, -0.045654296875, -0.00958251953125, 0.002532958984375, -0.00543212890625, -0.00041961669921875, 0.0634765625, -0.019287109375, -0.001190185546875, 0.0162353515625, 0.072265625, 0.021728515625, 0.0145263671875, -0.03662109375, 0.0169677734375, 0.05615234375, -0.00335693359375, 0.037109375, -0.008056640625, -0.0108642578125, 0.032470703125, 0.0004673004150390625, 0.037109375, -0.0191650390625, 0.0021514892578125, -0.044189453125, 0.03564453125, -0.0247802734375, 0.033203125, 0.0019378662109375, 0.0108642578125, 0.01708984375, 0.0634765625, -0.034912109375, -0.01458740234375, 0.010009765625, -0.00142669677734375, 0.00823974609375, -0.0277099609375, -0.0186767578125, -0.035400390625, -0.044921875, 0.01806640625, -0.0191650390625, 0.006011962890625, 0.01953125, 0.042724609375, -0.013671875, -0.05029296875, -0.0157470703125, -0.004241943359375, 0.01165771484375, 0.01458740234375, -0.056640625, 0.00726318359375, -0.045654296875, -0.04052734375, 0.0478515625, -0.0257568359375, -0.026123046875, -0.05908203125, -0.036865234375, 0.0301513671875, -0.0703125, 0.0025634765625, -0.037841796875, 0.01239013671875, 0.00830078125, 0.0228271484375, -0.01422119140625, 0.01019287109375, -0.024658203125, 0.004669189453125, -0.00077056884765625, -0.0220947265625, 0.035888671875, -0.01953125, 0.00921630859375, 0.00653076171875, 0.021240234375, 0.01287841796875, 0.044189453125, -0.0419921875, 0.01416015625, 0.0673828125, -0.01025390625, 0.035888671875, 0.03271484375, -0.0184326171875, 0.05810546875, -0.03515625, 0.06298828125, 0.0023651123046875, -0.0184326171875, -0.07568359375, -0.021728515625, 0.05322265625, 0.0228271484375, 0.02978515625, 0.04736328125, -0.005096435546875, -0.03466796875, 0.0478515625, 0.0184326171875, -0.04931640625, -0.00060272216796875, 0.03173828125, -0.06298828125, 0.0264892578125, 0.0162353515625, 0.0216064453125, 0.0279541015625, -0.02978515625, -0.0115966796875, 0.00762939453125, -0.003326416015625, -0.06591796875, 0.0087890625, -0.0673828125, -0.033935546875, -0.0517578125, -0.02587890625, -0.033935546875, 0.016357421875, 0.009033203125, 0.043212890625, 0.00144195556640625, 0.0162353515625, -0.01214599609375, -0.000751495361328125, -0.00616455078125, -0.00811767578125, 0.056640625, -0.000530242919921875, 0.050048828125, 0.0179443359375, 0.0169677734375, -0.050048828125, 0.012939453125, -0.013427734375, -0.0028228759765625, 0.01129150390625, 0.0247802734375, -0.0306396484375, -0.0228271484375, 0.033935546875, -0.042724609375, -0.005157470703125, 0.051025390625, -0.006561279296875, 0.0291748046875, -0.02001953125, 0.018310546875, 0.00921630859375, 0.0166015625, -0.01531982421875, 0.01458740234375, 0.0255126953125, -0.048095703125, -0.002349853515625, -0.00830078125, -0.01055908203125, -0.0198974609375, -0.0517578125, -0.0306396484375, -0.0634765625, 0.020751953125, 0.029052734375, -0.01123046875, -0.012939453125, 0.052490234375, -0.03515625, 0.0101318359375, 0.0103759765625, 0.06982421875, -0.036376953125, 0.005706787109375, -0.001220703125, 0.01177978515625, 0.036376953125, 0.004547119140625, 0.009033203125, 0.00174713134765625, 0.0244140625, -0.03173828125, -0.059814453125, 0.0322265625, 0.01458740234375, 0.020751953125, 0.0291748046875, -0.03662109375, 0.0216064453125, 0.00701904296875, -0.002655029296875, -0.0166015625, -0.02880859375, -0.01165771484375, 