{"movie": "tagesschau", "offset": 12, "text_offset": 10, "embedding": [-0.058349609375, -0.01611328125, 0.003570556640625, -0.0034942626953125, -0.031982421875, 0.005584716796875, 0.032470703125, 0.0146484375, -0.0213623046875, 0.0306396484375, -0.0289306640625, 0.035888671875, 0.00213623046875, -0.01080322265625, -0.0654296875, -0.033447265625, 0.00028228759765625, 0.005615234375, -0.006317138671875, -0.00139617919921875, 0.035400390625, 0.046875, 0.005767822265625, -0.025634765625, 0.011962890625, 0.005157470703125, -0.0279541015625, -0.024658203125, 0.00872802734375, 0.01348876953125, 0.017578125, -0.0322265625, 0.0238037109375, -0.0169677734375, -0.0302734375, 0.001251220703125, 0.0439453125, 0.05126953125, 0.0289306640625, 0.02392578125, -0.0137939453125, -0.01708984375, -0.046875, 0.048095703125, 0.005706787109375, -0.01019287109375, -0.0230712890625, -0.012451171875, -0.006744384765625, -0.0230712890625, 0.0042724609375, 0.006011962890625, -0.0244140625, -0.0654296875, 0.0263671875, -0.0267333984375, -0.0302734375, 0.0084228515625, 0.0283203125, -0.040283203125, -0.019775390625, -0.042724609375, -0.0017242431640625, 0.03759765625, 0.01483154296875, -0.06298828125, 0.0034027099609375, -0.0032958984375, 0.01055908203125, -0.0185546875, -0.01446533203125, -0.052001953125, 0.0152587890625, -0.0147705078125, -0.0286865234375, 0.0057373046875, -0.05126953125, -0.03271484375, 0.0084228515625, -0.01007080078125, -0.01220703125, -0.052734375, 0.0155029296875, -0.04833984375, -0.0341796875, -0.016845703125, -0.017333984375, -0.0289306640625, -0.01416015625, -0.0283203125, 0.017333984375, -0.01336669921875, -0.032470703125, -0.01385498046875, -0.0166015625, -0.01446533203125, 0.006561279296875, -0.07373046875, 0.006439208984375, 0.0439453125, -0.00897216796875, -0.00982666015625, -0.0206298828125, -0.0002593994140625, 0.0174560546875, -0.006103515625, -0.032470703125, -0.016845703125, -0.005645751953125, 0.05322265625, 0.006561279296875, 0.057861328125, 0.01708984375, -0.049072265625, 0.0240478515625, 0.00921630859375, -0.00762939453125, -0.01312255859375, 0.0233154296875, -0.006317138671875, -0.035400390625, 0.037841796875, 0.0081787109375, 0.06494140625, -0.03564453125, -0.00982666015625, 0.0009918212890625, -0.00830078125, 0.0054931640625, -0.00714111328125, -0.0220947265625, 0.06640625, 0.044921875, 0.03271484375, 0.000244140625, -0.0089111328125, -0.07177734375, 0.0057373046875, -0.031982421875, -0.00311279296875, -0.038330078125, -0.038330078125, 0.0235595703125, -0.0498046875, -0.07861328125, -0.0021820068359375, -0.031494140625, 0.01190185546875, 0.0211181640625, 0.0120849609375, 0.032470703125, -0.0177001953125, -0.01904296875, -0.01348876953125, -0.039794921875, -0.01318359375, 0.045654296875, -0.005767822265625, -0.059326171875, -0.01287841796875, -0.02734375, -0.007415771484375, 0.000629425048828125, -0.03369140625, 0.07861328125, 0.07666015625, -0.003875732421875, 0.060546875, -0.0322265625, -0.0277099609375, 0.0306396484375, -0.006805419921875, -0.059326171875, 0.0054931640625, -0.0262451171875, -0.0296630859375, -0.033203125, -0.040283203125, 0.0185546875, 0.059326171875, 0.034423828125, 3.2901763916015625e-05, 0.041748046875, -0.0142822265625, -0.0194091796875, -0.01190185546875, -0.06005859375, -0.0162353515625, -0.0028533935546875, 0.01080322265625, 0.01495361328125, 0.032470703125, -0.01458740234375, 0.038818359375, 0.059326171875, 0.0341796875, 0.03662109375, 0.0027008056640625, 0.055908203125, 0.059326171875, -0.042236328125, -0.0458984375, -0.0179443359375, -0.041259765625, 0.0238037109375, -0.07080078125, -0.006988525390625, 0.0206298828125, -0.0201416015625, -0.0250244140625, -0.00665283203125, -0.01055908203125, 0.0186767578125, -0.000537872314453125, -0.07177734375, 0.0263671875, -0.01092529296875, 0.041259765625, -0.004638671875, 0.01318359375, 0.03125, -0.0478515625, 0.0133056640625, -0.02490234375, 0.0380859375, -0.033203125, 0.0220947265625, -0.048095703125, 0.01312255859375, -0.0262451171875, 0.01226806640625, 0.000957489013671875, 0.0079345703125, 0.02392578125, 0.05517578125, 0.0029449462890625, -0.03515625, -0.0225830078125, 0.03564453125, -0.007415771484375, -0.01123046875, -0.00921630859375, 0.0546875, -0.04052734375, 0.01165771484375, 0.07177734375, -0.07275390625, -0.030029296875, -0.049072265625, 0.029296875, -0.0703125, -0.034423828125, -0.0186767578125, -0.01446533203125, 0.003204345703125, -0.02294921875, -0.0191650390625, 0.059326171875, -0.0019683837890625, 0.020263671875, 0.04833984375, 0.052490234375, -0.0269775390625, -0.019287109375, -0.033203125, 0.0269775390625, 0.007659912109375, 0.016845703125, -0.0302734375, 0.017333984375, 0.015625, 0.05126953125, -0.055908203125, 0.03515625, 0.005828857421875, -0.053466796875, -0.03955078125, -0.031005859375, 0.0038299560546875, 0.0269775390625, 0.00445556640625, 0.00689697265625, -0.03271484375, 0.031982421875, 0.047119140625, 0.035400390625, -0.0240478515625, -0.0164794921875, 0.00714111328125, -0.0279541015625, -0.01092529296875, 0.01226806640625, 0.00098419189453125, 0.0306396484375, 0.052490234375, 0.053466796875, 0.010986328125, 0.01153564453125, -0.04296875, 0.057861328125, 0.005096435546875, 0.0022430419921875, 0.05859375, -0.007659912109375, -0.00180816650390625, 0.02734375, -0.07470703125, 0.0289306640625, 0.016845703125, -0.0206298828125, 0.046875, -0.0859375, -0.0341796875, -0.033203125, -0.01031494140625, 0.006103515625, -0.06103515625, -0.01953125, 0.01226806640625, 0.0179443359375, 0.080078125, -0.047607421875, -0.0201416015625, 0.035888671875, 0.0020294189453125, 0.01226806640625, -0.001434326171875, -0.0252685546875, 0.01312255859375, -0.048095703125, 0.0167236328125, -0.00494384765625, 0.0211181640625, -0.038330078125, -0.00176239013671875, 0.026611328125, 0.0206298828125, 0.0299072265625, -0.0263671875, 0.0206298828125, 0.0028228759765625, -0.0023040771484375, 0.003692626953125, 0.007232666015625, 0.0322265625, 0.0263671875, 0.006561279296875, 0.0223388671875, 0.052490234375, 0.005706787109375, 0.1103515625, 0.0771484375, 0.045166015625, 0.00482177734375, 0.00860595703125, -0.0101318359375, -0.0201416015625, 0.09228515625, -0.00787353515625, 0.01495361328125, 0.05078125, 0.01104736328125, 0.044921875, -0.0224609375, 0.01318359375, -0.0262451171875, 0.0213623046875, -0.018798828125, -0.007049560546875, 0.026611328125, 0.021484375, 0.004058837890625, 0.0184326171875, -0.008544921875, -0.039306640625, 0.0289306640625, 0.00179290771484375, -0.053955078125, 0.00439453125, -0.0019683837890625, -0.041748046875, 0.025634765625, -0.0211181640625, 0.0296630859375, 0.0478515625, -0.01007080078125, 0.03173828125, -0.00135040283203125, 0.0228271484375, -0.01336669921875, -0.00077056884765625, -0.016357421875, -0.06396484375, 0.00173187255859375, -0.06982421875, 0.0004634857177734375, 0.0169677734375, 0.00131988525390625, 0.048095703125, -0.0308837890625, 0.01318359375, -0.07958984375, -0.042236328125, 0.03466796875, 0.03369140625, 0.06982421875, -0.0031280517578125, 0.0034942626953125, 0.00101470947265625, 0.0306396484375, -0.0751953125, -0.039306640625, 0.016357421875, 0.046142578125, 0.0260009765625, 0.038330078125, -0.0262451171875, -0.01104736328125, 0.0279541015625, 0.0029449462890625, -0.011474609375, 0.0277099609375, 0.048095703125, -0.0079345703125, -0.0150146484375, 0.00872802734375, 0.040283203125, 0.0439453125, -0.0179443359375, 0.010986328125, 0.046630859375, 0.0267333984375, -0.017822265625, -0.016357421875, -0.0032958984375, -0.0277099609375, -0.01409912109375, -0.054443359375, -0.025634765625, -0.0220947265625, 0.06201171875, -0.0291748046875, -0.01068115234375, 0.00909423828125, -0.0220947265625, 0.0107421875, 0.0172119140625, 0.053955078125, 0.0152587890625, 0.0011138916015625, -0.0185546875, 0.0252685546875, 0.016845703125, -0.0024566650390625, -0.036376953125, 0.01007080078125, 0.0093994140625, -0.0224609375, -0.0201416015625, -0.0021514892578125, 0.0341796875, 0.052490234375, -0.0047607421875, -0.0267333984375, -0.0181884765625, 