{"movie": "tagesschau", "offset": 44, "text_offset": 40, "embedding": [-0.0252685546875, 0.021728515625, -0.0289306640625, -0.021728515625, -0.037109375, 0.04052734375, 0.01513671875, -0.0277099609375, -0.0179443359375, -0.01806640625, -0.003265380859375, 0.0299072265625, 0.01251220703125, 0.0174560546875, -0.013671875, -0.01214599609375, 0.0106201171875, -0.01165771484375, -0.0322265625, 0.048828125, 0.02099609375, 0.046630859375, 0.00148773193359375, -0.0322265625, 0.047607421875, 0.004730224609375, -0.025634765625, -0.050048828125, 0.0184326171875, 0.033203125, -0.01190185546875, -0.032470703125, -0.00177764892578125, -0.007232666015625, 0.006866455078125, 0.07470703125, 0.04931640625, 0.0162353515625, -0.00701904296875, 0.0107421875, 0.0294189453125, 0.003204345703125, -0.0142822265625, 0.0576171875, -0.005615234375, 0.00238037109375, 0.00421142578125, 0.00982666015625, 0.00982666015625, -0.006317138671875, -0.014892578125, -0.033447265625, 0.0216064453125, 0.0031280517578125, -0.007476806640625, 0.03515625, -0.031494140625, 0.015625, 0.02734375, -0.061767578125, -0.023193359375, -0.08642578125, -6.341934204101562e-05, 0.04150390625, 0.0439453125, -0.0126953125, -0.00567626953125, -0.052978515625, -0.01495361328125, 0.016845703125, -0.01544189453125, -0.00848388671875, 0.02978515625, -0.0140380859375, -0.0186767578125, -0.031494140625, -0.01190185546875, -0.021728515625, 0.040771484375, -0.03271484375, 0.032470703125, -0.0301513671875, 0.013671875, -0.0072021484375, -0.011474609375, -0.04248046875, 0.027099609375, -0.00238037109375, 0.02734375, -0.0257568359375, -0.0140380859375, -0.0177001953125, -0.046630859375, 0.025390625, -0.0301513671875, 0.001708984375, -0.01458740234375, -0.022705078125, 0.0228271484375, 0.036376953125, 0.02197265625, 0.0203857421875, -0.025390625, -0.023193359375, 0.048583984375, -0.023193359375, 0.004364013671875, 0.017578125, -0.037353515625, 0.0361328125, -0.060546875, 0.031982421875, -0.0016021728515625, 0.0057373046875, -0.0123291015625, -0.0289306640625, -0.005706787109375, 0.046630859375, 0.021484375, -0.03173828125, -0.0087890625, 0.0234375, -0.01324462890625, 0.01025390625, -0.04638671875, -0.01446533203125, -0.025390625, 0.0260009765625, -0.02099609375, 0.01544189453125, -0.04052734375, 0.01171875, 0.0299072265625, 0.06787109375, -0.0101318359375, -0.0308837890625, -0.00518798828125, -0.0008544921875, 0.00445556640625, -0.0130615234375, 0.0458984375, -0.032958984375, 0.017822265625, -0.01446533203125, -0.08203125, 0.01611328125, -0.0269775390625, -0.018798828125, 0.00714111328125, -0.021484375, 0.03173828125, -0.0263671875, -0.017578125, 0.0101318359375, -0.023681640625, 0.020751953125, -0.0162353515625, 0.0419921875, -0.0019683837890625, -0.03564453125, -0.00897216796875, -0.0277099609375, -0.00897216796875, 0.01495361328125, 0.0439453125, 0.052734375, 0.01336669921875, 0.0269775390625, -0.00634765625, -0.0238037109375, 0.02392578125, -0.0242919921875, -0.022705078125, -0.00193023681640625, -0.045654296875, -0.0186767578125, 0.01324462890625, -0.057861328125, 0.01202392578125, 0.051513671875, 0.05419921875, -0.002593994140625, 0.0252685546875, 0.02294921875, -0.00872802734375, -0.0654296875, -0.007568359375, -0.01287841796875, 0.00897216796875, 0.037353515625, 0.0140380859375, 0.029541015625, -0.052734375, 0.024658203125, -0.01531982421875, 0.00830078125, -0.01611328125, -0.01513671875, 0.003570556640625, 0.017578125, -0.06982421875, -0.01513671875, -0.00421142578125, -0.0250244140625, 0.025390625, -0.0546875, 0.027099609375, 0.0439453125, -0.007049560546875, -0.05126953125, 0.0179443359375, -0.0184326171875, -0.0074462890625, -0.0361328125, -0.00775146484375, -0.0162353515625, 0.03662109375, 0.01507568359375, 0.0233154296875, 0.038330078125, -0.02099609375, 0.0263671875, 0.001861572265625, 0.01611328125, 0.04150390625, -0.057861328125, -0.00799560546875, -0.0498046875, 0.021240234375, -0.023193359375, -0.0732421875, 0.01300048828125, -0.01495361328125, 0.04931640625, 0.028076171875, 0.01495361328125, 0.0301513671875, -0.005401611328125, 0.021240234375, 0.004730224609375, -0.05224609375, 0.02197265625, 0.05615234375, 0.0244140625, -0.005401611328125, 0.03173828125, -0.05078125, -0.00167083740234375, -0.01025390625, 0.038330078125, -0.034912109375, 0.0130615234375, -0.004150390625, -0.044921875, -0.000514984130859375, 0.0057373046875, -0.038330078125, 0.060546875, 0.028076171875, -0.0289306640625, 0.0458984375, 0.00579833984375, 0.0203857421875, -0.0196533203125, -0.014892578125, 0.01336669921875, -0.0238037109375, 0.021484375, -0.0093994140625, 0.09521484375, 0.007232666015625, 0.01544189453125, -0.007476806640625, 0.035888671875, 0.00830078125, -0.052978515625, 0.01470947265625, -0.0189208984375, -0.0277099609375, 0.06982421875, 0.0012969970703125, 0.0045166015625, -0.033447265625, 0.035888671875, 0.01025390625, 0.0103759765625, -0.0032196044921875, -0.0022735595703125, -0.0191650390625, 0.003204345703125, 0.00084686279296875, -0.0185546875, 0.04052734375, 0.004547119140625, -0.00054931640625, 0.05712890625, 0.004974365234375, -0.0029296875, 0.0087890625, 0.038818359375, -0.0036773681640625, 0.01446533203125, 0.0198974609375, -0.037109375, -0.0289306640625, 0.0169677734375, -0.025390625, 0.00653076171875, -0.00830078125, 0.044921875, 0.0174560546875, -0.005859375, -0.018310546875, -0.0634765625, -0.0185546875, -0.04296875, -0.0257568359375, -0.01318359375, 0.019287109375, 0.02490234375, 0.020751953125, -0.01708984375, -0.04736328125, 0.0026397705078125, -0.036865234375, -0.021240234375, -0.072265625, -0.014892578125, -0.01611328125, -0.00848388671875, 0.025634765625, -0.0264892578125, 0.0185546875, 0.00183868408203125, -0.031494140625, 0.006072998046875, -0.0234375, 0.00811767578125, -0.068359375, 0.05078125, 0.00634765625, 0.04150390625, -0.052734375, -0.003509521484375, 0.00042724609375, 0.035888671875, -0.032470703125, 0.03173828125, -0.00970458984375, 0.0004730224609375, 0.04443359375, 0.0140380859375, 0.020751953125, 0.0224609375, 0.0228271484375, 0.0595703125, 0.003204345703125, -0.0103759765625, -0.03564453125, 0.017333984375, -0.042236328125, 0.02734375, -0.01531982421875, -0.06494140625, 0.0074462890625, 0.000946044921875, -0.0439453125, -0.080078125, -0.0030059814453125, 0.07421875, -0.0224609375, 0.002197265625, 0.05908203125, 0.01123046875, -0.072265625, 0.01495361328125, -0.00518798828125, -0.04443359375, -0.025390625, 0.018310546875, -0.0400390625, 0.028564453125, 0.020751953125, -0.017822265625, 0.031494140625, -0.03515625, -0.0242919921875, -0.034423828125, -0.01806640625, -0.026123046875, 0.033203125, -0.0224609375, 0.0390625, -0.0556640625, -0.05419921875, 0.00927734375, -0.00653076171875, 0.0025634765625, 0.0478515625, -0.033203125, -0.01019287109375, -0.03466796875, -0.02783203125, 0.042236328125, 0.0174560546875, 0.048828125, 0.00701904296875, 0.0157470703125, -0.0189208984375, -9.918212890625e-05, 0.027099609375, 0.0198974609375, -0.00567626953125, 0.00897216796875, 0.032470703125, 0.038330078125, 0.0228271484375, -0.0306396484375, 0.0390625, -0.009765625, -0.007476806640625, 0.0242919921875, 0.0257568359375, -0.02294921875, 0.01373291015625, -0.007232666015625, 0.0174560546875, 0.021484375, -0.00543212890625, 0.02099609375, 0.048828125, -0.031982421875, -0.0250244140625, -0.07763671875, -0.0179443359375, -0.039794921875, -0.06201171875, -0.01806640625, -0.037841796875, -0.044189453125, 0.03662109375, -0.024658203125, -0.01422119140625, 0.026123046875, -0.01123046875, -0.0011444091796875, 0.037353515625, 0.0341796875, -0.024658203125, 0.01263427734375, -0.027099609375, -0.0166015625, 0.03857421875, -0.038330078125, 0.01611328125, -0.015869140625, -0.0164794921875, -0.01708984375, -0.00543212890625, 0.064453125, -0.028564453125, 0.0211181640625, 0.03173828125, -0.0038604736328125, 0.0157470703125, -0.0126953125, -0.0179443359375, -0.07177734375, 0.04248046875, -0.0198974609375, 0.00142669677734375, -0.04052734375, -0.0277099609375, 0.00138092041015625, 0.043212890625, -0.0341796875, 