{"movie": "tagesschau", "offset": 108, "text_offset": 100, "embedding": [0.07421875, 0.0216064453125, 0.01031494140625, -0.0084228515625, -0.045166015625, -0.04931640625, 0.041748046875, 0.0123291015625, -0.014404296875, -0.061279296875, -0.0135498046875, 0.037353515625, -0.011962890625, 0.03173828125, 0.0123291015625, -0.00958251953125, 0.01373291015625, -0.010009765625, 0.0224609375, 0.072265625, 0.0191650390625, -0.0024261474609375, -0.01239013671875, -0.0240478515625, 0.037353515625, 0.0086669921875, -0.025634765625, -0.0264892578125, -0.002197265625, 0.01519775390625, -0.00154876708984375, -0.00180816650390625, -0.0081787109375, -0.01422119140625, -0.00421142578125, -0.00445556640625, 0.03271484375, 0.02294921875, 0.012939453125, -0.005889892578125, 0.047607421875, 0.0194091796875, -0.01806640625, 0.0225830078125, 0.010009765625, -0.0235595703125, -0.0146484375, 0.0341796875, 0.043212890625, -0.0279541015625, -0.00193023681640625, 0.0146484375, 0.0216064453125, -0.002593994140625, -0.031982421875, -0.06396484375, 0.014404296875, 0.01544189453125, -0.01123046875, -0.046142578125, -0.057861328125, -0.0400390625, -0.00030517578125, -0.0147705078125, -0.0038299560546875, -0.0040283203125, 0.0125732421875, 0.0517578125, -0.01806640625, 0.041259765625, -0.0888671875, -0.0576171875, -0.00732421875, -0.0240478515625, 0.035888671875, -0.0279541015625, 0.0240478515625, -0.044189453125, -0.0322265625, 0.02880859375, 0.04150390625, -3.123283386230469e-05, 0.0087890625, -0.0242919921875, 0.018310546875, -0.051513671875, -0.02392578125, 0.0390625, 0.0224609375, 0.0087890625, -0.002593994140625, -0.018798828125, -0.0308837890625, -0.0262451171875, -0.039306640625, -0.01214599609375, -0.0240478515625, 0.02880859375, 0.03076171875, -0.0230712890625, -0.0189208984375, -0.004241943359375, -0.0595703125, -0.002685546875, -0.05615234375, 0.0162353515625, 0.0233154296875, -0.0284423828125, -0.0311279296875, -0.006103515625, 0.04443359375, 0.0196533203125, 0.007232666015625, 0.032958984375, -0.0133056640625, -0.050537109375, 0.0264892578125, -0.02392578125, 0.01422119140625, -0.01495361328125, -0.029541015625, -0.015380859375, -0.04052734375, -0.021484375, 0.01806640625, -0.006195068359375, 0.05322265625, 0.006988525390625, -0.017333984375, 0.0089111328125, -0.017578125, -0.0159912109375, -6.437301635742188e-05, -0.00176239013671875, -0.09326171875, -0.0240478515625, -0.003173828125, 0.00084686279296875, -0.01519775390625, 0.07763671875, 0.003082275390625, 0.007110595703125, -0.0150146484375, -0.07861328125, -0.0022125244140625, 0.039794921875, -0.03173828125, -0.00445556640625, -0.04052734375, -0.0252685546875, -0.0037994384765625, -0.0028228759765625, -0.06298828125, 0.01007080078125, 0.01141357421875, 0.0033111572265625, 0.00445556640625, 0.0247802734375, 0.04150390625, 0.00138092041015625, -0.004913330078125, 0.037841796875, -0.0732421875, -0.0233154296875, 0.061279296875, 0.005889892578125, -0.055908203125, 0.0712890625, -0.01171875, -0.038818359375, -0.06005859375, 0.0361328125, -0.0361328125, -0.049560546875, 0.0257568359375, 0.0198974609375, -0.01348876953125, -0.0576171875, 0.01324462890625, -0.01202392578125, -0.029541015625, -0.03515625, 0.004119873046875, 0.01806640625, 0.00555419921875, -0.01080322265625, -0.0081787109375, 0.00494384765625, -0.048828125, -0.01806640625, -0.00469970703125, -0.039306640625, -0.01031494140625, 0.0042724609375, 0.0220947265625, -0.03515625, -0.0306396484375, -0.000827789306640625, 0.007598876953125, 0.031982421875, -0.0732421875, -0.02001953125, -0.02587890625, 0.003265380859375, 0.00799560546875, -0.0018310546875, 0.0030975341796875, -0.021240234375, -0.0274658203125, 0.039306640625, 0.05224609375, -0.02880859375, 0.0712890625, 0.0128173828125, 0.0030059814453125, -0.0026397705078125, -0.01263427734375, 0.0284423828125, 0.0030975341796875, -0.0308837890625, -0.0186767578125, -0.0289306640625, -0.0054931640625, -0.00061798095703125, 0.04345703125, -0.039306640625, -0.017333984375, -0.00927734375, -0.0189208984375, 0.035888671875, -0.003692626953125, -0.0137939453125, -0.030029296875, 0.06494140625, 0.035888671875, 0.00014591217041015625, -0.007354736328125, -0.0247802734375, 0.01190185546875, 0.01397705078125, 0.005523681640625, -0.031982421875, 0.0274658203125, -0.02392578125, 0.00311279296875, 0.0023345947265625, -0.03955078125, 0.0081787109375, 0.01141357421875, 0.0033111572265625, -0.055908203125, -0.01556396484375, -0.00982666015625, -0.021484375, 0.035888671875, 0.0023956298828125, -0.033447265625, -0.038330078125, -0.01361083984375, 0.0128173828125, 0.0191650390625, 0.01031494140625, 0.01324462890625, -0.0234375, -0.011474609375, 0.05126953125, -0.0126953125, -0.0279541015625, -0.00634765625, 0.0341796875, 0.01129150390625, -0.005767822265625, -0.017333984375, 0.037841796875, 0.0233154296875, -0.0341796875, 0.01324462890625, 0.0128173828125, 0.052978515625, 0.03662109375, 0.037109375, -0.00433349609375, -0.018798828125, 0.04345703125, -0.00628662109375, -0.004150390625, 0.01397705078125, 0.0478515625, -0.0072021484375, -0.021240234375, 0.0167236328125, -0.01080322265625, 0.0234375, 0.010009765625, 0.06494140625, 0.0185546875, 0.02197265625, 0.057861328125, -0.022216796875, -0.07470703125, -0.0264892578125, 0.0225830078125, 0.015380859375, 0.006988525390625, 0.0162353515625, 0.0087890625, 0.035888671875, -0.00830078125, 0.02294921875, 0.03369140625, 0.00958251953125, 0.01153564453125, -0.037841796875, -0.01324462890625, 0.011962890625, -0.0235595703125, 0.01214599609375, 0.0306396484375, -0.005950927734375, -0.0228271484375, -0.0145263671875, -0.0201416015625, 0.0262451171875, 0.0235595703125, -0.10107421875, -0.01531982421875, -0.04296875, -0.01708984375, -0.0087890625, 0.01165771484375, 0.03369140625, -0.0147705078125, -0.0023956298828125, 0.0012359619140625, -0.0257568359375, -0.03662109375, 0.00543212890625, -0.016357421875, -0.0390625, 0.044189453125, -0.00421142578125, 0.039306640625, -0.027587890625, 0.0084228515625, 0.0230712890625, 0.01513671875, 0.032470703125, 0.01312255859375, -0.03369140625, 0.01239013671875, -0.00933837890625, 0.0185546875, -0.0013427734375, 0.031494140625, 0.04248046875, -0.010986328125, 0.02587890625, -0.0216064453125, -0.0028076171875, 0.03125, 0.021484375, 0.00086212158203125, 0.0303955078125, -0.01287841796875, 0.01556396484375, 0.0234375, -0.021240234375, -0.0233154296875, -0.045166015625, 0.00787353515625, -0.0272216796875, 0.03271484375, 0.031982421875, 0.0029144287109375, 0.0234375, -0.01348876953125, 0.043212890625, -0.032958984375, -0.03955078125, 0.0311279296875, -0.0162353515625, -0.0174560546875, 0.016357421875, -0.10107421875, -0.040771484375, 0.043212890625, 0.051513671875, -0.006927490234375, -0.0269775390625, 0.021728515625, 0.0419921875, 0.0206298828125, -0.0196533203125, -0.03759765625, -0.014404296875, -0.0191650390625, -0.0201416015625, 0.020751953125, 0.018310546875, 0.012451171875, -0.00140380859375, 0.01336669921875, -0.01953125, 0.0048828125, -0.0308837890625, 0.01171875, -0.02490234375, 0.06494140625, 0.06494140625, 0.014404296875, -0.0673828125, 0.053955078125, 0.0159912109375, 0.00640869140625, 0.001800537109375, -0.03515625, -0.0206298828125, -0.033447265625, -0.02587890625, 0.0240478515625, -0.00958251953125, -0.0033721923828125, -0.018798828125, 0.059814453125, 0.03662109375, 0.0224609375, -0.027587890625, -0.0159912109375, 0.01141357421875, -0.0224609375, -0.0247802734375, -0.0091552734375, 0.083984375, -0.0284423828125, 0.0216064453125, 0.05126953125, 0.0439453125, 0.0147705078125, -0.07958984375, 0.0400390625, -0.032958984375, 0.0216064453125, -0.0052490234375, -0.0279541015625, -0.025634765625, -0.00506591796875, -0.0191650390625, -0.0091552734375, -0.0478515625, 0.039306640625, 0.01129150390625, 0.003997802734375, 0.08642578125, -0.018310546875, 0.02099609375, 0.0240478515625, 0.0084228515625, -0.0576171875, -0.0022430419921875, -0.03125, 0.0174560546875, 0.0216064453125, -0.0162353515625, -0.05712890625, 0.042236328125, -0.02294921875, 