{"movie": "tagesschau", "offset": 30, "text_offset": 30, "embedding": [-0.041015625, 0.015380859375, -0.037109375, -0.034912109375, -0.0225830078125, -0.0017547607421875, -0.000270843505859375, 0.035400390625, -0.01708984375, 0.01263427734375, 0.028076171875, 0.007568359375, 0.02783203125, -0.04931640625, -0.0294189453125, -0.00823974609375, 0.0028839111328125, 0.0108642578125, -0.0050048828125, -0.038818359375, 0.01519775390625, 0.01318359375, 0.055419921875, -0.031982421875, 0.01104736328125, -0.022216796875, -0.0274658203125, -0.038330078125, 0.039794921875, -0.004638671875, 0.025634765625, -0.0194091796875, 0.05712890625, -0.0220947265625, -0.0247802734375, 0.0081787109375, 0.0220947265625, -0.00927734375, 0.0272216796875, -0.00077056884765625, -0.0277099609375, 0.05322265625, -0.0289306640625, -0.031982421875, -0.025634765625, -0.0263671875, -0.0169677734375, 0.018798828125, 0.0361328125, -0.0030517578125, 0.00408935546875, -0.0264892578125, 0.0084228515625, -0.024658203125, -0.03173828125, -0.0177001953125, -0.0206298828125, -0.0029754638671875, -0.03955078125, 0.0230712890625, -0.03955078125, 0.004302978515625, -0.032470703125, -0.0274658203125, 0.0281982421875, 0.030517578125, -0.003021240234375, -0.006744384765625, -0.018798828125, 0.029052734375, -0.0159912109375, -0.003631591796875, -0.031982421875, -0.0198974609375, 0.01904296875, -0.0264892578125, -0.022216796875, -0.01220703125, 0.038818359375, -0.0277099609375, -0.00518798828125, -0.01495361328125, -0.0177001953125, 0.019775390625, -0.000606536865234375, -0.0302734375, -0.004119873046875, 0.020263671875, 0.044189453125, 0.059326171875, 0.01123046875, 0.0113525390625, -0.038330078125, -0.028076171875, 0.04541015625, -0.0216064453125, -0.05224609375, -0.00147247314453125, -0.011474609375, -0.01318359375, 0.01239013671875, -0.01275634765625, -0.041015625, -0.005828857421875, -0.00762939453125, -0.0218505859375, -0.0198974609375, -0.051513671875, -0.0380859375, 0.026611328125, 0.00173187255859375, -0.06396484375, -0.0128173828125, -0.05712890625, -0.0255126953125, -0.000919342041015625, 0.01104736328125, 0.0283203125, 0.0084228515625, 0.04931640625, -0.04345703125, 0.028076171875, -0.01544189453125, 0.02392578125, 0.06005859375, -0.01171875, 0.00958251953125, 0.031982421875, 0.020751953125, -0.0299072265625, -0.0341796875, -0.030517578125, 0.07177734375, 0.002471923828125, -0.058349609375, -0.00946044921875, 0.01324462890625, -0.03369140625, -0.0537109375, 0.052734375, 0.0283203125, -0.000492095947265625, 0.026611328125, 0.0205078125, -0.08447265625, 0.01611328125, 0.03515625, -0.0031890869140625, 0.00054931640625, -0.06884765625, 0.016845703125, 0.00909423828125, -0.01348876953125, 0.021728515625, 0.0164794921875, -0.0341796875, -0.0220947265625, 0.052978515625, -0.03271484375, -0.044189453125, 0.0191650390625, 0.042236328125, -0.0033111572265625, 0.0166015625, 0.039794921875, 0.00189208984375, 0.0089111328125, 0.059814453125, -0.04931640625, -0.07568359375, -0.0238037109375, 0.006866455078125, 0.006622314453125, 0.0211181640625, 0.032958984375, -0.004547119140625, -0.004974365234375, -0.044921875, 0.001190185546875, 0.0142822265625, 0.04443359375, -0.022705078125, 0.0030517578125, -0.01416015625, 0.01806640625, 0.0174560546875, -0.00433349609375, -0.01373291015625, -0.052734375, -0.024169921875, 0.025634765625, 0.1259765625, 0.0111083984375, 0.019775390625, 0.01220703125, -0.0693359375, -0.07421875, 0.00982666015625, 0.0194091796875, -0.03564453125, -0.03662109375, 0.06396484375, -0.01446533203125, -0.042236328125, -0.0030975341796875, 0.0257568359375, 0.0185546875, 0.0194091796875, -0.0032958984375, 0.02001953125, 0.039306640625, -0.00885009765625, -0.0177001953125, 0.00701904296875, -0.0299072265625, -0.056640625, 0.0478515625, 0.0625, 0.01513671875, 0.01458740234375, -0.052734375, 0.031494140625, 0.0164794921875, 0.00750732421875, 0.08203125, -0.051513671875, 0.0361328125, 0.019775390625, 0.04345703125, -0.000270843505859375, 0.01043701171875, 0.0400390625, -0.006805419921875, -0.0211181640625, 0.06298828125, 0.01470947265625, 0.0057373046875, -0.0274658203125, 0.005462646484375, 0.009033203125, -0.061767578125, -0.034423828125, 0.0291748046875, 0.0025634765625, -0.05810546875, 0.0244140625, -0.01171875, 0.046875, -0.029052734375, 0.011474609375, -0.028076171875, -0.00830078125, -0.006927490234375, -0.0220947265625, 0.005645751953125, 0.0003032684326171875, -0.04052734375, 0.042236328125, 0.004486083984375, 0.01275634765625, 0.024658203125, -0.03369140625, 0.0218505859375, 0.0322265625, -0.0380859375, 0.02783203125, -0.031494140625, -0.004913330078125, -0.0208740234375, 0.0067138671875, 0.0230712890625, 0.09033203125, -0.00121307373046875, 0.01361083984375, -0.034912109375, -0.003143310546875, 0.00872802734375, -0.01904296875, -0.0133056640625, 0.00970458984375, 0.02734375, 0.004364013671875, 0.041259765625, 0.0361328125, 0.0147705078125, -0.0277099609375, -0.045166015625, 0.01446533203125, -0.00885009765625, 0.046142578125, -0.042724609375, 0.07080078125, 0.006622314453125, -0.01025390625, -0.0069580078125, -0.004119873046875, -0.01251220703125, 0.0069580078125, -0.00537109375, 0.037841796875, -0.00860595703125, -0.00994873046875, 0.002105712890625, 0.006744384765625, -0.046142578125, -0.051513671875, 0.011474609375, -0.02294921875, 0.000965118408203125, 0.01544189453125, -0.0296630859375, -0.007080078125, 0.00058746337890625, -0.0034637451171875, 0.0004253387451171875, 0.016845703125, 0.0081787109375, -0.01318359375, 0.026123046875, -0.007080078125, 0.022216796875, -0.034912109375, -0.03564453125, 0.06884765625, -0.0189208984375, 0.006256103515625, 0.005859375, 0.0086669921875, 0.00970458984375, -0.021728515625, 0.0059814453125, -0.02734375, 0.022705078125, -0.00762939453125, -0.05029296875, 0.06298828125, -0.059814453125, -0.00138092041015625, 0.0068359375, 0.049560546875, 0.007781982421875, 0.037109375, 0.0174560546875, 0.0458984375, -0.028076171875, 0.0225830078125, 0.07861328125, -0.0166015625, 0.018798828125, 0.0380859375, 0.031982421875, -0.0283203125, 0.0260009765625, 0.01385498046875, -0.0380859375, -0.01470947265625, -0.02392578125, 0.09033203125, -0.0255126953125, 0.0208740234375, 0.0167236328125, 0.05224609375, 0.06591796875, -0.06787109375, 0.01025390625, 0.0012664794921875, -0.033935546875, -0.03759765625, -0.0067138671875, -0.00469970703125, 0.0216064453125, 0.011962890625, 0.033203125, 0.01483154296875, -0.003082275390625, -0.00421142578125, 0.0458984375, 0.01318359375, 0.01275634765625, 0.042724609375, -0.0322265625, -0.006744384765625, -0.029052734375, -0.00860595703125, -0.08642578125, 0.0281982421875, -0.035400390625, -0.036376953125, 0.0196533203125, -0.010009765625, -0.07958984375, -0.00970458984375, -0.00958251953125, 0.01055908203125, -0.07958984375, -0.006591796875, 0.01080322265625, 0.0299072265625, 0.0181884765625, 0.03369140625, 0.01153564453125, 0.000537872314453125, -0.005523681640625, 0.0174560546875, 0.022216796875, 0.03271484375, 0.0013427734375, -0.033203125, 0.05224609375, 0.0194091796875, -0.04833984375, -0.020263671875, -0.0208740234375, -0.0010528564453125, 0.0057373046875, -0.0272216796875, -0.0225830078125, 0.05322265625, -0.006591796875, 0.0185546875, -0.0152587890625, -0.03466796875, -0.0296630859375, 0.04052734375, -0.00567626953125, -0.04443359375, -0.037109375, 0.020263671875, -0.03955078125, 0.0032501220703125, -0.018310546875, -0.06640625, 0.006072998046875, -0.00787353515625, -0.01446533203125, 0.020263671875, -0.039306640625, -0.051025390625, -0.0174560546875, 0.051025390625, 0.035888671875, -0.031494140625, -0.05029296875, -0.002685546875, -0.017333984375, 0.038330078125, 0.042724609375, 0.01177978515625, -0.0264892578125, 0.0286865234375, 0.035888671875, 0.0234375, 0.0037841796875, 0.008056640625, 0.031494140625, -0.04150390625, -0.033447265625, -0.046875, -0.0038909912109375, -0.0142822265625, -0.035400390625, -0.0022125244140625, 0.039794921875, -0.0966796875, 0.029541015625, -0.04541015625, 0.05615234375, 0.0028228759765625, 