{"movie": "tagesschau", "offset": 70, "text_offset": 70, "embedding": [0.010498046875, 0.01416015625, 0.006591796875, 0.01434326171875, -0.05126953125, 0.014892578125, 0.033447265625, -0.0223388671875, -0.052978515625, 0.039794921875, -0.0003376007080078125, 0.00799560546875, -0.01519775390625, -0.0016326904296875, 0.03125, -0.0250244140625, 0.033447265625, -0.0238037109375, -0.036376953125, -0.018798828125, -0.033447265625, 0.0272216796875, 0.061767578125, -0.00811767578125, 0.052978515625, 0.0169677734375, -0.06689453125, 0.047607421875, 0.03759765625, 0.061767578125, -0.00732421875, 0.04931640625, 0.0458984375, 0.00787353515625, -0.008056640625, -0.0145263671875, 0.0179443359375, 0.0113525390625, -0.00732421875, 0.021240234375, -0.059326171875, 0.0020751953125, -0.0771484375, -0.000148773193359375, -0.037841796875, 0.01190185546875, -0.055908203125, 0.039794921875, -0.024658203125, 0.0031585693359375, -0.043701171875, 0.006134033203125, -0.0281982421875, 0.033447265625, -0.013427734375, 0.00677490234375, 0.0162353515625, 0.00107574462890625, -0.025634765625, -0.01153564453125, -0.01226806640625, -0.0267333984375, 0.0126953125, -0.0150146484375, 0.022216796875, -0.0186767578125, -0.055908203125, 0.00537109375, -0.0034027099609375, 0.040283203125, -0.0341796875, -0.08056640625, -0.0294189453125, -0.064453125, 0.00148773193359375, 0.005279541015625, 0.03759765625, -0.054443359375, 0.0179443359375, 0.00537109375, 0.030517578125, -0.03662109375, 0.03076171875, -8.58306884765625e-05, 0.043701171875, -0.04345703125, 0.0081787109375, 0.0087890625, 0.00994873046875, 0.01177978515625, -0.01904296875, -0.024658203125, -0.0294189453125, -0.03662109375, 0.034423828125, 0.0322265625, 0.0162353515625, 0.0162353515625, -0.0042724609375, 0.03515625, -0.0198974609375, 0.01361083984375, -0.0211181640625, -0.0224609375, 0.0157470703125, -0.0439453125, -0.00439453125, 0.0076904296875, 0.0286865234375, 0.046142578125, -0.0615234375, -0.00185394287109375, 0.0096435546875, -0.00164794921875, -0.0106201171875, -0.04833984375, -0.00171661376953125, -0.0252685546875, 0.00787353515625, 0.00579833984375, -0.01080322265625, 0.004852294921875, -0.054443359375, -0.035400390625, 0.004913330078125, 0.0260009765625, 0.04345703125, 0.018310546875, -0.08056640625, -0.006439208984375, 0.04931640625, 0.0341796875, 0.026123046875, 0.052001953125, -0.060302734375, 0.0130615234375, -0.06591796875, -0.02197265625, 0.03369140625, -0.006805419921875, -0.02294921875, -0.00640869140625, 0.00933837890625, 0.000476837158203125, -0.035888671875, 0.0296630859375, 0.00439453125, -0.0223388671875, -0.056396484375, 0.00726318359375, 0.0181884765625, -0.0035247802734375, -0.014892578125, 0.0194091796875, 0.0107421875, -0.054443359375, 0.004302978515625, 0.0167236328125, -0.05224609375, 0.0272216796875, -0.07861328125, 0.0264892578125, -0.025634765625, 0.04638671875, 0.0361328125, -0.024169921875, -0.005096435546875, -0.04345703125, 0.06689453125, 0.0135498046875, -0.00897216796875, -0.030517578125, 0.00262451171875, 0.0111083984375, -0.0035247802734375, 0.01556396484375, -0.00994873046875, -0.039794921875, -0.029296875, 0.032470703125, -0.038330078125, 0.0198974609375, 0.04541015625, -0.042236328125, 0.04248046875, -0.05810546875, 0.0205078125, -0.0458984375, 0.007354736328125, 0.0201416015625, -0.0035858154296875, 0.0206298828125, -0.025390625, 0.0439453125, 0.0052490234375, -0.005096435546875, 0.01055908203125, -0.0022430419921875, -0.08642578125, 0.0703125, -0.042236328125, -0.0238037109375, -0.0021514892578125, 0.018310546875, -0.0263671875, 0.00084686279296875, -0.006439208984375, -0.0162353515625, 0.01556396484375, -0.006866455078125, 0.01434326171875, 0.03173828125, -0.0224609375, 0.0115966796875, -0.056640625, 0.038818359375, 0.0260009765625, 0.017578125, 0.0556640625, 0.030029296875, 0.016845703125, -0.0211181640625, -0.04541015625, -0.0272216796875, 0.040283203125, -0.06689453125, 0.0167236328125, -0.0224609375, 0.024169921875, -0.035888671875, -0.03857421875, 0.031494140625, -0.0196533203125, 0.03076171875, 0.004913330078125, 0.030517578125, 0.040283203125, 0.0224609375, 0.027099609375, -0.0025177001953125, 0.0250244140625, -0.01226806640625, 0.013916015625, -0.02099609375, 0.02685546875, 0.00110626220703125, 0.0028839111328125, -0.0245361328125, -0.01043701171875, 0.01123046875, -0.00421142578125, 0.0037689208984375, 0.040771484375, -0.0150146484375, -0.0267333984375, 0.002471923828125, -0.0294189453125, 0.006591796875, -0.049072265625, -0.0216064453125, 0.005584716796875, -0.03955078125, 0.007415771484375, -0.001434326171875, 0.0274658203125, 0.0128173828125, -0.022705078125, -0.0181884765625, -0.007171630859375, -0.0074462890625, 0.04296875, 0.047607421875, -0.0098876953125, -0.0120849609375, 0.0069580078125, -0.016845703125, 0.0301513671875, -0.0164794921875, 0.0010223388671875, 0.039306640625, 0.015380859375, -0.013916015625, -0.0208740234375, -0.01116943359375, 0.007049560546875, 0.031982421875, -0.0224609375, 0.04833984375, 0.0137939453125, -0.0208740234375, -0.050537109375, -0.00653076171875, 0.060302734375, -0.0189208984375, -0.000347137451171875, 0.01190185546875, 0.04296875, -0.02783203125, -0.047119140625, -0.03955078125, -0.036865234375, -0.0167236328125, 0.0634765625, -0.002471923828125, 0.02392578125, 0.06689453125, 0.047607421875, -0.00604248046875, 0.021240234375, 0.060791015625, -0.0152587890625, -0.044677734375, -0.0294189453125, -0.01043701171875, 0.00153350830078125, -0.035400390625, -0.0091552734375, -0.035400390625, 0.02685546875, -0.01214599609375, -0.00732421875, -0.0230712890625, 0.03173828125, 0.0537109375, -0.01251220703125, 0.015380859375, 0.0283203125, -0.039306640625, 0.024658203125, -0.03759765625, 0.02685546875, 0.019287109375, 0.00897216796875, -0.03759765625, 0.013427734375, -0.00994873046875, -0.022705078125, -0.03076171875, 0.007171630859375, -0.0206298828125, 0.05810546875, -0.060302734375, 0.008544921875, -0.00037384033203125, -0.00677490234375, 0.040771484375, -0.028564453125, 0.01544189453125, -0.037109375, 0.0164794921875, -0.0014190673828125, 0.055908203125, 0.0283203125, 0.000736236572265625, 0.0107421875, -0.0308837890625, 0.0128173828125, 0.01336669921875, -0.00555419921875, -0.018798828125, -0.0172119140625, 0.040283203125, 0.0908203125, -0.052978515625, 0.056396484375, -0.035888671875, 0.049072265625, -0.0111083984375, 0.0303955078125, -0.043701171875, -0.03515625, 0.05712890625, -0.01324462890625, 0.031982421875, -0.04931640625, 0.025390625, 0.00167083740234375, -0.00787353515625, -0.03662109375, 0.032470703125, -0.003936767578125, 0.0242919921875, 0.000881195068359375, -0.0203857421875, 0.034912109375, 0.019287109375, 0.003753662109375, -0.0849609375, -0.0296630859375, -0.06298828125, 0.0263671875, 0.01483154296875, -0.0205078125, -0.043701171875, -0.05224609375, -0.03466796875, 0.01446533203125, 0.04248046875, 0.03369140625, -0.0296630859375, -0.026123046875, 0.00102996826171875, -0.0361328125, -0.03076171875, 0.0014495849609375, 0.08935546875, -0.03759765625, -0.006622314453125, 0.03125, 0.0230712890625, -0.037109375, 0.0024871826171875, 0.047607421875, -0.006805419921875, 0.0181884765625, -0.002777099609375, 0.043212890625, -0.0081787109375, 0.07763671875, 0.005615234375, 0.009521484375, -0.004058837890625, -0.0179443359375, -0.030029296875, 0.01904296875, -0.0498046875, -0.0250244140625, 0.0081787109375, -0.01416015625, 0.00384521484375, 0.01007080078125, 0.052978515625, -0.0245361328125, -0.0145263671875, 0.037353515625, 0.00439453125, -0.005859375, -0.03857421875, -0.07421875, -0.0230712890625, 0.00335693359375, 0.0037994384765625, -0.0625, 0.010498046875, -0.042236328125, -0.00396728515625, 0.021484375, -0.006622314453125, 0.00787353515625, 0.01318359375, -0.01318359375, 0.00093841552734375, 0.054443359375, 0.0167236328125, -0.03759765625, 0.010498046875, 0.00555419921875, 0.0069580078125, -0.026123046875, -0.008056640625, -0.00689697265625, 0.0033111572265625, -0.0235595703125, 0.0194091796875, 0.03271484375, -0.076171875, 