{"movie": "wwdc2025", "offset": 148, "text_offset": 140, "embedding": [0.00537109375, 0.0262451171875, -0.01019287109375, -0.01123046875, -0.06884765625, 0.004913330078125, 0.0439453125, -0.033203125, 0.040283203125, 0.04638671875, 0.033935546875, -0.0198974609375, -0.0244140625, -0.0732421875, -0.0218505859375, -0.01434326171875, -0.00482177734375, 0.010986328125, -0.00201416015625, -0.01043701171875, 0.0172119140625, -0.030029296875, -0.0203857421875, -0.041748046875, -0.0033416748046875, -0.0004863739013671875, -0.06005859375, -0.03125, 0.0294189453125, 0.0015106201171875, -0.03076171875, -0.087890625, 0.07470703125, 0.007720947265625, -0.03564453125, 0.005096435546875, 0.043212890625, 0.00787353515625, 0.009033203125, 0.01904296875, 0.0030517578125, 0.0308837890625, -0.0169677734375, -0.0771484375, 0.0164794921875, 0.0052490234375, -0.04736328125, 0.003936767578125, 0.00153350830078125, 0.0198974609375, -0.01312255859375, -0.02587890625, -0.00238037109375, -0.05322265625, -0.023681640625, -0.0016937255859375, -0.008056640625, 0.03759765625, 0.03564453125, -0.02587890625, -0.04736328125, -0.00946044921875, 0.0390625, 0.01165771484375, -0.01007080078125, -0.0069580078125, 0.04296875, -0.04541015625, -0.01031494140625, 0.004913330078125, -0.06640625, -0.0118408203125, 0.022705078125, 0.004241943359375, 0.040283203125, 0.01263427734375, 0.034423828125, -0.048095703125, 0.04296875, 0.044921875, -0.0673828125, -0.00074005126953125, -0.0208740234375, -0.0322265625, -0.0281982421875, -0.00750732421875, -0.032958984375, 0.0206298828125, -0.048095703125, 0.0108642578125, -0.0150146484375, 0.027099609375, 0.0252685546875, -0.03857421875, -0.01019287109375, -0.0274658203125, -0.0478515625, -0.0147705078125, -0.0250244140625, -0.02197265625, 0.041259765625, 0.01953125, -0.044921875, -0.01708984375, 0.006988525390625, -0.05322265625, -0.005279541015625, 0.004608154296875, -0.01373291015625, -0.002838134765625, -0.00341796875, -0.0284423828125, -0.0673828125, -0.029052734375, 0.024169921875, 0.037841796875, 0.036865234375, -0.019775390625, 0.00433349609375, 0.013671875, -0.032958984375, -0.0400390625, -0.010498046875, 0.01904296875, -0.006622314453125, 0.0264892578125, 0.036865234375, -0.0228271484375, -0.009765625, 0.037353515625, -0.040771484375, -0.033203125, 0.006683349609375, 0.01104736328125, -0.03857421875, -0.00933837890625, -0.00531005859375, -0.02587890625, -0.052490234375, -0.0211181640625, 0.0206298828125, 0.048828125, -0.0203857421875, 0.064453125, 0.0177001953125, -0.02294921875, 0.03466796875, 0.0179443359375, -0.04345703125, -0.0286865234375, -0.0133056640625, -0.0732421875, -0.03173828125, 0.0286865234375, -0.01220703125, 0.058837890625, 0.000560760498046875, -0.0040283203125, -0.01239013671875, -0.02734375, -0.0172119140625, -0.06005859375, 0.0157470703125, 0.01116943359375, -0.017822265625, -0.03564453125, -0.01708984375, 0.007415771484375, -0.00994873046875, -0.06591796875, -0.05322265625, -0.0103759765625, -0.025390625, 0.02734375, -0.00799560546875, 0.00286865234375, 0.00665283203125, -0.00537109375, -0.02392578125, -0.0157470703125, -0.016845703125, -0.006134033203125, 0.0196533203125, -0.03466796875, 0.01202392578125, -0.0189208984375, 0.00860595703125, 0.0032806396484375, -0.01116943359375, 0.0235595703125, -0.01336669921875, 0.055908203125, 0.06005859375, 0.03369140625, 0.04248046875, -0.0673828125, 0.01611328125, -0.00634765625, 0.064453125, 0.0439453125, -0.00872802734375, 0.05322265625, 0.0157470703125, 0.006866455078125, 0.034912109375, 0.0223388671875, -0.015869140625, -0.005889892578125, -0.030517578125, 0.10107421875, -0.054931640625, -0.0002460479736328125, -0.0712890625, 0.0096435546875, -0.003997802734375, -0.0478515625, 0.023681640625, 0.03564453125, 0.025634765625, 0.051513671875, -0.007720947265625, -0.03857421875, 0.004364013671875, 0.003936767578125, -0.0245361328125, 0.00592041015625, 0.00872802734375, 0.021484375, -0.003387451171875, -0.00518798828125, 0.006103515625, 0.00872802734375, -0.01165771484375, 0.01544189453125, -0.0250244140625, 0.019775390625, 0.0223388671875, -0.021240234375, -0.06884765625, 0.01202392578125, 0.0179443359375, -0.005523681640625, -0.034912109375, 0.04736328125, 0.018798828125, -0.0400390625, -0.01611328125, 0.06982421875, -0.001495361328125, -0.03271484375, -0.018310546875, 0.027587890625, 0.0059814453125, -0.030029296875, -0.0244140625, 0.025390625, 0.00823974609375, 0.00994873046875, -0.0252685546875, 0.03271484375, 0.0054931640625, 0.027099609375, -7.534027099609375e-05, -0.0107421875, -0.021484375, 0.0004482269287109375, -0.033935546875, -0.0032806396484375, -0.031494140625, 0.061767578125, 0.05078125, -0.056640625, -0.032958984375, 0.0150146484375, -0.0703125, 0.03759765625, -0.044677734375, -0.0152587890625, -0.04736328125, 0.033203125, -0.037841796875, -0.000423431396484375, -0.0184326171875, -0.0103759765625, 0.01611328125, -0.0361328125, 0.00469970703125, -0.02880859375, -0.0244140625, 0.00102996826171875, 0.020751953125, -0.041259765625, -0.006317138671875, -0.0108642578125, -0.0108642578125, -0.0228271484375, -0.0712890625, 0.0093994140625, -0.031494140625, -0.03955078125, -0.057373046875, 0.03955078125, -0.011474609375, 0.04150390625, 0.02587890625, 0.02294921875, 0.0322265625, -0.00738525390625, 0.03271484375, 0.043212890625, 0.02587890625, -0.0303955078125, 0.02392578125, 0.055908203125, -0.04248046875, 0.0185546875, -0.03173828125, -0.047119140625, 0.08642578125, -0.0269775390625, -0.0211181640625, 0.02734375, 0.01202392578125, 0.04541015625, 0.05517578125, -0.03564453125, -0.0517578125, 0.00179290771484375, -0.02734375, 0.01177978515625, 0.00897216796875, 8.058547973632812e-05, -0.0057373046875, 0.026611328125, -0.041748046875, -0.0185546875, 9.119510650634766e-06, -0.0120849609375, 0.01019287109375, 0.00830078125, -0.018310546875, 0.032958984375, -0.011962890625, 0.0252685546875, -0.00102996826171875, -0.0027008056640625, 0.048828125, 0.0211181640625, 0.05419921875, -0.034423828125, -0.0184326171875, -0.006195068359375, -0.01141357421875, 0.060546875, -0.01141357421875, -0.0059814453125, 0.0157470703125, 0.03759765625, -0.01409912109375, 0.02294921875, -0.0169677734375, 0.004730224609375, -0.0247802734375, -0.027587890625, 0.043701171875, -0.0038604736328125, -0.00750732421875, -0.03759765625, -0.03857421875, 0.0291748046875, 0.039794921875, 0.0115966796875, -0.0005950927734375, -0.0018768310546875, -0.0185546875, 0.0361328125, -0.007720947265625, 0.007415771484375, -0.012451171875, 0.01513671875, -0.03173828125, 0.05078125, 0.000789642333984375, -0.00341796875, -0.0240478515625, -0.0223388671875, 0.006134033203125, 0.007720947265625, -0.044677734375, -0.0189208984375, -0.017822265625, -0.0081787109375, 0.0005035400390625, -0.007354736328125, -0.0179443359375, -0.07958984375, -0.05517578125, 0.007354736328125, -0.0107421875, -0.018310546875, 0.0103759765625, 0.000762939453125, -0.033447265625, -0.02392578125, -0.02587890625, 0.0267333984375, 0.0157470703125, -0.0228271484375, -0.033203125, 0.043701171875, -0.019287109375, 0.01416015625, -0.0035247802734375, 0.045654296875, 0.0108642578125, -0.00238037109375, 0.0279541015625, 0.00921630859375, -0.041748046875, 0.012451171875, 0.04736328125, 0.02294921875, 0.03564453125, -0.006103515625, 0.019287109375, -0.012939453125, 0.009033203125, 0.0133056640625, -0.0150146484375, -0.048095703125, 0.00124359130859375, -0.00823974609375, 0.0517578125, -0.0118408203125, 0.0244140625, 0.005157470703125, -0.019287109375, 0.02392578125, -0.0133056640625, -0.0184326171875, 0.009521484375, 0.0250244140625, -0.03173828125, -0.009765625, 0.008544921875, 0.029541015625, -0.031494140625, -0.00482177734375, -0.00933837890625, 0.0203857421875, -0.018310546875, -0.0262451171875, 0.019287109375, 0.072265625, -0.0634765625, 0.0089111328125, -0.0011749267578125, 0.007080078125, -0.057373046875, 0.0458984375, 0.006744384765625, 0.00836181640625, 0.040771484375, 0.007049560546875, -0.013671875, -0.041748046875, 0.0098876953125, 0.039306640625, 