{"movie": "wwdc2025", "offset": 88, "text_offset": 80, "embedding": [0.0234375, 0.04345703125, 0.064453125, 0.01361083984375, -0.041015625, -0.0223388671875, 0.029541015625, -0.0157470703125, 0.03955078125, -0.000919342041015625, 0.0201416015625, 0.020263671875, -0.020751953125, -0.0625, -0.007781982421875, -0.004119873046875, 0.01263427734375, -0.056396484375, -0.009521484375, 0.00848388671875, -0.0341796875, -0.07080078125, 0.029296875, -0.059814453125, 0.0615234375, -0.050537109375, -0.0194091796875, -0.03955078125, -0.042236328125, 0.046142578125, -0.0223388671875, -0.043212890625, 0.0537109375, -0.0162353515625, -0.00299072265625, -0.01129150390625, 0.0302734375, 0.018798828125, -0.048583984375, 0.01556396484375, -0.02294921875, -0.01708984375, -0.0028228759765625, -0.00830078125, 0.054931640625, 0.01361083984375, -0.0703125, -0.02490234375, -0.01171875, 0.04345703125, 0.0145263671875, 0.00567626953125, 0.00057220458984375, -0.060791015625, -0.038818359375, 0.03662109375, 0.00592041015625, 0.0303955078125, 0.044677734375, 0.030029296875, 0.031494140625, -0.01904296875, 0.0179443359375, 0.017333984375, -0.032470703125, 0.01043701171875, -0.0234375, -0.0167236328125, -0.00506591796875, -0.0018463134765625, -0.0277099609375, 0.01129150390625, -0.0274658203125, -0.0341796875, -0.0059814453125, 0.01422119140625, 0.06884765625, -0.0166015625, 0.009521484375, 0.032470703125, -0.017822265625, 0.01226806640625, 0.002716064453125, 0.00653076171875, -0.0311279296875, 0.0021209716796875, 0.01544189453125, -0.0267333984375, -0.036376953125, -0.0027008056640625, -0.0262451171875, 0.0108642578125, 0.00592041015625, -0.0111083984375, -0.004547119140625, 0.034912109375, 0.0026702880859375, 0.0093994140625, 0.004486083984375, 0.032470703125, 0.003997802734375, 0.048095703125, -0.0166015625, -0.0302734375, -0.0133056640625, -0.05322265625, 0.0023956298828125, 0.01275634765625, -0.03955078125, -0.002838134765625, -0.039794921875, 0.0150146484375, -0.0225830078125, 0.043701171875, -0.033203125, 0.0322265625, 0.044677734375, -0.029541015625, 0.01251220703125, 0.0252685546875, -0.048828125, -0.0458984375, 0.0281982421875, -0.038330078125, -0.007171630859375, 0.0458984375, 0.0712890625, -0.002716064453125, -0.032470703125, 0.035888671875, -0.0230712890625, -0.02392578125, 0.0159912109375, 0.01025390625, -0.08203125, -0.03369140625, 0.0111083984375, 0.00872802734375, -0.048828125, -0.01361083984375, -0.0208740234375, 0.02001953125, -0.0216064453125, -0.042236328125, -0.002105712890625, -0.000606536865234375, 0.00130462646484375, -0.0167236328125, -0.032470703125, -0.0308837890625, 0.050048828125, -0.004608154296875, -0.05224609375, 0.041015625, 0.00021648406982421875, 0.0201416015625, -0.039794921875, 0.00154876708984375, -0.0191650390625, -0.06396484375, 0.000667572021484375, -0.0032806396484375, 0.04345703125, -0.04345703125, 0.036865234375, -0.004302978515625, -0.0240478515625, 0.026611328125, -0.026123046875, -0.01422119140625, -0.0147705078125, 0.0218505859375, -0.006805419921875, 0.0030670166015625, -0.043701171875, 0.035888671875, 0.006805419921875, -0.0106201171875, 0.032470703125, -0.034912109375, -0.0230712890625, 0.033935546875, 0.0634765625, 0.00994873046875, -0.0020294189453125, -0.06005859375, 0.0177001953125, 0.052490234375, 0.00445556640625, 0.033203125, -0.03564453125, 0.050537109375, -0.01177978515625, -0.006591796875, 0.0419921875, -0.028564453125, -0.00946044921875, -0.056396484375, 0.05419921875, 0.049072265625, -0.00167083740234375, 0.029541015625, -0.03515625, 0.01409912109375, 0.03173828125, 0.03515625, 0.00750732421875, 0.038818359375, -0.06298828125, 0.01318359375, -0.005767822265625, -0.031494140625, -0.005401611328125, -0.083984375, 0.0311279296875, -0.07421875, 0.0230712890625, 0.0537109375, 0.029052734375, -0.0311279296875, -0.006103515625, 0.01373291015625, -0.0093994140625, 0.05419921875, -0.006591796875, 0.011962890625, -0.0023956298828125, 0.01275634765625, -0.029541015625, -0.00897216796875, 0.001068115234375, 0.038818359375, -0.062255859375, 0.064453125, 0.0272216796875, 0.048583984375, 0.048828125, -0.0201416015625, -0.06787109375, 0.05224609375, 0.01116943359375, -0.0322265625, -0.0113525390625, 0.011962890625, 0.01220703125, -0.0751953125, -0.0162353515625, -0.0032958984375, 0.0040283203125, 0.0086669921875, -0.01446533203125, 0.0194091796875, 0.034912109375, -0.02099609375, -0.0218505859375, -0.006011962890625, -0.0263671875, -0.021728515625, 0.0302734375, 0.0024566650390625, 0.08740234375, 0.01214599609375, 0.0274658203125, -0.01226806640625, 0.0267333984375, -0.0225830078125, -0.05517578125, -0.023681640625, -0.07470703125, -0.01263427734375, 0.0279541015625, -0.0208740234375, -0.01068115234375, 0.0478515625, -0.043701171875, -0.007354736328125, -0.029296875, -0.054443359375, -0.06640625, -0.033935546875, -0.0458984375, -0.01007080078125, -0.035400390625, 0.016845703125, 0.041015625, 0.01068115234375, 0.0242919921875, -0.0126953125, -0.0162353515625, -0.0004673004150390625, 0.028564453125, -0.02099609375, 0.0380859375, 0.00677490234375, -0.0003490447998046875, 0.027099609375, 0.031982421875, -0.022216796875, -0.034423828125, -0.050048828125, -0.0732421875, 0.0172119140625, 0.0023193359375, 0.029541015625, 0.0026397705078125, 0.0223388671875, 0.0341796875, 0.0267333984375, -0.00701904296875, 0.0198974609375, 0.003936767578125, 0.012939453125, 0.00982666015625, 0.0311279296875, -0.0712890625, -0.00579833984375, 0.008544921875, -0.001953125, 0.016845703125, 0.0111083984375, -0.037109375, -0.005218505859375, 0.0303955078125, 0.0218505859375, 0.0037384033203125, -0.0478515625, -0.03662109375, 0.01446533203125, -0.05419921875, -0.048583984375, 0.017822265625, -0.038818359375, 0.004150390625, 0.0003833770751953125, -0.068359375, -0.00823974609375, -0.0257568359375, 0.0185546875, -0.00579833984375, 0.01544189453125, 0.0380859375, 0.033203125, 0.0037384033203125, -0.0189208984375, 0.041015625, 0.02001953125, 0.020263671875, 0.07568359375, 0.007598876953125, -0.004730224609375, -0.008544921875, -0.044677734375, 0.004913330078125, 0.035888671875, -0.020263671875, -0.01055908203125, 0.037353515625, 0.06298828125, -0.07080078125, -0.0017242431640625, -0.0181884765625, -0.055419921875, 0.04052734375, 0.01055908203125, -0.001922607421875, -0.050537109375, -0.046142578125, -0.055908203125, -0.023681640625, 0.0302734375, 0.068359375, -0.015625, 0.0108642578125, -0.0458984375, -0.023193359375, 0.0031585693359375, 0.00579833984375, 0.0042724609375, 0.005584716796875, 0.041015625, -0.044677734375, 0.029296875, 0.00897216796875, -0.00518798828125, -0.00194549560546875, 0.0016326904296875, 0.01007080078125, -0.00726318359375, -0.0186767578125, -0.029052734375, -0.0029296875, -0.0625, 0.039306640625, -0.02294921875, 0.05078125, -0.03173828125, -0.01708984375, 0.0311279296875, 0.023193359375, 0.040283203125, 0.032958984375, -0.01409912109375, -0.07470703125, 0.006439208984375, -0.012451171875, 0.02490234375, 0.01318359375, 0.0177001953125, 0.0213623046875, 0.048583984375, -0.05615234375, -0.0034332275390625, 0.00933837890625, 0.031494140625, -0.030029296875, -0.0208740234375, 0.02490234375, -0.014892578125, 0.006439208984375, 0.0113525390625, 0.056396484375, 0.003936767578125, 0.03125, 0.006256103515625, 0.02490234375, -0.039306640625, -0.02099609375, -0.0242919921875, -0.05419921875, 0.003570556640625, 0.01470947265625, 0.00787353515625, 0.020263671875, 0.002532958984375, 0.0341796875, 0.021240234375, 0.0016326904296875, 0.033203125, -0.046142578125, -0.037353515625, 0.052490234375, -0.0022735595703125, -0.043212890625, 0.049072265625, 0.00555419921875, 0.048828125, -0.013427734375, -0.030029296875, 0.00139617919921875, 0.0235595703125, 0.007781982421875, 0.044677734375, 0.046875, 0.03564453125, -0.0140380859375, 0.03759765625, -0.0211181640625, -0.0252685546875, -0.044677734375, 0.0419921875, -0.0179443359375, 0.03662109375, 0.04248046875, -0.0252685546875, 0.03173828125, -0.039794921875, 0.0157470703125, -0.00160980224609375, -0.05615234375, 