{"movie": "wwdc2025", "offset": 104, "text_offset": 100, "embedding": [-0.00433349609375, 0.0084228515625, 0.017333984375, -0.002777099609375, -0.09326171875, -0.03369140625, 0.05517578125, -0.046142578125, 0.0228271484375, -0.007232666015625, 0.03564453125, -0.0146484375, 0.0159912109375, -0.049560546875, -0.02197265625, 0.005950927734375, 0.002227783203125, -0.00032806396484375, 0.037841796875, -4.506111145019531e-05, -0.00164031982421875, -0.01708984375, 0.05224609375, -0.028076171875, 0.05126953125, -0.02978515625, -0.0703125, -0.0172119140625, -0.032470703125, 0.01361083984375, -0.0703125, -0.0341796875, 0.0230712890625, -0.00823974609375, -0.031494140625, -0.0189208984375, 0.037841796875, 0.028076171875, -0.04931640625, 0.06396484375, 0.028564453125, 0.00433349609375, -0.0162353515625, -0.021484375, 0.037353515625, 0.00958251953125, -0.01080322265625, -0.037353515625, -0.032958984375, 0.015869140625, -0.0086669921875, 0.004180908203125, -0.0023040771484375, -0.04931640625, 0.01019287109375, -0.00157928466796875, 0.017333984375, 0.0498046875, 0.07958984375, -0.0277099609375, -0.0274658203125, 0.000789642333984375, 0.029296875, -0.007659912109375, 0.003265380859375, -0.0034332275390625, -0.006317138671875, -0.0654296875, -0.042236328125, -0.03369140625, -0.04248046875, 0.0084228515625, 0.0030059814453125, -0.064453125, 0.00701904296875, -0.0030517578125, 0.068359375, -0.0274658203125, 0.04345703125, 0.0172119140625, 0.007720947265625, 0.027587890625, 0.02587890625, -0.005157470703125, -0.017822265625, -0.029541015625, -0.02001953125, 0.01007080078125, -0.0712890625, -0.0224609375, -0.0133056640625, 0.055908203125, 0.00144195556640625, -0.0135498046875, -0.0235595703125, 0.037353515625, 0.0111083984375, -0.05029296875, 0.007720947265625, -0.0027008056640625, 0.048828125, 0.007049560546875, -0.04443359375, -0.00665283203125, -0.06494140625, -0.0986328125, 0.026611328125, -0.003143310546875, -0.039794921875, 0.040283203125, -0.05078125, -0.03857421875, -0.007049560546875, 0.022216796875, -0.00848388671875, 0.042236328125, 0.043212890625, -0.0162353515625, 0.01312255859375, 0.00726318359375, -0.0164794921875, -0.054443359375, 0.034423828125, -0.017578125, -0.0196533203125, 0.048095703125, 0.056884765625, 0.02099609375, -0.06298828125, 0.047607421875, -0.027587890625, 0.0028533935546875, 0.0634765625, 0.0087890625, -0.0272216796875, -0.0242919921875, 0.0157470703125, 0.00823974609375, 0.0045166015625, -0.0036773681640625, 0.01397705078125, -0.01043701171875, -0.06689453125, -0.0017547607421875, -0.019775390625, 0.007598876953125, 0.0262451171875, 0.00177764892578125, -0.07275390625, -0.0252685546875, -0.0072021484375, -0.03369140625, -0.01953125, 0.034423828125, 0.007598876953125, 0.0673828125, -0.003570556640625, -0.0133056640625, 0.011474609375, -0.006866455078125, 0.0142822265625, -0.0230712890625, 0.03564453125, -0.017822265625, 0.048095703125, 0.0230712890625, -0.01953125, -0.00494384765625, -0.03369140625, -0.0186767578125, -0.019287109375, -0.003448486328125, -0.005279541015625, 0.003265380859375, -0.046875, -0.005645751953125, -0.0238037109375, 0.033203125, 0.016845703125, -0.053466796875, -0.0240478515625, 0.037353515625, 0.0654296875, -0.008544921875, 0.002716064453125, -0.0234375, 0.0439453125, 0.02587890625, -0.0111083984375, 0.0262451171875, -0.019287109375, -0.0091552734375, -0.0031585693359375, 0.017578125, 0.06591796875, -0.047607421875, -0.0294189453125, -0.0238037109375, 0.0267333984375, 0.0673828125, 0.0033721923828125, 0.061767578125, 0.05810546875, -0.0302734375, -0.0091552734375, 0.01446533203125, -0.00194549560546875, 0.03857421875, -0.06689453125, 0.037353515625, -0.022216796875, -0.00634765625, -0.00124359130859375, -0.0235595703125, 0.036865234375, -0.04345703125, 0.02880859375, 0.064453125, 0.0189208984375, 0.006317138671875, -0.036376953125, 0.00433349609375, 0.01080322265625, 0.038818359375, 0.000263214111328125, 0.01220703125, -0.01361083984375, -0.0087890625, 0.0186767578125, -0.0216064453125, -0.0198974609375, 0.014404296875, -0.022216796875, 0.0211181640625, -0.005889892578125, 0.003326416015625, 0.00078582763671875, 0.00665283203125, -0.06689453125, 0.06640625, -0.0091552734375, -0.052978515625, 0.0150146484375, 0.0302734375, 0.0247802734375, -0.0576171875, -0.037841796875, -0.037841796875, 0.01611328125, -0.003143310546875, -0.005035400390625, 0.017333984375, 0.0111083984375, 0.000762939453125, -0.0128173828125, 0.02587890625, -0.0498046875, -0.01104736328125, -0.006988525390625, 0.0390625, 0.03662109375, 0.0172119140625, 0.000946044921875, -0.037841796875, -0.00982666015625, -0.00118255615234375, -0.043212890625, 0.0162353515625, -0.046142578125, -0.0201416015625, 0.064453125, -0.03076171875, 0.0206298828125, 0.05517578125, -0.02880859375, 0.041259765625, -0.051513671875, -0.0242919921875, -0.07275390625, 0.0439453125, -0.004791259765625, -0.014404296875, 0.00994873046875, -0.00933837890625, 0.046875, 0.0034942626953125, -0.00970458984375, -0.03076171875, -0.0595703125, 0.007781982421875, 0.0135498046875, -0.0169677734375, 0.0306396484375, 0.0230712890625, -0.05126953125, 0.028076171875, -0.004058837890625, -0.017578125, -0.043212890625, -0.048828125, -0.052978515625, 0.01611328125, -0.0072021484375, 0.0184326171875, 0.033203125, 0.0244140625, 0.0208740234375, 0.0081787109375, 0.0272216796875, 0.037353515625, 0.019287109375, -0.01165771484375, 0.0126953125, 0.0478515625, -0.0712890625, 0.01708984375, -0.0244140625, -0.0111083984375, 0.06591796875, -0.0228271484375, -0.05615234375, 0.017578125, 0.046142578125, 0.06005859375, 0.0186767578125, -0.02099609375, -0.046142578125, -0.0137939453125, -0.053955078125, 0.00372314453125, 0.011474609375, -0.026611328125, 0.03564453125, 0.0277099609375, -0.05078125, 0.029541015625, -0.0126953125, 0.019287109375, 0.00823974609375, 0.002227783203125, 0.0238037109375, 0.015625, -0.01190185546875, -0.0272216796875, -0.02294921875, 0.00148773193359375, -0.0198974609375, 0.033203125, 0.002716064453125, 0.0072021484375, -0.019287109375, -0.03515625, -0.048583984375, 0.0634765625, 0.0264892578125, 0.0147705078125, 0.056396484375, 0.048095703125, -0.034423828125, -0.00119781494140625, 0.0021514892578125, 0.001617431640625, 0.01708984375, 0.003082275390625, 0.0001964569091796875, -0.03369140625, 0.032470703125, -0.0322265625, -0.05126953125, 0.061767578125, 0.0203857421875, -0.03955078125, 0.03515625, -0.0216064453125, -0.02978515625, 0.02587890625, 0.0220947265625, 0.0107421875, -0.0037841796875, 0.01123046875, -0.01953125, 0.06298828125, -0.01214599609375, -0.03369140625, -0.00518798828125, -0.017822265625, 0.03369140625, -0.0234375, -0.0233154296875, -0.004974365234375, -0.038330078125, -0.01708984375, 0.046630859375, -0.02197265625, 0.0299072265625, -0.03564453125, -0.0284423828125, 0.017578125, 0.017578125, 0.005889892578125, 0.061767578125, 0.0299072265625, -0.0478515625, -0.0225830078125, -0.032958984375, 0.056396484375, -0.0029754638671875, -0.01165771484375, 0.006683349609375, 0.046142578125, 0.0264892578125, -0.0030975341796875, 0.003143310546875, 0.011474609375, -0.04345703125, 0.01336669921875, 0.05126953125, 0.01220703125, 0.0103759765625, 0.0230712890625, 0.07958984375, 0.017822265625, 0.00994873046875, -0.031494140625, 0.036376953125, -0.00157928466796875, 0.015869140625, 0.003082275390625, -0.041259765625, 0.0169677734375, 0.0186767578125, -0.049560546875, 0.05029296875, 0.0196533203125, 0.05126953125, 0.00433349609375, -0.08154296875, 0.0029754638671875, -0.02880859375, -0.032958984375, 0.040771484375, -0.0013275146484375, -0.02197265625, 0.052978515625, 0.001220703125, 0.058837890625, 0.0050048828125, -0.0225830078125, -0.0216064453125, 0.01312255859375, -0.005767822265625, 0.00823974609375, 0.02099609375, 0.046630859375, -0.0703125, -0.01239013671875, -0.0244140625, 0.000957489013671875, -0.0311279296875, 0.025146484375, -0.01129150390625, -0.01202392578125, 0.0859375, 0.0277099609375, 0.0238037109375, -0.06494140625, 0.0181884765625, -0.031494140625, -0.025634765625, 