{"movie": "wwdc2025", "offset": 248, "text_offset": 240, "embedding": [0.0272216796875, 0.0262451171875, 0.051513671875, 0.00872802734375, -0.0093994140625, -0.0125732421875, 0.03515625, 0.0137939453125, 0.035888671875, 0.0167236328125, 0.00433349609375, -0.07080078125, -0.00677490234375, -0.0308837890625, -0.0218505859375, -0.00927734375, -0.0020294189453125, -0.0079345703125, -0.004730224609375, -0.002899169921875, -0.0203857421875, -0.03369140625, 0.044921875, -0.035400390625, 0.052001953125, -0.0341796875, -0.07080078125, 0.00168609619140625, -0.00665283203125, 0.01324462890625, 0.004913330078125, -0.044677734375, 0.037841796875, 0.0361328125, -0.01904296875, -0.015869140625, 0.0179443359375, 0.04150390625, -0.00823974609375, 0.037841796875, 0.005615234375, -0.0260009765625, -0.00799560546875, -0.0458984375, -0.0302734375, -0.00885009765625, -0.0311279296875, -0.022216796875, 0.0025482177734375, 0.003204345703125, 0.01214599609375, 0.008056640625, 0.025634765625, -0.033203125, -0.039306640625, -0.002777099609375, 0.00811767578125, 0.01214599609375, 0.056640625, 0.041015625, -0.01080322265625, -0.0164794921875, -0.057861328125, -0.0289306640625, -0.0145263671875, -0.03564453125, 0.0223388671875, -0.034912109375, 0.01324462890625, -0.0299072265625, -0.027587890625, 0.057861328125, 0.0196533203125, -0.002288818359375, -0.0233154296875, -0.0478515625, 0.0250244140625, -0.0033721923828125, 0.00689697265625, 0.060791015625, 0.035400390625, -2.765655517578125e-05, 0.006072998046875, -0.037109375, 0.00555419921875, -0.023193359375, 0.0162353515625, -0.04150390625, -0.0146484375, 0.000827789306640625, -0.0228271484375, 0.0257568359375, -0.00732421875, -0.0034332275390625, -0.00148773193359375, -0.00555419921875, 0.00360107421875, -0.040283203125, -0.0024566650390625, 0.04541015625, 0.05224609375, -0.000606536865234375, 0.00555419921875, -0.0322265625, -0.04931640625, -0.080078125, 0.006988525390625, 0.01263427734375, -0.0185546875, 0.032958984375, 0.02001953125, -0.049560546875, -0.01251220703125, 0.0084228515625, -0.029052734375, 0.01348876953125, 0.026123046875, -0.03857421875, 0.044921875, 0.068359375, -0.0164794921875, -0.01116943359375, -0.01123046875, -0.035400390625, -0.007720947265625, -0.006744384765625, 0.017822265625, 0.003936767578125, -0.02783203125, 0.0206298828125, -0.06494140625, 0.018310546875, 0.0045166015625, 0.0299072265625, -0.07177734375, 0.0032196044921875, 0.00579833984375, 0.0216064453125, -0.04296875, -0.035888671875, 0.02880859375, 0.040283203125, -0.0228271484375, -0.002960205078125, -0.037109375, -0.014892578125, 0.01556396484375, 0.0234375, -0.07666015625, -0.0012969970703125, -0.022705078125, -0.0269775390625, 0.01446533203125, 0.07421875, 0.021484375, 0.01068115234375, 0.010009765625, 0.0023651123046875, -0.007232666015625, -0.050537109375, 0.045654296875, -0.051025390625, -0.0047607421875, 0.0107421875, 0.035400390625, -0.0025634765625, 0.053466796875, 9.238719940185547e-06, 0.03662109375, -0.018798828125, -0.050048828125, -0.006805419921875, 0.05615234375, 0.0247802734375, 0.0264892578125, 0.0203857421875, -0.050537109375, 0.040771484375, 0.0137939453125, 0.052978515625, 0.000492095947265625, 0.015380859375, 0.0380859375, 0.01446533203125, -0.0125732421875, -0.0137939453125, -0.00787353515625, 0.0198974609375, -0.0283203125, 0.043212890625, -0.039794921875, 0.04296875, 0.0142822265625, -0.03466796875, 0.0096435546875, -0.0174560546875, 0.0216064453125, 0.0228271484375, 0.005279541015625, 0.05517578125, -0.031982421875, 0.0194091796875, -0.00154876708984375, 0.010498046875, -0.0303955078125, -0.035400390625, 0.0257568359375, 0.0177001953125, -0.0084228515625, 0.0042724609375, -0.0262451171875, 0.0234375, -0.0177001953125, -0.031982421875, -0.010986328125, -0.05322265625, 0.06298828125, -0.00872802734375, 0.01031494140625, 0.00396728515625, -0.03662109375, -0.031494140625, 0.061279296875, 0.039306640625, 0.0194091796875, -0.0196533203125, 0.017822265625, 0.0189208984375, 0.044921875, 0.02880859375, 0.01708984375, -0.0038909912109375, -0.0712890625, 0.0093994140625, 0.02392578125, 0.032958984375, -0.0228271484375, 0.0025177001953125, 0.0020904541015625, 0.043212890625, -0.0036163330078125, -0.06591796875, -0.040283203125, 0.0311279296875, -0.057861328125, -0.044921875, -0.018310546875, 0.01287841796875, 0.080078125, 0.0213623046875, -0.05810546875, 0.004150390625, 0.0205078125, -0.032958984375, -0.0087890625, 0.05615234375, -0.01806640625, 0.00457763671875, -0.032958984375, -0.02197265625, -2.0265579223632812e-05, -0.0021820068359375, 0.010498046875, 0.00701904296875, 0.040283203125, -0.01806640625, -0.00628662109375, 0.03515625, -0.0172119140625, 0.009521484375, -0.041259765625, 0.002410888671875, -0.0101318359375, 0.00457763671875, -0.0301513671875, -0.0556640625, -0.03466796875, 0.003265380859375, -0.0032806396484375, 0.00372314453125, 0.0023193359375, -0.0233154296875, 0.0002193450927734375, 0.007659912109375, 0.0218505859375, 0.033447265625, -0.01446533203125, 0.00372314453125, 0.0120849609375, -0.01025390625, 0.0478515625, -0.007720947265625, 0.01519775390625, 0.02880859375, 0.003326416015625, 0.0031890869140625, 0.0228271484375, -0.00457763671875, -0.032958984375, -0.031494140625, -0.01171875, 0.014892578125, -0.007598876953125, -0.00665283203125, -0.029296875, 0.056640625, 0.03857421875, 0.005828857421875, -0.007354736328125, 0.010986328125, 0.0162353515625, -0.06298828125, -0.01446533203125, -0.002685546875, -0.04296875, 0.0177001953125, -0.016357421875, -0.027587890625, 0.060791015625, 0.052490234375, -0.0419921875, 0.052490234375, 0.0111083984375, 0.052001953125, 0.0002613067626953125, -0.00115966796875, -0.01165771484375, 0.01214599609375, -0.0400390625, -0.013916015625, 0.001953125, -0.03173828125, -0.00518798828125, -0.0272216796875, -0.050537109375, -0.0111083984375, 0.03076171875, 0.001953125, 0.0189208984375, -0.00145721435546875, -0.0279541015625, -0.0004673004150390625, 0.00396728515625, -0.007080078125, -0.0169677734375, 0.0208740234375, 0.00689697265625, 0.007110595703125, 0.0147705078125, -0.00482177734375, -0.025146484375, -0.0242919921875, -0.026611328125, 0.045654296875, 0.053466796875, -0.0022430419921875, 0.01519775390625, 0.005096435546875, -0.01531982421875, 0.0284423828125, 0.031494140625, -0.03271484375, 0.051025390625, 0.01007080078125, 0.09130859375, 0.00506591796875, 0.03662109375, 0.01397705078125, -0.0164794921875, 0.03466796875, 0.00860595703125, -0.00555419921875, -0.022216796875, 0.00048828125, -0.0341796875, -0.007598876953125, 0.026611328125, 0.00262451171875, 0.00811767578125, -0.006256103515625, -0.062255859375, 0.0269775390625, -0.03369140625, 0.045654296875, -0.02099609375, -0.0556640625, 0.0244140625, -0.0101318359375, 0.0101318359375, -0.04443359375, -0.037109375, -0.0189208984375, 0.01531982421875, 0.024658203125, -0.031982421875, -0.051025390625, -0.0003147125244140625, 0.04296875, -0.0072021484375, 0.02783203125, 0.0084228515625, 0.0074462890625, 0.000431060791015625, 0.0260009765625, -0.07080078125, 0.01519775390625, 0.00823974609375, 0.052490234375, 0.0283203125, -0.004486083984375, -0.0113525390625, 0.00482177734375, 0.00830078125, -0.004150390625, -0.0673828125, 0.01531982421875, -0.038818359375, 0.025634765625, -0.005096435546875, -0.0107421875, 0.0693359375, -0.00823974609375, -0.00823974609375, 0.037109375, -0.0157470703125, -0.0166015625, 0.01312255859375, 0.01470947265625, -0.050048828125, -0.004791259765625, 0.08251953125, -0.017578125, 0.03173828125, 0.011962890625, 0.083984375, 0.06982421875, -0.048583984375, -0.005950927734375, 0.01007080078125, 0.035888671875, 0.04541015625, -0.04736328125, -0.03662109375, -0.0036773681640625, 0.006256103515625, 0.0478515625, -0.01422119140625, 0.044921875, -0.00787353515625, 0.0284423828125, -0.0024871826171875, 0.01312255859375, 0.08642578125, 0.01806640625, 0.013916015625, 0.01556396484375, -0.01904296875, 0.00982666015625, -0.07080078125, -0.0172119140625, -0.0174560546875, 0.05517578125, -0.005126953125, -0.0189208984375,