{"movie": "wwdc2025", "offset": 364, "text_offset": 360, "embedding": [0.038330078125, -0.016845703125, 0.047119140625, 0.0162353515625, -0.045166015625, -0.005828857421875, 0.01458740234375, 0.041015625, 0.03173828125, 0.0029754638671875, 0.00677490234375, 0.024169921875, -0.0032806396484375, -0.019775390625, -0.006683349609375, 0.01190185546875, -0.006072998046875, 0.0093994140625, -0.0038604736328125, -0.056884765625, -0.0166015625, -0.04443359375, -0.0018310546875, -0.007568359375, 0.032958984375, -0.07080078125, -0.003387451171875, -0.044921875, -0.016357421875, 0.008544921875, -0.0008544921875, -0.080078125, 0.0274658203125, -0.007415771484375, -0.0177001953125, 0.0162353515625, 0.022705078125, 0.0126953125, -0.019775390625, -0.00457763671875, 0.015380859375, -0.01129150390625, -0.032470703125, 0.00634765625, -0.0108642578125, -0.02734375, -0.044921875, -0.023193359375, -0.0240478515625, 0.01507568359375, 0.035400390625, 0.0047607421875, 0.0380859375, -0.0186767578125, -0.059326171875, -0.0235595703125, -0.008056640625, 0.055908203125, 0.0289306640625, 0.003448486328125, -0.07373046875, -0.004425048828125, 0.00970458984375, 0.0036163330078125, -0.0274658203125, 0.0191650390625, 0.004119873046875, -0.03857421875, -0.062255859375, -0.01544189453125, -0.0030059814453125, -0.00095367431640625, 0.0206298828125, -0.0035552978515625, -0.01513671875, 0.01007080078125, 0.0400390625, -0.0213623046875, -0.00201416015625, -0.0162353515625, 0.041015625, 0.0255126953125, 0.037109375, -0.03125, -0.0322265625, -0.0264892578125, 0.0185546875, -0.02734375, 0.01507568359375, -0.01422119140625, -0.040771484375, 0.02734375, 0.01806640625, 0.00110626220703125, 0.01708984375, 0.01312255859375, -0.030029296875, -0.027587890625, -0.018310546875, 0.031982421875, 0.0308837890625, -0.0201416015625, 0.016357421875, -0.0174560546875, -0.01483154296875, -0.06396484375, 0.055908203125, -0.0003147125244140625, 0.046142578125, 0.005645751953125, 0.0211181640625, -0.052001953125, -0.032958984375, 0.0050048828125, -0.0220947265625, 0.031982421875, 0.01531982421875, -0.0220947265625, -0.0054931640625, 0.056396484375, -0.00872802734375, 0.0120849609375, 0.00457763671875, 0.005828857421875, 0.00167083740234375, 0.0086669921875, 0.05419921875, 0.007659912109375, -0.03515625, 0.03662109375, -0.015380859375, -0.06982421875, 0.03466796875, 5.7697296142578125e-05, -0.05908203125, -0.00738525390625, 0.00634765625, 0.0244140625, -0.03759765625, -0.0162353515625, 0.0026397705078125, -0.0107421875, -0.053466796875, 0.06298828125, -0.04931640625, -0.049560546875, 0.04345703125, 0.05419921875, -0.057373046875, -0.0206298828125, -0.000507354736328125, -0.06298828125, -0.03759765625, 0.0238037109375, 0.05419921875, 0.0400390625, 0.00494384765625, -0.0228271484375, -0.0166015625, 0.02783203125, 0.0390625, -0.0361328125, 0.01165771484375, -0.041748046875, 0.04736328125, -0.00799560546875, -0.043212890625, 0.01068115234375, 0.0189208984375, -0.029296875, -0.01104736328125, 0.03173828125, -0.00604248046875, 0.031982421875, -0.00347900390625, 0.008056640625, -0.016845703125, -0.056396484375, 0.01123046875, 0.0233154296875, -0.0084228515625, 0.03466796875, 0.00933837890625, -0.0125732421875, -0.000518798828125, 0.006439208984375, 0.002838134765625, -0.0181884765625, 0.0047607421875, 0.0166015625, -0.00616455078125, 0.0400390625, 0.03076171875, -0.007568359375, 0.00927734375, -0.016357421875, -0.005096435546875, 0.04541015625, 0.03662109375, 0.000728607177734375, 0.029052734375, 0.036865234375, -0.0162353515625, -0.0145263671875, 0.006744384765625, -0.02978515625, 0.050537109375, 0.052734375, -0.0751953125, -0.01483154296875, -0.019775390625, 0.02587890625, -0.0022125244140625, -0.050537109375, 0.0400390625, -0.0537109375, 0.01373291015625, 0.029052734375, -0.00052642822265625, -0.005340576171875, -0.051025390625, -0.000701904296875, -0.0135498046875, 0.030517578125, 0.01611328125, -0.037353515625, 0.002716064453125, 0.02197265625, 0.078125, -0.00182342529296875, 0.0274658203125, -0.0098876953125, -0.01513671875, -0.013427734375, 0.0517578125, 0.031494140625, 0.0038299560546875, 0.007232666015625, 0.0042724609375, 0.04638671875, 0.006195068359375, -0.01190185546875, 0.04931640625, 0.03759765625, -0.0177001953125, -0.059326171875, -0.06298828125, 0.053955078125, 0.0751953125, 0.056396484375, -0.006317138671875, 0.03466796875, 0.041748046875, -0.009033203125, -0.03271484375, 0.023681640625, -0.0224609375, -0.009521484375, -0.007720947265625, -0.00579833984375, 0.01055908203125, -0.01141357421875, 3.337860107421875e-05, -0.0181884765625, -0.01513671875, -0.01123046875, 0.003936767578125, -0.021728515625, -0.06103515625, 0.044921875, -0.004547119140625, 0.0284423828125, -0.0137939453125, 0.072265625, -0.01141357421875, 0.04541015625, -0.03466796875, 0.01312255859375, -0.0026397705078125, -0.0074462890625, -0.0228271484375, 0.031494140625, -0.01434326171875, -0.0191650390625, 0.019775390625, 0.006591796875, 0.02587890625, 0.00579833984375, -0.041015625, 0.017578125, 0.078125, -0.027099609375, 0.0390625, -0.016357421875, 0.0244140625, 0.01422119140625, -0.03466796875, -0.0179443359375, -0.008544921875, -0.035888671875, -0.05908203125, 0.0162353515625, 0.057861328125, -0.0225830078125, -0.009765625, -0.00174713134765625, 0.0311279296875, -0.03662109375, 0.01324462890625, -0.0281982421875, 0.035400390625, -0.0211181640625, 0.00927734375, 0.006195068359375, -0.044921875, 0.0238037109375, -0.053955078125, 0.006561279296875, -0.000461578369140625, -0.0208740234375, -0.038330078125, 0.02001953125, 0.016845703125, 0.0302734375, 0.0042724609375, 0.004058837890625, -0.056884765625, -0.015380859375, -0.04345703125, 0.0004825592041015625, 0.019287109375, -0.04638671875, -0.002471923828125, 0.0242919921875, -0.049560546875, -0.0137939453125, -0.07080078125, 0.03076171875, -0.07275390625, -0.0269775390625, -0.0045166015625, -0.00872802734375, 0.0078125, -0.0216064453125, 0.00439453125, -0.0498046875, -0.0205078125, 0.0177001953125, -0.037353515625, -0.028564453125, 0.0123291015625, 0.0225830078125, -0.01080322265625, -0.0047607421875, -0.04638671875, -0.018798828125, -0.009033203125, 0.01055908203125, -0.032470703125, 0.021728515625, 0.0205078125, -0.01483154296875, 0.019775390625, -0.0076904296875, 0.0264892578125, 0.00872802734375, 0.0201416015625, -0.01025390625, -0.007232666015625, -0.00927734375, 0.0296630859375, 0.03369140625, -0.005828857421875, -0.001739501953125, -0.021484375, 0.0162353515625, 0.03369140625, 0.044921875, -0.042236328125, 0.022216796875, -0.042724609375, 0.057861328125, -0.042236328125, -0.0257568359375, -0.00244140625, -0.0126953125, 0.03466796875, -0.01318359375, 0.0203857421875, -0.05078125, -0.048828125, 0.0084228515625, 0.047607421875, -0.008544921875, 0.000736236572265625, 0.006866455078125, -0.0732421875, -0.004608154296875, -0.01287841796875, 0.02783203125, -0.007415771484375, 0.0233154296875, -0.07177734375, -0.00811767578125, -0.055908203125, 0.029296875, -0.01324462890625, 0.0201416015625, -0.01409912109375, -0.012939453125, -0.00762939453125, -0.0123291015625, -0.05419921875, 0.032958984375, -0.038818359375, 0.017578125, 0.012939453125, 0.041259765625, 0.027099609375, 0.06005859375, 0.064453125, -0.00738525390625, -0.01153564453125, 0.0042724609375, -0.002197265625, -0.01806640625, 0.029052734375, 0.010009765625, -0.041015625, 0.001953125, 0.0311279296875, -0.03955078125, 0.01153564453125, 0.0164794921875, 0.04345703125, 0.006103515625, -0.029052734375, -0.00135040283203125, -0.0244140625, -0.0050048828125, 0.05029296875, 0.0015106201171875, -0.060546875, 0.0390625, 0.0031585693359375, 0.099609375, -0.035400390625, 0.024169921875, 0.0123291015625, -0.01055908203125, -0.01348876953125, 0.036376953125, 0.048828125, 0.0203857421875, 0.0019683837890625, 0.01483154296875, 0.0225830078125, -0.045166015625, -0.023681640625, -0.032470703125, 0.0030517578125, 0.000823974609375, 0.0625, -0.05029296875, 0.0047607421875, 0.00168609619140625, -0.041015625, -0.0032806396484375, -0.068359375, 