{"movie": "wwdc2025", "offset": 494, "text_offset": 480, "embedding": [0.01092529296875, 0.03466796875, 0.029052734375, 0.0283203125, -0.058837890625, 0.0267333984375, 0.0006256103515625, -0.018310546875, -0.003997802734375, 0.034912109375, -0.0133056640625, 0.00640869140625, -0.00823974609375, -0.045654296875, 0.020751953125, -0.0439453125, 0.000640869140625, -0.047607421875, -0.007293701171875, -0.035400390625, -0.0194091796875, -0.0198974609375, 0.03759765625, -0.056884765625, 0.043212890625, 0.010009765625, -0.07177734375, -0.006103515625, 0.0198974609375, -0.006988525390625, 0.0179443359375, -0.040283203125, 0.016357421875, 0.036376953125, 0.0458984375, 0.0252685546875, 0.006744384765625, 0.03759765625, 0.053955078125, 0.01141357421875, -0.05224609375, -0.01275634765625, 0.0625, -0.091796875, -0.00909423828125, -0.025634765625, -0.00445556640625, -0.0277099609375, 0.0269775390625, -0.0003299713134765625, 0.010009765625, -0.04248046875, 0.0439453125, -0.0517578125, -0.03125, 0.02880859375, 0.00927734375, -0.00750732421875, 0.053955078125, -0.01263427734375, 0.02294921875, 0.01513671875, 0.0262451171875, 0.00738525390625, -0.005157470703125, 0.0093994140625, -0.002044677734375, -0.005035400390625, 0.00860595703125, -0.030517578125, -0.004180908203125, -0.0234375, 0.061767578125, -0.061279296875, -0.038330078125, 0.0172119140625, 0.01318359375, -0.05810546875, 0.0185546875, 0.0223388671875, -0.05126953125, 0.09130859375, -0.01116943359375, 0.0211181640625, -0.0400390625, -0.02294921875, -0.01422119140625, -0.010498046875, 0.0283203125, -0.039306640625, -0.01513671875, 0.044921875, -0.018798828125, -0.051513671875, 0.01611328125, -0.01287841796875, 0.0036468505859375, 0.01416015625, 0.038818359375, 0.00469970703125, -0.00140380859375, -0.007415771484375, -0.0086669921875, -0.06640625, -0.054931640625, -0.029541015625, -0.043701171875, 0.0064697265625, -0.00885009765625, 0.007110595703125, -0.042724609375, 0.04443359375, 0.028564453125, 0.03271484375, -0.028076171875, 0.0223388671875, 0.0458984375, 0.00885009765625, 0.0133056640625, 0.035888671875, -0.0498046875, -0.043212890625, 0.04052734375, -0.04248046875, 0.02880859375, 0.0234375, 0.0517578125, 0.02294921875, 0.0125732421875, 0.044677734375, 0.00531005859375, 0.009521484375, 0.03466796875, 0.00604248046875, -0.0311279296875, 0.0020751953125, 0.059326171875, 0.046142578125, 0.0001773834228515625, -0.0007171630859375, 0.06005859375, 0.0262451171875, -0.0311279296875, 0.00604248046875, 0.0040283203125, -0.00640869140625, -0.00457763671875, -0.00022125244140625, -0.05029296875, -0.029052734375, 0.00159454345703125, -0.035400390625, -0.0751953125, 0.03955078125, -0.0341796875, 0.06591796875, -0.0068359375, 0.01348876953125, 0.01513671875, -0.01708984375, -0.006866455078125, -0.0306396484375, 0.01141357421875, -0.045654296875, 0.035400390625, -0.0277099609375, 0.0152587890625, 0.01422119140625, -0.024169921875, -0.078125, -0.0198974609375, 0.00133514404296875, -0.049072265625, 0.053466796875, 0.00872802734375, -0.0289306640625, -0.00164031982421875, 0.017333984375, -0.0020599365234375, 0.0294189453125, -0.01953125, 0.035400390625, 0.054931640625, 0.013916015625, -0.0205078125, -0.008544921875, 0.00830078125, 0.01263427734375, 0.0023956298828125, 0.0250244140625, -0.033447265625, 0.0308837890625, 0.01953125, -0.00958251953125, 0.020263671875, -0.01544189453125, -0.0031585693359375, -0.0159912109375, 0.06396484375, 0.083984375, 0.0213623046875, 0.0159912109375, -0.02978515625, 0.0194091796875, 0.01513671875, 0.024658203125, -0.056640625, 0.01611328125, -0.078125, 0.0556640625, -0.035400390625, 0.02783203125, -0.0034027099609375, -0.01165771484375, 0.0032196044921875, -0.060302734375, -0.0322265625, 0.042724609375, 0.0308837890625, 0.05908203125, -0.0033416748046875, -0.00567626953125, 0.07421875, 0.019775390625, -0.011474609375, -0.0002384185791015625, 0.0252685546875, -0.01611328125, 0.0123291015625, -0.0274658203125, 0.029541015625, 0.050048828125, 0.00506591796875, 0.059326171875, 0.0296630859375, 0.0308837890625, -0.018310546875, -0.000148773193359375, -0.08740234375, -0.018798828125, 0.044677734375, -0.00762939453125, -0.055908203125, 0.0223388671875, -0.046630859375, -0.0272216796875, 0.0302734375, 0.02880859375, -0.0296630859375, 0.01123046875, 0.01513671875, -0.03662109375, 0.0272216796875, -0.0537109375, -0.01611328125, 0.0252685546875, -0.04443359375, -0.0283203125, -0.010498046875, 0.037109375, 0.03564453125, 0.06640625, -0.042724609375, -0.038818359375, -0.01318359375, 0.0213623046875, -0.050537109375, 0.022705078125, -0.043701171875, 0.0302734375, 0.046142578125, -0.021240234375, -0.031494140625, 0.034423828125, -0.055419921875, -0.032958984375, -0.04541015625, -0.0291748046875, -0.017333984375, 0.0185546875, -0.01226806640625, -0.062255859375, -0.03125, 0.009033203125, 0.0615234375, 0.02294921875, -0.01080322265625, -0.046142578125, -0.053955078125, -0.0087890625, 0.0908203125, 0.0654296875, -0.00077056884765625, -0.0390625, 0.0064697265625, 0.006134033203125, 0.005950927734375, -0.04931640625, -0.015625, -0.0244140625, -0.040283203125, 0.0262451171875, -0.048828125, 0.05224609375, -0.0076904296875, 0.02392578125, 0.01556396484375, -0.02880859375, 0.04345703125, -0.03076171875, -0.0068359375, -0.003631591796875, 0.064453125, 0.00958251953125, -0.0654296875, 0.0145263671875, 0.056640625, -0.0089111328125, -0.032958984375, -0.06396484375, 0.011474609375, 0.0201416015625, 0.05126953125, -0.029052734375, 0.034423828125, -0.0274658203125, -0.0181884765625, -0.0255126953125, -0.0191650390625, -0.0145263671875, -0.00225830078125, -0.0322265625, -0.02685546875, -0.000736236572265625, -0.041259765625, 0.002288818359375, -0.006988525390625, -0.01385498046875, -0.044677734375, 0.01708984375, -0.01226806640625, 0.02099609375, -0.050048828125, 0.028076171875, -0.00433349609375, 0.00762939453125, 0.034423828125, 0.047119140625, 0.00433349609375, 0.0111083984375, -0.00421142578125, -0.049072265625, -0.00958251953125, 0.03515625, 0.0419921875, 0.009765625, 0.043212890625, 0.00201416015625, -0.0576171875, 0.0213623046875, -0.00927734375, 0.01483154296875, -0.0361328125, -0.00087738037109375, 0.0111083984375, -0.0205078125, -0.051025390625, -0.0244140625, -0.0234375, 0.01611328125, 0.0262451171875, 0.01507568359375, -0.012939453125, -0.00872802734375, -0.0244140625, 0.004791259765625, 0.0093994140625, 0.0277099609375, -0.0224609375, 0.0223388671875, -0.0390625, -0.0302734375, -0.009033203125, -0.0419921875, -0.03466796875, 0.01348876953125, -0.013916015625, 0.015625, -0.04833984375, -0.0079345703125, -0.0390625, -0.029052734375, 0.0042724609375, 0.000255584716796875, -0.004913330078125, -0.055908203125, 0.0040283203125, -0.00177001953125, -0.010009765625, 0.0016021728515625, -0.018798828125, -0.0025787353515625, -0.021728515625, 3.743171691894531e-05, 0.00555419921875, 0.002716064453125, -0.02294921875, -0.01165771484375, -0.02880859375, 0.02099609375, -0.04443359375, 0.03662109375, 0.006805419921875, 0.0064697265625, -0.01080322265625, -0.00640869140625, -0.0267333984375, 0.041015625, -0.05126953125, 0.078125, 0.011474609375, 0.01263427734375, 0.006256103515625, -0.03271484375, 0.01422119140625, -0.005462646484375, 0.034423828125, -0.000263214111328125, 0.0018463134765625, -0.0267333984375, 0.02587890625, 0.00170135498046875, -0.022705078125, -0.0205078125, -0.01092529296875, 0.0294189453125, -0.006866455078125, -0.01275634765625, 0.046875, -0.03759765625, 0.038330078125, -0.0255126953125, -0.042724609375, 0.01092529296875, 0.0064697265625, 0.0166015625, 0.0145263671875, -0.00439453125, 0.0093994140625, 0.043701171875, 0.04541015625, -0.0206298828125, 0.0269775390625, 0.0157470703125, 0.004425048828125, -0.0245361328125, -0.05712890625, -0.044921875, -0.048095703125, 0.0269775390625, 0.028564453125, 0.0024871826171875, 0.059326171875, 0.0029449462890625, 0.024169921875, -0.056640625, 0.00390625, 0.040283203125, -0.05029296875, -0.0289306640625, -0.017333984375, -0.01080322265625, 0.0185546875, 