{"movie": "wwdc2025", "offset": 340, "text_offset": 340, "embedding": [0.043212890625, -0.0181884765625, 0.004974365234375, 0.048095703125, -0.05712890625, 0.01177978515625, 0.0301513671875, -0.00188446044921875, -0.027099609375, 0.044189453125, 0.0250244140625, -0.017578125, 0.006927490234375, -0.03173828125, 0.00994873046875, -0.0111083984375, 0.031494140625, -0.044189453125, 0.01263427734375, 0.052734375, 0.0634765625, -0.04541015625, -0.08203125, -0.0233154296875, 0.0205078125, 0.024658203125, -0.0301513671875, -0.056640625, -0.017822265625, -0.01019287109375, 0.01385498046875, -0.08544921875, 0.08740234375, -0.03515625, 0.000644683837890625, 0.025634765625, 0.032958984375, 0.068359375, 0.030517578125, 0.02197265625, -0.0069580078125, 0.020263671875, -0.000774383544921875, -0.072265625, -0.00147247314453125, -0.042236328125, -0.032470703125, -0.034423828125, 0.0201416015625, 0.0029144287109375, 0.028564453125, -0.0341796875, -0.00531005859375, -0.01953125, -0.043212890625, 0.064453125, 0.011962890625, 0.00927734375, 0.0162353515625, -0.013916015625, 0.00445556640625, -0.04345703125, 0.00927734375, 0.0115966796875, 0.020263671875, 0.0028076171875, 0.005889892578125, -0.05615234375, 0.00445556640625, -0.038330078125, -0.048095703125, 0.05712890625, 0.0286865234375, 0.000217437744140625, -0.021240234375, 0.01043701171875, 0.03515625, -0.005615234375, 0.050537109375, 0.01263427734375, -0.0113525390625, -0.01007080078125, 0.041015625, -0.0289306640625, -0.00732421875, 0.02783203125, 0.00994873046875, -0.0263671875, -0.031494140625, -0.0027618408203125, -0.000125885009765625, 0.008056640625, -0.02197265625, -0.00933837890625, -0.021240234375, -0.024658203125, -0.037841796875, 0.0233154296875, 0.007354736328125, -0.006378173828125, 0.053955078125, 0.00421142578125, -0.0152587890625, -0.0036773681640625, 0.00012683868408203125, -0.07861328125, 0.03466796875, 0.033203125, -0.0172119140625, 0.03564453125, -0.0208740234375, 0.01611328125, -0.0030364990234375, 0.034423828125, 0.0069580078125, 0.03466796875, 0.0106201171875, 0.028076171875, 0.041748046875, -0.0311279296875, -0.007354736328125, -0.006378173828125, -0.022705078125, 0.0174560546875, 0.0263671875, 0.0206298828125, 0.051025390625, 0.01214599609375, -0.04931640625, 0.037841796875, -0.032470703125, 0.027099609375, 0.0091552734375, -0.0054931640625, -0.11083984375, -0.000919342041015625, 0.0252685546875, 0.004913330078125, -0.028564453125, 0.00860595703125, 0.03125, -0.0220947265625, -0.0205078125, -0.01019287109375, -0.00154876708984375, -0.028564453125, 0.037109375, 0.0208740234375, -0.0308837890625, -0.0125732421875, 0.006591796875, -0.030517578125, -0.072265625, 0.0556640625, 0.0091552734375, 0.041748046875, 0.00445556640625, -0.005523681640625, -0.04248046875, -0.017822265625, -0.034423828125, -0.039794921875, 0.0247802734375, -0.022705078125, 0.0218505859375, 0.048095703125, -0.0010986328125, -0.0208740234375, -0.07275390625, 0.006683349609375, -0.03125, 0.00098419189453125, 0.004608154296875, 0.052734375, -0.02294921875, 0.0203857421875, -0.0076904296875, -0.050537109375, -0.018798828125, -0.0184326171875, 0.022216796875, 0.036376953125, 0.0252685546875, 0.038330078125, -0.050537109375, -0.022705078125, 0.031494140625, 0.031982421875, 0.005157470703125, 0.034912109375, -0.0228271484375, 0.0184326171875, 0.0233154296875, 0.0033416748046875, 0.039794921875, -0.048828125, -0.034423828125, -0.00179290771484375, 0.08203125, 0.0927734375, 0.0068359375, 0.02587890625, -0.007080078125, 0.045166015625, 0.033203125, 0.0185546875, 0.00347900390625, 0.034423828125, -0.0240478515625, 0.08056640625, -0.01239013671875, 0.0281982421875, -0.041015625, 0.037109375, -0.0007171630859375, -0.09033203125, -0.011474609375, -0.00091552734375, 0.040771484375, 0.05322265625, 0.064453125, -0.027099609375, 0.004547119140625, 0.0478515625, -0.01019287109375, -0.03076171875, -0.0028076171875, -0.0220947265625, 0.04736328125, -0.0203857421875, 0.01068115234375, -0.01263427734375, 0.0091552734375, 0.0322265625, 0.0135498046875, -0.018798828125, 0.0218505859375, -0.039794921875, -0.039794921875, 0.048828125, 0.00106048583984375, 0.03662109375, 0.00628662109375, 0.034423828125, 0.00830078125, -0.04736328125, 0.01019287109375, 0.0191650390625, 0.038330078125, 0.07421875, -0.018798828125, 0.01251220703125, 0.0030975341796875, -0.0235595703125, 0.03515625, 0.04931640625, -0.01123046875, 0.0198974609375, -0.07958984375, 0.013671875, 0.068359375, -0.0283203125, -0.0157470703125, -0.0108642578125, 0.000713348388671875, 0.030029296875, -0.048095703125, -0.00946044921875, -0.06640625, 0.00970458984375, 0.048095703125, 0.007720947265625, -0.0186767578125, -0.030029296875, -0.029296875, -0.038330078125, -0.03271484375, -0.044189453125, 0.0106201171875, 0.0166015625, -0.027099609375, -0.01177978515625, -0.0213623046875, 0.010986328125, 0.043212890625, 0.052734375, 0.031494140625, -0.064453125, -0.0247802734375, 0.00732421875, 0.04638671875, -0.0267333984375, 0.018798828125, 0.016845703125, 0.028564453125, 0.038818359375, -0.029296875, 0.06787109375, -0.01318359375, -0.0185546875, -0.08349609375, 0.00994873046875, 0.04541015625, 0.048095703125, -0.01043701171875, 0.044921875, -0.01141357421875, -0.00128936767578125, 0.0296630859375, 0.00023174285888671875, 0.005035400390625, -0.006195068359375, 0.052734375, 0.0283203125, -0.05029296875, 0.0064697265625, -0.04541015625, -0.01806640625, 0.0546875, 0.00201416015625, -0.0322265625, 0.002349853515625, 0.037353515625, 0.015625, 0.0252685546875, -0.043701171875, -0.002777099609375, -0.01373291015625, -0.048095703125, -0.057373046875, -0.01043701171875, -0.032958984375, 0.0022430419921875, -0.0001373291015625, -0.042724609375, -0.041748046875, -0.039306640625, -0.00445556640625, 0.01025390625, -0.0023956298828125, 0.025146484375, -0.033447265625, -0.01043701171875, -0.0038909912109375, 0.027099609375, -0.0194091796875, 0.04541015625, -0.01611328125, 0.0252685546875, -0.035888671875, -0.01348876953125, -0.0172119140625, -0.05615234375, 0.031494140625, -0.01806640625, 0.0019683837890625, -0.0167236328125, 0.0322265625, -0.048095703125, 0.06298828125, 0.008056640625, 0.0135498046875, 0.03125, -0.0247802734375, 0.022216796875, 0.005218505859375, -0.0296630859375, 0.00714111328125, -0.01263427734375, -0.01470947265625, 0.08642578125, -0.0228271484375, -0.01025390625, 0.007720947265625, -0.035888671875, 0.01263427734375, -0.00732421875, -0.00921630859375, 0.005126953125, 0.0208740234375, -0.0255126953125, 0.046630859375, 0.03076171875, -0.025634765625, -0.0196533203125, -0.00179290771484375, -0.0005035400390625, -0.018310546875, -0.035888671875, -0.052734375, -0.0703125, -0.0196533203125, 0.02587890625, -0.0517578125, -0.01019287109375, -0.057373046875, -0.0673828125, -0.004791259765625, 0.03076171875, -0.0390625, -0.0164794921875, 0.0262451171875, -0.07861328125, -0.043212890625, -0.040771484375, 0.029296875, 0.01483154296875, 0.0032501220703125, 0.017578125, -0.012939453125, -0.03369140625, 0.036376953125, -0.0091552734375, -0.0198974609375, -0.00732421875, -0.01409912109375, -0.01336669921875, 0.0286865234375, -0.0026702880859375, 0.006561279296875, -0.001983642578125, 0.0311279296875, 0.004302978515625, 0.0260009765625, -0.0263671875, -0.0240478515625, 0.0240478515625, -0.0390625, -0.07275390625, -0.034423828125, 0.01129150390625, -0.01318359375, 0.002960205078125, 0.0167236328125, 0.005096435546875, -0.0311279296875, 0.03076171875, 0.00347900390625, -0.01544189453125, 0.015869140625, -0.00970458984375, -0.02587890625, -0.08544921875, 0.06982421875, -0.0218505859375, 0.049560546875, -0.0023956298828125, 0.00970458984375, 0.0123291015625, 0.0252685546875, -0.006378173828125, 0.0159912109375, 0.01483154296875, 0.005889892578125, 0.018310546875, -0.00640869140625, 0.0040283203125, -0.029296875, -0.034423828125, 0.048583984375, 0.0008697509765625, 0.0274658203125, 0.0810546875, -0.0213623046875, 0.039794921875, -0.06591796875, 0.018310546875, -0.0185546875, -0.038330078125, -0.040771484375, 