{"movie": "wwdc2025", "offset": 178, "text_offset": 160, "embedding": [0.03271484375, -0.0235595703125, 0.059814453125, -0.03271484375, -0.0244140625, -0.0159912109375, 0.020751953125, -0.054931640625, 0.03271484375, 0.0286865234375, 0.00970458984375, -0.04345703125, -0.022216796875, -0.038818359375, -0.0189208984375, -0.031494140625, -0.0113525390625, 0.00872802734375, 0.0390625, -0.0189208984375, -0.07080078125, -0.0245361328125, 0.032470703125, -0.0390625, 0.02783203125, -0.028564453125, -0.0208740234375, -0.0283203125, -0.0654296875, 0.038818359375, 0.004730224609375, -0.055419921875, 0.05908203125, 0.037109375, -0.0390625, -0.037353515625, 0.03515625, 0.026123046875, -0.0213623046875, 0.0439453125, 0.0257568359375, 0.00946044921875, -0.0242919921875, -0.0081787109375, 0.03466796875, -0.0001964569091796875, -0.06640625, -0.004180908203125, 0.064453125, 0.05029296875, -0.020751953125, 0.01312255859375, 0.0152587890625, -0.033447265625, -0.05419921875, -0.0157470703125, -0.003387451171875, -0.0032806396484375, -0.005889892578125, 0.0076904296875, -0.0030364990234375, -0.017822265625, 0.00628662109375, -0.01397705078125, -0.034423828125, -0.012451171875, -0.0361328125, -0.02392578125, 0.0225830078125, -0.01348876953125, -0.01324462890625, 0.00506591796875, 0.01202392578125, -0.006195068359375, 0.0269775390625, 0.01171875, 0.0546875, -0.051513671875, 0.00927734375, 0.0654296875, -0.036376953125, 0.0244140625, -0.003326416015625, 0.0191650390625, -0.0169677734375, -0.03173828125, 0.00084686279296875, -0.056396484375, -0.01708984375, -0.026611328125, 0.001739501953125, 0.033447265625, 0.033203125, -0.0264892578125, -0.01458740234375, -0.0159912109375, 0.00151824951171875, -0.042724609375, -0.0130615234375, 0.05029296875, 0.016357421875, 0.0228271484375, -0.0303955078125, 0.00069427490234375, -0.0546875, -0.02783203125, -0.01220703125, 0.0135498046875, -0.036865234375, -0.026611328125, 0.00433349609375, -0.048583984375, 0.0172119140625, 0.0101318359375, -0.0390625, 0.0228271484375, 0.049560546875, -0.036865234375, 0.0419921875, -0.025634765625, -0.03271484375, -0.052001953125, 9.34600830078125e-05, -0.03564453125, -0.017333984375, 0.0322265625, 0.02001953125, 0.0281982421875, -0.0164794921875, 0.0303955078125, -0.03125, 0.01806640625, 0.005706787109375, -0.00933837890625, -0.036865234375, 0.00830078125, 0.025634765625, 0.043701171875, -0.08349609375, -0.0419921875, -0.0113525390625, 0.038330078125, -0.03466796875, 0.03466796875, -0.042236328125, -0.0194091796875, 0.045654296875, -0.03564453125, -0.06884765625, -0.006072998046875, 0.03515625, -0.05126953125, -0.0439453125, 0.06640625, 0.0157470703125, 0.0174560546875, -0.025146484375, 0.0150146484375, -0.0252685546875, -0.058349609375, -0.000640869140625, -0.072265625, 0.0113525390625, 0.0299072265625, 0.00946044921875, 0.01080322265625, 0.004669189453125, 0.0026702880859375, 0.00445556640625, -0.007598876953125, -0.0810546875, 0.00093841552734375, 0.0107421875, -0.0225830078125, 0.007293701171875, 0.0172119140625, 0.0208740234375, 0.0419921875, 0.0115966796875, -0.000911712646484375, 0.0166015625, 0.0115966796875, 0.04541015625, -0.048095703125, 0.00109100341796875, 0.0032196044921875, 0.00010395050048828125, 0.045166015625, -0.048583984375, 0.049560546875, -0.010498046875, 0.0262451171875, -0.00011539459228515625, -0.01031494140625, 0.05419921875, -0.053955078125, 0.03076171875, -0.037841796875, 0.03369140625, 0.052001953125, 0.001983642578125, 0.00421142578125, 0.0084228515625, 0.02783203125, 0.03076171875, 0.0198974609375, 0.02783203125, 0.036376953125, -0.006500244140625, 0.03076171875, -0.05712890625, 0.01544189453125, -0.034912109375, -0.072265625, 0.0089111328125, -0.041748046875, 0.05322265625, 0.015625, 0.0166015625, 0.010986328125, -0.0260009765625, -0.0142822265625, 0.037109375, -0.0235595703125, -0.0303955078125, -0.01556396484375, 0.006927490234375, 0.0498046875, 0.07861328125, 0.007080078125, 0.0020904541015625, 0.0262451171875, -0.0277099609375, 0.018310546875, -0.026123046875, 0.0087890625, 0.0185546875, 0.0177001953125, -0.0673828125, 0.0191650390625, 0.033935546875, -0.05224609375, -0.025390625, 0.0191650390625, -0.0291748046875, -0.05322265625, -0.0115966796875, 0.00445556640625, 0.0152587890625, -0.003265380859375, -0.020263671875, 0.0291748046875, 0.0159912109375, -0.052490234375, 0.0142822265625, 0.0283203125, -0.00299072265625, -0.00787353515625, -0.026123046875, -0.004150390625, -0.0023956298828125, 0.0390625, 0.03271484375, -0.06396484375, -0.001373291015625, -0.03271484375, -0.0245361328125, 0.00147247314453125, -0.03271484375, 0.0244140625, 0.0478515625, -0.047119140625, -0.00714111328125, 0.0810546875, -0.042724609375, -0.0341796875, -0.039306640625, -0.00787353515625, -0.05029296875, 0.0003299713134765625, -0.0712890625, -0.007476806640625, -0.04638671875, -0.0283203125, 0.03515625, 0.000640869140625, 0.036376953125, -0.03271484375, -0.01348876953125, -0.0186767578125, 0.035400390625, -0.08203125, 0.0013885498046875, 0.0017852783203125, -0.0205078125, -0.0115966796875, -1.1861324310302734e-05, 0.05029296875, 0.0191650390625, -0.00360107421875, -0.049072265625, 0.0079345703125, -0.0020904541015625, 0.01513671875, -0.01080322265625, 0.0194091796875, 0.0341796875, 0.037841796875, 0.037353515625, 0.037841796875, -0.0286865234375, -0.0274658203125, -0.01055908203125, 0.04345703125, -0.05419921875, 0.020263671875, 0.0225830078125, -0.01397705078125, 0.05029296875, 0.015380859375, -0.039794921875, 0.047119140625, 0.0054931640625, 0.015380859375, -0.004669189453125, 0.004913330078125, -0.08740234375, 0.00099945068359375, -0.048828125, -0.07763671875, 0.0311279296875, -0.0264892578125, 0.0101318359375, -0.0419921875, -0.0556640625, 0.0021514892578125, -0.0634765625, -0.0400390625, 0.004364013671875, 0.01953125, 0.01177978515625, -0.0299072265625, -0.0419921875, -0.020263671875, -0.052001953125, 0.0159912109375, 0.033447265625, 0.0283203125, -0.00445556640625, 0.033447265625, 0.0167236328125, -0.01116943359375, 0.0101318359375, 0.045654296875, 0.01312255859375, 0.00628662109375, -0.000392913818359375, 0.0004558563232421875, -0.04638671875, 0.044677734375, 0.01458740234375, -0.037841796875, 0.022216796875, 0.020263671875, 0.0869140625, -0.031494140625, -0.000408172607421875, -0.039794921875, -0.0311279296875, -0.0277099609375, 0.03662109375, -0.0198974609375, -0.0150146484375, 0.036376953125, -0.00970458984375, -0.010986328125, -0.05126953125, 0.041748046875, -0.01214599609375, 0.007293701171875, 0.0078125, 0.047119140625, 0.01324462890625, -0.021484375, -0.00347900390625, -0.0419921875, 0.0108642578125, 0.01495361328125, -0.0439453125, -0.06787109375, 0.0198974609375, 0.016357421875, -0.00836181640625, -0.038330078125, 0.01483154296875, -0.043701171875, -0.01409912109375, 0.049560546875, -0.0185546875, 0.00079345703125, 0.037109375, 0.0068359375, -0.0537109375, -0.004974365234375, -0.004180908203125, 0.0018463134765625, -0.00384521484375, 0.034912109375, -0.0011138916015625, -0.015380859375, -0.027099609375, -0.004791259765625, -0.0810546875, 0.038330078125, -0.0400390625, -0.00109100341796875, 0.0194091796875, 0.0947265625, -0.0157470703125, 0.020751953125, 0.064453125, 0.02783203125, 0.022216796875, -0.016845703125, 0.0225830078125, -0.03564453125, -0.00799560546875, -0.05419921875, -0.0791015625, -0.0169677734375, -0.00119781494140625, 0.0283203125, 0.04052734375, 0.050537109375, 0.00628662109375, 0.058349609375, -0.037841796875, -0.00994873046875, 0.0108642578125, -0.013427734375, 0.03173828125, 0.02197265625, -0.07568359375, 0.037353515625, -0.049560546875, 0.034912109375, -0.038818359375, -0.00927734375, 0.002166748046875, 0.0274658203125, 0.004608154296875, -0.026611328125, 0.03955078125, 0.039306640625, -0.028564453125, 0.03515625, -0.00021648406982421875, -0.045654296875, -0.0478515625, 0.0556640625, -0.001922607421875, 0.06298828125, 0.0439453125, -0.04052734375, 0.01226806640625, -0.01483154296875, 0.03955078125, -0.00994873046875, -0.00970458984375, -0.037109375, 