{"movie": "wwdc2025", "offset": 60, "text_offset": 60, "embedding": [0.0400390625, 0.038818359375, 0.07080078125, 0.013671875, -0.041015625, 0.0439453125, 0.03125, -0.00098419189453125, -0.005035400390625, 0.018310546875, 0.0003757476806640625, -3.8623809814453125e-05, 0.0172119140625, -0.021484375, 0.00193023681640625, -0.0157470703125, 0.0189208984375, 0.00274658203125, 0.023193359375, 0.01422119140625, 0.026611328125, 0.02734375, 0.0281982421875, -0.08447265625, 0.0186767578125, 0.006011962890625, -0.0439453125, -0.0111083984375, -0.010009765625, -0.016357421875, -0.0240478515625, -0.0927734375, 0.06640625, 0.018310546875, -0.07861328125, 0.0279541015625, 0.04736328125, 0.0184326171875, -0.0230712890625, 0.007354736328125, -0.048095703125, 0.00537109375, -0.02099609375, -0.01904296875, 0.0098876953125, -0.0419921875, -0.021240234375, -0.01708984375, -0.004547119140625, -0.0025634765625, -0.004180908203125, 0.005401611328125, 0.035400390625, -0.04541015625, -0.0198974609375, -0.00921630859375, 0.019775390625, -0.034912109375, 0.0038299560546875, -0.004180908203125, 0.0023651123046875, -0.00653076171875, -0.04150390625, 0.0052490234375, -0.00152587890625, 0.007171630859375, -0.00811767578125, -0.0654296875, -0.024169921875, 0.06396484375, -0.07275390625, -0.024658203125, 0.037841796875, -0.045166015625, 0.004425048828125, 0.0157470703125, 0.0849609375, -0.0240478515625, -0.0277099609375, -0.00909423828125, 0.0189208984375, 0.01129150390625, 0.032470703125, 0.002471923828125, 0.03369140625, -0.056396484375, 0.00121307373046875, -0.0015411376953125, -0.0177001953125, -0.0169677734375, -0.00933837890625, 0.0167236328125, -0.021240234375, 0.010986328125, 0.044189453125, 0.044189453125, 0.0081787109375, 0.031494140625, 0.025390625, -0.0067138671875, -0.05126953125, 0.011962890625, -0.0162353515625, -0.01544189453125, -0.083984375, -0.050048828125, -0.01483154296875, 0.004425048828125, -0.00177764892578125, -0.0283203125, 0.0299072265625, -0.0294189453125, 0.01397705078125, -0.024169921875, -0.0013427734375, -0.0130615234375, 0.0281982421875, -0.053955078125, -0.00787353515625, 0.0303955078125, 0.0106201171875, -0.045166015625, 0.0108642578125, -0.060546875, 0.0125732421875, -0.019775390625, 0.059814453125, 0.0079345703125, -0.0003509521484375, 0.005035400390625, 0.0064697265625, 0.0673828125, 0.01904296875, -0.02734375, -0.055419921875, -0.01397705078125, 0.00860595703125, 0.0244140625, -0.0167236328125, -0.00946044921875, -0.006744384765625, -0.038818359375, 0.0146484375, -0.0380859375, -0.01904296875, -0.0174560546875, -0.034912109375, 0.0174560546875, -0.0439453125, 0.0224609375, 0.06982421875, -0.057861328125, 0.020263671875, 0.007598876953125, -0.03369140625, -0.02001953125, -0.022216796875, 0.014404296875, 0.016845703125, -0.02685546875, -0.01318359375, -0.018310546875, -0.01708984375, -0.031982421875, 0.07421875, 0.0022430419921875, 0.006927490234375, -0.00010824203491210938, -0.0135498046875, -0.00848388671875, 0.001983642578125, 0.00061798095703125, -0.0164794921875, 0.003082275390625, -0.034912109375, -0.0184326171875, -0.00579833984375, 0.004302978515625, 0.0296630859375, -0.005035400390625, -0.025634765625, -0.010009765625, 0.0439453125, 0.005035400390625, -0.0286865234375, 0.0023040771484375, -0.023681640625, 0.052001953125, 0.000339508056640625, -0.000896453857421875, 0.00897216796875, 0.0263671875, 0.00494384765625, 0.02099609375, 0.05029296875, -0.00836181640625, 0.018798828125, -0.0306396484375, 0.02099609375, 0.029296875, -0.007110595703125, 0.03271484375, -0.033447265625, 0.0186767578125, 0.02734375, 0.0230712890625, 0.052001953125, 0.0120849609375, -0.0380859375, -0.010986328125, 0.050048828125, 0.021484375, -0.016845703125, -0.0269775390625, -0.005615234375, -0.057373046875, 0.05078125, 0.04638671875, 0.01708984375, 0.032958984375, -0.0264892578125, -0.0023193359375, 0.023193359375, 0.035888671875, 0.005126953125, -0.01177978515625, -0.004608154296875, 0.010009765625, 0.03173828125, -0.003936767578125, 0.0274658203125, -0.01446533203125, -0.021728515625, 0.00616455078125, 0.00469970703125, 0.06787109375, -0.0019989013671875, -0.00897216796875, 0.0064697265625, 0.005889892578125, 0.0263671875, -0.0966796875, -0.031494140625, 0.06787109375, -0.040283203125, 0.021240234375, 0.01806640625, 0.035400390625, 0.07275390625, 0.0172119140625, -0.04150390625, 0.0174560546875, 0.036376953125, -0.0108642578125, -0.052001953125, 0.0020294189453125, -0.0185546875, 0.0341796875, -0.0022125244140625, -0.0244140625, 0.0186767578125, -0.00946044921875, 0.0274658203125, 0.0106201171875, -0.0013275146484375, 0.00022983551025390625, -0.0157470703125, 0.0128173828125, -0.0167236328125, 0.035400390625, 0.052001953125, 0.0189208984375, -0.0174560546875, 0.0021820068359375, -0.04833984375, -0.039306640625, -0.03662109375, -0.058349609375, -0.0211181640625, 0.00872802734375, -0.0634765625, -0.0260009765625, -0.023681640625, -0.00897216796875, -0.020751953125, 0.056884765625, 0.0546875, -0.00946044921875, -0.034912109375, -0.033935546875, 0.025390625, 0.00616455078125, 0.0194091796875, 0.0289306640625, -0.0216064453125, 0.035400390625, -0.0198974609375, -0.04443359375, -0.02490234375, -0.0174560546875, -0.048095703125, -0.01300048828125, 0.0067138671875, 0.0024261474609375, -0.06982421875, 0.037109375, -0.0101318359375, 0.044921875, -0.019775390625, 0.010009765625, 0.0019683837890625, -0.02197265625, 0.0164794921875, 0.00017547607421875, -0.0205078125, -0.01300048828125, -0.014892578125, -0.0024261474609375, 0.0284423828125, 0.0306396484375, -0.007537841796875, 0.060302734375, -0.00098419189453125, -0.02587890625, -0.016357421875, -0.0035552978515625, -0.07080078125, -0.01708984375, -0.02490234375, -0.0281982421875, -0.00958251953125, -0.054931640625, 0.0025634765625, -0.036865234375, -0.04052734375, 0.000972747802734375, -0.04150390625, 0.01458740234375, -0.045166015625, 0.0281982421875, 0.04248046875, -0.0069580078125, -0.01904296875, -0.0169677734375, -0.0537109375, 0.021728515625, 0.0004062652587890625, 0.0269775390625, 0.03125, -0.0003757476806640625, 0.01409912109375, -0.0220947265625, 0.0184326171875, 0.039794921875, 0.00982666015625, 0.0302734375, -0.044189453125, 0.02001953125, -0.035888671875, -0.051025390625, -0.01300048828125, -0.034912109375, 0.045166015625, -0.047119140625, 0.0301513671875, -0.023193359375, -0.00159454345703125, -0.01519775390625, -0.035400390625, 0.06298828125, 0.00823974609375, -0.0157470703125, -0.01251220703125, 0.0439453125, -0.04638671875, 0.03759765625, 0.0133056640625, -0.0111083984375, -0.01416015625, -0.0169677734375, 0.0159912109375, 0.03759765625, 0.01397705078125, -0.04345703125, -0.00921630859375, 0.0045166015625, 0.018310546875, -0.0235595703125, -0.06591796875, -0.033935546875, 0.004852294921875, -0.04052734375, 0.0294189453125, -0.0869140625, 0.0181884765625, -0.0294189453125, 0.006500244140625, 0.0296630859375, -0.0194091796875, -0.02001953125, -0.0250244140625, 0.006622314453125, 0.007720947265625, -0.0186767578125, 6.151199340820312e-05, 0.0185546875, 0.025390625, 0.0030059814453125, 0.03759765625, -0.0164794921875, -0.07763671875, 0.0751953125, -0.031982421875, 0.004974365234375, -0.01220703125, -0.005279541015625, 0.0024871826171875, 0.033447265625, -0.006622314453125, 0.068359375, 0.0245361328125, -0.00872802734375, -0.03076171875, 0.0016632080078125, -0.009033203125, 0.001312255859375, -0.00946044921875, -0.025390625, -0.037109375, -0.01470947265625, 0.00341796875, 0.000858306884765625, -0.0120849609375, 0.00140380859375, 0.0023040771484375, -0.007415771484375, 0.022216796875, -0.038818359375, -0.0291748046875, 0.02978515625, 0.055908203125, 0.0076904296875, -0.048828125, 0.0179443359375, -0.0260009765625, 0.013671875, 0.0311279296875, 0.0133056640625, -0.0194091796875, -0.032470703125, 0.0036773681640625, 0.004180908203125, 0.0177001953125, 1.728534698486328e-05, 0.053955078125, -0.0186767578125, -0.04150390625, -0.0234375, -0.004486083984375, 0.00506591796875, -0.00927734375, 0.0576171875, 