{"movie": "wwdc2025", "offset": 16, "text_offset": 0, "embedding": [0.0213623046875, 0.0272216796875, 0.0220947265625, -0.006195068359375, -0.0147705078125, 0.01348876953125, 0.0250244140625, -0.03369140625, 0.00909423828125, 0.037109375, -0.0030975341796875, -0.0031890869140625, -0.005767822265625, -0.038818359375, -0.046875, -0.02392578125, 0.0167236328125, 0.0235595703125, -0.01324462890625, -0.0201416015625, -0.00799560546875, 0.006805419921875, -0.00052642822265625, -0.0625, 0.015380859375, -0.0225830078125, -0.04248046875, 0.00726318359375, -0.0322265625, -0.0098876953125, -0.035400390625, -0.08056640625, 0.058837890625, 0.0019989013671875, -0.006866455078125, -0.032958984375, 0.0120849609375, 0.051025390625, -0.03955078125, 0.00640869140625, -0.015625, 0.0264892578125, -0.0021820068359375, -0.037353515625, -0.0174560546875, -0.04052734375, -0.01416015625, -0.041259765625, -0.025146484375, -0.0067138671875, -0.0252685546875, -0.0286865234375, -0.015869140625, -0.0206298828125, -0.021240234375, 0.0230712890625, -0.00109100341796875, 0.005523681640625, 0.0230712890625, 0.0264892578125, -0.00762939453125, 0.034423828125, 0.00341796875, -0.0174560546875, -0.046142578125, 0.0615234375, -0.0205078125, -0.039306640625, -0.01513671875, -0.0294189453125, -0.06884765625, 0.034423828125, 0.0810546875, -0.037109375, -0.00189971923828125, 0.059814453125, 0.06298828125, -0.01043701171875, 0.058349609375, 0.0673828125, -0.004119873046875, 0.04931640625, 0.0166015625, 0.00860595703125, -0.00151824951171875, -0.0732421875, -0.03369140625, -0.037353515625, -0.0087890625, 0.01153564453125, -0.0252685546875, 0.009521484375, -0.025634765625, 0.045166015625, 0.0033111572265625, 0.005615234375, -0.056396484375, 0.0208740234375, -0.00518798828125, 0.0048828125, -0.018798828125, 0.035888671875, -0.01434326171875, -0.015869140625, -0.057373046875, 0.0113525390625, -0.024658203125, -0.0218505859375, 0.0123291015625, 0.0103759765625, -0.00157928466796875, -0.052734375, -0.02392578125, -0.005157470703125, -0.051025390625, 0.03759765625, -0.021240234375, -0.050048828125, -0.031494140625, 0.01373291015625, -0.0216064453125, -0.01190185546875, -0.006622314453125, -0.036376953125, 0.04296875, 0.045166015625, 0.062255859375, -0.013916015625, -0.04541015625, 0.033203125, -0.03662109375, -0.0216064453125, 0.03466796875, -0.0208740234375, -0.06494140625, 0.0107421875, 0.02294921875, 0.01123046875, -0.01434326171875, -0.052978515625, 0.04833984375, 0.01373291015625, -0.0242919921875, 0.025634765625, -0.000461578369140625, 0.03857421875, -0.00640869140625, -0.003570556640625, -0.034912109375, -0.0169677734375, 0.01129150390625, -0.03125, -0.031494140625, 0.038818359375, -0.006072998046875, -0.016845703125, 0.01495361328125, -0.01318359375, 0.00555419921875, -0.031982421875, -0.011474609375, -0.06982421875, 0.0019989013671875, -0.008056640625, 0.042724609375, 0.048583984375, -0.0203857421875, -0.0390625, -0.01373291015625, -0.0233154296875, 0.0198974609375, 0.04833984375, -0.0225830078125, 0.0211181640625, -0.034423828125, -0.000598907470703125, -0.01239013671875, -0.0250244140625, 0.01092529296875, -0.0291748046875, -0.0140380859375, 0.03662109375, 0.03759765625, -0.025146484375, -0.0201416015625, 0.04248046875, -0.004669189453125, 0.024658203125, 0.0076904296875, 0.04931640625, -0.02734375, 0.0286865234375, 0.042724609375, -0.0179443359375, 0.01544189453125, 0.031494140625, 0.00457763671875, -0.030517578125, 0.06494140625, 0.0673828125, 0.068359375, 0.033203125, 0.00147247314453125, 0.0019989013671875, -0.01031494140625, 0.0012054443359375, 0.021484375, -0.01318359375, -0.07421875, 0.06396484375, -0.01171875, -0.0291748046875, -0.001922607421875, -0.02685546875, -0.01080322265625, -0.0625, 0.042724609375, 0.01611328125, -0.00860595703125, 0.0185546875, -0.007781982421875, -0.0218505859375, 0.04443359375, 0.035888671875, -0.006072998046875, -0.011474609375, 0.0208740234375, 0.054931640625, 0.03369140625, -0.0478515625, 0.031494140625, -0.0238037109375, -0.025634765625, -0.00421142578125, -0.00183868408203125, 0.031494140625, 0.028076171875, -0.01361083984375, -0.04345703125, 0.06298828125, -0.0011444091796875, -0.0040283203125, 0.000476837158203125, 0.04931640625, -0.029541015625, -0.0157470703125, -0.050048828125, -0.020751953125, 0.017578125, 0.00787353515625, -0.0019683837890625, 0.01324462890625, -0.005523681640625, -0.01031494140625, -0.042724609375, 0.01318359375, -0.037353515625, 0.0174560546875, -0.007781982421875, -0.0172119140625, 0.04345703125, 0.025146484375, 0.044189453125, -0.030029296875, 0.0537109375, 0.021484375, -0.0296630859375, 0.0035400390625, -0.0081787109375, -0.028564453125, 0.0242919921875, -0.0164794921875, -0.05322265625, 0.025146484375, -0.04248046875, -0.0220947265625, -0.0225830078125, -0.0026092529296875, -0.0673828125, 0.0206298828125, -0.0166015625, 0.0247802734375, -0.0322265625, -0.047119140625, -0.00555419921875, -0.00823974609375, -0.0299072265625, -0.041748046875, -0.00083160400390625, -0.005767822265625, 0.0264892578125, -0.0128173828125, -0.016357421875, -0.026611328125, -0.00897216796875, -0.01300048828125, 0.022705078125, 0.0107421875, -0.043212890625, -0.05810546875, -0.0673828125, 0.0224609375, -0.07470703125, 0.04345703125, 0.0022735595703125, 0.0272216796875, 0.006195068359375, 0.04541015625, -0.047119140625, 0.00885009765625, -0.0281982421875, -0.030029296875, -0.0026702880859375, -0.005828857421875, -0.057861328125, 0.00537109375, -0.011474609375, -0.01495361328125, 0.052978515625, 0.054443359375, 0.00194549560546875, -0.00994873046875, 0.0225830078125, 0.0107421875, 0.0296630859375, 0.01019287109375, -0.00921630859375, -0.01495361328125, -0.050048828125, -0.050048828125, -0.001953125, -0.07275390625, 0.007171630859375, -0.0007476806640625, -0.0224609375, -0.057373046875, -0.04541015625, 0.00665283203125, 0.01055908203125, 0.0203857421875, 0.034912109375, -0.022705078125, 0.0169677734375, 0.006744384765625, -0.0169677734375, 0.0235595703125, 0.031982421875, -0.0179443359375, -0.00726318359375, -0.01708984375, -0.03857421875, -0.022705078125, -0.047119140625, 0.0390625, 0.00494384765625, -0.041015625, 0.001708984375, 0.037353515625, -0.0191650390625, 0.01080322265625, -0.0218505859375, -0.07373046875, 0.01055908203125, -0.006103515625, -0.0283203125, -0.003265380859375, -0.0035858154296875, -0.0224609375, -0.07861328125, -0.004913330078125, 0.033203125, -0.0024871826171875, -0.0157470703125, -0.0022430419921875, -0.053955078125, -0.00133514404296875, 0.02783203125, 0.019287109375, 0.009765625, -0.0020599365234375, -0.0130615234375, 0.035888671875, -0.0191650390625, -0.0159912109375, -0.0242919921875, -0.01220703125, 0.006378173828125, -0.021240234375, 0.004302978515625, -0.0133056640625, -0.033447265625, -0.050048828125, -0.0032196044921875, -0.025146484375, 0.03662109375, -0.0145263671875, -0.01171875, -0.01519775390625, 0.0263671875, 0.00244140625, 0.0311279296875, 0.030029296875, -0.026123046875, 0.002716064453125, -0.0390625, 0.042236328125, 0.03759765625, 0.01153564453125, 0.004180908203125, -0.0322265625, -0.022216796875, 0.0272216796875, 0.015380859375, 0.006805419921875, -0.06298828125, 0.000446319580078125, -0.00640869140625, 0.032470703125, -0.03076171875, 0.0263671875, 0.034423828125, 0.03369140625, 0.0216064453125, -0.0035858154296875, -0.006744384765625, -0.046875, -0.00165557861328125, 0.0084228515625, -0.052978515625, -0.03173828125, 0.0174560546875, -0.03515625, -0.044921875, -0.005340576171875, 0.0157470703125, 0.05126953125, -0.04541015625, -0.0167236328125, -0.0220947265625, 0.0341796875, 0.006927490234375, -0.0035247802734375, -0.0203857421875, 0.020751953125, 0.04052734375, 0.08154296875, 0.0164794921875, 0.00043487548828125, -0.0272216796875, 0.0048828125, -0.0478515625, 0.01361083984375, 0.08837890625, 0.0150146484375, -0.000644683837890625, 0.0218505859375, -0.0294189453125, -0.054443359375, -0.0030364990234375, -0.00069427490234375, -0.0281982421875, 0.0615234375, 0.0654296875, -0.03271484375, 0.06884765625, 