{"movie": "wwdc2025", "offset": 282, "text_offset": 280, "embedding": [0.00982666015625, 0.0189208984375, 0.01556396484375, 0.06298828125, -0.0272216796875, -0.0128173828125, 0.0035400390625, -0.00098419189453125, 0.0145263671875, 0.062255859375, 0.055419921875, 0.0242919921875, -0.0306396484375, -0.0888671875, -0.00982666015625, 0.01092529296875, -0.01165771484375, -0.0167236328125, -0.01043701171875, 0.0142822265625, 0.01318359375, -0.04052734375, -0.01226806640625, -0.031494140625, -0.025634765625, -0.01141357421875, -0.039794921875, -0.0322265625, -0.011962890625, -0.03857421875, -0.032958984375, -0.052001953125, 0.045166015625, -0.00118255615234375, -0.0125732421875, 0.01116943359375, 0.0225830078125, 0.0302734375, -0.05322265625, 0.0033111572265625, -0.050048828125, 0.0123291015625, -0.011962890625, -0.0478515625, 0.004669189453125, -0.021728515625, -0.07080078125, -0.0303955078125, 0.006805419921875, 0.0498046875, -0.017578125, 0.037353515625, -0.0213623046875, -0.004241943359375, -0.04052734375, 0.0341796875, -0.000881195068359375, -0.002777099609375, -0.0264892578125, -0.0196533203125, -0.012939453125, -0.028564453125, -0.0255126953125, 0.0167236328125, -0.05322265625, 0.01129150390625, 0.04296875, -0.0296630859375, -0.037841796875, 0.00150299072265625, -0.05029296875, -0.031494140625, -0.017822265625, -0.006072998046875, 0.00787353515625, 0.01434326171875, 0.0291748046875, -0.08544921875, -0.05078125, 0.0400390625, -0.0003681182861328125, 0.033935546875, -0.0029144287109375, -0.01165771484375, -0.000843048095703125, 0.00634765625, 0.0361328125, -0.0281982421875, -0.00836181640625, 0.00946044921875, -0.01708984375, 0.0439453125, -0.01318359375, -0.02392578125, -0.05126953125, -0.030029296875, -0.0004138946533203125, -0.08740234375, -0.0272216796875, -0.001373291015625, -0.0020751953125, -0.017578125, -0.0419921875, -0.01324462890625, -0.006805419921875, -0.046630859375, -0.003936767578125, 0.028564453125, 0.016845703125, 0.00439453125, -0.029052734375, -0.0281982421875, -0.05078125, -0.006927490234375, -0.0439453125, 0.0186767578125, 0.00665283203125, -0.027587890625, 0.019775390625, -0.01385498046875, -0.0274658203125, -0.003204345703125, -0.014404296875, 0.007537841796875, 0.0045166015625, 0.033203125, 0.0263671875, 0.03662109375, 0.045654296875, 0.0208740234375, 0.00360107421875, -0.02392578125, 0.028564453125, 0.0225830078125, -0.06396484375, 0.0048828125, 7.0035457611083984e-06, -0.0732421875, -0.04248046875, -0.0107421875, -0.0185546875, 0.006622314453125, -0.04345703125, -0.0177001953125, 0.004730224609375, -0.045166015625, 0.056396484375, 0.01177978515625, 0.00640869140625, 0.025146484375, 0.0084228515625, -0.037109375, -0.057373046875, 0.05615234375, 0.0264892578125, 0.0189208984375, 0.0245361328125, -0.01171875, -0.07568359375, -0.038818359375, 0.01556396484375, -0.004974365234375, -0.0072021484375, -0.00323486328125, 0.05859375, -0.0264892578125, -0.03466796875, 0.0419921875, -0.045654296875, 0.00179290771484375, -0.07763671875, 0.014892578125, -0.021728515625, 0.0177001953125, -0.017578125, -0.0238037109375, -0.047119140625, 0.00628662109375, 0.02099609375, -0.02978515625, -0.0242919921875, 0.015380859375, 0.061767578125, -0.006744384765625, -0.005462646484375, -0.0135498046875, -0.0157470703125, 0.0283203125, 0.0240478515625, 0.0177001953125, -0.0103759765625, 0.031982421875, -0.01275634765625, 0.044921875, -0.0034942626953125, -0.03369140625, 0.045166015625, -0.0172119140625, 0.047607421875, 0.083984375, -0.0022125244140625, 0.09033203125, -0.00537109375, 0.049072265625, -0.015869140625, 0.0145263671875, -0.017822265625, 0.037841796875, -0.021728515625, -0.03466796875, -0.00531005859375, 0.018310546875, 0.033447265625, 0.00189208984375, -0.00089263916015625, -0.0106201171875, -0.0186767578125, 0.0478515625, 0.061767578125, 0.004241943359375, -0.037353515625, -0.0022125244140625, 0.027099609375, -0.003509521484375, 0.0054931640625, -0.025146484375, -0.00433349609375, 0.0419921875, 0.0439453125, 0.010986328125, 0.0225830078125, 0.0150146484375, -0.021240234375, 0.041015625, -0.00494384765625, 0.0203857421875, 0.03369140625, -0.00188446044921875, -0.025146484375, 0.047607421875, 0.0390625, -0.035400390625, -0.045166015625, 0.033203125, -0.0189208984375, -0.0390625, 0.00732421875, 0.0291748046875, 0.05908203125, -0.00787353515625, 0.02001953125, -0.0133056640625, -0.0673828125, -0.072265625, -0.04931640625, 0.0213623046875, -0.0400390625, 0.0145263671875, 0.04345703125, 0.029541015625, 0.0308837890625, -0.007781982421875, 0.03564453125, -0.0225830078125, 0.0159912109375, 0.0002689361572265625, -0.00372314453125, 0.0045166015625, -0.05419921875, 0.00885009765625, 0.0146484375, 0.026123046875, -0.07080078125, 0.029052734375, 0.00262451171875, -0.006256103515625, -0.046630859375, 0.0186767578125, -0.06396484375, -0.01611328125, 0.0125732421875, -0.01409912109375, 0.0186767578125, -0.0198974609375, 0.012939453125, 0.01025390625, 0.0242919921875, -0.0263671875, -0.04248046875, -0.034423828125, 0.0245361328125, -0.0186767578125, 0.047119140625, -0.0169677734375, -0.0087890625, -0.00830078125, -0.033935546875, 0.0322265625, -0.03662109375, -0.04345703125, -0.06494140625, -0.0361328125, -0.00445556640625, 0.000759124755859375, -0.0054931640625, 0.01806640625, 0.0277099609375, -0.0208740234375, 0.0106201171875, -0.009033203125, -0.00286865234375, 0.020263671875, -0.0213623046875, 0.04248046875, 0.0023345947265625, -0.0123291015625, 0.01416015625, -0.041015625, -0.004150390625, 0.01513671875, -0.0615234375, -0.0074462890625, 0.0306396484375, 0.049072265625, 0.010986328125, -0.0245361328125, -0.028076171875, -0.0439453125, -0.0146484375, -0.0625, 0.00958251953125, -0.04443359375, -0.027099609375, 0.01141357421875, -0.045654296875, 0.0439453125, -0.042724609375, -0.06982421875, 0.0126953125, 0.0308837890625, -0.00665283203125, -0.0400390625, 0.006866455078125, -0.0361328125, -0.032470703125, -0.031494140625, 0.0306396484375, 0.00018024444580078125, -0.00933837890625, 0.07080078125, -0.01483154296875, -0.02978515625, 0.0059814453125, 0.052978515625, -0.020263671875, -0.0059814453125, -0.05810546875, 0.08740234375, -0.087890625, -0.000911712646484375, 0.0194091796875, -0.01397705078125, 0.042724609375, 0.00118255615234375, -0.00836181640625, 0.01214599609375, -0.046875, -0.0167236328125, -0.0140380859375, 0.006256103515625, 0.047607421875, 0.011474609375, -0.0111083984375, -0.060791015625, -0.0157470703125, -0.01165771484375, 0.033935546875, -0.000667572021484375, 0.00139617919921875, -0.0189208984375, -0.019287109375, 0.0150146484375, -0.01409912109375, -0.040771484375, 0.016845703125, -0.002593994140625, -0.0478515625, -0.0625, -0.01556396484375, 0.0101318359375, -0.02490234375, -0.005889892578125, 0.064453125, -0.01019287109375, 0.0137939453125, -0.0029144287109375, -0.0301513671875, 0.0277099609375, 0.0240478515625, -0.01275634765625, -4.482269287109375e-05, 0.0086669921875, -0.0023345947265625, 0.0135498046875, -0.029541015625, 0.05419921875, -0.009033203125, 0.0240478515625, -0.0003604888916015625, -0.0301513671875, 0.00518798828125, 0.03955078125, -0.01806640625, -0.0213623046875, -0.022216796875, 0.0086669921875, -0.044921875, 0.018310546875, -0.0208740234375, 0.007171630859375, 0.047607421875, -0.02197265625, -0.00714111328125, 0.052978515625, 0.01068115234375, 0.004730224609375, -0.02001953125, -0.0189208984375, -0.04052734375, -0.0196533203125, 0.0233154296875, -0.03564453125, 0.045166015625, -0.0172119140625, 0.034912109375, -0.01397705078125, -0.01141357421875, -0.01025390625, -0.00482177734375, 0.00518798828125, 0.0260009765625, 0.010009765625, -0.060302734375, 0.000926971435546875, -0.0040283203125, 0.047119140625, 0.01416015625, 0.027099609375, -0.01544189453125, -0.003997802734375, -0.052978515625, 0.01556396484375, 0.072265625, 0.0242919921875, 0.0096435546875, -0.0089111328125, -0.00634765625, -0.005859375, -0.06005859375, 0.034423828125, 0.01806640625, 0.017333984375, -0.0255126953125, -0.01544189453125, 0.0135498046875, 