{"movie": "wwdc2025", "offset": 550, "text_offset": 540, "embedding": [-0.0250244140625, -0.0086669921875, 0.0152587890625, -0.046630859375, -0.0615234375, -0.033203125, 0.01470947265625, -0.0235595703125, 0.019287109375, 0.009521484375, 0.0096435546875, 0.0361328125, -0.0157470703125, -0.043212890625, -0.018798828125, -0.005859375, 0.01318359375, 0.01904296875, -0.001953125, -0.02685546875, -0.0185546875, -0.03759765625, 0.031982421875, -0.056640625, 0.0208740234375, -0.01055908203125, -0.03857421875, -0.00738525390625, -0.0230712890625, -0.01519775390625, 0.0133056640625, -0.052001953125, 0.060791015625, 0.059326171875, 0.0028839111328125, -0.0098876953125, 0.0029144287109375, 0.005889892578125, 0.01904296875, 0.01434326171875, -0.04248046875, 0.056396484375, 0.015625, -0.0260009765625, -0.0269775390625, 0.002044677734375, -0.0250244140625, -0.0023040771484375, -0.021728515625, -0.005523681640625, 0.00176239013671875, 0.01171875, 0.01263427734375, -0.06640625, -0.00128173828125, -0.0120849609375, -0.06884765625, -0.017333984375, 0.00994873046875, -0.01153564453125, 0.016845703125, 0.013427734375, -0.01806640625, 0.0177001953125, 0.0084228515625, -0.01513671875, 0.017333984375, -0.0120849609375, 0.0250244140625, -0.01806640625, -0.003204345703125, 0.0220947265625, 0.022705078125, -0.034912109375, -0.056640625, -0.0019989013671875, 0.046875, -0.07958984375, 0.0169677734375, 0.00909423828125, 0.0152587890625, 0.0281982421875, 0.04248046875, -0.02783203125, -0.0302734375, -0.01806640625, -0.03125, -0.0164794921875, -0.048828125, -0.0234375, -0.0274658203125, 0.0302734375, -0.04248046875, -0.0263671875, 0.0341796875, 0.033203125, -0.0625, -0.040771484375, -0.01416015625, 0.048828125, -0.0218505859375, 0.0625, -0.03271484375, -0.03271484375, -0.03857421875, -0.029052734375, 0.007354736328125, 0.0113525390625, -0.035400390625, -0.000606536865234375, 0.034912109375, -0.0103759765625, -0.005645751953125, 0.034423828125, -0.04248046875, 0.095703125, 0.035400390625, -0.05322265625, 0.0206298828125, 0.044189453125, -0.017333984375, -0.016845703125, 0.035400390625, -0.0030364990234375, -0.00738525390625, 0.035400390625, 0.04296875, 0.07861328125, -0.05908203125, 0.0181884765625, 0.04248046875, -0.052978515625, -0.000141143798828125, 0.0152587890625, -0.064453125, -0.0031890869140625, 0.0174560546875, -0.038330078125, -0.0032958984375, -0.03369140625, -0.004791259765625, -0.000732421875, -0.03759765625, 0.0026092529296875, -0.005767822265625, -0.0732421875, 0.0086669921875, 0.0198974609375, -0.0021820068359375, -0.06591796875, -0.0147705078125, -0.035400390625, -0.03466796875, 0.05615234375, 0.015625, 0.030029296875, 0.01171875, 0.007720947265625, -0.052734375, -0.033203125, 0.01483154296875, -0.03076171875, 0.029052734375, -0.02783203125, 0.0234375, 0.033203125, -0.0184326171875, 0.0184326171875, 0.01953125, -0.0272216796875, -0.006256103515625, 0.042724609375, -0.0732421875, -0.0014190673828125, 0.035400390625, 0.018310546875, -0.01483154296875, -0.01251220703125, -0.00106048583984375, -0.019775390625, -0.00897216796875, 0.002593994140625, 0.06884765625, -0.048828125, 0.00122833251953125, 0.0166015625, 0.0128173828125, 0.030029296875, -0.055419921875, 0.00872802734375, -0.0216064453125, 0.02685546875, 0.03125, 0.0123291015625, 0.0830078125, 0.033203125, -0.000949859619140625, 0.004547119140625, -0.068359375, 0.0230712890625, 0.008544921875, 0.036376953125, -0.007720947265625, -0.00982666015625, 0.022216796875, 0.0390625, -0.0257568359375, 0.040283203125, -0.053955078125, -0.01263427734375, -0.0272216796875, -0.0260009765625, -0.018798828125, -0.01104736328125, 0.04296875, -0.046875, 0.039794921875, -0.004058837890625, 0.0019683837890625, 0.040283203125, -0.007781982421875, 0.0030364990234375, 0.020263671875, 0.03857421875, -0.030517578125, 0.01708984375, -0.044189453125, -0.036376953125, 0.034912109375, -0.0038909912109375, 0.0037078857421875, 0.005523681640625, -0.026611328125, 0.0128173828125, 0.06103515625, 0.06396484375, 0.00177001953125, -0.024658203125, -0.03271484375, 0.044921875, 0.019287109375, -0.04052734375, 0.030517578125, 0.05810546875, -0.024658203125, -0.04443359375, -0.000579833984375, 0.024169921875, 0.0361328125, 0.05029296875, 0.0166015625, 0.0125732421875, 0.060546875, -0.0013427734375, -0.0260009765625, 0.033935546875, -0.002532958984375, -0.039794921875, 0.0250244140625, 0.0021209716796875, 0.041015625, -0.0191650390625, 0.0037384033203125, -0.05810546875, 0.029052734375, -0.015625, -0.039306640625, -0.036376953125, -0.046630859375, 0.005615234375, -0.005340576171875, -0.002593994140625, -0.033203125, 0.0234375, -0.01409912109375, 0.016357421875, -0.052734375, 0.034423828125, -0.0242919921875, -0.018798828125, -0.0140380859375, -0.020751953125, -0.029052734375, -0.00022411346435546875, 0.03759765625, -0.03955078125, -0.026123046875, 0.00836181640625, -0.0024566650390625, -0.00457763671875, -0.000553131103515625, 0.0296630859375, -0.0145263671875, 0.001983642578125, -0.031982421875, 0.0208740234375, -0.01165771484375, -0.00408935546875, -0.05126953125, -0.035400390625, -0.021728515625, -0.0216064453125, 0.00921630859375, 0.0458984375, -0.0244140625, 0.0654296875, -0.02294921875, 0.0120849609375, 0.01214599609375, -0.006866455078125, 0.016357421875, -0.01806640625, -0.0042724609375, 0.01373291015625, -0.07421875, 0.05615234375, -0.00131988525390625, -0.031982421875, 0.0038909912109375, -0.01019287109375, 0.0263671875, -0.021728515625, 0.052734375, 0.05224609375, 0.059814453125, -0.01416015625, -0.029052734375, -0.01446533203125, -0.0277099609375, -0.04345703125, 0.0019073486328125, -0.00168609619140625, 0.01019287109375, 0.01611328125, 0.00830078125, -0.0235595703125, -0.0277099609375, 0.01214599609375, 0.02734375, 0.0238037109375, 0.003204345703125, -0.01251220703125, 0.034423828125, -0.0272216796875, -0.0203857421875, 0.0164794921875, 0.0113525390625, 0.0390625, 0.016357421875, -0.00531005859375, -0.05126953125, -0.01483154296875, -0.031494140625, 0.005889892578125, -0.01287841796875, -0.062255859375, 0.00506591796875, 0.08642578125, -0.0888671875, -0.00726318359375, 0.01318359375, -0.00113677978515625, 0.00168609619140625, 0.01190185546875, 0.0014190673828125, 0.0034332275390625, 0.006500244140625, 0.03271484375, -0.004180908203125, 0.01324462890625, 0.0546875, 0.039306640625, -0.0084228515625, -0.032470703125, -0.038818359375, -0.0218505859375, -0.01165771484375, 0.049560546875, -0.0184326171875, -0.004150390625, -0.06494140625, -0.00043487548828125, -0.0361328125, -0.002532958984375, -0.029541015625, 0.0255126953125, -0.0017852783203125, -0.026611328125, -0.028076171875, -0.01031494140625, 0.0289306640625, 0.0096435546875, 0.0125732421875, -0.048583984375, 0.006103515625, -0.0269775390625, -0.0211181640625, 0.042236328125, 0.043212890625, -0.018798828125, 0.0233154296875, -0.0257568359375, -0.07080078125, 0.007568359375, -0.020751953125, 0.07080078125, 0.0098876953125, -0.054443359375, -0.007049560546875, -0.016357421875, -0.002838134765625, 0.005645751953125, -0.0152587890625, -0.0108642578125, -0.0625, -0.0020751953125, -0.0108642578125, -0.01324462890625, 0.01318359375, -0.0194091796875, 0.07373046875, 0.038330078125, 0.00830078125, 0.004241943359375, 0.035400390625, 0.0181884765625, -0.024169921875, -0.025634765625, -0.07958984375, -0.0103759765625, 0.03466796875, 0.024658203125, 0.039306640625, -0.00885009765625, -0.004241943359375, -0.041015625, -0.024658203125, 0.020751953125, -0.011962890625, -0.0234375, 0.060546875, -0.036865234375, -0.03662109375, 0.0220947265625, 0.046875, 0.024658203125, -0.0038604736328125, -0.051025390625, -0.0191650390625, -0.0120849609375, 0.00518798828125, 0.0380859375, 0.02294921875, 0.07958984375, -0.0177001953125, -0.037109375, -0.033203125, -0.0250244140625, -0.0196533203125, 0.0206298828125, 0.00885009765625, 0.016357421875, 0.01019287109375, -0.0281982421875, 0.050537109375, -0.022705078125, 0.0164794921875, 0.00469970703125, -0.046630859375, -0.0810546875, -0.06640625, 0.0302734375, 