{"movie": "wwdc2025", "offset": 14, "text_offset": 0, "embedding": [-0.004852294921875, 0.0234375, 0.02587890625, -0.005706787109375, -0.0595703125, 0.027587890625, 0.0198974609375, -0.0311279296875, 0.01483154296875, 0.0205078125, 0.017578125, -0.0103759765625, 0.034912109375, -0.0400390625, -0.051025390625, -0.000827789306640625, 0.041748046875, 0.00012969970703125, -0.046875, -0.029541015625, -0.00628662109375, -0.0003910064697265625, -0.00701904296875, -0.05322265625, 0.0111083984375, -0.009765625, -0.0052490234375, -0.00092315673828125, -0.038330078125, -0.0024871826171875, -0.00299072265625, -0.0693359375, 0.07470703125, -0.00830078125, -0.0003528594970703125, 0.025390625, 0.0228271484375, 0.048583984375, -0.052978515625, -0.01007080078125, 0.002105712890625, 0.045654296875, 0.008544921875, 0.01507568359375, -0.01220703125, -0.0126953125, -0.03271484375, -0.03662109375, -0.0191650390625, 0.04296875, 0.00970458984375, -0.041015625, 0.005767822265625, -0.03466796875, -0.0281982421875, 0.0157470703125, 0.0322265625, 0.0341796875, 0.000732421875, 0.005340576171875, -0.01019287109375, 0.0030059814453125, 0.01171875, -0.0128173828125, -0.038818359375, 0.040771484375, -0.0274658203125, -0.054443359375, 0.004058837890625, -0.00653076171875, -0.08203125, 0.02294921875, 0.04443359375, -0.01611328125, -0.0087890625, 0.0341796875, 0.07080078125, -0.0186767578125, -0.0150146484375, 0.053955078125, 0.00946044921875, 0.0390625, 0.01409912109375, -0.0036468505859375, 0.021728515625, -0.0283203125, 0.0126953125, -0.028564453125, 0.0035858154296875, 0.00665283203125, -0.043701171875, 0.02294921875, -0.005462646484375, 0.0283203125, 0.03515625, 0.0224609375, -0.0576171875, -0.0189208984375, -0.041015625, 0.0164794921875, -0.004150390625, 0.0303955078125, -0.003997802734375, 0.00787353515625, -0.020751953125, -0.04150390625, -0.01953125, 0.01483154296875, -0.01153564453125, 0.003326416015625, -0.016357421875, -0.03125, 0.010009765625, 0.0189208984375, -0.0185546875, 0.041015625, 0.01202392578125, -0.00787353515625, 0.0106201171875, 0.005859375, -0.01275634765625, 0.0130615234375, 0.005462646484375, -0.04345703125, 0.04443359375, 0.0693359375, 0.045654296875, 0.01385498046875, -0.049072265625, 0.038330078125, -0.03662109375, -0.020263671875, 0.03662109375, -0.0024871826171875, -0.034912109375, -0.01513671875, 0.017822265625, -0.0135498046875, 0.00701904296875, -0.03564453125, 0.00927734375, -0.000560760498046875, -0.0205078125, 0.0255126953125, -0.0213623046875, 0.0244140625, -0.0174560546875, 0.0157470703125, -0.00823974609375, 0.0235595703125, 0.048095703125, -0.048583984375, -0.00057220458984375, 0.00167083740234375, 0.00194549560546875, -0.0037841796875, 0.0272216796875, 0.0213623046875, -0.01416015625, -0.029052734375, 0.0035858154296875, -0.09423828125, -0.007080078125, -0.032958984375, 0.0194091796875, 0.00909423828125, 0.0224609375, -0.005706787109375, -0.017822265625, -0.02587890625, 0.0125732421875, 0.053466796875, -0.0234375, 0.03369140625, -0.059326171875, -0.04296875, -0.05859375, -0.005462646484375, -0.0001354217529296875, -0.0341796875, -0.0038909912109375, 0.053955078125, 0.0185546875, -0.040283203125, -0.0260009765625, 0.0146484375, -0.000823974609375, 0.01068115234375, -0.01190185546875, 0.03466796875, -0.01275634765625, 0.0301513671875, 0.037353515625, 0.0133056640625, 0.037841796875, 0.000732421875, 0.00396728515625, -0.0177001953125, 0.03564453125, 0.037841796875, 0.026123046875, 0.05224609375, -0.0166015625, 0.020263671875, 0.005767822265625, 0.01708984375, 0.01171875, -0.01171875, -0.055908203125, 0.01409912109375, -0.03369140625, -0.02392578125, -0.0255126953125, -0.0673828125, -0.012451171875, -0.060791015625, 0.0091552734375, 0.0269775390625, -0.01806640625, -0.010986328125, -0.035400390625, 0.025146484375, 0.0869140625, 0.03173828125, 0.000843048095703125, -0.0162353515625, 0.0234375, 0.0228271484375, 0.039794921875, -0.027099609375, 0.01275634765625, -0.0242919921875, -0.042724609375, 0.00194549560546875, 0.0218505859375, 0.037353515625, 0.0264892578125, -0.01483154296875, -0.02294921875, 0.07666015625, -0.0145263671875, -0.0157470703125, -0.00927734375, 0.07275390625, -0.02978515625, 0.000823974609375, -0.0308837890625, -0.006378173828125, 0.057373046875, -0.004791259765625, -0.0106201171875, 0.053955078125, -0.005096435546875, -0.051025390625, -0.07080078125, 0.004669189453125, -0.00616455078125, 0.0223388671875, 0.0076904296875, 0.0130615234375, 0.046875, -0.01153564453125, 0.0615234375, -0.0517578125, 0.0224609375, -0.005645751953125, -0.01611328125, 0.016357421875, -0.021728515625, -0.0264892578125, 0.0341796875, -0.03271484375, -0.06591796875, 0.0198974609375, -0.0174560546875, -0.02490234375, -0.042724609375, 0.005584716796875, -0.054443359375, 0.0234375, -0.03271484375, 0.0159912109375, -0.027587890625, -0.0196533203125, 0.007568359375, 0.006683349609375, 0.0181884765625, -0.03662109375, 0.0022430419921875, -0.000507354736328125, -0.0034942626953125, 0.0074462890625, 0.006591796875, -0.027587890625, -0.0291748046875, 0.0498046875, 0.0078125, -0.0181884765625, -0.0291748046875, -0.037841796875, -0.0888671875, 0.00098419189453125, -0.05419921875, 0.032470703125, -0.03369140625, 0.0174560546875, 0.0419921875, 0.0145263671875, -0.062255859375, -0.003387451171875, -0.01318359375, -0.01226806640625, -0.0306396484375, 0.00213623046875, -0.048828125, -0.021240234375, -0.0291748046875, 0.0017242431640625, 0.06640625, 0.0223388671875, -0.0238037109375, 0.003936767578125, -0.021484375, -0.029052734375, 0.038330078125, 0.0306396484375, -0.0084228515625, -0.00262451171875, -0.0263671875, -0.059326171875, -0.0274658203125, -0.05419921875, 0.00640869140625, 0.01531982421875, -0.03173828125, -0.01806640625, -0.053955078125, -0.0157470703125, -0.0245361328125, -0.0087890625, 0.046875, -0.01275634765625, 0.01202392578125, 0.00494384765625, -0.0238037109375, 0.0224609375, 0.007293701171875, 0.004119873046875, 0.0177001953125, -0.01556396484375, -0.0203857421875, -0.00946044921875, 0.01025390625, 0.037841796875, -0.0250244140625, -0.01348876953125, -0.020751953125, 0.0517578125, -0.0400390625, 0.029052734375, -0.03564453125, -0.03369140625, -0.0130615234375, -0.004547119140625, -0.00518798828125, -0.00872802734375, 0.0034637451171875, -0.03564453125, -0.05712890625, 0.01708984375, 0.031982421875, 0.00885009765625, -0.0235595703125, -0.004547119140625, -0.07666015625, -0.0203857421875, 0.048828125, 0.00146484375, -0.0205078125, -0.005767822265625, -0.0089111328125, 0.0361328125, 0.0235595703125, -0.0162353515625, -0.01092529296875, -0.02294921875, 0.01129150390625, -0.0157470703125, -0.0186767578125, -0.020751953125, -0.06494140625, -0.0498046875, 0.0458984375, -0.030029296875, -0.00927734375, -0.05224609375, -0.0087890625, 0.01513671875, 0.0107421875, -0.00732421875, 0.0164794921875, 0.0341796875, 0.0103759765625, 0.00110626220703125, -0.054931640625, 0.04150390625, 0.0191650390625, -0.02099609375, -0.024658203125, -0.00909423828125, -7.152557373046875e-05, 0.00927734375, -0.007781982421875, 0.0194091796875, -0.037841796875, 0.031494140625, -0.0019989013671875, -0.004425048828125, -0.0296630859375, 0.0189208984375, 0.046875, 0.008544921875, 0.046875, 0.003997802734375, -0.001251220703125, -0.0693359375, -0.0230712890625, -0.0111083984375, -0.04443359375, 0.0031280517578125, 0.02880859375, -0.06298828125, 0.00640869140625, -0.01043701171875, -0.01385498046875, 0.0255126953125, -0.0189208984375, -0.007080078125, -0.0223388671875, 0.007720947265625, 0.0400390625, -0.02197265625, -0.017822265625, 0.0242919921875, 0.00927734375, 0.047607421875, 0.04296875, -0.006072998046875, -0.037109375, 0.0107421875, -0.03515625, 0.01190185546875, 0.0703125, 0.0186767578125, -0.04345703125, -0.0054931640625, -0.04345703125, -0.0673828125, -0.004730224609375, 0.0201416015625, -0.02001953125, 0.0517578125, 0.042724609375, -0.057373046875, 0.064453125, -0.015625, 0.00982666015625, -0.0286865234375, -0.01190185546875, -0.06982421875, -0.02197265625, 0.03662109375, 