{"movie": "wwdc2025", "offset": 262, "text_offset": 260, "embedding": [0.041259765625, -0.001068115234375, 0.052001953125, 0.04443359375, -0.060791015625, 0.0036468505859375, 0.002227783203125, 0.0206298828125, -0.031494140625, 0.014892578125, -0.0069580078125, -0.006500244140625, -0.01141357421875, -0.01519775390625, -0.018798828125, -0.0198974609375, 0.050048828125, 0.00860595703125, -0.01251220703125, -0.0198974609375, 0.03466796875, -0.0020751953125, 0.0240478515625, -0.02685546875, 0.027587890625, -0.01446533203125, -0.0159912109375, -0.01708984375, 0.0238037109375, -0.0159912109375, -0.01312255859375, -0.078125, 0.0390625, 0.03857421875, -0.027587890625, 0.004150390625, -0.01202392578125, 0.042724609375, -0.0390625, 0.035888671875, -0.0208740234375, -0.01220703125, 0.0026092529296875, -0.0211181640625, -0.031494140625, -0.032958984375, -0.024658203125, -0.027099609375, 0.0224609375, 0.0400390625, 0.01446533203125, 0.003021240234375, 0.049072265625, -0.002960205078125, -0.0240478515625, 0.04248046875, -0.0093994140625, 0.0086669921875, 0.04931640625, 0.0020904541015625, -0.0277099609375, -0.004302978515625, 0.00933837890625, 0.014892578125, -0.0137939453125, 0.03271484375, -0.0137939453125, -0.043701171875, -0.017822265625, 0.0078125, -0.0167236328125, -0.00225830078125, 0.01611328125, -0.0284423828125, -0.002105712890625, 0.0213623046875, 0.048828125, -0.00634765625, -0.0101318359375, 0.021240234375, 0.0111083984375, 0.02099609375, 0.0272216796875, 0.029541015625, -0.0181884765625, -0.0201416015625, 0.02099609375, -0.030029296875, 0.0113525390625, -0.0341796875, -0.0302734375, 0.035400390625, -0.0303955078125, -0.00933837890625, -0.033935546875, -0.030517578125, 0.007354736328125, -0.08984375, 0.01806640625, 0.035400390625, 0.03515625, -0.0029449462890625, -0.04052734375, -0.0218505859375, -0.02685546875, -0.06103515625, -0.0206298828125, -0.005828857421875, 0.0086669921875, 0.0076904296875, -0.021484375, -0.0181884765625, -0.06396484375, -0.01202392578125, -0.05810546875, -0.0084228515625, 0.016845703125, -0.0157470703125, 0.0537109375, 0.0152587890625, -0.0303955078125, 0.021728515625, -0.000850677490234375, -0.061767578125, -0.0029144287109375, -0.0238037109375, 0.07177734375, 0.003173828125, 0.004302978515625, 0.00531005859375, -0.0142822265625, 0.0201416015625, 0.040771484375, 0.05078125, -0.0341796875, 0.01019287109375, -0.01202392578125, 0.00164794921875, 0.009033203125, 0.0233154296875, 0.035400390625, 0.031982421875, -0.033203125, 0.017822265625, -0.031982421875, -0.00689697265625, 0.01019287109375, -0.00164031982421875, -0.0908203125, 0.01220703125, 0.025146484375, -0.0181884765625, -0.0206298828125, 0.0693359375, 0.01422119140625, 0.0081787109375, -0.0022735595703125, -0.0267333984375, -0.03125, -0.054443359375, 0.03515625, -0.0147705078125, -0.00176239013671875, 0.0264892578125, 0.056396484375, -0.000835418701171875, -0.0419921875, 0.002655029296875, -0.0115966796875, -0.05078125, -0.07080078125, 0.01422119140625, 0.0020599365234375, 0.0038604736328125, -0.0233154296875, -0.0086669921875, -0.01904296875, 0.002960205078125, -0.0062255859375, 0.004058837890625, -0.0179443359375, 0.025390625, 0.0126953125, -0.0299072265625, 0.018798828125, 0.031982421875, 0.005096435546875, 0.053466796875, -0.0030670166015625, 0.037353515625, 0.010498046875, 0.068359375, -0.0145263671875, 0.013427734375, -0.007476806640625, -0.0089111328125, -0.02197265625, 0.00799560546875, 0.0771484375, 0.04052734375, -0.005615234375, 0.0400390625, 0.01068115234375, -0.0027313232421875, -0.01519775390625, -0.022705078125, -0.020263671875, 0.0390625, -0.022216796875, -0.02783203125, -0.034423828125, 0.0228271484375, -0.002716064453125, -0.0189208984375, -0.023681640625, -0.0111083984375, 0.04248046875, 0.0115966796875, -0.0084228515625, -0.031494140625, -0.047607421875, 0.009521484375, 0.0145263671875, -0.01470947265625, 0.003448486328125, -0.054443359375, -0.0086669921875, 0.03369140625, 0.0206298828125, -0.00689697265625, -0.040771484375, 0.0186767578125, -0.0439453125, 0.028564453125, 0.015380859375, 0.050048828125, -0.017333984375, 0.0126953125, -0.006103515625, 0.046142578125, 0.02001953125, -0.0341796875, 0.00799560546875, 0.031982421875, -0.0771484375, -0.051025390625, -0.04345703125, 0.017578125, 0.05078125, 0.0400390625, -0.01220703125, -0.0172119140625, 0.0206298828125, -0.060546875, -0.013427734375, 0.0162353515625, -0.0111083984375, -0.03564453125, 0.017333984375, -0.03515625, 0.0107421875, 0.01043701171875, 0.002166748046875, -0.0517578125, 0.00921630859375, 0.035400390625, 0.0284423828125, 0.00118255615234375, -0.046630859375, 0.0250244140625, 0.017822265625, -0.0240478515625, -0.000865936279296875, 0.0390625, 0.0145263671875, -0.0277099609375, -0.036865234375, 0.010009765625, -0.007293701171875, 0.0245361328125, -0.014892578125, 0.00396728515625, 0.02685546875, -0.025146484375, 0.028564453125, 0.05615234375, 0.028076171875, -0.0181884765625, -0.01470947265625, -0.05078125, 0.0218505859375, 0.016845703125, -0.0150146484375, -0.01226806640625, -0.0150146484375, -0.00909423828125, 0.0218505859375, 0.02197265625, -0.0244140625, -0.0341796875, -0.016357421875, 0.031982421875, 0.00897216796875, -0.02685546875, -0.0062255859375, 0.032470703125, 0.021484375, -0.0184326171875, 0.0177001953125, 0.0098876953125, 0.00799560546875, -0.018798828125, -0.0157470703125, 0.035400390625, -0.01092529296875, -0.01422119140625, -0.021484375, 0.006500244140625, 0.05078125, 0.046630859375, 0.0035247802734375, 0.0390625, -0.010009765625, 0.041748046875, 0.0224609375, -0.0191650390625, -0.0267333984375, -0.038330078125, 0.0005645751953125, -0.00677490234375, 0.016845703125, -0.035400390625, -0.0079345703125, -0.01287841796875, -0.048828125, 0.027587890625, -0.0089111328125, -0.00830078125, -0.051025390625, 0.0111083984375, -0.00156402587890625, -0.033203125, 0.0537109375, -0.03515625, -0.027587890625, -0.006591796875, -0.000431060791015625, 0.0198974609375, 0.02978515625, 0.0361328125, -0.048095703125, 0.01556396484375, -0.01544189453125, 0.024658203125, -0.007720947265625, -0.01904296875, -0.004608154296875, 0.0186767578125, -0.0888671875, 0.027099609375, 0.01092529296875, -0.01007080078125, 0.054443359375, -0.02685546875, 0.01458740234375, 0.01202392578125, -0.00014781951904296875, -0.031982421875, -0.043701171875, -0.01177978515625, 0.0206298828125, 0.0032806396484375, -0.01141357421875, -0.00469970703125, -0.05615234375, 0.0286865234375, -0.01226806640625, 0.02001953125, -0.0186767578125, -0.0052490234375, -0.0257568359375, 0.029541015625, -0.039794921875, 0.016357421875, -0.01556396484375, 0.00909423828125, -0.012939453125, -0.036376953125, 0.0096435546875, -0.0869140625, -0.0179443359375, -0.017578125, 0.03076171875, -0.0159912109375, 0.01556396484375, -0.025390625, -0.0150146484375, 0.0390625, 0.0206298828125, 0.014892578125, 0.021484375, -0.0150146484375, 0.0022735595703125, 0.03466796875, -0.0693359375, 0.05615234375, 0.040771484375, 0.003082275390625, 0.025390625, -0.004791259765625, -0.041259765625, 0.024658203125, 0.0264892578125, -0.0380859375, -0.07568359375, 0.0035858154296875, -0.005462646484375, 0.04833984375, 0.0111083984375, -0.01092529296875, 0.0341796875, 0.0164794921875, 0.04248046875, 0.03857421875, 0.0272216796875, -0.007110595703125, -3.2782554626464844e-06, 0.00145721435546875, -0.056884765625, -0.0233154296875, 0.00176239013671875, -0.0123291015625, 0.032958984375, 0.0101318359375, 0.0166015625, 0.00689697265625, -0.05712890625, 0.01422119140625, -0.013916015625, -0.01312255859375, 0.051513671875, -0.046630859375, -0.0888671875, 0.0140380859375, 0.0017547607421875, 0.05712890625, 0.0084228515625, -0.006622314453125, 0.01116943359375, 0.0245361328125, 0.0037994384765625, -0.009521484375, 0.0615234375, 0.0693359375, -0.00933837890625, 0.0322265625, -0.02001953125, -0.0302734375, -0.037841796875, -0.0015411376953125, 0.015625, 0.0038604736328125, 0.03173828125, 0.0031280517578125, 0.0322265625, -0.00946044921875, 0.0074462890625, -0.00604248046875, 