{"movie": "wwdc2025", "offset": 348, "text_offset": 340, "embedding": [0.0322265625, 0.00933837890625, 0.058837890625, 0.0517578125, -0.080078125, 0.01953125, -0.0050048828125, 0.01336669921875, -0.00238037109375, 0.059326171875, 0.0203857421875, -0.0301513671875, -0.0096435546875, -0.060791015625, -0.0048828125, -0.00823974609375, 0.05322265625, -0.040283203125, 0.0167236328125, 0.003570556640625, 0.047119140625, -0.04541015625, -0.0478515625, -0.040771484375, 0.03564453125, 0.0145263671875, -0.0269775390625, -0.0308837890625, -0.0296630859375, -0.046142578125, 0.01190185546875, -0.0712890625, 0.0869140625, -0.034912109375, 0.00701904296875, 0.025146484375, 0.049560546875, 0.036865234375, 0.00823974609375, 0.01385498046875, -0.0126953125, 0.00732421875, -0.00048065185546875, -0.03955078125, -0.0322265625, 0.0203857421875, -0.034912109375, -0.04052734375, 0.006103515625, 0.019287109375, 0.02978515625, -0.025390625, -0.01904296875, -0.00083160400390625, -0.052978515625, 0.021484375, 0.010986328125, 0.01904296875, 0.032958984375, -0.002166748046875, 0.01385498046875, -0.007781982421875, 0.0029754638671875, 0.027099609375, 0.00958251953125, -0.00146484375, -0.00762939453125, -0.035400390625, -0.02392578125, -0.0235595703125, -0.06591796875, 0.051513671875, 0.0010528564453125, -5.817413330078125e-05, 0.0186767578125, -0.004852294921875, 0.042236328125, -0.032958984375, 0.009521484375, -0.003814697265625, -0.020751953125, 0.0125732421875, 0.048095703125, -0.021484375, -0.0164794921875, 0.027099609375, 0.0135498046875, -0.021484375, 0.00732421875, 0.0003757476806640625, 0.010498046875, 0.049560546875, -0.015380859375, 0.02587890625, 0.00732421875, -0.0084228515625, -0.0751953125, -0.00014972686767578125, 0.034912109375, -0.00616455078125, 0.0625, 0.009521484375, 0.0123291015625, -0.0145263671875, -0.0166015625, -0.0751953125, 0.01385498046875, 0.036865234375, -0.0238037109375, 0.0186767578125, -0.0247802734375, 0.0303955078125, -0.0074462890625, 0.025390625, -0.032470703125, 0.056884765625, 0.0238037109375, -0.005645751953125, 0.04345703125, -0.0201416015625, -0.040283203125, 0.01251220703125, -0.0289306640625, 0.0191650390625, -0.004638671875, 0.0230712890625, 0.032958984375, -0.00726318359375, -0.04638671875, 0.0284423828125, -0.0191650390625, -0.038818359375, 0.05224609375, -0.02392578125, -0.0712890625, -0.0033111572265625, 0.0322265625, 0.006072998046875, -0.01519775390625, -0.00970458984375, 0.000579833984375, 0.0074462890625, -0.04931640625, -0.005706787109375, 0.0064697265625, -0.037353515625, 0.047119140625, 0.009765625, -0.0284423828125, -0.04052734375, 0.0191650390625, -0.03466796875, -0.04931640625, 0.08447265625, 0.0014495849609375, 0.046875, -0.00020503997802734375, 0.007415771484375, -0.048095703125, -0.01202392578125, -0.03369140625, -0.0135498046875, 0.014892578125, -0.03759765625, 0.01055908203125, 0.04638671875, -0.00830078125, -0.0303955078125, -0.050048828125, 0.010498046875, -0.0712890625, 0.00885009765625, 0.000701904296875, 0.0712890625, -0.017822265625, -0.0145263671875, -0.01519775390625, -0.01153564453125, -0.00927734375, -0.01092529296875, 0.006011962890625, 0.047607421875, 0.01385498046875, 0.0054931640625, -0.0556640625, -0.06103515625, 0.025390625, 0.01214599609375, 0.00970458984375, -0.0054931640625, -0.007720947265625, 0.026611328125, 0.04052734375, -0.001922607421875, 0.0341796875, -0.0194091796875, -0.03759765625, 0.0142822265625, 0.06103515625, 0.072265625, 0.040283203125, 0.044189453125, -0.006622314453125, 0.00885009765625, -0.00055694580078125, 0.0089111328125, 0.0242919921875, 0.038330078125, -0.05419921875, 0.08642578125, -0.0037689208984375, 0.0072021484375, -0.056884765625, 0.00933837890625, -0.006256103515625, -0.05712890625, -0.00921630859375, 0.0107421875, 0.00616455078125, 0.03076171875, 0.061767578125, -0.0322265625, -0.01153564453125, 0.02001953125, 0.0108642578125, -0.031494140625, 0.0091552734375, 0.02392578125, 0.01348876953125, -0.0257568359375, -0.00848388671875, -0.019775390625, -0.005401611328125, 0.03271484375, 0.01312255859375, 0.00518798828125, 0.038330078125, -0.0184326171875, -0.037109375, 0.04345703125, 0.01220703125, 0.0220947265625, 0.01336669921875, 0.051025390625, -0.01385498046875, -0.0830078125, 0.010986328125, 0.04931640625, 0.0478515625, 0.03173828125, 0.00927734375, 0.0225830078125, 0.005096435546875, -0.0257568359375, 0.0040283203125, 0.020751953125, -0.048095703125, 0.014404296875, -0.03857421875, 0.038330078125, 0.048095703125, 0.01202392578125, 0.01141357421875, -0.0250244140625, 0.0247802734375, 0.004608154296875, -0.0595703125, -0.0089111328125, -0.0673828125, -0.01275634765625, 0.03369140625, -0.00872802734375, 0.01177978515625, -0.00750732421875, -0.0269775390625, -0.033447265625, 0.00189971923828125, -0.02099609375, -0.00131988525390625, -0.0028076171875, -0.0235595703125, -0.029052734375, -0.0301513671875, -0.0277099609375, 0.037353515625, -0.00958251953125, 0.06298828125, -0.05322265625, -0.038330078125, 0.0269775390625, 0.0361328125, -0.00921630859375, 0.025146484375, 0.0024261474609375, 0.01708984375, 0.0184326171875, -0.0087890625, 0.031494140625, -0.015869140625, -0.0164794921875, -0.0810546875, -0.003387451171875, 0.03564453125, 0.0517578125, 0.00439453125, 0.068359375, 0.004364013671875, 0.006744384765625, 0.0113525390625, 0.019287109375, -0.0028839111328125, 0.0030517578125, 0.0277099609375, -0.01055908203125, -0.036376953125, -0.00823974609375, -0.040283203125, -0.033447265625, 0.020751953125, -0.022705078125, 0.00921630859375, 0.00140380859375, 0.0240478515625, 0.062255859375, 0.00457763671875, -0.029052734375, -0.031494140625, -0.00189971923828125, -0.053955078125, -0.056396484375, -0.015625, -0.06005859375, 0.014892578125, 0.0002689361572265625, -0.038818359375, -0.013671875, -0.06689453125, -0.02978515625, -0.0125732421875, -0.013916015625, 0.03125, -0.05078125, -0.023193359375, -0.032958984375, 0.005279541015625, -0.02734375, 0.044189453125, -0.01007080078125, 0.000385284423828125, -0.0228271484375, -0.032470703125, -0.0595703125, -0.055419921875, 0.057861328125, -0.0164794921875, -0.04248046875, -0.059326171875, 0.0191650390625, -0.037353515625, 0.0380859375, 0.004150390625, -0.0235595703125, -0.0023345947265625, -0.0224609375, -0.03125, 0.035888671875, -0.03564453125, -0.015380859375, -0.0140380859375, -0.0269775390625, 0.09912109375, -0.029296875, -0.00543212890625, 0.002471923828125, -0.036376953125, -0.006744384765625, -0.00012302398681640625, -0.04931640625, 0.020263671875, 0.01385498046875, -0.0361328125, 0.004119873046875, 0.0089111328125, -0.02197265625, -0.04931640625, 0.001861572265625, -0.035888671875, 0.029296875, -0.03759765625, -0.08984375, -0.0311279296875, -0.02587890625, 0.037109375, -0.03955078125, -0.00579833984375, -0.048828125, -0.062255859375, 0.0244140625, 0.04345703125, -0.0191650390625, 0.002471923828125, 0.0322265625, -0.0712890625, -0.05078125, -0.038330078125, 0.034912109375, 0.0115966796875, -0.0269775390625, -0.00037384033203125, -0.002685546875, 0.00142669677734375, -0.0103759765625, -0.03466796875, -0.03857421875, -0.0157470703125, -0.00141143798828125, -0.0238037109375, -0.0010223388671875, -0.028564453125, -0.0078125, -0.01092529296875, -0.0028839111328125, 0.006927490234375, 0.0244140625, -0.014404296875, -0.0035247802734375, 0.051513671875, -0.046142578125, -0.051025390625, 0.0201416015625, 0.02392578125, -0.06103515625, -0.0361328125, -0.009765625, 0.0126953125, 0.024658203125, 0.0029754638671875, -0.00872802734375, -0.00921630859375, 0.001495361328125, -0.005126953125, -0.03271484375, -0.09423828125, 0.047607421875, -0.01611328125, 0.08984375, -0.002197265625, 0.003143310546875, 0.0301513671875, 0.0194091796875, -0.0032806396484375, 0.025146484375, 0.045166015625, 0.009033203125, 0.00494384765625, -0.0205078125, 0.021728515625, -0.02001953125, -0.0262451171875, 0.04541015625, -0.0289306640625, 0.007110595703125, 0.08837890625, -0.0185546875, 0.0634765625, -0.046875, 0.004180908203125, -0.0035552978515625, -0.0478515625, 