{"movie": "wwdc2025", "offset": 168, "text_offset": 160, "embedding": [0.03466796875, -0.01092529296875, 0.038818359375, -0.0103759765625, -0.0262451171875, 0.0101318359375, 0.00927734375, -0.03662109375, 0.03466796875, 0.038330078125, 0.004852294921875, -0.0263671875, -0.0076904296875, -0.011962890625, -0.002532958984375, -0.01361083984375, 0.006988525390625, 0.01385498046875, 0.0281982421875, -0.004547119140625, -0.0400390625, -0.01708984375, 0.01116943359375, -0.0191650390625, 0.0191650390625, -0.0537109375, -0.0208740234375, -0.0198974609375, -0.052490234375, 0.03564453125, 0.0034942626953125, -0.054443359375, 0.041015625, 0.02587890625, -0.0537109375, -0.0400390625, 0.03564453125, 0.038818359375, -0.012451171875, 0.06298828125, 0.0252685546875, -0.002105712890625, -0.0247802734375, -0.01226806640625, 0.0133056640625, -0.0025634765625, -0.072265625, -0.01129150390625, 0.049560546875, 0.05908203125, -0.01239013671875, 0.0223388671875, 0.002838134765625, -0.0341796875, -0.05322265625, -0.020751953125, 0.0023651123046875, 0.0218505859375, -0.005584716796875, 0.00872802734375, -0.0106201171875, -0.0279541015625, -0.01397705078125, 0.00010061264038085938, -0.037353515625, 0.00592041015625, -0.0225830078125, -0.0289306640625, 0.037109375, -0.021728515625, -0.0205078125, -0.0081787109375, 0.01171875, -0.038330078125, 0.041748046875, 0.01220703125, 0.0252685546875, -0.039794921875, 0.01214599609375, 0.068359375, -0.0263671875, -0.00738525390625, -0.0089111328125, 0.0169677734375, 0.004913330078125, -0.02490234375, 0.007476806640625, -0.0272216796875, -0.00299072265625, -0.0220947265625, 0.0037384033203125, 0.033203125, 0.0208740234375, -0.027099609375, -0.00750732421875, -0.0089111328125, 0.023193359375, -0.05517578125, 0.0191650390625, 0.036865234375, 0.01068115234375, -0.00174713134765625, -0.031982421875, -0.00494384765625, -0.06494140625, -0.026611328125, -0.0079345703125, 0.0211181640625, -0.039794921875, 0.0064697265625, -0.0126953125, -0.0498046875, 0.0242919921875, -0.00909423828125, -0.031494140625, 0.0191650390625, 0.07275390625, -0.032470703125, 0.05859375, -0.00701904296875, -0.020751953125, -0.041015625, 0.006683349609375, -0.022216796875, -0.0191650390625, 0.034423828125, 0.006256103515625, 0.0142822265625, -0.0194091796875, 0.025390625, -0.0189208984375, 0.01080322265625, 0.02099609375, 0.000720977783203125, -0.03955078125, -0.0027923583984375, 0.042724609375, 0.042236328125, -0.05615234375, -0.013427734375, -0.0147705078125, 0.0361328125, -0.05322265625, 0.031982421875, -0.06005859375, -0.021240234375, 0.037841796875, -0.01055908203125, -0.0615234375, 0.002044677734375, 0.044677734375, -0.027099609375, -0.048828125, 0.06884765625, 0.0157470703125, 0.00994873046875, -0.03173828125, 0.01287841796875, -0.0277099609375, -0.034423828125, -0.017822265625, -0.07373046875, 0.0024261474609375, 0.03564453125, 0.022216796875, -0.0159912109375, 0.01202392578125, 0.012939453125, 1.3053417205810547e-05, 0.0064697265625, -0.0810546875, 0.000492095947265625, 0.00665283203125, -0.03564453125, -0.003662109375, 0.0234375, 0.00836181640625, 0.0230712890625, 0.00927734375, 0.0017852783203125, -0.01202392578125, 0.004791259765625, 0.044677734375, -0.0419921875, 0.00555419921875, 0.0115966796875, -0.002960205078125, 0.0458984375, -0.08203125, 0.044189453125, -0.0185546875, 0.017333984375, -0.01153564453125, -0.006988525390625, 0.05224609375, -0.0517578125, 0.04345703125, -0.036376953125, 0.0419921875, 0.05078125, -0.00970458984375, -0.006988525390625, 0.01397705078125, 0.0194091796875, 0.045166015625, -0.005645751953125, 0.0157470703125, 0.037109375, -0.0205078125, 0.0272216796875, -0.0537109375, -0.00439453125, -0.0595703125, -0.05322265625, 0.01495361328125, -0.04150390625, 0.04736328125, -0.005126953125, 0.033447265625, 0.004058837890625, -0.029296875, -0.0244140625, 0.06640625, -0.0263671875, -0.02587890625, -0.006256103515625, 0.037353515625, 0.046875, 0.06396484375, 0.0037994384765625, 0.0267333984375, 0.0216064453125, -0.0081787109375, 0.00836181640625, -0.000492095947265625, 0.0255126953125, 0.01129150390625, 0.00124359130859375, -0.068359375, 0.03076171875, 0.0361328125, -0.04638671875, -0.022705078125, 0.01177978515625, -0.0146484375, -0.05224609375, -0.027099609375, 0.0234375, 0.0230712890625, 0.015625, -0.0281982421875, 0.0245361328125, 0.0279541015625, -0.0673828125, 0.0146484375, 0.0341796875, -0.0115966796875, 0.006011962890625, -0.0250244140625, 0.008056640625, 0.0021514892578125, 0.039794921875, 0.0289306640625, -0.0712890625, -0.0026397705078125, -0.03564453125, -0.0205078125, 0.007232666015625, -0.042236328125, 0.029296875, 0.0361328125, -0.038330078125, -0.033447265625, 0.057373046875, -0.02392578125, -0.0286865234375, -0.02685546875, 0.000789642333984375, -0.0537109375, 0.01373291015625, -0.0791015625, 0.0078125, -0.03076171875, -0.0262451171875, 0.0289306640625, 0.0230712890625, 0.0118408203125, -0.02587890625, -0.01434326171875, 0.003936767578125, 0.030029296875, -0.08349609375, 0.0108642578125, -0.00121307373046875, -0.033447265625, -0.01611328125, 0.00421142578125, 0.04443359375, 0.01263427734375, -0.015380859375, -0.0703125, 0.00830078125, 0.007171630859375, 0.0111083984375, -0.021240234375, 0.019775390625, 0.025390625, 0.015380859375, 0.03466796875, 0.038818359375, -0.0299072265625, -0.038818359375, -0.022216796875, 0.05712890625, -0.0262451171875, 0.0186767578125, 0.00921630859375, -0.005462646484375, 0.0361328125, 0.01116943359375, -0.0242919921875, 0.041015625, 0.0137939453125, 0.00799560546875, -0.01519775390625, 0.00738525390625, -0.06396484375, -0.006103515625, -0.0341796875, -0.07373046875, 0.044677734375, -0.0257568359375, 0.0218505859375, -0.039306640625, -0.05908203125, -0.00970458984375, -0.07421875, -0.037353515625, 0.01263427734375, 0.00543212890625, 0.0089111328125, -0.0299072265625, -0.03759765625, -0.0191650390625, -0.0218505859375, 0.0245361328125, 0.0341796875, 0.04150390625, -0.00445556640625, 0.04541015625, 0.0223388671875, 0.0001735687255859375, 0.0130615234375, 0.03515625, -0.0194091796875, -0.0208740234375, -0.0045166015625, 0.0279541015625, -0.06591796875, 0.07470703125, 0.01025390625, -0.03271484375, 0.00830078125, 0.01513671875, 0.0869140625, -0.04736328125, -0.00156402587890625, -0.0498046875, -0.018310546875, -0.03466796875, 0.0294189453125, -0.01361083984375, -0.023681640625, 0.017333984375, -0.047119140625, 0.006317138671875, -0.046875, 0.032470703125, -0.043701171875, 0.00738525390625, -0.002777099609375, 0.05224609375, 0.01495361328125, -0.033447265625, 0.01422119140625, -0.023681640625, 0.013427734375, 0.0230712890625, -0.056884765625, -0.06640625, 0.006805419921875, 0.022705078125, 0.009033203125, -0.055419921875, 0.0111083984375, -0.04443359375, -0.0108642578125, 0.041748046875, -0.027587890625, -0.004730224609375, 0.0262451171875, -0.0091552734375, -0.056396484375, 0.001068115234375, -0.006866455078125, 0.0223388671875, -0.0294189453125, 0.0284423828125, -0.01336669921875, -0.00732421875, -0.03369140625, 0.0189208984375, -0.091796875, 0.0225830078125, -0.02587890625, 0.0084228515625, 0.04150390625, 0.0810546875, -0.0181884765625, 0.033203125, 0.068359375, 0.0157470703125, 0.0247802734375, -0.0101318359375, 0.0247802734375, -0.04736328125, -0.00189208984375, -0.05859375, -0.0673828125, -0.01226806640625, 0.007476806640625, 0.01055908203125, 0.03564453125, 0.038818359375, -0.005126953125, 0.046142578125, -0.0272216796875, -0.00055694580078125, 0.01544189453125, 0.007232666015625, 0.036376953125, 0.00970458984375, -0.0927734375, 0.043212890625, -0.044677734375, 0.0164794921875, -0.0024261474609375, -0.006988525390625, -0.01397705078125, 0.044677734375, -0.0103759765625, -0.0299072265625, 0.0205078125, 0.028564453125, -0.017822265625, 0.0263671875, -0.00738525390625, -0.0673828125, -0.05419921875, 0.042236328125, 0.005218505859375, 0.047119140625, 0.054443359375, -0.053466796875, -0.005767822265625, -0.0020751953125, 0.029296875, -0.008544921875, -0.01519775390625, -0.034912109375, -0.0341796875, 