{"movie": "wwdc2025", "offset": 220, "text_offset": 220, "embedding": [-0.00179290771484375, -0.0225830078125, 0.02978515625, -0.00665283203125, -0.0279541015625, -0.0108642578125, 0.00750732421875, 0.00799560546875, 0.00066375732421875, -0.00157928466796875, -0.02001953125, -0.03515625, -0.01361083984375, -0.0281982421875, 0.0194091796875, 0.01263427734375, -0.0306396484375, 0.038330078125, 0.0025634765625, 0.002166748046875, -0.039794921875, -0.037353515625, 0.028564453125, -0.06298828125, 0.0419921875, -0.055419921875, -0.042236328125, -0.00799560546875, -0.031982421875, -0.01513671875, 0.006195068359375, -0.0625, 0.064453125, 0.033447265625, -0.044677734375, -0.0133056640625, 0.0284423828125, 0.0595703125, -0.00087738037109375, 0.0133056640625, -0.033935546875, 0.0118408203125, 0.02099609375, -0.020263671875, 0.02490234375, 0.00054168701171875, -0.04150390625, -0.038818359375, -0.0023345947265625, 0.000530242919921875, -0.03369140625, 0.037353515625, 0.03271484375, -0.05517578125, -0.051025390625, -0.00152587890625, 0.006011962890625, 0.007049560546875, 0.0242919921875, 0.0084228515625, -0.01171875, 0.026611328125, -0.045166015625, 0.00787353515625, 0.0089111328125, -0.00579833984375, -0.003631591796875, -0.0279541015625, 0.004364013671875, 0.00063323974609375, -0.021240234375, 0.046142578125, 0.050048828125, -0.0150146484375, 0.0174560546875, -0.0252685546875, 0.046875, -0.0223388671875, -0.0008087158203125, 0.05322265625, 0.054443359375, 0.0341796875, -0.01470947265625, -0.057373046875, -0.01361083984375, -0.056396484375, -0.03125, -0.049072265625, -0.055419921875, 0.010009765625, -0.017822265625, 0.0016326904296875, -0.0101318359375, -0.006866455078125, 0.0140380859375, -0.00372314453125, 0.000278472900390625, -0.052490234375, -0.03955078125, 0.0311279296875, 0.0076904296875, 0.0020294189453125, 0.0076904296875, 0.004669189453125, -0.0225830078125, -0.033447265625, 0.004638671875, 0.04052734375, 0.00311279296875, 0.0213623046875, -0.0186767578125, -0.05419921875, -0.05419921875, -0.0191650390625, -0.00982666015625, 0.0400390625, -0.020263671875, -0.026611328125, 0.029052734375, 0.0234375, -0.0294189453125, -0.0185546875, -0.03662109375, -0.04736328125, -0.0299072265625, 0.032470703125, 0.03076171875, 0.04345703125, 0.019775390625, -0.005218505859375, -0.03076171875, 0.04736328125, -0.0306396484375, 0.00153350830078125, -0.056884765625, 0.037841796875, -0.0079345703125, 0.0108642578125, -0.053466796875, 0.0018157958984375, 0.0244140625, 0.031494140625, -0.01708984375, 0.032958984375, -0.060791015625, -0.001495361328125, 0.041015625, 0.0277099609375, -0.026123046875, -0.0211181640625, -0.017822265625, -0.05322265625, -0.00180816650390625, 0.04052734375, 0.046142578125, -0.005126953125, -0.01287841796875, -0.0299072265625, 0.028564453125, 0.0028839111328125, 0.0478515625, -0.034423828125, 0.0067138671875, 0.020263671875, 0.01177978515625, 0.0595703125, 0.014892578125, 0.03271484375, -0.0084228515625, -0.0311279296875, 0.00191497802734375, 0.0172119140625, 0.028564453125, 0.020263671875, -0.008056640625, 0.0230712890625, -0.002716064453125, 0.030029296875, 0.0294189453125, -0.0279541015625, 0.0279541015625, 0.022705078125, 0.04345703125, -0.020263671875, -0.008544921875, -0.0113525390625, -0.0194091796875, 0.054931640625, -0.0517578125, 0.0267333984375, -0.00994873046875, 0.0274658203125, 0.0159912109375, 0.0213623046875, 0.034423828125, -0.036865234375, -0.02587890625, -0.0025634765625, 0.031982421875, 0.05322265625, 0.00799560546875, -0.00518798828125, 0.028076171875, 0.03564453125, 0.0230712890625, -0.02099609375, -0.0186767578125, -0.00372314453125, 0.00494384765625, -0.003662109375, -0.0615234375, 0.0014190673828125, -0.04052734375, -0.0478515625, 0.043212890625, -0.06005859375, 0.03955078125, 0.03955078125, 0.02294921875, -0.0184326171875, -0.007110595703125, -0.01434326171875, 0.0537109375, -0.0031585693359375, -0.020751953125, -0.00909423828125, -0.050048828125, 0.01544189453125, 0.046142578125, 0.00543212890625, 0.033447265625, 0.0140380859375, -0.0223388671875, -0.0286865234375, -0.003570556640625, 0.0308837890625, -0.00055694580078125, -0.0101318359375, 0.00250244140625, 0.03173828125, -0.00634765625, -0.056396484375, -0.01092529296875, 0.055908203125, -0.0257568359375, -0.015869140625, -0.01708984375, -0.018798828125, 0.050537109375, 0.0341796875, -0.044189453125, 0.0142822265625, -0.007049560546875, -0.0703125, -0.007720947265625, 0.0284423828125, -0.028076171875, 0.0211181640625, 0.01202392578125, -0.0130615234375, -0.004791259765625, 0.020751953125, -0.05712890625, 0.0159912109375, 0.01171875, 0.0137939453125, -0.0240478515625, -0.026611328125, -0.0196533203125, -0.01361083984375, -0.0262451171875, -0.017822265625, 0.00909423828125, 0.03955078125, 0.0196533203125, -0.023681640625, -0.05419921875, 0.03955078125, 0.02587890625, -0.03173828125, -0.018798828125, -0.039306640625, 0.010009765625, -0.025390625, 0.0263671875, 0.038330078125, -0.01171875, -0.03564453125, -0.023193359375, -0.01373291015625, -0.020263671875, -0.0419921875, 0.034912109375, 0.0220947265625, -0.02587890625, 0.0267333984375, 0.007659912109375, 0.00970458984375, -0.01708984375, -0.031982421875, -0.004852294921875, 0.020263671875, -0.0010223388671875, -0.046142578125, 0.02099609375, 0.00016021728515625, 0.044189453125, 0.037353515625, -0.033203125, -0.00994873046875, 0.005645751953125, -0.0272216796875, 0.033447265625, 0.033447265625, -0.01287841796875, 0.0262451171875, -0.031982421875, -0.003997802734375, 0.07373046875, 0.036865234375, 0.0145263671875, 0.03271484375, -0.00087738037109375, 0.01251220703125, 0.01708984375, -0.021728515625, -0.0262451171875, 0.020751953125, -0.031494140625, -0.0267333984375, -0.00012302398681640625, -0.0084228515625, 0.0003604888916015625, -0.0223388671875, -0.032470703125, 0.0281982421875, -0.0034027099609375, 0.00592041015625, -0.019775390625, 0.011474609375, -0.017822265625, -0.051513671875, 0.0216064453125, -0.01177978515625, -0.038818359375, -0.00146484375, -0.0250244140625, 0.03759765625, 0.05224609375, 0.006378173828125, -0.028564453125, -0.00732421875, -0.0478515625, 0.0703125, -0.0042724609375, 0.015869140625, -0.01446533203125, -0.013427734375, -0.0159912109375, -0.037353515625, 0.0615234375, -0.0302734375, 0.00057220458984375, 0.02978515625, 0.0252685546875, -0.0034942626953125, -0.00506591796875, -0.017822265625, -0.03076171875, 0.00689697265625, -0.006134033203125, 0.02099609375, -0.0010833740234375, -0.003936767578125, 0.015869140625, -0.0184326171875, 0.02490234375, 0.023193359375, -0.006103515625, -0.017578125, -0.01495361328125, 0.048095703125, 0.001495361328125, 0.004302978515625, -0.0234375, -0.00103759765625, 0.061767578125, -0.038818359375, 0.0341796875, -0.050537109375, -0.05322265625, 0.03955078125, 0.00921630859375, 0.00144195556640625, -0.005401611328125, -0.030029296875, 0.0002498626708984375, 0.06005859375, -0.023193359375, -0.01055908203125, 0.04541015625, -0.00135040283203125, -0.0223388671875, 0.046142578125, -0.0137939453125, 0.05419921875, -0.006072998046875, 0.011962890625, 0.0242919921875, -0.036865234375, 0.0159912109375, -0.0341796875, -0.014892578125, 0.00286865234375, -0.07666015625, 0.038330078125, -0.00921630859375, 0.050537109375, -0.03076171875, 0.0172119140625, 0.07275390625, 0.01171875, 0.0361328125, -0.00439453125, 0.01397705078125, -0.0146484375, -0.0020904541015625, -0.02587890625, -0.04052734375, 0.0252685546875, -0.0244140625, 0.02978515625, 0.050048828125, 0.0272216796875, 0.00799560546875, 0.006195068359375, -0.034912109375, -0.0213623046875, 0.00146484375, -0.0174560546875, 0.06982421875, 0.002716064453125, -0.037109375, 0.021728515625, 0.037841796875, 0.0537109375, -0.034423828125, 0.005126953125, 0.00144195556640625, 0.036865234375, 0.006988525390625, 0.0196533203125, 0.05224609375, 0.034423828125, -0.021728515625, 0.05859375, -0.029296875, -0.0052490234375, -0.03271484375, 0.003509521484375, -0.01116943359375, 0.0311279296875, 0.0306396484375, -0.00543212890625, 