{"movie": "wwdc2025", "offset": 84, "text_offset": 80, "embedding": [0.027099609375, 0.040283203125, 0.06787109375, 0.01904296875, -0.037353515625, -0.017578125, 0.03125, -0.012939453125, 0.039794921875, 0.0032501220703125, 0.017333984375, 0.02197265625, -0.0186767578125, -0.06396484375, -0.01019287109375, -0.000762939453125, 0.0123291015625, -0.057373046875, -0.0076904296875, 0.00897216796875, -0.034423828125, -0.0703125, 0.029052734375, -0.058837890625, 0.06005859375, -0.0498046875, -0.0189208984375, -0.03955078125, -0.04345703125, 0.04443359375, -0.0213623046875, -0.046630859375, 0.05908203125, -0.0177001953125, 0.00079345703125, -0.0107421875, 0.030029296875, 0.017333984375, -0.04638671875, 0.0067138671875, -0.0262451171875, -0.01904296875, -0.0018157958984375, -0.01123046875, 0.04541015625, 0.01031494140625, -0.0712890625, -0.028076171875, -0.0113525390625, 0.041259765625, 0.01446533203125, 0.003448486328125, 0.0035552978515625, -0.058837890625, -0.037353515625, 0.0419921875, -0.000701904296875, 0.0264892578125, 0.042724609375, 0.0238037109375, 0.0255126953125, -0.0184326171875, 0.0106201171875, 0.017333984375, -0.037841796875, 0.01519775390625, -0.0206298828125, -0.0078125, -0.0081787109375, -0.004486083984375, -0.0291748046875, 0.001953125, -0.0289306640625, -0.03125, -0.01123046875, 0.0140380859375, 0.06494140625, -0.014892578125, 0.013427734375, 0.033203125, -0.0120849609375, 0.017578125, -7.724761962890625e-05, 0.002349853515625, -0.03369140625, -0.000469207763671875, 0.0137939453125, -0.0257568359375, -0.032470703125, -0.0064697265625, -0.025146484375, 0.0145263671875, 0.0081787109375, -0.0106201171875, -0.004669189453125, 0.03271484375, -0.0115966796875, 0.01031494140625, 0.006134033203125, 0.0303955078125, 0.006500244140625, 0.052001953125, -0.016357421875, -0.0238037109375, -0.01458740234375, -0.05419921875, 0.00238037109375, 0.0135498046875, -0.034423828125, -0.0022430419921875, -0.03466796875, 0.0169677734375, -0.0186767578125, 0.04296875, -0.031982421875, 0.031982421875, 0.040771484375, -0.025390625, 0.00061798095703125, 0.022216796875, -0.048828125, -0.04443359375, 0.024658203125, -0.031982421875, -0.0074462890625, 0.042724609375, 0.07080078125, -0.003753662109375, -0.036376953125, 0.036865234375, -0.0233154296875, -0.02685546875, 0.01556396484375, 0.01068115234375, -0.0771484375, -0.0262451171875, 0.01007080078125, 0.01544189453125, -0.044677734375, -0.015380859375, -0.022705078125, 0.01177978515625, -0.0179443359375, -0.046630859375, -0.005157470703125, -0.0028839111328125, 9.822845458984375e-05, -0.01434326171875, -0.030517578125, -0.0303955078125, 0.052490234375, -0.009033203125, -0.04931640625, 0.045654296875, 0.002044677734375, 0.023193359375, -0.041259765625, 0.0014495849609375, -0.0230712890625, -0.0625, 0.0026397705078125, -0.009765625, 0.039794921875, -0.041748046875, 0.035888671875, -0.003173828125, -0.025390625, 0.019287109375, -0.0233154296875, -0.0206298828125, -0.0118408203125, 0.0167236328125, -0.005767822265625, 0.003448486328125, -0.043701171875, 0.035400390625, 0.0093994140625, -0.01312255859375, 0.031982421875, -0.0390625, -0.0211181640625, 0.036376953125, 0.06298828125, 0.005615234375, -0.0003681182861328125, -0.05810546875, 0.0198974609375, 0.054443359375, 0.00170135498046875, 0.031982421875, -0.031494140625, 0.048095703125, -0.0157470703125, -0.009033203125, 0.0419921875, -0.0311279296875, -0.01202392578125, -0.0537109375, 0.052978515625, 0.0498046875, -0.0027923583984375, 0.024658203125, -0.033203125, 0.01177978515625, 0.035888671875, 0.039794921875, 0.00958251953125, 0.045654296875, -0.062255859375, 0.01165771484375, 0.0012359619140625, -0.03125, -0.00946044921875, -0.08447265625, 0.027587890625, -0.0771484375, 0.021484375, 0.0537109375, 0.035400390625, -0.0244140625, -0.005340576171875, 0.01324462890625, -0.0076904296875, 0.052734375, -0.00152587890625, 0.01165771484375, -0.001739501953125, 0.012939453125, -0.021240234375, -0.00262451171875, -0.00017833709716796875, 0.037841796875, -0.064453125, 0.0625, 0.0230712890625, 0.052490234375, 0.04931640625, -0.023681640625, -0.06494140625, 0.047119140625, 0.00921630859375, -0.03173828125, -0.00994873046875, 0.00946044921875, 0.0157470703125, -0.08056640625, -0.0111083984375, -0.00152587890625, 0.001251220703125, 0.005767822265625, -0.0184326171875, 0.0198974609375, 0.035400390625, -0.0211181640625, -0.01611328125, -0.0037384033203125, -0.0294189453125, -0.0267333984375, 0.02978515625, -0.0019989013671875, 0.09326171875, 0.01123046875, 0.0308837890625, -0.016357421875, 0.0263671875, -0.0238037109375, -0.054443359375, -0.0201416015625, -0.07373046875, -0.00885009765625, 0.031494140625, -0.02001953125, -0.01092529296875, 0.0419921875, -0.042236328125, 0.0038604736328125, -0.0257568359375, -0.057861328125, -0.0654296875, -0.030517578125, -0.045654296875, -0.01177978515625, -0.037353515625, 0.019287109375, 0.046142578125, 0.01019287109375, 0.0181884765625, -0.01519775390625, -0.017822265625, 0.0029754638671875, 0.02978515625, -0.022705078125, 0.038330078125, 0.00183868408203125, 0.0067138671875, 0.03564453125, 0.0303955078125, -0.023193359375, -0.0299072265625, -0.047607421875, -0.078125, 0.012939453125, 0.0030059814453125, 0.028564453125, 0.0025482177734375, 0.019775390625, 0.03271484375, 0.02490234375, -0.005340576171875, 0.0206298828125, 6.246566772460938e-05, 0.0201416015625, 0.015869140625, 0.031982421875, -0.07666015625, -0.0096435546875, 0.0078125, 0.00084686279296875, 0.0179443359375, 0.0050048828125, -0.041259765625, 0.000820159912109375, 0.0289306640625, 0.0230712890625, 0.00885009765625, -0.043701171875, -0.0390625, 0.00958251953125, -0.055419921875, -0.04931640625, 0.01300048828125, -0.031494140625, 0.005828857421875, 0.00012159347534179688, -0.07470703125, -0.010009765625, -0.027587890625, 0.018798828125, -0.01177978515625, 0.0123291015625, 0.041748046875, 0.03271484375, 0.00341796875, -0.0186767578125, 0.04345703125, 0.0159912109375, 0.0206298828125, 0.07177734375, 0.005340576171875, -0.0107421875, -0.00701904296875, -0.041259765625, 0.00543212890625, 0.03271484375, -0.0189208984375, -0.00933837890625, 0.03857421875, 0.064453125, -0.0751953125, 0.0003833770751953125, -0.0177001953125, -0.05078125, 0.0419921875, 0.01544189453125, -0.00063323974609375, -0.052734375, -0.04736328125, -0.056884765625, -0.0277099609375, 0.0262451171875, 0.068359375, -0.01470947265625, 0.012939453125, -0.043701171875, -0.0186767578125, 0.0032196044921875, 0.00799560546875, 0.000644683837890625, 0.00250244140625, 0.040283203125, -0.04736328125, 0.0303955078125, 0.006683349609375, -0.006011962890625, -0.006134033203125, 0.0027923583984375, 0.0113525390625, -0.0169677734375, -0.018798828125, -0.0286865234375, -0.00714111328125, -0.06005859375, 0.042724609375, -0.02490234375, 0.048095703125, -0.0257568359375, -0.017333984375, 0.0272216796875, 0.0257568359375, 0.035400390625, 0.03271484375, -0.0126953125, -0.078125, 0.00074005126953125, -0.019287109375, 0.0262451171875, 0.0126953125, 0.0107421875, 0.0118408203125, 0.055419921875, -0.054443359375, -0.006561279296875, 0.01031494140625, 0.0361328125, -0.0267333984375, -0.01806640625, 0.023193359375, -0.01519775390625, 0.0098876953125, 0.0172119140625, 0.057373046875, 0.002471923828125, 0.030029296875, 0.01068115234375, 0.025390625, -0.04248046875, -0.0166015625, -0.023193359375, -0.0546875, 0.00112152099609375, 0.01336669921875, 0.0108642578125, 0.022216796875, 0.00115203857421875, 0.035888671875, 0.0201416015625, 0.001678466796875, 0.03759765625, -0.046630859375, -0.0303955078125, 0.048095703125, -0.00555419921875, -0.04052734375, 0.05517578125, 0.005889892578125, 0.051025390625, -0.0115966796875, -0.0284423828125, 0.002899169921875, 0.0244140625, 0.003997802734375, 0.048095703125, 0.04931640625, 0.03466796875, -0.015625, 0.036376953125, -0.0230712890625, -0.0203857421875, -0.04736328125, 0.046142578125, -0.023681640625, 0.03466796875, 0.04296875, -0.0303955078125, 0.03271484375, -0.03564453125, 0.01434326171875, 0.0009613037109375, 