{"movie": "wwdc2025", "offset": 350, "text_offset": 340, "embedding": [0.034423828125, -0.0198974609375, 0.05712890625, 0.04248046875, -0.0673828125, 0.0084228515625, 0.006866455078125, -0.01416015625, 0.007415771484375, 0.0615234375, 0.042236328125, -0.015625, -0.0164794921875, -0.059326171875, -0.00714111328125, -0.0198974609375, 0.041259765625, -0.035888671875, -0.002288818359375, -0.00201416015625, 0.0478515625, -0.06396484375, -0.045654296875, -0.031982421875, 0.05419921875, 0.0255126953125, -0.0595703125, -0.02978515625, -0.0233154296875, -0.038818359375, 0.013916015625, -0.05419921875, 0.07666015625, -0.03076171875, 0.0142822265625, 0.026611328125, 0.048095703125, 0.03173828125, 0.0140380859375, 0.00469970703125, -0.007080078125, 0.0157470703125, 0.00885009765625, -0.052734375, -0.03466796875, 0.0166015625, -0.0517578125, -0.0478515625, 0.0115966796875, 0.0235595703125, 0.0322265625, -0.03369140625, -0.006500244140625, 0.003204345703125, -0.0673828125, 0.038330078125, -0.00150299072265625, 0.0247802734375, 0.0198974609375, -0.0283203125, 0.00164031982421875, -0.018310546875, 0.0242919921875, 0.0198974609375, 0.0283203125, 0.0125732421875, -0.01220703125, -0.04443359375, -0.0198974609375, -0.01953125, -0.08740234375, 0.030517578125, 0.0255126953125, -0.007720947265625, 0.004669189453125, -0.01318359375, 0.028564453125, -0.03515625, 0.0179443359375, 0.014892578125, -0.021728515625, 0.0023651123046875, 0.05322265625, -0.0205078125, -0.00015544891357421875, 0.00069427490234375, 0.022705078125, -0.025634765625, 0.0010528564453125, 0.005828857421875, 0.0140380859375, 0.04052734375, -0.00147247314453125, 0.034912109375, 0.013916015625, -0.021728515625, -0.07958984375, -0.0220947265625, 0.0218505859375, -0.00024127960205078125, 0.044189453125, 0.037841796875, 0.01544189453125, -0.027099609375, -0.00628662109375, -0.05810546875, 0.0194091796875, 0.0224609375, -0.00665283203125, 0.00958251953125, -0.01300048828125, 0.032958984375, -0.026611328125, 0.03662109375, -0.0216064453125, 0.04052734375, 0.004913330078125, 0.003326416015625, 0.031494140625, -0.0294189453125, -0.0274658203125, 0.007720947265625, -0.004913330078125, 0.0225830078125, 0.01611328125, 0.037841796875, 0.024658203125, 0.016845703125, -0.04736328125, 0.03662109375, -0.03125, -0.034423828125, 0.0478515625, -0.03076171875, -0.09130859375, 0.003387451171875, 0.045166015625, -0.0118408203125, -0.0213623046875, -0.006591796875, 0.01177978515625, 0.0164794921875, -0.049560546875, 0.0030059814453125, 0.0283203125, -0.033447265625, 0.02734375, 0.0220947265625, -0.02783203125, -0.0218505859375, 0.0235595703125, -0.050048828125, -0.04736328125, 0.06005859375, 0.0146484375, 0.033447265625, 0.00457763671875, 0.00787353515625, -0.03369140625, -0.0078125, -0.0255126953125, -0.0206298828125, 0.0289306640625, -0.011962890625, 0.013916015625, 0.054931640625, -0.00897216796875, -0.0206298828125, -0.040283203125, 0.00439453125, -0.06005859375, 0.01611328125, 0.00897216796875, 0.06640625, -0.010986328125, -0.01043701171875, -0.02587890625, -0.01544189453125, -0.0133056640625, -0.0003223419189453125, -0.0255126953125, 0.051025390625, 0.0172119140625, 0.0205078125, -0.04736328125, -0.047119140625, 0.044189453125, 0.0091552734375, -0.0159912109375, 0.0240478515625, -0.016357421875, 0.01177978515625, 0.031982421875, 0.000278472900390625, 0.0458984375, -0.028564453125, -0.0228271484375, 0.00433349609375, 0.0615234375, 0.06005859375, 0.01165771484375, 0.0263671875, 0.0018768310546875, 0.031494140625, 0.0213623046875, -0.00531005859375, 0.031494140625, 0.046630859375, -0.03515625, 0.0908203125, -0.007598876953125, 0.00102996826171875, -0.039306640625, -0.0213623046875, -0.005096435546875, -0.07568359375, -0.01385498046875, -9.632110595703125e-05, 0.00787353515625, 0.039306640625, 0.052001953125, -0.01263427734375, -0.0228271484375, 0.01483154296875, 0.0274658203125, -0.025634765625, 0.004791259765625, 0.017578125, 0.022216796875, -0.01611328125, 0.00150299072265625, 9.679794311523438e-05, -0.0164794921875, 0.0201416015625, -0.00799560546875, 0.026611328125, 0.035400390625, -0.0133056640625, -0.037353515625, 0.03125, 0.042724609375, 0.0211181640625, 0.021240234375, 0.039794921875, 0.004974365234375, -0.08154296875, 0.03369140625, 0.0517578125, 0.04931640625, 0.0250244140625, -0.0093994140625, 0.037353515625, 0.01312255859375, -0.0242919921875, -0.00506591796875, 0.052490234375, -0.04736328125, -0.00909423828125, -0.050048828125, 0.0198974609375, 0.0191650390625, -0.0023345947265625, 0.00970458984375, -0.0255126953125, 0.0263671875, 0.0128173828125, -0.05859375, -0.01007080078125, -0.050537109375, 0.0011749267578125, 0.034423828125, -0.01953125, -0.0108642578125, -0.00445556640625, -0.00154876708984375, -0.04736328125, -0.0233154296875, -0.034912109375, 0.0172119140625, -0.00058746337890625, -0.031982421875, -0.0185546875, -0.042724609375, -0.0022125244140625, 0.031494140625, 0.003570556640625, 0.06884765625, -0.0634765625, -0.042724609375, 0.0185546875, 0.039794921875, -0.015380859375, 0.03076171875, -0.00677490234375, 0.0252685546875, 0.029296875, -0.0157470703125, 0.022705078125, -0.00970458984375, -0.017822265625, -0.08203125, -0.00439453125, 0.041015625, 0.064453125, 0.0023956298828125, 0.07666015625, 0.0157470703125, -0.0026092529296875, 0.00732421875, 0.046630859375, 0.0101318359375, -0.00049591064453125, 0.040771484375, 0.007171630859375, -0.048828125, -0.01239013671875, -0.052734375, -0.041259765625, 0.0186767578125, -0.0206298828125, -0.003387451171875, -0.0194091796875, 0.005828857421875, 0.027099609375, 0.025146484375, -0.02978515625, -0.01708984375, -0.00958251953125, -0.057373046875, -0.04052734375, -0.00823974609375, -0.078125, 0.0135498046875, 0.01336669921875, -0.03076171875, -0.036376953125, -0.05419921875, -0.0203857421875, 0.0164794921875, -0.01312255859375, 0.04345703125, -0.0517578125, -0.0260009765625, -0.0224609375, 0.0164794921875, -0.033203125, 0.052734375, -0.0115966796875, 0.00168609619140625, -0.0172119140625, -0.0191650390625, -0.03662109375, -0.046630859375, 0.04931640625, -0.0194091796875, -0.04345703125, -0.061767578125, 0.0252685546875, -0.04736328125, 0.0263671875, 0.004241943359375, -0.0169677734375, -0.00885009765625, -0.0218505859375, 0.0068359375, 0.038818359375, -0.02978515625, -0.0213623046875, -0.010986328125, -0.042236328125, 0.0712890625, -0.01556396484375, 0.006500244140625, 0.01239013671875, -0.0277099609375, -0.0228271484375, -0.0142822265625, -0.03271484375, 0.003936767578125, 0.00714111328125, -0.032958984375, 0.0106201171875, -0.005279541015625, -0.017822265625, -0.0308837890625, -0.00177001953125, -0.022705078125, 0.01507568359375, -0.032958984375, -0.0712890625, -0.03369140625, -0.02783203125, 0.0277099609375, -0.041259765625, -0.0150146484375, -0.064453125, -0.056640625, 0.0283203125, 0.056396484375, -0.052490234375, -0.0084228515625, 0.0277099609375, -0.0712890625, -0.05810546875, -0.0439453125, 0.0260009765625, 0.00384521484375, -0.0262451171875, -0.00927734375, -0.00762939453125, 0.00130462646484375, 0.0101318359375, -0.0021209716796875, -0.0233154296875, -0.01434326171875, 0.00506591796875, -0.033935546875, -0.00421142578125, -0.029052734375, -0.0089111328125, 0.0150146484375, 0.00958251953125, 0.029296875, 0.011474609375, 0.0146484375, -0.0135498046875, 0.035888671875, -0.058837890625, -0.06591796875, 0.0191650390625, 0.0111083984375, -0.0517578125, -0.0186767578125, -0.0091552734375, 0.0194091796875, 0.0191650390625, 0.0274658203125, -0.000629425048828125, -0.0250244140625, 0.011962890625, 0.003204345703125, -0.04248046875, -0.109375, 0.036376953125, -0.00616455078125, 0.049560546875, -0.03076171875, 0.018310546875, 0.017578125, 0.00909423828125, -0.00445556640625, 0.01416015625, 0.0233154296875, 0.0169677734375, 0.0140380859375, -0.00994873046875, 0.006195068359375, -0.030517578125, -0.037353515625, 0.05419921875, -0.0093994140625, 0.0135498046875, 0.08544921875, 0.0027008056640625, 0.04443359375, -0.042724609375, 0.00970458984375, -0.00885009765625, 