{"movie": "wwdc2025", "offset": 306, "text_offset": 300, "embedding": [0.042236328125, -0.00958251953125, -0.00148773193359375, 0.04296875, -0.0228271484375, 0.03857421875, -0.0186767578125, -0.046142578125, -0.0035858154296875, 0.048095703125, -0.00130462646484375, -0.0032196044921875, -0.0021209716796875, -0.0556640625, -0.0216064453125, 0.036376953125, 0.0284423828125, -0.0279541015625, 0.01513671875, 0.000782012939453125, 0.00848388671875, -0.050537109375, -0.033447265625, 0.019775390625, 0.00994873046875, -0.01031494140625, -0.017578125, -0.00186920166015625, -0.01385498046875, -0.0186767578125, -0.0245361328125, -0.055908203125, 0.00153350830078125, 0.00909423828125, 0.02490234375, -0.031494140625, 0.0556640625, 0.050537109375, -0.0233154296875, 0.059814453125, -0.032470703125, 0.0218505859375, 0.0419921875, -0.048828125, 0.0025482177734375, 0.00186920166015625, -0.0439453125, -0.08251953125, 0.0189208984375, 0.0439453125, -0.01531982421875, -0.000896453857421875, -0.0146484375, 0.0159912109375, -0.051025390625, 0.040283203125, -0.02734375, 0.01507568359375, 0.000774383544921875, 0.02294921875, 0.0157470703125, -0.0211181640625, -0.0179443359375, -0.009765625, -0.01226806640625, -0.005218505859375, 0.0267333984375, -0.0028076171875, -0.00188446044921875, -0.037841796875, -0.0037384033203125, -0.033935546875, 0.01336669921875, -0.02978515625, 0.0038299560546875, 0.017578125, -0.01953125, -0.036376953125, 0.056640625, 0.02978515625, 0.00323486328125, -0.007415771484375, -0.000766754150390625, 0.032958984375, 0.0030059814453125, -0.036865234375, 0.0277099609375, 0.004180908203125, -0.01507568359375, 0.01336669921875, -0.01495361328125, 0.0252685546875, -0.00946044921875, 0.0169677734375, -0.0289306640625, 0.007049560546875, 0.006011962890625, -0.055908203125, -0.031982421875, -0.00811767578125, -0.005767822265625, -0.00848388671875, -0.032470703125, -0.01251220703125, -0.0198974609375, -0.0556640625, 0.0203857421875, 0.016357421875, 0.0322265625, 0.042724609375, -0.0172119140625, -0.0478515625, -0.052001953125, 0.0419921875, -0.005096435546875, -0.0064697265625, 0.12255859375, -0.0294189453125, 0.0021209716796875, 0.00494384765625, -0.007568359375, 0.02587890625, 0.01458740234375, -0.0439453125, -0.004241943359375, 0.0203857421875, -0.01165771484375, 0.00018787384033203125, -0.056884765625, 0.0240478515625, -0.006744384765625, 0.017822265625, 0.0263671875, 0.02685546875, -0.07373046875, -0.00933837890625, 0.041259765625, -0.0206298828125, 0.0169677734375, -0.0206298828125, -0.044921875, -0.0002918243408203125, -0.03955078125, -0.00174713134765625, -0.0225830078125, -0.0167236328125, -0.0029754638671875, 0.012451171875, -0.0223388671875, 0.01336669921875, 0.037841796875, -0.0028076171875, -0.052001953125, 0.059326171875, 0.0400390625, 0.03173828125, -0.037353515625, -0.0162353515625, -0.046875, -0.060546875, 0.0252685546875, -0.0224609375, 0.0244140625, 0.0081787109375, 0.0625, 0.0245361328125, -0.041259765625, -0.007232666015625, -0.00958251953125, -0.0179443359375, -0.02783203125, 0.00836181640625, -0.011962890625, 0.03271484375, -0.05859375, 0.0245361328125, -0.002197265625, 0.007354736328125, -0.00177764892578125, 0.0267333984375, 0.01275634765625, 0.01385498046875, 0.043701171875, 0.0037078857421875, -0.005279541015625, 0.00634765625, 0.0045166015625, 0.0299072265625, -0.050537109375, 0.054931640625, -0.01239013671875, -0.01007080078125, 0.007049560546875, 0.041748046875, 0.00994873046875, -0.0498046875, 0.048583984375, -0.00153350830078125, 0.0693359375, 0.05859375, -0.021484375, 0.041748046875, 0.00836181640625, 0.0269775390625, -0.0419921875, -0.01531982421875, 0.0218505859375, 0.016357421875, -0.060546875, 0.06689453125, -0.01153564453125, -0.0267333984375, 0.02392578125, -0.005096435546875, -0.0230712890625, -0.03564453125, 0.0186767578125, -0.0164794921875, 0.07958984375, -0.0478515625, -0.0439453125, -0.0234375, -0.00994873046875, 0.0218505859375, -0.0028076171875, -0.006072998046875, 0.0177001953125, 0.0233154296875, 0.09423828125, 0.01373291015625, 0.034912109375, 0.0216064453125, -0.0054931640625, -0.01544189453125, -0.01239013671875, 0.0033111572265625, -0.035888671875, 0.038818359375, -0.0098876953125, 0.041259765625, -0.0020751953125, -0.029296875, -0.032958984375, -0.01165771484375, -0.044921875, -0.07568359375, -0.0311279296875, -0.0027313232421875, 0.0272216796875, 0.055419921875, 0.0004215240478515625, -0.005157470703125, 0.00131988525390625, -0.034912109375, -0.007476806640625, 0.06640625, 0.0247802734375, 0.01953125, -0.0028839111328125, -0.01123046875, 0.0283203125, 0.004608154296875, 0.00909423828125, 0.02197265625, 0.01275634765625, -0.056640625, 0.0015869140625, 0.0201416015625, -0.039794921875, 0.0029449462890625, 0.0439453125, -0.0272216796875, -0.0162353515625, -0.0223388671875, 0.0250244140625, 0.01141357421875, -0.06591796875, -0.0166015625, 0.005645751953125, 0.061767578125, -0.0037689208984375, 0.01190185546875, 0.0225830078125, 0.01275634765625, 0.034912109375, 0.037353515625, 0.017822265625, -0.044677734375, -0.0167236328125, 0.0308837890625, 0.0576171875, -0.0274658203125, 0.0189208984375, 0.005157470703125, -0.040283203125, 0.01434326171875, 0.03125, -0.0301513671875, -0.0400390625, -0.035888671875, -0.035400390625, -0.0311279296875, -0.037841796875, 0.03173828125, 0.0189208984375, 0.03466796875, 0.0238037109375, 0.005523681640625, 0.01055908203125, -0.00057220458984375, -0.0098876953125, -0.0390625, -0.033447265625, 0.033447265625, -0.055908203125, -0.025390625, -0.01141357421875, -0.06396484375, 0.01153564453125, -0.031494140625, -0.0218505859375, -0.0159912109375, 0.0478515625, 0.049560546875, -0.02490234375, -0.08447265625, -0.034423828125, 0.00897216796875, -0.032470703125, -0.050537109375, -0.00933837890625, 0.01434326171875, -0.0262451171875, -0.037353515625, -0.0498046875, -0.00811767578125, -0.0242919921875, -0.0216064453125, 0.044921875, -0.007110595703125, 0.0169677734375, -0.03857421875, 0.06298828125, -0.041259765625, -0.00390625, -0.041259765625, 0.012939453125, 0.0264892578125, -0.0162353515625, 0.0306396484375, -0.0257568359375, -0.02001953125, -0.043701171875, 0.046142578125, -0.044921875, -0.0157470703125, -0.0272216796875, 0.0189208984375, -0.051025390625, 0.053466796875, 0.0289306640625, -0.006134033203125, 0.061767578125, -0.0201416015625, 0.048828125, 0.010986328125, -0.015625, -0.0159912109375, 0.0206298828125, -0.0052490234375, 0.029296875, -0.0262451171875, 0.044189453125, -0.003936767578125, 0.0027313232421875, -0.0272216796875, 0.0478515625, -0.0230712890625, -0.03955078125, 0.006072998046875, -0.01129150390625, 0.052978515625, 0.0166015625, -0.02392578125, -0.015625, 0.019775390625, -0.00165557861328125, -0.0223388671875, 0.036376953125, -0.037353515625, -0.0281982421875, 0.025390625, -0.00015735626220703125, -0.043212890625, 0.007049560546875, -0.052978515625, -0.006622314453125, -0.01080322265625, -0.0272216796875, -0.0283203125, 0.037353515625, 0.041259765625, -0.08154296875, 0.0286865234375, -0.033935546875, 0.050048828125, 0.03564453125, -0.01373291015625, 0.045654296875, -0.005615234375, -0.044921875, 0.0198974609375, -0.006134033203125, 0.01177978515625, -0.0181884765625, -0.02490234375, 0.005615234375, 0.00170135498046875, -0.01483154296875, 0.01611328125, 0.00262451171875, 0.057373046875, -0.01312255859375, 0.03271484375, 0.0162353515625, 0.0390625, 0.0167236328125, -0.00457763671875, -0.017333984375, 0.0245361328125, 0.04296875, -0.000583648681640625, -0.01361083984375, -0.0086669921875, 0.00921630859375, 0.0556640625, -0.0286865234375, 0.0289306640625, -0.032470703125, -0.01202392578125, 0.006072998046875, -0.006134033203125, -0.07763671875, 0.008056640625, -0.040771484375, 0.0306396484375, -0.0279541015625, 0.061767578125, -0.046875, -0.01397705078125, -0.0211181640625, -0.01129150390625, 0.0208740234375, 0.0235595703125, -0.0224609375, 0.0079345703125, -0.049072265625, 0.00732421875, -0.078125, 0.0283203125, -0.011962890625, 0.03076171875, 0.037841796875, 