{"movie": "wwdc2025", "offset": 546, "text_offset": 540, "embedding": [-0.0111083984375, -0.00335693359375, 0.03564453125, -0.035400390625, -0.06103515625, -0.0189208984375, 0.023193359375, -0.029541015625, 0.01287841796875, -0.0023956298828125, 0.0111083984375, 0.04150390625, -0.04541015625, -0.039794921875, -0.00958251953125, 0.0159912109375, 0.01202392578125, -0.0045166015625, 0.03076171875, -0.0177001953125, -0.006103515625, -0.020263671875, 0.0069580078125, -0.047119140625, 0.007476806640625, 0.0103759765625, -0.02001953125, 0.027099609375, -0.031982421875, 0.0062255859375, 0.014404296875, -0.080078125, 0.06982421875, 0.0223388671875, 0.0081787109375, -0.017578125, 0.0191650390625, -0.000934600830078125, 0.01544189453125, 0.01519775390625, -0.0269775390625, 0.06396484375, 0.0257568359375, -0.03076171875, -0.03271484375, 0.0091552734375, -0.006103515625, 0.00537109375, -0.0281982421875, -0.004913330078125, -0.0032196044921875, 0.01373291015625, 0.03271484375, -0.05224609375, -0.0198974609375, -0.037841796875, -0.06689453125, -0.003997802734375, 0.029052734375, -0.0390625, 0.0196533203125, 0.01556396484375, -0.01953125, 0.02099609375, -0.020263671875, -0.01556396484375, -0.0012664794921875, -0.0244140625, -0.006622314453125, -0.035400390625, -0.015380859375, -0.01141357421875, 0.0211181640625, -0.0615234375, -0.05908203125, 0.0142822265625, 0.03564453125, -0.083984375, 0.0228271484375, 0.01519775390625, 0.01544189453125, 0.0286865234375, 0.029541015625, -0.038330078125, -0.05078125, -0.0308837890625, -0.022216796875, -0.0191650390625, -0.03369140625, -0.0390625, -0.0556640625, 0.022216796875, -0.04345703125, -0.032470703125, 0.0230712890625, 0.0206298828125, -0.06787109375, -0.01806640625, -0.0133056640625, 0.022705078125, -0.031982421875, 0.049560546875, -0.031982421875, -0.032470703125, -0.05078125, -0.0159912109375, 0.0196533203125, 0.008056640625, -0.031494140625, -0.0218505859375, 0.0262451171875, -0.01953125, 0.0076904296875, 0.0245361328125, -0.05029296875, 0.11279296875, 0.047119140625, -0.05322265625, 0.01300048828125, 0.0216064453125, -0.0216064453125, -0.016845703125, 0.05029296875, -0.0087890625, -0.00567626953125, 0.027099609375, 0.058349609375, 0.06396484375, -0.07421875, 0.0240478515625, 0.043701171875, -0.047119140625, 0.0181884765625, 0.003997802734375, -0.0654296875, 0.0118408203125, 0.003692626953125, -0.03125, -0.0128173828125, -0.041259765625, -1.823902130126953e-05, -0.004425048828125, -0.038330078125, -0.02880859375, -0.0166015625, -0.07666015625, 0.022216796875, 0.007415771484375, -0.0299072265625, -0.036865234375, 0.00726318359375, -0.052001953125, -0.042724609375, 0.048583984375, 0.04052734375, 0.04345703125, 0.015869140625, -0.005401611328125, -0.060791015625, -0.035400390625, 0.005279541015625, -0.025390625, 0.0283203125, -0.0169677734375, 0.032470703125, 0.0216064453125, -0.010986328125, 0.016357421875, 0.026611328125, -0.022216796875, -0.00063323974609375, 0.043701171875, -0.06689453125, 0.002532958984375, 0.03466796875, 0.01153564453125, -0.04296875, -0.023681640625, 0.003326416015625, -0.029541015625, -0.0009918212890625, 0.004730224609375, 0.0712890625, -0.049560546875, -0.00244140625, 0.025390625, 0.01373291015625, 0.014404296875, -0.042724609375, -0.00193023681640625, -0.0216064453125, 0.034423828125, 0.0191650390625, -0.00628662109375, 0.051513671875, 0.041748046875, -0.000270843505859375, 0.03271484375, -0.029052734375, 0.031494140625, -0.00396728515625, 0.04736328125, -0.0027008056640625, -0.0126953125, 0.017333984375, 0.041015625, -0.031494140625, 0.0260009765625, -0.05419921875, 0.01220703125, -0.0177001953125, -0.0205078125, 0.000614166259765625, -0.00640869140625, 0.046875, -0.031494140625, 0.038818359375, 0.00592041015625, 0.01080322265625, 0.039794921875, -0.003814697265625, -0.006622314453125, 0.001312255859375, 0.0341796875, -0.0245361328125, 0.01025390625, -0.05908203125, 0.0016937255859375, 0.033203125, -0.021728515625, 0.00518798828125, 0.0194091796875, -0.0159912109375, -0.006622314453125, 0.052490234375, 0.06689453125, -0.00665283203125, -0.016845703125, -0.03369140625, 0.051513671875, 0.01080322265625, -0.0242919921875, 0.031494140625, 0.053955078125, -0.0299072265625, -0.038330078125, -0.0194091796875, 0.035400390625, 0.007080078125, 0.06298828125, -0.01141357421875, 0.0089111328125, 0.042236328125, -0.0126953125, -0.00408935546875, 0.029541015625, 0.013916015625, -0.056640625, 0.037841796875, 0.00118255615234375, 0.037353515625, -0.039794921875, -0.00933837890625, -0.04638671875, 0.0279541015625, -0.043701171875, -0.0291748046875, -0.0245361328125, -0.02490234375, -0.01806640625, -0.0194091796875, 0.0023193359375, -0.037353515625, 0.0281982421875, -0.00848388671875, 0.029541015625, -0.043212890625, 0.01287841796875, -0.0303955078125, -0.003143310546875, -0.017822265625, -0.039306640625, -0.049072265625, 0.00051116943359375, 0.0130615234375, -0.022705078125, -0.015869140625, 5.340576171875e-05, -0.003814697265625, -0.0299072265625, 0.0208740234375, -0.00070953369140625, -0.0247802734375, -0.0101318359375, -0.02880859375, 0.00994873046875, -0.005340576171875, 0.00098419189453125, -0.054931640625, -0.046142578125, -0.034912109375, -0.01953125, 0.0002956390380859375, 0.05322265625, -0.0059814453125, 0.0546875, -0.037841796875, 0.02734375, 0.004150390625, 0.0135498046875, 0.01287841796875, 0.00101470947265625, -0.0002002716064453125, 0.00958251953125, -0.078125, 0.049560546875, 0.00628662109375, -0.0234375, -0.0174560546875, -0.0198974609375, -0.005645751953125, -0.019775390625, 0.051513671875, 0.041015625, 0.0296630859375, 0.0019989013671875, -0.0286865234375, -0.00439453125, -0.023681640625, -0.038330078125, -0.016357421875, 0.0012664794921875, 0.0002994537353515625, -0.00439453125, -0.003997802734375, -0.015625, -0.01141357421875, 0.01544189453125, 0.0390625, 0.0478515625, 0.01202392578125, -0.022705078125, 0.047119140625, -0.033203125, 0.0118408203125, 0.0390625, 0.00054168701171875, 0.041748046875, 0.0028839111328125, -0.0185546875, -0.052001953125, -0.0029449462890625, -0.027099609375, 0.006439208984375, -0.0194091796875, -0.0615234375, 0.0274658203125, 0.0791015625, -0.07470703125, 0.022705078125, 0.0235595703125, -0.0010223388671875, 0.004852294921875, 0.0019073486328125, -0.01220703125, 0.0185546875, 0.0208740234375, 0.0279541015625, -0.0184326171875, 0.000644683837890625, 0.058837890625, 0.05029296875, -0.02001953125, -0.03466796875, -0.03173828125, -0.029541015625, -0.01214599609375, 0.064453125, 0.00677490234375, 0.0008544921875, -0.068359375, 0.004791259765625, -0.0286865234375, 0.0169677734375, -0.0546875, 0.025390625, -0.006134033203125, -0.0299072265625, -0.0025787353515625, -0.00958251953125, 0.01287841796875, 0.01434326171875, -0.00823974609375, -0.041748046875, 0.0184326171875, -0.0147705078125, -0.049072265625, 0.041748046875, 0.047119140625, 0.0184326171875, 0.00506591796875, -0.0257568359375, -0.09619140625, -0.01312255859375, -0.013916015625, 0.039794921875, 0.0234375, -0.0167236328125, 0.002532958984375, -0.00787353515625, -0.01153564453125, 0.005157470703125, -0.0211181640625, -0.0213623046875, -0.05029296875, -0.000576019287109375, 0.014404296875, 0.00098419189453125, 0.0027008056640625, -0.0111083984375, 0.0810546875, 0.035400390625, 0.031494140625, 0.017822265625, 0.04443359375, 0.016845703125, -0.0286865234375, -0.033447265625, -0.06640625, -0.0281982421875, 0.035400390625, 0.05224609375, 0.035400390625, -0.0228271484375, -0.0274658203125, -0.0218505859375, -0.0213623046875, 0.0037384033203125, -0.02197265625, -0.027099609375, 0.0296630859375, -0.0225830078125, -0.04052734375, 0.042236328125, 0.0283203125, 0.04150390625, -0.020263671875, -0.04541015625, 0.000946044921875, 0.0081787109375, -0.0037384033203125, 0.030029296875, 0.0245361328125, 0.07861328125, -0.004730224609375, -0.016845703125, -0.03369140625, -0.01214599609375, -0.003387451171875, 0.00109100341796875, 0.01202392578125, 0.01055908203125, 0.00909423828125, -0.0308837890625, 0.06591796875, 