{"movie": "wwdc2025", "offset": 414, "text_offset": 400, "embedding": [0.002777099609375, -0.0029754638671875, 0.06298828125, 0.03857421875, -0.072265625, -0.034423828125, -0.0159912109375, -0.0181884765625, 0.01025390625, 0.010009765625, -0.0196533203125, -0.022216796875, -0.0023651123046875, -0.01324462890625, 0.0240478515625, 0.01068115234375, 0.03466796875, 0.050537109375, 0.01385498046875, 0.0022125244140625, 0.003082275390625, -0.05419921875, 0.00439453125, -0.031982421875, 0.039306640625, -0.0380859375, -0.0380859375, -0.00933837890625, -0.0235595703125, -0.029541015625, -0.01470947265625, -0.09521484375, 0.0498046875, -0.01239013671875, 0.006927490234375, 0.035888671875, 0.059326171875, -0.0001735687255859375, -0.021240234375, 0.010009765625, -5.513429641723633e-06, 0.0234375, 0.008056640625, 0.0267333984375, -0.01171875, 0.0115966796875, -0.043701171875, -0.0260009765625, 0.006927490234375, 0.0030670166015625, -0.009033203125, 0.0625, 0.017333984375, -0.033447265625, -0.0223388671875, 0.032470703125, -0.0120849609375, 0.0020751953125, 0.03076171875, 0.016357421875, -0.020263671875, 0.00421142578125, -0.00628662109375, 0.0283203125, -0.0111083984375, 0.0311279296875, 0.0498046875, -0.0255126953125, -0.0206298828125, 0.0022430419921875, -0.01953125, -0.01446533203125, 0.01300048828125, -0.021240234375, -0.05419921875, -0.0654296875, 0.0361328125, -0.006439208984375, 0.0225830078125, -0.018798828125, 0.054443359375, 0.031982421875, 0.008544921875, -0.00244140625, 0.00180816650390625, 0.0145263671875, 0.005035400390625, -0.05029296875, -0.0238037109375, -0.025146484375, -0.0223388671875, 0.03857421875, -0.0162353515625, -0.0267333984375, 0.003509521484375, 0.0284423828125, -0.057861328125, -0.029296875, 0.0147705078125, 0.002593994140625, 0.0130615234375, 0.03857421875, -0.047607421875, -0.00799560546875, -0.031982421875, -0.10107421875, -0.007232666015625, 0.020751953125, 0.006927490234375, 0.0277099609375, -0.004547119140625, -0.0225830078125, -0.0235595703125, 0.0108642578125, -0.022216796875, 0.0130615234375, -0.0205078125, -0.04443359375, 0.017333984375, 0.03173828125, -0.00787353515625, -0.02490234375, 0.041259765625, 0.0120849609375, 0.0224609375, 2.9921531677246094e-05, 0.056884765625, -0.016357421875, -0.0223388671875, 0.052734375, -0.01611328125, 0.00836181640625, 0.01904296875, 0.0198974609375, -0.056396484375, -0.0206298828125, 0.045654296875, 0.0186767578125, -0.0380859375, -0.005035400390625, -0.048095703125, 0.052734375, -0.014404296875, -0.0002765655517578125, -0.0458984375, -0.072265625, 0.031494140625, -0.002349853515625, -0.035400390625, -0.06689453125, -0.00823974609375, -0.0390625, -0.037353515625, 0.05078125, 0.053955078125, -0.02001953125, -0.05810546875, 0.006744384765625, 0.00157928466796875, -0.01416015625, 0.06396484375, -0.053955078125, -0.033935546875, -0.0140380859375, 0.05908203125, 0.0184326171875, -0.011474609375, -0.056640625, -0.02294921875, -0.0026397705078125, -0.052978515625, -0.0034637451171875, 0.0281982421875, 0.003021240234375, -0.029052734375, -0.05810546875, -0.016357421875, -0.016845703125, 0.0400390625, 0.001312255859375, -0.0014495849609375, 0.056640625, 0.00860595703125, -0.02783203125, -0.039794921875, -0.039306640625, 0.01092529296875, 0.018798828125, -0.00592041015625, 0.078125, 0.0169677734375, -0.0181884765625, 0.027587890625, 0.04638671875, 0.0206298828125, -0.03515625, -0.02783203125, 0.046142578125, 0.01434326171875, 0.04638671875, -0.01806640625, 0.0361328125, -0.03857421875, 0.0216064453125, 0.03515625, -0.0032958984375, -0.021240234375, -0.01287841796875, -0.07080078125, 0.0093994140625, -0.022216796875, 0.034912109375, -0.01544189453125, -0.076171875, 0.0186767578125, -0.0771484375, 0.048095703125, 0.037353515625, 0.0255126953125, -0.035400390625, -0.0308837890625, 0.0322265625, 0.01953125, 0.036865234375, 0.004302978515625, -0.021240234375, -0.0189208984375, 0.00787353515625, 0.052734375, -0.0301513671875, -0.00531005859375, 0.01275634765625, -0.06103515625, -0.021240234375, 0.0272216796875, 0.04736328125, -0.0025787353515625, -0.005889892578125, 0.0089111328125, 0.043701171875, -0.0230712890625, -0.0111083984375, 0.01806640625, 0.025146484375, -0.06494140625, -0.08447265625, -0.04052734375, -0.009765625, 0.0257568359375, 0.034423828125, -0.06640625, 0.0223388671875, -0.016357421875, -0.02001953125, -0.0277099609375, -0.009765625, -0.0341796875, 0.01422119140625, 0.026123046875, -0.00014591217041015625, 0.0615234375, -0.0311279296875, -0.02294921875, -0.0189208984375, -0.00946044921875, -0.03759765625, 0.00106048583984375, -0.0130615234375, -0.035400390625, 0.05908203125, -0.045166015625, -0.005279541015625, -0.035888671875, 0.0380859375, -0.008056640625, 0.02880859375, -0.0283203125, -0.001983642578125, -0.0157470703125, 0.025390625, 0.035400390625, 0.005340576171875, 0.002777099609375, 0.01129150390625, 0.0419921875, 0.00101470947265625, -0.01116943359375, 0.00360107421875, 0.004974365234375, -0.039306640625, 0.06298828125, -0.00628662109375, 0.01129150390625, 0.0224609375, -0.021240234375, 0.05322265625, 0.0260009765625, -0.0263671875, 0.006439208984375, -0.033935546875, -0.0238037109375, 0.013671875, 0.010498046875, -0.01031494140625, 0.0211181640625, 0.0238037109375, 0.08740234375, -0.0159912109375, 0.00579833984375, 0.0206298828125, 0.03857421875, -0.04248046875, 0.002655029296875, 0.0137939453125, -0.00946044921875, 0.011474609375, 7.82012939453125e-05, -0.00579833984375, 0.045166015625, 0.017822265625, -0.0164794921875, -0.0206298828125, 0.05078125, 0.031494140625, 0.0157470703125, 0.007232666015625, -0.0308837890625, -0.00994873046875, -0.002105712890625, -0.049072265625, 0.0284423828125, -0.0152587890625, -0.02880859375, 0.02197265625, -0.07373046875, 0.0296630859375, 0.0012054443359375, 0.02587890625, -0.05029296875, -0.04248046875, 0.0242919921875, 0.0162353515625, -0.0001506805419921875, 0.00244140625, -0.003997802734375, 0.026123046875, -0.035400390625, 0.0283203125, -0.0010528564453125, -0.026611328125, -0.011474609375, -0.0224609375, -0.01263427734375, 0.041259765625, 0.00872802734375, -0.02001953125, -0.000453948974609375, 0.037353515625, -0.02490234375, 0.00131988525390625, -0.00909423828125, 0.01904296875, 0.00885009765625, -0.00213623046875, 0.04248046875, 0.00762939453125, -0.02001953125, -0.040283203125, -0.053466796875, 0.09033203125, 0.039306640625, 0.006378173828125, 0.024658203125, -0.048583984375, -0.005279541015625, -0.01129150390625, 0.0218505859375, 0.0361328125, -0.017578125, 0.000640869140625, -0.04638671875, 0.055419921875, 0.01904296875, -0.0033721923828125, 0.01416015625, 0.000675201416015625, 0.00482177734375, 0.006195068359375, 0.01361083984375, -0.0115966796875, -0.0045166015625, -0.042724609375, 0.05224609375, 0.0218505859375, -0.032958984375, 0.0021514892578125, -0.0289306640625, 0.032470703125, -0.03369140625, 0.03076171875, -0.0052490234375, 0.00787353515625, 0.000736236572265625, -0.025390625, -0.041259765625, 0.00018405914306640625, 0.0263671875, -0.0045166015625, 0.0230712890625, 0.0302734375, 0.0086669921875, 0.001708984375, -0.033203125, 0.026611328125, -0.005615234375, 0.0245361328125, 0.00897216796875, 0.0703125, -0.0123291015625, 0.0022430419921875, 0.033203125, 0.01336669921875, 0.0206298828125, 0.06494140625, -0.026123046875, 0.01239013671875, 0.0242919921875, -0.0081787109375, -0.0245361328125, 0.01287841796875, -0.011474609375, -0.035888671875, 0.030029296875, 0.0040283203125, 0.045166015625, 0.0101318359375, -0.056396484375, 0.017578125, -0.043701171875, -0.009033203125, 0.031982421875, -0.0147705078125, -0.0498046875, 0.025390625, -0.027587890625, 0.10302734375, -0.048095703125, 0.013916015625, -0.0247802734375, 0.02197265625, -0.00787353515625, 0.034423828125, 0.055419921875, 0.0023345947265625, -0.0091552734375, 0.0181884765625, -0.007354736328125, 0.012939453125, -0.0286865234375, -0.032470703125, -0.013671875, 0.01226806640625, 0.032470703125, 0.00384521484375, 0.02880859375, -0.01214599609375, 0.045166015625, 