{"movie": "wwdc2025", "offset": 338, "text_offset": 320, "embedding": [0.0791015625, -0.025634765625, 0.035888671875, 0.0233154296875, -0.033447265625, 0.031494140625, -0.02587890625, -0.00860595703125, -0.00341796875, 0.032470703125, -0.0026092529296875, 0.01708984375, 0.00823974609375, -0.0101318359375, -0.0135498046875, -0.01318359375, 0.05859375, -0.044677734375, 0.0040283203125, 0.01092529296875, 0.01141357421875, -0.024169921875, -0.039794921875, -0.00518798828125, -0.00543212890625, -0.0118408203125, -0.01513671875, -0.036865234375, 0.00433349609375, -0.02685546875, 0.026123046875, -0.076171875, 0.080078125, 0.0057373046875, 0.0283203125, -0.02099609375, 0.0096435546875, 0.0791015625, -0.0038909912109375, 0.01287841796875, -0.03173828125, -0.025390625, 0.0115966796875, -0.042724609375, -0.054443359375, -0.035888671875, -0.02734375, -0.031982421875, 0.0076904296875, 0.038330078125, -0.00531005859375, -0.02197265625, -0.0087890625, -0.0213623046875, -0.024169921875, 0.0284423828125, 0.0267333984375, 0.0400390625, 0.0130615234375, 0.0301513671875, -0.055419921875, 0.026611328125, 0.0025634765625, 0.0172119140625, -0.0279541015625, -0.0233154296875, -0.00921630859375, -0.0301513671875, 0.005706787109375, -0.0400390625, -0.01409912109375, 0.037353515625, 0.036376953125, -0.00732421875, -0.0291748046875, -0.00013446807861328125, 0.000949859619140625, 0.002838134765625, 0.07861328125, 0.0189208984375, 0.0272216796875, 0.03369140625, 0.00494384765625, 0.000492095947265625, -0.052490234375, -0.02294921875, -0.01312255859375, -0.0291748046875, -0.03369140625, 0.0014801025390625, 0.007080078125, 0.033935546875, -0.01458740234375, -0.01043701171875, 0.0198974609375, -0.034912109375, 0.00885009765625, -0.04345703125, -0.038330078125, 0.0157470703125, 0.0244140625, -0.006591796875, -0.043701171875, -9.822845458984375e-05, -0.031494140625, -0.06494140625, 0.015869140625, 0.02001953125, -0.00433349609375, 0.0223388671875, -0.0242919921875, -0.019287109375, -0.00848388671875, 0.038818359375, -0.0233154296875, -0.020751953125, 0.01513671875, 0.01385498046875, 0.03369140625, 0.01025390625, -0.0242919921875, -0.0419921875, 0.00067138671875, -0.00921630859375, 0.0159912109375, 0.021484375, 0.03955078125, 0.0262451171875, -0.00347900390625, 0.0263671875, -0.0087890625, 0.046875, 0.0191650390625, 0.04345703125, -0.0751953125, 0.00102996826171875, 0.0284423828125, -0.001220703125, -0.021728515625, -0.0213623046875, 0.048828125, -0.002105712890625, -0.035400390625, 0.0341796875, -0.046630859375, 0.01043701171875, 0.033935546875, -0.01141357421875, -0.06494140625, 0.00022602081298828125, -0.031982421875, -0.04541015625, -0.055908203125, 0.06982421875, 0.0177001953125, 0.01513671875, 0.012939453125, -0.034912109375, -0.06298828125, -0.046875, 0.01165771484375, -0.0419921875, 0.015869140625, -0.025634765625, 0.036376953125, 0.051513671875, -0.03515625, -0.0247802734375, -0.0673828125, -0.021240234375, -0.0303955078125, 0.00799560546875, 0.0263671875, 0.020751953125, -0.0311279296875, 0.0234375, -0.004791259765625, 0.006988525390625, -0.0238037109375, -0.00238037109375, -0.0179443359375, 0.00160980224609375, 0.0615234375, 0.010986328125, 0.00506591796875, 0.01336669921875, 0.027099609375, 0.06494140625, 0.052734375, 0.01220703125, -0.003143310546875, 0.05224609375, 0.0048828125, -0.010498046875, 0.032958984375, -0.01043701171875, -0.00921630859375, -0.00101470947265625, 0.1044921875, 0.0927734375, 0.0162353515625, 0.022216796875, -0.00372314453125, 0.02001953125, -0.0103759765625, -0.00958251953125, -0.0062255859375, -0.00286865234375, -0.0257568359375, 0.0556640625, 0.033447265625, 0.01361083984375, 0.0062255859375, 0.00250244140625, 0.00083160400390625, -0.0277099609375, 0.02880859375, -0.00250244140625, 0.0458984375, 0.0048828125, 0.0036163330078125, -0.043701171875, 0.025146484375, 0.034912109375, 0.0068359375, -0.0172119140625, 0.035888671875, 0.0306396484375, 0.037353515625, -0.015869140625, 0.01025390625, 0.0101318359375, -0.0262451171875, 0.02001953125, 0.039306640625, 0.0267333984375, -0.00628662109375, 0.00014019012451171875, -0.007659912109375, 0.04638671875, -0.018798828125, 0.000583648681640625, 0.01165771484375, -0.0036468505859375, -0.0208740234375, -0.0634765625, -0.00653076171875, 0.01318359375, 0.00823974609375, 0.048828125, 0.0419921875, 0.00069427490234375, 0.0257568359375, -0.0625, 0.0303955078125, 0.0311279296875, 0.00640869140625, -0.0068359375, -0.0380859375, -0.0042724609375, 0.048828125, -0.0191650390625, -0.024169921875, -0.042724609375, 0.0179443359375, 0.01611328125, -0.04638671875, -0.0198974609375, -0.0238037109375, 0.00958251953125, 0.047607421875, -0.000370025634765625, 0.01068115234375, 0.0030975341796875, -0.01953125, 0.0162353515625, -0.0306396484375, -0.01385498046875, 0.026123046875, 0.0244140625, -0.0052490234375, 0.02294921875, 0.01531982421875, 0.0115966796875, 0.035888671875, 0.0284423828125, 0.005584716796875, 0.000762939453125, -0.0191650390625, 0.0003490447998046875, 0.052734375, -0.00872802734375, 0.001068115234375, -0.00186920166015625, -0.035888671875, 0.00112152099609375, 0.0277099609375, 0.0294189453125, -0.01708984375, -0.064453125, -0.05029296875, 0.033935546875, -0.0164794921875, 0.0439453125, 0.0181884765625, 0.0390625, -0.02978515625, 0.0205078125, 0.0234375, -0.0234375, 0.01092529296875, -0.01220703125, 0.0108642578125, 0.0294189453125, -0.0556640625, 0.01043701171875, 0.0205078125, -0.02294921875, 0.055419921875, -0.00970458984375, -0.02197265625, 0.013916015625, 0.0238037109375, 0.05419921875, 0.0213623046875, -0.005584716796875, -0.01416015625, -0.0556640625, -0.013916015625, -0.035400390625, -0.02294921875, -0.01556396484375, -0.021484375, -0.01287841796875, -0.0634765625, 0.0027313232421875, -0.0263671875, -0.0162353515625, 0.01434326171875, -1.0593794286251068e-08, 0.0252685546875, -0.052490234375, 0.057861328125, -0.012939453125, 0.0277099609375, -0.0223388671875, 0.0196533203125, -0.01422119140625, -0.021728515625, 0.0126953125, -0.031494140625, 0.001068115234375, -0.04541015625, 0.032958984375, 0.0042724609375, 0.004791259765625, 0.01708984375, 0.02783203125, -0.0228271484375, 0.04931640625, 0.00067901611328125, -0.03369140625, 0.06640625, -0.007080078125, -0.01190185546875, 0.003143310546875, -0.01446533203125, -0.0308837890625, -0.0537109375, -0.032470703125, 0.0218505859375, 0.0244140625, -0.03369140625, 0.00421142578125, -0.0263671875, 0.00063323974609375, 0.00579833984375, -0.0096435546875, -0.01373291015625, 0.0322265625, -0.0286865234375, 0.032470703125, 0.00390625, -0.0120849609375, -0.01287841796875, -0.0135498046875, 0.02099609375, -0.004486083984375, -0.02783203125, -0.048583984375, -0.048828125, -0.024169921875, -0.0213623046875, -0.05322265625, 0.0189208984375, 0.0123291015625, -0.052490234375, 0.027099609375, 0.00994873046875, 0.0390625, 0.0191650390625, 0.0233154296875, -0.07958984375, -0.00372314453125, -0.07861328125, 0.061767578125, -0.00982666015625, 0.0172119140625, 0.048828125, 0.00653076171875, -0.0498046875, -0.00921630859375, -0.00543212890625, 0.000377655029296875, -0.00836181640625, -0.0019683837890625, -0.031982421875, 0.048828125, -0.01190185546875, 0.0380859375, 0.00543212890625, -0.00653076171875, -0.0033416748046875, 0.047607421875, -0.0218505859375, -0.07861328125, 0.026123046875, 0.0042724609375, -0.041015625, -0.01483154296875, -0.00113677978515625, 0.0177001953125, -0.035888671875, -0.00921630859375, 0.03857421875, 0.0133056640625, -0.00286865234375, 0.047607421875, 0.0306396484375, 0.03125, -0.015380859375, -0.02978515625, -0.07275390625, 0.0284423828125, 0.024169921875, 0.05078125, -0.013427734375, -0.031494140625, -0.000698089599609375, 0.025390625, 0.015869140625, -0.0003814697265625, 0.060302734375, 0.01116943359375, -0.047607421875, -0.0223388671875, 0.015869140625, -0.01708984375, -0.0223388671875, 0.0133056640625, -0.037353515625, 0.005462646484375, 0.06884765625, -0.01458740234375, 0.0023193359375, -0.0400390625, 0.01544189453125, -0.0247802734375, 