{"movie": "wwdc2025", "offset": 280, "text_offset": 280, "embedding": [0.0157470703125, 0.0247802734375, 0.035888671875, 0.06689453125, -0.044677734375, -0.0026702880859375, -0.00885009765625, 0.00335693359375, 0.033447265625, 0.0537109375, 0.032958984375, 0.0279541015625, -0.0296630859375, -0.07177734375, -0.026123046875, -0.00506591796875, -0.018798828125, -0.0098876953125, -0.008544921875, 0.026611328125, 0.007232666015625, -0.01141357421875, -0.0113525390625, -0.0272216796875, -0.031982421875, -0.0118408203125, -0.032958984375, -0.016357421875, -0.0311279296875, -0.0537109375, -0.02978515625, -0.0458984375, 0.04541015625, 0.0181884765625, -0.0179443359375, 0.00885009765625, 0.03369140625, 0.0186767578125, -0.035400390625, 0.006683349609375, -0.043701171875, 0.004638671875, -0.0084228515625, -0.06494140625, -0.01068115234375, -0.013427734375, -0.06640625, -0.0263671875, 0.021240234375, 0.053466796875, 0.013671875, 0.0380859375, -0.023681640625, -0.007110595703125, -0.025634765625, 0.041748046875, -0.01373291015625, 0.00054168701171875, -0.025634765625, -0.0194091796875, -0.01409912109375, -0.032958984375, -0.0274658203125, 0.01422119140625, -0.0537109375, 0.033203125, 0.04150390625, -0.018310546875, -0.0233154296875, 0.00061798095703125, -0.055908203125, -0.048583984375, -0.01470947265625, 0.0021820068359375, 0.020263671875, 0.0059814453125, 0.03076171875, -0.06884765625, -0.05322265625, 0.04833984375, -0.006866455078125, 0.033935546875, 0.018798828125, -0.0019989013671875, -0.00335693359375, -0.00372314453125, 0.03125, -0.0419921875, -0.006439208984375, 0.00171661376953125, 0.013427734375, 0.033935546875, -0.0096435546875, -0.00787353515625, -0.0458984375, -0.0223388671875, 0.00958251953125, -0.0791015625, -0.014404296875, -0.00799560546875, 0.004547119140625, -0.005126953125, -0.03271484375, -0.0213623046875, 0.001068115234375, -0.036865234375, -0.022705078125, 0.00848388671875, 0.0257568359375, -0.001861572265625, -0.039306640625, -0.023681640625, -0.056884765625, 0.01953125, -0.07080078125, 0.0262451171875, 0.01470947265625, -0.021728515625, 0.013427734375, 0.008056640625, -0.03076171875, -0.009765625, 0.00799560546875, 0.0076904296875, 0.0062255859375, 0.0205078125, 0.015380859375, 0.025390625, 0.042724609375, 0.035400390625, 0.010009765625, -0.02783203125, 0.042724609375, 0.006988525390625, -0.058837890625, 0.01446533203125, 0.01531982421875, -0.0634765625, -0.0546875, -0.0296630859375, -0.0169677734375, 0.0052490234375, -0.031982421875, -0.036865234375, 0.0125732421875, -0.051513671875, 0.041015625, 0.00128173828125, 0.0027923583984375, 0.046630859375, 0.0004444122314453125, -0.046630859375, -0.060546875, 0.052734375, 0.0086669921875, 0.0262451171875, 0.03662109375, -0.024169921875, -0.048583984375, -0.048583984375, 0.0223388671875, -0.0030364990234375, 0.01263427734375, 0.00872802734375, 0.059814453125, -0.0111083984375, -0.0400390625, 0.057373046875, -0.0537109375, 0.01165771484375, -0.06396484375, 0.01141357421875, -0.0274658203125, 0.007171630859375, -0.0322265625, -0.017333984375, -0.039306640625, 0.0177001953125, 0.01519775390625, -0.01190185546875, -0.022705078125, 0.01336669921875, 0.044677734375, -0.01312255859375, -0.00848388671875, -0.016845703125, -0.00848388671875, 0.029296875, 0.037109375, 0.038330078125, -0.00616455078125, 0.031494140625, -0.0106201171875, 0.036376953125, -0.0107421875, -0.0286865234375, 0.031494140625, -0.029296875, 0.0478515625, 0.07568359375, 0.00109100341796875, 0.07763671875, -0.0177001953125, 0.03271484375, -0.01373291015625, 0.01519775390625, -0.01611328125, 0.04541015625, -0.048828125, -0.022216796875, 0.006561279296875, 0.02685546875, 0.01708984375, -0.0016632080078125, 0.01190185546875, -0.0177001953125, 5.602836608886719e-05, 0.0301513671875, 0.058837890625, 0.004852294921875, -0.0101318359375, -0.00360107421875, 0.0157470703125, -0.00128173828125, -0.006683349609375, -0.041015625, 0.0059814453125, 0.02001953125, 0.05126953125, -0.000850677490234375, 0.0277099609375, 0.0263671875, -0.038330078125, 0.044921875, -0.0031585693359375, 0.026611328125, 0.041015625, 0.00311279296875, -0.0052490234375, 0.02880859375, 0.03759765625, -0.0224609375, -0.036376953125, 0.04248046875, -0.015380859375, -0.060302734375, 0.004302978515625, 0.0301513671875, 0.053466796875, 0.001495361328125, 0.01483154296875, -0.00592041015625, -0.04638671875, -0.06787109375, -0.0439453125, 0.01507568359375, -0.0458984375, -0.0016326904296875, 0.011474609375, 0.0024566650390625, 0.0198974609375, -0.005126953125, 0.013671875, -0.034423828125, 0.02197265625, 0.000904083251953125, 0.004913330078125, -0.0174560546875, -0.041015625, 0.00787353515625, 0.021728515625, 0.01409912109375, -0.0751953125, 0.0296630859375, 0.00482177734375, -0.015625, -0.056396484375, 0.0224609375, -0.059814453125, 0.013427734375, 0.0177001953125, -0.010498046875, 0.02099609375, -0.022216796875, -0.00799560546875, 0.0078125, 0.05126953125, -0.044921875, -0.0439453125, -0.022705078125, 0.04541015625, -0.03662109375, 0.03857421875, -0.015380859375, -0.013671875, -0.012451171875, -0.0294189453125, 0.042724609375, -0.051513671875, -0.0308837890625, -0.0576171875, -0.018310546875, -0.005615234375, 0.0001201629638671875, 0.0223388671875, 0.0179443359375, 0.0177001953125, -0.005584716796875, 0.014404296875, -0.0084228515625, 0.012451171875, 0.020751953125, -0.02880859375, 0.0247802734375, -0.009521484375, -0.020751953125, 0.0233154296875, -0.05859375, 0.00518798828125, 0.0101318359375, -0.083984375, -0.022705078125, 0.0281982421875, 0.04345703125, 0.00518798828125, -0.0223388671875, -0.044677734375, -0.032958984375, -0.0279541015625, -0.0830078125, 0.0052490234375, -0.01507568359375, -0.0341796875, -0.00897216796875, -0.061279296875, 0.02685546875, -0.03076171875, -0.07421875, 0.00482177734375, 0.0257568359375, -0.017333984375, -0.013671875, 0.0107421875, -0.032958984375, -0.020263671875, -0.02294921875, 0.02783203125, -0.023193359375, -0.005584716796875, 0.058349609375, 0.0078125, -0.031494140625, -0.01708984375, 0.0556640625, -0.004669189453125, -0.006195068359375, -0.04736328125, 0.091796875, -0.0869140625, 0.016845703125, 0.0052490234375, -0.032958984375, 0.0277099609375, 0.00885009765625, 0.016357421875, 0.00897216796875, -0.0419921875, -0.0118408203125, -0.0157470703125, 0.00482177734375, 0.060546875, 0.01495361328125, -0.0186767578125, -0.046875, -0.0208740234375, -0.006927490234375, 0.023681640625, -0.0179443359375, 0.0128173828125, -0.0223388671875, -0.00640869140625, 0.0162353515625, -0.0184326171875, -0.0458984375, -0.010009765625, -0.0228271484375, -0.0301513671875, -0.061279296875, -0.02197265625, -0.01165771484375, -0.0184326171875, 0.00189971923828125, 0.061279296875, 0.006103515625, 0.01904296875, 0.0032806396484375, -0.019287109375, 0.036376953125, 0.0157470703125, -0.00145721435546875, 0.00101470947265625, -0.00066375732421875, 0.007537841796875, 0.010498046875, -0.0247802734375, 0.0537109375, -0.00537109375, 0.029296875, 0.0023193359375, -0.0205078125, 0.002716064453125, 0.0458984375, -0.0196533203125, -0.034912109375, -0.04248046875, -0.00518798828125, -0.020751953125, 0.0294189453125, -0.0208740234375, 0.0118408203125, 0.054931640625, -0.0189208984375, -0.0048828125, 0.052734375, 0.011474609375, -0.0181884765625, -0.0302734375, -0.0031585693359375, -0.03955078125, -0.0146484375, 0.0400390625, -0.0419921875, 0.037109375, -0.020263671875, 0.0242919921875, -0.01165771484375, -0.034423828125, -0.01507568359375, -0.002532958984375, 0.0189208984375, 0.0130615234375, 0.0164794921875, -0.06494140625, 0.00897216796875, -0.005584716796875, 0.04833984375, 0.019775390625, 0.0274658203125, -0.0020904541015625, -0.009521484375, -0.056884765625, 0.01531982421875, 0.07958984375, 0.025390625, 0.007537841796875, -0.003936767578125, -0.016845703125, 0.005584716796875, -0.052490234375, 0.056884765625, 0.01025390625, 0.012451171875, -0.033935546875, -0.0194091796875, 0.0244140625, -0.02490234375, 0.0625, 0.0177001953125, -0.0025634765625, -0.00970458984375, 