{"movie": "wwdc2025", "offset": 298, "text_offset": 280, "embedding": [0.045654296875, 0.0062255859375, 0.01324462890625, 0.01708984375, -0.013671875, -0.0162353515625, -0.022705078125, -0.017333984375, -0.006317138671875, 0.03466796875, 0.0208740234375, 0.035888671875, -0.0028076171875, -0.07470703125, -0.00958251953125, -0.0269775390625, 0.0098876953125, -0.04345703125, -0.04833984375, 0.0157470703125, 0.0274658203125, -0.040283203125, -0.009033203125, 0.006988525390625, -0.00579833984375, 0.00616455078125, -0.03857421875, -0.047607421875, 0.0010833740234375, -0.00543212890625, -0.033203125, -0.0400390625, 0.0140380859375, 0.0146484375, 0.00750732421875, -0.0074462890625, 0.02587890625, 0.03857421875, -0.0224609375, -0.01031494140625, -0.0162353515625, -0.01336669921875, -0.0074462890625, -0.06982421875, -0.013671875, -0.01214599609375, -0.032470703125, -0.061767578125, -0.0230712890625, 0.0286865234375, -0.0157470703125, 0.049560546875, -0.000652313232421875, 0.01123046875, -0.036376953125, 0.0361328125, -0.036376953125, -0.00933837890625, 0.00372314453125, -0.019775390625, -0.0115966796875, -0.042236328125, -0.00750732421875, -0.00091552734375, -0.006683349609375, 0.0380859375, 0.043212890625, -0.0269775390625, -0.016357421875, -0.01904296875, -0.040283203125, -0.0184326171875, -0.019775390625, -0.056396484375, 0.01434326171875, -0.01953125, -0.014892578125, -0.07763671875, 0.008056640625, 0.053955078125, -0.032470703125, 0.053955078125, -0.010498046875, 0.01434326171875, 0.00750732421875, -0.05859375, 0.005523681640625, -0.0274658203125, -0.0030059814453125, 0.037109375, 0.00164031982421875, 0.035400390625, -0.00191497802734375, -0.03076171875, -0.02685546875, -0.0189208984375, -0.016845703125, -0.0673828125, -0.02197265625, -0.00933837890625, 0.00238037109375, 0.005035400390625, -0.01275634765625, -0.0286865234375, 0.00238037109375, -0.030029296875, -0.0291748046875, 0.01153564453125, -0.0037689208984375, 0.0047607421875, -0.036376953125, -0.03125, -0.07080078125, 0.0126953125, -0.04345703125, 0.00946044921875, 0.054931640625, -0.0179443359375, 0.00701904296875, 0.046630859375, -0.028076171875, -0.01275634765625, -0.01708984375, 0.0048828125, -0.016845703125, 0.025146484375, 0.029052734375, 0.017333984375, 0.014892578125, 0.0284423828125, -0.00019359588623046875, -0.0400390625, 0.0123291015625, 0.0224609375, -0.0751953125, -0.006866455078125, 0.062255859375, -0.06640625, -0.0228271484375, 0.022216796875, 0.0150146484375, -0.03369140625, -0.03369140625, 0.005615234375, -0.001007080078125, -0.007293701171875, 0.03955078125, -0.008544921875, -0.01129150390625, 0.0224609375, 0.0015106201171875, -0.041015625, -0.05615234375, 0.058349609375, 0.0242919921875, 0.034423828125, 0.019775390625, -0.0093994140625, -0.068359375, -0.04736328125, 0.0291748046875, -0.0306396484375, -0.0306396484375, -0.0074462890625, 0.083984375, 0.0032806396484375, -0.051025390625, 0.0206298828125, 0.005828857421875, -0.01904296875, -0.037353515625, 0.0400390625, -0.0242919921875, 0.0279541015625, -0.00014781951904296875, 0.037841796875, -0.0262451171875, 0.01190185546875, -0.021728515625, -0.023193359375, -0.047119140625, 0.00872802734375, 0.060302734375, -0.01806640625, 0.00927734375, 0.00872802734375, 0.016845703125, 0.005035400390625, -0.02001953125, 0.02685546875, 0.0052490234375, 0.007415771484375, 0.02001953125, 0.0093994140625, -0.0004100799560546875, -0.019287109375, -0.01300048828125, -0.034423828125, 0.05615234375, 0.0771484375, 0.007720947265625, 0.072265625, -0.00701904296875, -0.0108642578125, 0.0108642578125, 0.03662109375, -0.00897216796875, 0.01513671875, -0.0107421875, 0.0230712890625, -0.03369140625, -0.0020294189453125, 0.044921875, -0.0081787109375, 0.0286865234375, -0.005889892578125, 0.01123046875, 0.0157470703125, 0.04736328125, 0.0556640625, -0.03125, -0.004058837890625, 0.0419921875, 0.008056640625, -0.01373291015625, -0.005645751953125, 0.0032806396484375, 0.024169921875, 0.06982421875, 0.01953125, 0.030029296875, 0.01458740234375, -0.0225830078125, 0.06640625, 0.0252685546875, 0.04736328125, -0.006591796875, 0.01556396484375, -0.0264892578125, 0.01806640625, 0.061279296875, -0.029296875, -0.040771484375, 0.031982421875, -0.0174560546875, -0.04345703125, -0.045654296875, -0.00830078125, 0.04345703125, -0.004547119140625, 0.0306396484375, -0.007415771484375, -0.043212890625, -0.06982421875, -0.0615234375, 0.0419921875, -0.00433349609375, -0.0054931640625, 0.0240478515625, -0.0118408203125, 0.042236328125, 0.060302734375, 0.01544189453125, 0.005645751953125, 0.0247802734375, -0.00750732421875, 0.00811767578125, 0.015380859375, -0.03564453125, -0.002044677734375, 0.03564453125, 1.621246337890625e-05, -0.02099609375, 0.03857421875, -0.0284423828125, -0.0162353515625, -0.06298828125, 0.037353515625, -0.04345703125, 0.00946044921875, -0.0034332275390625, 0.006561279296875, -0.01177978515625, -0.0087890625, -0.007781982421875, 0.0286865234375, 0.0062255859375, -0.005126953125, -0.018310546875, -0.028076171875, 0.033203125, -0.051025390625, 0.042236328125, -0.029541015625, -0.004669189453125, 0.0036163330078125, -0.019775390625, 0.0184326171875, -0.02734375, -0.0230712890625, -0.036376953125, -0.01165771484375, -0.0240478515625, -0.01446533203125, 0.0205078125, 0.00101470947265625, 0.002105712890625, -0.04931640625, 0.0146484375, -0.041015625, -0.0390625, -0.005218505859375, 0.00347900390625, 0.03125, -0.000759124755859375, -0.01025390625, 0.0179443359375, -0.0306396484375, 0.00069427490234375, 0.002716064453125, -0.0654296875, 4.601478576660156e-05, 0.043212890625, 0.0308837890625, 0.0120849609375, -0.0137939453125, -0.049560546875, -0.017822265625, -0.042236328125, -0.061767578125, 0.0257568359375, -0.012939453125, -0.02490234375, -0.00029754638671875, -0.051025390625, 0.0255126953125, -0.016845703125, -0.03466796875, 0.0242919921875, 0.0185546875, -0.0172119140625, -0.045654296875, 0.01409912109375, -0.0213623046875, -0.042236328125, -0.02490234375, 0.016357421875, -0.0003452301025390625, -0.01043701171875, 0.06005859375, -0.04638671875, -0.03955078125, -0.034423828125, 0.019287109375, -0.02001953125, 0.00433349609375, -0.0257568359375, 0.03955078125, -0.0625, -0.00634765625, -0.031982421875, -0.043212890625, 0.006561279296875, 0.0205078125, -0.0152587890625, 0.0034332275390625, -0.01953125, -0.031982421875, -0.013427734375, 0.02099609375, 0.038330078125, 0.0120849609375, -0.00872802734375, -0.02734375, -0.00787353515625, 0.00701904296875, 0.00830078125, 0.005615234375, 0.0118408203125, -0.01153564453125, -0.042724609375, 0.0177001953125, -0.03271484375, -0.054931640625, 0.027099609375, 0.0177001953125, -0.0673828125, -0.06640625, -0.00732421875, -0.015625, -0.01312255859375, 0.0022735595703125, 0.040283203125, 0.0048828125, 0.003753662109375, -0.0244140625, -0.04638671875, 0.061279296875, 0.02978515625, 0.031982421875, 0.038330078125, -0.01220703125, -0.02001953125, -0.028076171875, -0.030517578125, 0.0947265625, 0.0089111328125, -0.006591796875, 0.0498046875, 0.0042724609375, -0.00168609619140625, 0.0537109375, 0.008056640625, -0.046142578125, -0.03955078125, -0.0166015625, 0.0042724609375, 0.01019287109375, 0.0029144287109375, 0.0208740234375, 0.044921875, 0.0400390625, -0.03369140625, 0.0306396484375, 0.01202392578125, 0.000728607177734375, 0.0003452301025390625, -0.0179443359375, -0.052490234375, 0.00445556640625, 0.006622314453125, -0.0206298828125, 0.0159912109375, 0.0230712890625, -0.01409912109375, 0.0279541015625, -0.016845703125, 0.01446533203125, 0.00445556640625, 0.0033111572265625, 0.0184326171875, 0.016845703125, -0.08251953125, 0.031494140625, 0.00579833984375, 0.0189208984375, 0.01007080078125, 0.02001953125, -0.0208740234375, -0.0115966796875, -0.046142578125, 0.0206298828125, 0.045166015625, 0.02490234375, 0.00069427490234375, -0.03369140625, -0.029052734375, -0.0203857421875, -0.041015625, 0.032470703125, -0.0224609375, 0.00732421875, -0.02490234375, 0.0054931640625, 0.007049560546875, -0.030517578125, 0.059326171875, 