{"movie": "wwdc2025", "offset": 200, "text_offset": 200, "embedding": [0.049072265625, -0.0498046875, 0.0126953125, -0.013916015625, -0.05126953125, -0.01214599609375, -0.02392578125, -0.029541015625, 0.0028533935546875, 0.03076171875, 0.00421142578125, -0.0242919921875, -0.04736328125, -0.043701171875, -0.02392578125, -0.0164794921875, -0.00872802734375, 0.01153564453125, 0.05908203125, 0.002777099609375, 0.0101318359375, -0.001739501953125, 0.0279541015625, 0.0341796875, 0.055419921875, -0.034423828125, -0.025634765625, -0.033203125, 0.0042724609375, -0.010498046875, -0.00677490234375, -0.05712890625, 0.0927734375, -0.0013885498046875, -0.03369140625, -0.0185546875, 0.0029449462890625, 0.017333984375, -0.06298828125, 0.0191650390625, 0.00555419921875, 0.01458740234375, 0.0159912109375, -0.005401611328125, -0.002716064453125, 0.0172119140625, -0.0260009765625, -0.03662109375, 0.06591796875, 0.0634765625, -0.01287841796875, 0.0159912109375, 0.0098876953125, -0.052001953125, 0.00182342529296875, -0.0205078125, 0.0003223419189453125, 0.0023651123046875, 0.0228271484375, -0.034912109375, 0.005279541015625, 0.025146484375, -0.0152587890625, 0.0052490234375, -0.0242919921875, -0.002777099609375, 0.03369140625, -0.034423828125, -0.00150299072265625, -0.0159912109375, -0.0091552734375, -0.0177001953125, -0.0174560546875, -0.032958984375, -0.01092529296875, -0.037353515625, -0.0002269744873046875, -0.038330078125, -0.01214599609375, 0.00182342529296875, -0.01129150390625, 0.04296875, -0.052978515625, -0.0157470703125, -0.0035247802734375, -0.01287841796875, 0.0012664794921875, 0.015869140625, -0.007080078125, -0.0142822265625, -0.0223388671875, 0.051513671875, 0.01153564453125, 0.020263671875, -0.00872802734375, -0.0830078125, -0.0027923583984375, -0.06884765625, -0.017333984375, 0.045654296875, 0.04736328125, 0.00958251953125, -0.013916015625, -0.01708984375, -0.042724609375, -0.0615234375, 0.039306640625, 0.002166748046875, 0.00408935546875, 0.00072479248046875, -0.01177978515625, -0.00537109375, -0.041259765625, -0.0157470703125, -0.031982421875, 0.034423828125, 0.0302734375, 0.0264892578125, 0.05712890625, 0.019775390625, -0.041748046875, -0.0615234375, -0.01519775390625, -0.059326171875, 0.0016326904296875, 0.056396484375, 0.047119140625, 0.048095703125, 0.035400390625, 0.031494140625, 0.000453948974609375, 0.03515625, 0.004669189453125, 0.0189208984375, -0.054931640625, -0.02490234375, -0.000453948974609375, 0.01806640625, -0.06396484375, -0.01068115234375, 0.02685546875, 0.00347900390625, -0.048095703125, 0.0135498046875, -0.013916015625, -0.02880859375, 0.03369140625, -0.00665283203125, -0.033447265625, 0.0167236328125, 0.01287841796875, -0.0546875, -0.0089111328125, 0.10498046875, 0.0264892578125, 0.05712890625, 0.0025634765625, 0.02001953125, 0.0181884765625, -0.037841796875, 0.037353515625, -0.0400390625, -0.0296630859375, 0.0028533935546875, 0.032958984375, 0.0264892578125, 0.035400390625, 0.05224609375, -0.01226806640625, -0.01202392578125, -0.00787353515625, 0.01141357421875, 0.0225830078125, 0.0185546875, 0.004669189453125, 0.005889892578125, -0.005462646484375, 0.0240478515625, -0.00714111328125, -0.044677734375, 0.0225830078125, -0.029541015625, -0.037841796875, 0.01055908203125, 0.021728515625, 0.006439208984375, 0.0269775390625, 0.0478515625, -0.05419921875, 0.039794921875, -0.005706787109375, -0.0142822265625, 0.01177978515625, -0.0264892578125, 0.0537109375, -0.02490234375, 0.0228271484375, 0.0150146484375, 0.045166015625, 0.06591796875, -0.017578125, 0.0245361328125, -0.0277099609375, 0.025390625, 0.000766754150390625, 0.02734375, -0.038818359375, -0.002593994140625, -0.00299072265625, -0.0002460479736328125, -0.042236328125, -0.01080322265625, 0.0400390625, -0.0308837890625, 0.003570556640625, -0.03662109375, 0.04052734375, 0.00665283203125, 0.037109375, 0.0205078125, -0.0252685546875, -0.038330078125, 0.022705078125, -0.06005859375, -0.057373046875, 0.020751953125, -0.0081787109375, 0.021728515625, 0.0830078125, 0.05419921875, 0.0078125, 0.0252685546875, 0.0089111328125, 0.005706787109375, 0.00933837890625, 0.0223388671875, 0.006866455078125, -0.006988525390625, -0.01312255859375, 0.028564453125, 0.00347900390625, -0.0196533203125, -0.039306640625, 0.056640625, 0.01483154296875, 0.01129150390625, 0.018310546875, -0.00677490234375, 0.0213623046875, 0.006500244140625, -0.061767578125, -0.01409912109375, 0.05419921875, -0.059814453125, -0.026611328125, 0.0419921875, 0.02001953125, -0.034912109375, 0.01055908203125, -0.047119140625, -0.0111083984375, 0.01287841796875, -0.03515625, -0.0419921875, -0.00182342529296875, -0.0159912109375, -0.038330078125, 0.03564453125, -0.046875, 0.01324462890625, 0.05322265625, -0.0130615234375, 0.0184326171875, 0.0615234375, 0.005889892578125, -0.05029296875, -0.04345703125, -0.017333984375, -0.004852294921875, 0.0252685546875, -0.014404296875, -0.0023193359375, 0.00958251953125, 0.00860595703125, 0.00787353515625, -0.00119781494140625, -0.00677490234375, -0.0142822265625, -0.0194091796875, -0.033203125, -0.0037994384765625, -0.0264892578125, 0.041015625, -0.033935546875, -0.068359375, 0.037353515625, -0.010009765625, 0.0556640625, -0.0228271484375, -0.0252685546875, -0.03369140625, -0.037353515625, 0.037841796875, 0.000885009765625, -0.0076904296875, 0.036865234375, 0.005767822265625, 0.01397705078125, 0.01397705078125, -0.0113525390625, -0.0205078125, -0.038818359375, -0.0186767578125, 0.0234375, 0.03076171875, -0.0034637451171875, -0.0225830078125, -0.078125, 0.0498046875, 0.036376953125, 0.028564453125, -0.004791259765625, 0.02099609375, 0.048583984375, 0.002288818359375, 0.0107421875, -0.0576171875, -0.00750732421875, -0.02880859375, -0.095703125, -0.01055908203125, 0.028564453125, 0.003143310546875, 0.0028228759765625, -0.02734375, 0.0213623046875, -0.0283203125, -0.0157470703125, 0.00970458984375, 0.0216064453125, 0.00360107421875, -0.01348876953125, 0.02783203125, 0.0174560546875, -0.0247802734375, 0.0050048828125, -0.003692626953125, 0.01953125, 0.0108642578125, -0.00927734375, 0.0035858154296875, -0.01348876953125, -0.0191650390625, 0.01300048828125, 0.01055908203125, 0.00653076171875, -0.0152587890625, -0.0126953125, -0.03564453125, -0.006011962890625, 0.05419921875, -0.0234375, 0.004119873046875, -0.031982421875, 0.037353515625, 0.005767822265625, 0.0027008056640625, -0.015869140625, -0.0228271484375, -0.0205078125, 0.00738525390625, 0.00872802734375, 0.017822265625, 0.00982666015625, 0.04150390625, -0.0189208984375, -0.043701171875, 0.01544189453125, -0.0167236328125, 0.00335693359375, -0.05712890625, 0.0191650390625, 0.027099609375, -0.0034942626953125, -0.00872802734375, -0.04443359375, 0.0296630859375, -0.01171875, 0.0023651123046875, -0.037109375, -0.0264892578125, 0.028564453125, 0.020263671875, -0.03564453125, 0.02490234375, -0.02099609375, -0.03125, 0.02197265625, -0.0147705078125, 0.004150390625, 0.01043701171875, -0.00213623046875, -0.0205078125, -0.01214599609375, 0.005889892578125, 0.06396484375, 0.00933837890625, 0.036865234375, 0.0498046875, 0.00119781494140625, -0.036376953125, -0.027099609375, -0.034912109375, -0.01348876953125, -0.017578125, 0.0189208984375, 0.047119140625, 0.0361328125, -0.007598876953125, 0.03271484375, 0.043701171875, -0.0045166015625, 0.0390625, 0.018310546875, -0.0118408203125, -0.04296875, -0.04150390625, -0.03466796875, -0.046142578125, 0.00628662109375, 0.031982421875, 0.064453125, 0.0245361328125, -0.0166015625, -0.00982666015625, -0.031494140625, -0.04541015625, 0.0247802734375, 0.00836181640625, -0.02197265625, 0.0230712890625, 0.0017852783203125, -0.10791015625, 0.012451171875, 0.0025787353515625, 0.04736328125, -0.03271484375, 0.0419921875, -0.004058837890625, 0.0625, -0.025390625, 0.0189208984375, 0.06640625, 0.046875, 0.00726318359375, 0.038330078125, -0.01556396484375, -0.015380859375, -0.05712890625, -0.00927734375, 0.006195068359375, -0.012451171875, -0.017578125, 0.0069580078125, 0.0556640625, -0.059814453125, 0.0016937255859375, 