{"movie": "wwdc2025", "offset": 214, "text_offset": 200, "embedding": [0.03955078125, -0.025634765625, 0.0400390625, -0.010498046875, -0.064453125, -0.015380859375, -0.0252685546875, 0.0038604736328125, 0.008544921875, 0.044189453125, -0.004364013671875, -0.0301513671875, -0.036865234375, -0.047607421875, -0.022705078125, -0.033935546875, 0.0230712890625, 0.0223388671875, 0.04541015625, 0.0213623046875, 0.033203125, 0.01611328125, 0.0098876953125, 0.0255126953125, 0.024658203125, -0.0279541015625, -0.0203857421875, -0.043701171875, 0.0255126953125, -0.040771484375, -0.02392578125, -0.052490234375, 0.08203125, -0.00787353515625, 0.01080322265625, 0.0059814453125, 0.007293701171875, 0.01202392578125, -0.048828125, -0.0078125, -0.0067138671875, 0.00177764892578125, 0.00061798095703125, 0.00121307373046875, -0.03076171875, 0.00677490234375, -0.02099609375, -0.037109375, 0.06298828125, 0.0859375, 0.01495361328125, 0.000209808349609375, 0.00872802734375, -0.042236328125, 0.0157470703125, -0.022216796875, -0.020263671875, -0.0040283203125, 0.0157470703125, -0.037109375, -0.01953125, 0.007171630859375, -0.01458740234375, 0.0152587890625, -0.027587890625, 0.0125732421875, 0.02685546875, -0.030029296875, -0.0159912109375, -0.040771484375, -0.0016937255859375, 0.00098419189453125, -0.009765625, -0.02392578125, -0.03466796875, -0.043212890625, -0.0205078125, -0.0262451171875, -0.0115966796875, -0.0157470703125, -0.00567626953125, 0.030029296875, -0.0205078125, -0.002166748046875, -0.0031280517578125, 0.007080078125, 0.027099609375, 0.0089111328125, 0.01019287109375, 0.002197265625, -0.0218505859375, 0.059814453125, -0.005859375, 0.016357421875, -0.0184326171875, -0.0625, -0.0167236328125, -0.0576171875, -0.024658203125, 0.044677734375, 0.06103515625, 0.0050048828125, -0.02001953125, -0.0234375, -0.044189453125, -0.055419921875, 0.0322265625, 0.0196533203125, -0.01171875, 0.029296875, -0.0172119140625, -0.0299072265625, -0.0308837890625, -0.0037994384765625, -0.04248046875, 0.0224609375, 0.0179443359375, 0.0260009765625, 0.08203125, 0.0181884765625, -0.049560546875, -0.031494140625, -0.0157470703125, -0.05615234375, 0.0162353515625, 0.024658203125, 0.05419921875, 0.0400390625, 0.0185546875, 0.05615234375, -0.0137939453125, 0.050048828125, 0.033447265625, 0.044189453125, -0.06298828125, -0.00933837890625, -0.00933837890625, 0.00070953369140625, -0.034912109375, 0.0012054443359375, 0.03271484375, -0.00848388671875, -0.037109375, 0.0303955078125, -0.0220947265625, -0.052490234375, 0.052978515625, -0.0098876953125, -0.046875, -0.00390625, 0.0191650390625, -0.0322265625, -0.0322265625, 0.1201171875, 0.01953125, 0.08154296875, 0.0072021484375, 0.0205078125, -0.0218505859375, -0.03857421875, 0.0279541015625, -0.034423828125, -0.039306640625, 0.0050048828125, 0.04248046875, 0.007110595703125, 0.0247802734375, 0.050537109375, -0.0189208984375, -0.009765625, -0.0267333984375, -0.00946044921875, 0.0196533203125, 0.031982421875, 0.0067138671875, 0.0174560546875, 0.00738525390625, -0.01025390625, -0.01611328125, -0.0301513671875, 0.0224609375, -0.0205078125, -0.028076171875, -0.00408935546875, 0.0027618408203125, 0.00180816650390625, 0.03125, 0.03466796875, -0.0299072265625, 0.0262451171875, 0.0218505859375, 0.0240478515625, 0.006927490234375, -0.03466796875, 0.02001953125, -0.0076904296875, 0.048583984375, 0.02001953125, 0.0654296875, 0.051025390625, -0.009765625, 0.057373046875, -0.0277099609375, 0.0262451171875, 0.0089111328125, 0.00732421875, -0.0291748046875, 0.0106201171875, -0.0228271484375, -0.007476806640625, -0.0286865234375, 0.000789642333984375, 0.036376953125, -0.0211181640625, 0.0004329681396484375, -0.048583984375, 0.04150390625, 0.01080322265625, 0.006011962890625, 0.034912109375, -0.0169677734375, -0.042236328125, 0.0274658203125, -0.0810546875, -0.04296875, 0.00518798828125, -0.005523681640625, 0.01092529296875, 0.060302734375, 0.0206298828125, 0.016357421875, 0.0213623046875, -0.0020904541015625, 0.0279541015625, 0.0185546875, 0.030029296875, -0.0012969970703125, 0.01519775390625, -0.031982421875, 0.044189453125, 0.006683349609375, 0.007537841796875, -0.0206298828125, 0.06298828125, 0.004791259765625, -0.0242919921875, 0.00157928466796875, 0.011962890625, 0.041015625, 0.0167236328125, -0.049560546875, -0.00872802734375, 0.044921875, -0.06494140625, -0.031494140625, 0.03515625, 0.0081787109375, 0.005859375, 0.0194091796875, -0.036376953125, -0.01312255859375, -5.8650970458984375e-05, -0.0191650390625, -0.051025390625, -0.01116943359375, -0.007476806640625, -0.04443359375, 0.046875, -0.043701171875, 0.030517578125, 0.055419921875, -0.01031494140625, 0.006103515625, 0.04931640625, -0.015869140625, -0.049560546875, -0.0341796875, 0.001312255859375, -0.01318359375, 0.01171875, -0.0238037109375, 0.000522613525390625, -0.006011962890625, -0.007110595703125, 0.0240478515625, -0.02001953125, 0.01019287109375, 0.007293701171875, -0.019287109375, -0.0230712890625, 0.0186767578125, -0.0181884765625, 0.02392578125, -0.0184326171875, -0.050537109375, 0.0311279296875, -0.01068115234375, 0.033447265625, -0.025146484375, -0.022705078125, -0.05419921875, -0.01336669921875, 0.05615234375, -0.02685546875, 0.006927490234375, 0.04931640625, 0.002349853515625, -0.01080322265625, 0.0234375, -0.0263671875, -0.011962890625, -0.05419921875, -0.020751953125, -0.0179443359375, 0.0179443359375, -0.02392578125, -0.0152587890625, -0.060791015625, 0.033447265625, 0.04052734375, 0.027099609375, -0.00091552734375, 0.027099609375, 0.049560546875, -0.004852294921875, -0.0030975341796875, -0.053466796875, -0.0247802734375, -0.0079345703125, -0.0712890625, -0.0174560546875, 0.0135498046875, -0.0072021484375, -0.0213623046875, -0.042724609375, 0.0169677734375, -0.05419921875, -0.033447265625, -0.020751953125, 0.0081787109375, 0.0181884765625, -0.003387451171875, 0.01422119140625, -0.0030975341796875, -0.02392578125, 0.003997802734375, 0.00537109375, 0.00848388671875, 0.01220703125, -0.01275634765625, 0.0177001953125, -0.0247802734375, -0.0224609375, 0.0235595703125, 0.0289306640625, 0.0033416748046875, -0.035888671875, 0.01385498046875, -0.043701171875, 0.0029296875, 0.0255126953125, -0.0283203125, 0.009765625, -0.056884765625, 0.034423828125, 0.033447265625, -0.0135498046875, -0.025634765625, -0.0137939453125, 0.005157470703125, 0.0252685546875, 0.017578125, 0.01141357421875, -0.00262451171875, 0.0234375, -0.007476806640625, -0.0191650390625, -0.0022430419921875, -0.052490234375, -0.0030975341796875, -0.05126953125, 0.00299072265625, 0.00982666015625, 0.01507568359375, -0.0093994140625, -0.036865234375, 0.01312255859375, -0.005126953125, -0.001922607421875, -0.03759765625, -0.033203125, 0.017333984375, 0.03271484375, -0.019775390625, 0.00157928466796875, -0.0235595703125, -0.0238037109375, 0.00909423828125, -0.00946044921875, 0.0244140625, 0.0087890625, -0.0023345947265625, -0.0086669921875, 0.00848388671875, 0.00147247314453125, 0.083984375, 0.005157470703125, 0.0299072265625, 0.022705078125, 0.0191650390625, -0.0517578125, -0.011962890625, -0.025634765625, -0.01495361328125, -0.0272216796875, 0.0203857421875, 0.016357421875, 0.046875, -0.02392578125, 0.0211181640625, 0.04541015625, -0.00494384765625, 0.028076171875, 0.027099609375, -0.0244140625, -0.03466796875, -0.01171875, -0.022705078125, -0.0184326171875, 0.00135040283203125, 0.03515625, 0.0301513671875, 0.0260009765625, -0.021484375, -0.0211181640625, -0.0274658203125, -0.055419921875, 0.031982421875, 0.0081787109375, -0.0272216796875, 0.02001953125, -0.0096435546875, -0.09912109375, 0.01092529296875, -0.00104522705078125, 0.0673828125, 0.0152587890625, 0.053466796875, 0.0157470703125, 0.05419921875, -0.0167236328125, 0.01214599609375, 0.0810546875, 0.0322265625, 0.00250244140625, 0.04541015625, -0.0242919921875, -0.0206298828125, -0.047119140625, 0.001251220703125, 0.00640869140625, -0.025146484375, -0.0089111328125, 0.0250244140625, 0.06689453125, -0.0537109375, 0.01458740234375, 0.0106201171875, -0.039306640625, -0.05615234375, 