{"movie": "wwdc2025", "offset": 132, "text_offset": 120, "embedding": [0.0264892578125, 0.0003509521484375, -0.00714111328125, 0.0032196044921875, -0.04150390625, 0.0126953125, 0.057861328125, -0.002166748046875, -0.0159912109375, 0.047119140625, -0.0198974609375, 0.029052734375, -0.0162353515625, -0.0654296875, -0.0361328125, -0.011474609375, 0.0020904541015625, -0.01129150390625, 0.00750732421875, -0.003692626953125, -0.022216796875, -0.051513671875, 0.01324462890625, -0.012939453125, 0.040283203125, 0.0147705078125, -0.040771484375, -0.0306396484375, -0.037353515625, -0.022216796875, -0.01495361328125, -0.0625, 0.01556396484375, 0.0272216796875, -0.00982666015625, -0.00069427490234375, 0.0147705078125, 0.002197265625, 0.008544921875, 0.0103759765625, -0.0150146484375, 0.05126953125, 0.008544921875, -0.0380859375, 0.035400390625, 0.0220947265625, -0.0478515625, -0.00885009765625, 0.005950927734375, 0.044921875, 0.00933837890625, 0.0208740234375, 0.049560546875, -0.048828125, -0.033447265625, -0.026611328125, -0.00787353515625, 0.0262451171875, 0.0181884765625, -0.0111083984375, -0.0240478515625, -0.07568359375, 0.0184326171875, 0.00165557861328125, -0.0306396484375, -0.0264892578125, 0.0673828125, -0.022216796875, -0.031982421875, -0.00531005859375, -0.0869140625, 0.026611328125, 0.0201416015625, -0.04931640625, -0.021728515625, -0.000675201416015625, 0.03564453125, -0.043212890625, 0.028564453125, -0.00433349609375, -0.06494140625, 0.030029296875, -0.01104736328125, -0.04248046875, -0.0308837890625, -0.0135498046875, -0.048095703125, 0.000644683837890625, -0.061279296875, -0.04296875, -0.0302734375, 0.0037384033203125, -0.0201416015625, -0.061767578125, 0.0002880096435546875, -0.025634765625, -0.0059814453125, -0.046875, -0.02587890625, 0.0216064453125, 0.032470703125, 0.040283203125, -0.027587890625, -0.0625, -0.04150390625, -0.0230712890625, 0.00897216796875, -0.049560546875, 0.01556396484375, 0.015625, -0.00457763671875, -0.04150390625, -0.027099609375, -0.0220947265625, -0.0264892578125, 0.0693359375, 0.029541015625, -0.052978515625, 0.0181884765625, -0.005828857421875, 0.028564453125, -0.037353515625, -0.02197265625, 0.00732421875, 0.00933837890625, 0.061279296875, 0.026123046875, 0.03515625, 0.0299072265625, 0.032470703125, -0.0235595703125, 0.0028839111328125, 0.01019287109375, 0.0264892578125, -0.0693359375, 0.0198974609375, -0.0216064453125, 0.01373291015625, -0.039306640625, -0.01123046875, 0.02294921875, 0.0262451171875, -0.051513671875, 0.007476806640625, -0.00640869140625, -0.0306396484375, -0.00141143798828125, 0.0216064453125, -0.037841796875, -0.0103759765625, 0.006439208984375, -0.029541015625, -0.0281982421875, 0.0693359375, -0.0179443359375, 0.0194091796875, 0.03662109375, -0.032958984375, -0.0054931640625, 0.0032806396484375, 0.05078125, -0.0162353515625, 0.02099609375, 0.032470703125, 0.047607421875, -0.0128173828125, -0.0159912109375, -0.002716064453125, 0.014892578125, -0.040771484375, -0.0267333984375, 0.014892578125, -0.00787353515625, 0.01513671875, -0.003173828125, 0.059814453125, 0.0269775390625, -0.027099609375, 0.01177978515625, -0.001953125, -0.038818359375, 0.00628662109375, 0.056884765625, -0.0272216796875, 0.017822265625, 0.0201416015625, 0.029052734375, 0.044189453125, -0.009521484375, 0.046630859375, -0.00823974609375, 0.015380859375, 0.054443359375, 0.029296875, 0.025146484375, -0.03076171875, -0.01080322265625, -0.01324462890625, 0.07470703125, 0.07177734375, -0.01177978515625, 0.0201416015625, -0.0240478515625, 0.0126953125, 0.0203857421875, 0.0703125, 0.00238037109375, 0.03125, -0.039794921875, 0.04248046875, -0.0289306640625, -0.027099609375, -0.03125, -0.06689453125, 0.02587890625, -0.0361328125, 0.025390625, 0.0096435546875, 0.051513671875, 0.004791259765625, -0.0179443359375, -0.0262451171875, 0.039794921875, -0.036376953125, -0.04248046875, -0.0264892578125, -0.0216064453125, -0.006622314453125, 0.0089111328125, 0.040771484375, -0.0017547607421875, 0.032958984375, -0.007110595703125, -0.0001506805419921875, 0.0308837890625, 0.036376953125, 0.03564453125, 0.0189208984375, -0.047119140625, 0.018310546875, 0.014892578125, -0.0308837890625, -0.033935546875, 0.05224609375, -0.0013580322265625, -0.029052734375, -0.0159912109375, 0.0224609375, 0.00836181640625, 0.0108642578125, -0.01129150390625, -0.007476806640625, 0.0284423828125, -0.02978515625, -0.017333984375, 0.062255859375, 0.0361328125, 0.0299072265625, 0.01019287109375, -0.0042724609375, 0.025146484375, 0.03955078125, -0.025146484375, 0.012451171875, -0.0072021484375, -0.00439453125, -0.018310546875, 0.032470703125, -0.03466796875, 0.033203125, -0.0057373046875, -0.0284423828125, -0.01080322265625, 0.055419921875, -0.04443359375, 0.011474609375, -0.0036773681640625, -0.015625, -0.0267333984375, 0.041259765625, -0.03564453125, -0.039306640625, 0.0098876953125, -0.007110595703125, 0.01708984375, -0.01409912109375, -0.008544921875, -0.004486083984375, -0.068359375, -0.031982421875, 0.04345703125, -0.05712890625, 0.029052734375, -0.006744384765625, -0.049560546875, 0.03466796875, 0.003326416015625, 0.025146484375, -0.015380859375, -0.042236328125, -0.05419921875, -0.004852294921875, -0.0184326171875, -0.017333984375, 0.046630859375, 0.01470947265625, -0.053466796875, 0.0235595703125, 0.007110595703125, 0.006439208984375, -0.0145263671875, -0.03955078125, 0.01556396484375, 0.048095703125, -0.04296875, 0.006011962890625, -0.004852294921875, -0.012451171875, 0.037841796875, 0.003753662109375, -0.038818359375, 0.01544189453125, 0.0234375, 0.0029449462890625, 0.0308837890625, -0.05859375, -0.076171875, -0.0281982421875, -0.07177734375, -0.0228271484375, 0.01239013671875, 0.03515625, 0.006927490234375, -0.0147705078125, -0.045654296875, -0.010498046875, -0.0294189453125, -0.0189208984375, 0.00897216796875, 0.0166015625, -0.0103759765625, 0.0233154296875, -0.042236328125, -0.003204345703125, -0.03466796875, 0.00836181640625, 0.0216064453125, 0.0037994384765625, 0.0322265625, 0.00665283203125, -0.01019287109375, -0.0341796875, 0.0208740234375, 0.03662109375, -0.005523681640625, -0.045166015625, 0.0277099609375, -0.0084228515625, -0.048828125, -0.00787353515625, -0.0089111328125, -0.03466796875, -0.00885009765625, -0.01385498046875, 0.0029754638671875, -0.0211181640625, -0.00262451171875, 0.0123291015625, -0.035888671875, 0.003265380859375, -0.0128173828125, 0.006927490234375, -0.02587890625, 0.039306640625, -0.005096435546875, 0.021240234375, -0.0142822265625, -0.03076171875, -0.01409912109375, -0.0361328125, -0.048828125, 0.02197265625, -0.017333984375, -0.045654296875, -0.0159912109375, -0.0208740234375, -0.0111083984375, 0.01470947265625, -0.00970458984375, -0.07568359375, -0.005706787109375, 0.025146484375, 0.0030059814453125, -0.05419921875, -0.025634765625, -0.0380859375, -0.0284423828125, 0.019775390625, -0.0203857421875, 0.0034942626953125, 0.02392578125, -0.0169677734375, -0.06298828125, -0.019287109375, 0.006439208984375, 0.05224609375, 0.0189208984375, 0.04248046875, 3.933906555175781e-05, -0.03564453125, -0.0299072265625, 0.031982421875, -0.044921875, 0.010986328125, 0.0023040771484375, -0.00180816650390625, 0.033203125, 0.0106201171875, -0.052978515625, 0.0137939453125, 0.041259765625, 0.043212890625, 0.0157470703125, -0.0031585693359375, 0.003997802734375, -0.01544189453125, -0.017333984375, -0.0203857421875, -0.0576171875, -0.01141357421875, 0.0086669921875, 0.029541015625, 0.045166015625, -0.00921630859375, -0.0027618408203125, 0.031494140625, -0.060791015625, 0.03857421875, -0.0022125244140625, 0.027587890625, -0.01806640625, 0.037353515625, -0.017578125, -0.01806640625, 0.01165771484375, 0.068359375, -0.04296875, 0.01348876953125, -0.00616455078125, 0.005950927734375, -0.0086669921875, -0.022216796875, 0.03125, 0.052978515625, -0.024658203125, 0.0225830078125, -0.02392578125, -0.002197265625, -0.0269775390625, 0.01470947265625, 0.0390625, -0.01953125, 0.00830078125, -0.02587890625, 0.033203125, 0.005035400390625, -0.03955078125, 