{"movie": "wwdc2025", "offset": 288, "text_offset": 280, "embedding": [0.003143310546875, 0.0186767578125, 0.032958984375, 0.07861328125, -0.048095703125, -0.0029449462890625, -0.005950927734375, 0.007415771484375, 0.02392578125, 0.045166015625, 0.025390625, 0.0224609375, -0.0186767578125, -0.080078125, -0.0255126953125, -0.00457763671875, -0.00946044921875, -0.0106201171875, -0.005645751953125, 0.0279541015625, 0.0086669921875, -0.025634765625, -0.008544921875, -0.032958984375, -0.0274658203125, -0.005035400390625, -0.03369140625, -0.020263671875, -0.02490234375, -0.05029296875, -0.032470703125, -0.038330078125, 0.048095703125, 0.00830078125, -0.0301513671875, 0.0169677734375, 0.035400390625, 0.02490234375, -0.046875, 0.01141357421875, -0.040771484375, 0.0004367828369140625, 0.003265380859375, -0.0595703125, -0.004730224609375, -0.02392578125, -0.08056640625, -0.033447265625, 0.0177001953125, 0.049072265625, 0.007415771484375, 0.033203125, -0.024658203125, -0.006256103515625, -0.0177001953125, 0.0225830078125, -0.01116943359375, 0.002471923828125, -0.0244140625, -0.01483154296875, -0.01611328125, -0.04052734375, -0.0283203125, 0.0032958984375, -0.04248046875, 0.027099609375, 0.033447265625, -0.021484375, -0.02978515625, -0.00653076171875, -0.05517578125, -0.054931640625, -0.02197265625, 0.000885009765625, 0.020263671875, 0.0072021484375, 0.031494140625, -0.07470703125, -0.05908203125, 0.0478515625, 0.000347137451171875, 0.0390625, 0.0186767578125, -0.0107421875, 0.0002498626708984375, 0.0030670166015625, 0.037353515625, -0.0245361328125, 0.000530242919921875, -0.001983642578125, -0.004638671875, 0.030029296875, -0.00946044921875, -0.0186767578125, -0.0400390625, -0.0169677734375, 0.0042724609375, -0.0830078125, -0.0147705078125, -0.0038299560546875, 0.0026092529296875, -0.00933837890625, -0.0361328125, -0.0045166015625, -0.007293701171875, -0.034912109375, -0.0172119140625, 0.0166015625, 0.033447265625, -0.0042724609375, -0.03125, -0.0291748046875, -0.0634765625, 0.009765625, -0.060791015625, 0.0140380859375, 0.018310546875, -0.0234375, 0.0218505859375, -0.00726318359375, -0.03955078125, -0.0016326904296875, -0.00482177734375, -0.00653076171875, 0.01397705078125, 0.026611328125, 0.02587890625, 0.031982421875, 0.04052734375, 0.0361328125, 0.0125732421875, -0.01318359375, 0.04150390625, 0.01483154296875, -0.0517578125, 0.01214599609375, 0.0048828125, -0.05322265625, -0.03857421875, -0.02587890625, -0.01519775390625, -0.000835418701171875, -0.037353515625, -0.027099609375, 0.015380859375, -0.03955078125, 0.052978515625, -0.007537841796875, 0.0037689208984375, 0.045166015625, 0.01556396484375, -0.0361328125, -0.055419921875, 0.04443359375, 0.033447265625, 0.022216796875, 0.037109375, -0.0172119140625, -0.061279296875, -0.037353515625, 0.031982421875, -0.0091552734375, 0.00665283203125, 0.02392578125, 0.06591796875, -0.0140380859375, -0.0361328125, 0.0439453125, -0.048828125, 0.009033203125, -0.07861328125, 0.01507568359375, -0.0145263671875, 0.008544921875, -0.0240478515625, -0.020751953125, -0.049072265625, 0.021728515625, 0.0174560546875, -0.025390625, -0.0240478515625, 0.0186767578125, 0.06640625, -0.0098876953125, -0.01116943359375, -0.01171875, -0.006988525390625, 0.0478515625, 0.0224609375, 0.032958984375, -0.01129150390625, 0.0205078125, -0.00872802734375, 0.04345703125, -0.011962890625, -0.0322265625, 0.038818359375, -0.02197265625, 0.046875, 0.08349609375, -0.006134033203125, 0.0859375, -0.0142822265625, 0.0322265625, -0.01129150390625, 0.0159912109375, -0.02099609375, 0.0517578125, -0.0341796875, -0.0205078125, 0.0012054443359375, 0.02001953125, 0.016845703125, 0.0042724609375, 0.000885009765625, -0.027099609375, -0.01025390625, 0.041748046875, 0.05712890625, 0.00811767578125, -0.0230712890625, 0.01177978515625, 0.02294921875, -0.00125885009765625, 0.0026702880859375, -0.03955078125, 0.003265380859375, 0.029052734375, 0.06591796875, 0.00146484375, 0.0137939453125, 0.01434326171875, -0.033447265625, 0.04443359375, -0.00860595703125, 0.0302734375, 0.0341796875, 0.00830078125, 0.00024318695068359375, 0.0189208984375, 0.042724609375, -0.0302734375, -0.0419921875, 0.046875, -0.0233154296875, -0.06494140625, 0.00860595703125, 0.0233154296875, 0.0478515625, -0.002227783203125, 0.0185546875, -0.01123046875, -0.055419921875, -0.060546875, -0.03662109375, 0.01708984375, -0.0576171875, 0.010986328125, 0.01806640625, 0.00531005859375, 0.02197265625, -0.0128173828125, 0.0311279296875, -0.0260009765625, 0.0283203125, 0.005767822265625, 0.00787353515625, -0.005828857421875, -0.048828125, 0.017333984375, 0.0308837890625, 0.00823974609375, -0.07568359375, 0.033935546875, 0.0159912109375, -0.005340576171875, -0.054931640625, 0.0194091796875, -0.060791015625, 0.01361083984375, 0.01953125, -0.010986328125, 0.0162353515625, -0.0223388671875, 0.0098876953125, 0.0096435546875, 0.034912109375, -0.0400390625, -0.0517578125, -0.025634765625, 0.038818359375, -0.0361328125, 0.042724609375, -0.0130615234375, -0.00830078125, -0.007720947265625, -0.02587890625, 0.0279541015625, -0.037841796875, -0.03662109375, -0.061767578125, -0.0213623046875, -0.00628662109375, -0.004364013671875, 0.0130615234375, 0.0108642578125, 0.0302734375, -0.0013885498046875, 0.00799560546875, -0.0198974609375, 0.005126953125, 0.021728515625, -0.029052734375, 0.042724609375, -0.0103759765625, -0.03271484375, 0.0296630859375, -0.05322265625, 0.00811767578125, 0.004180908203125, -0.07080078125, -0.02197265625, 0.039794921875, 0.053955078125, 0.0037841796875, -0.0189208984375, -0.04150390625, -0.04248046875, -0.028564453125, -0.080078125, 0.017578125, -0.0230712890625, -0.0264892578125, 0.0001392364501953125, -0.05810546875, 0.034423828125, -0.0302734375, -0.0771484375, 0.0025634765625, 0.015869140625, -0.0106201171875, -0.0145263671875, 0.0091552734375, -0.034912109375, -0.02197265625, -0.0267333984375, 0.0303955078125, -0.0223388671875, -0.01043701171875, 0.054931640625, 0.0037841796875, -0.0322265625, -0.00421142578125, 0.060791015625, -0.01141357421875, -0.01226806640625, -0.048095703125, 0.08056640625, -0.08154296875, 0.0078125, 0.005950927734375, -0.028564453125, 0.02587890625, 0.01348876953125, 0.0086669921875, 0.00994873046875, -0.04150390625, -0.019287109375, -0.015380859375, 0.01251220703125, 0.05810546875, 0.00189971923828125, -0.00848388671875, -0.046875, -0.01275634765625, -0.0169677734375, 0.01806640625, -0.01123046875, 0.01171875, -0.01953125, -0.000263214111328125, 0.0191650390625, -0.01318359375, -0.042724609375, -0.000141143798828125, -0.0146484375, -0.0223388671875, -0.072265625, -0.03076171875, 0.0001983642578125, -0.02197265625, 0.005828857421875, 0.053466796875, 0.01129150390625, 0.01324462890625, -0.007415771484375, -0.0223388671875, 0.017333984375, 0.0091552734375, 0.001220703125, 0.0059814453125, 0.0107421875, 0.00732421875, 0.0034942626953125, -0.0311279296875, 0.05908203125, -0.00616455078125, 0.0244140625, 0.00384521484375, -0.0157470703125, 0.000797271728515625, 0.045654296875, -0.0269775390625, -0.028564453125, -0.0301513671875, -0.005218505859375, -0.0286865234375, 0.02294921875, -0.0279541015625, 0.0208740234375, 0.052734375, -0.031982421875, -0.01226806640625, 0.044921875, 0.00145721435546875, -0.0048828125, -0.019287109375, -0.006072998046875, -0.038818359375, -0.012939453125, 0.03564453125, -0.03369140625, 0.046630859375, -0.0137939453125, 0.032958984375, -0.0135498046875, -0.0361328125, -0.0123291015625, -0.0091552734375, 0.01202392578125, 0.0125732421875, 0.02197265625, -0.060791015625, 0.0177001953125, -0.02294921875, 0.0517578125, 0.0228271484375, 0.029052734375, -0.0213623046875, -0.0048828125, -0.055419921875, 0.0164794921875, 0.068359375, 0.0186767578125, 0.005340576171875, -0.0191650390625, -0.00946044921875, 0.0040283203125, -0.051025390625, 0.05078125, 0.006805419921875, 0.0166015625, -0.0194091796875, -0.02197265625, 0.017333984375, -0.02587890625, 0.07080078125, 0.027587890625, -0.01092529296875, -0.01019287109375, -0.0771484375, -0.00140380859375, 