{"movie": "wwdc2025", "offset": 28, "text_offset": 20, "embedding": [0.052490234375, 0.0172119140625, 0.0303955078125, 0.0218505859375, -0.0086669921875, -0.033203125, -0.00787353515625, 0.009033203125, 0.02099609375, 0.0341796875, 0.02099609375, -0.0009918212890625, 0.054931640625, -0.036865234375, -0.04833984375, -0.01025390625, 0.0230712890625, -0.010498046875, -0.0262451171875, 0.006195068359375, 0.0322265625, -0.004638671875, -0.00872802734375, -0.0238037109375, 0.0012664794921875, -0.02099609375, -0.037841796875, -0.01104736328125, -0.0142822265625, -0.0185546875, -0.002471923828125, -0.1025390625, 0.0634765625, 0.0179443359375, 0.000293731689453125, 0.003448486328125, -0.006195068359375, 0.056396484375, -0.0400390625, -0.006561279296875, 0.0038604736328125, 0.0074462890625, 0.01611328125, -0.015869140625, 0.039306640625, -0.034423828125, -0.0458984375, -0.0220947265625, 0.01300048828125, 0.01483154296875, 0.004058837890625, -0.019775390625, -0.0067138671875, -0.017822265625, -0.017333984375, 0.033447265625, 0.0286865234375, 0.0296630859375, 0.04248046875, -0.00482177734375, -0.02001953125, -0.00311279296875, -0.0380859375, -0.007354736328125, 0.018310546875, 0.00148773193359375, 0.052490234375, -0.01397705078125, -0.01220703125, -0.005340576171875, 0.00115203857421875, 0.033203125, 0.029052734375, -0.0274658203125, -0.006683349609375, 0.007080078125, 0.09228515625, 0.004302978515625, 0.046630859375, -0.005950927734375, 0.03857421875, -0.0027923583984375, 0.0162353515625, -0.00946044921875, -0.0419921875, -0.010009765625, 0.00921630859375, -0.004547119140625, -0.008056640625, 0.0152587890625, -0.03857421875, -0.0008697509765625, -0.02001953125, -0.005645751953125, 0.0166015625, -0.01104736328125, 0.000614166259765625, -0.0091552734375, -0.00897216796875, 0.0308837890625, 0.033203125, -0.002349853515625, -0.02490234375, 0.00146484375, 0.0006866455078125, -0.03759765625, 0.004241943359375, 0.010009765625, -0.00762939453125, 0.0308837890625, -0.024169921875, -0.011474609375, -0.0196533203125, 0.020751953125, -0.0556640625, -0.005950927734375, -0.0157470703125, -0.00390625, 0.0274658203125, 0.04736328125, -0.026611328125, -0.01312255859375, -0.006988525390625, -0.046875, 0.0296630859375, 0.047607421875, 0.05322265625, 0.021728515625, -0.032958984375, 0.0341796875, -0.01318359375, 0.0096435546875, 0.00421142578125, 0.043701171875, -0.07421875, -0.01470947265625, -0.00150299072265625, -0.010009765625, -0.06787109375, -0.0185546875, 0.05712890625, -0.00185394287109375, 0.002838134765625, 0.0128173828125, -0.032958984375, -0.0133056640625, 0.06298828125, 0.01470947265625, -3.9577484130859375e-05, -0.01361083984375, -0.012451171875, -0.0286865234375, -0.0206298828125, 0.049072265625, 0.0615234375, 0.00482177734375, -0.0040283203125, 0.0263671875, 0.00665283203125, -0.044677734375, 0.0164794921875, -0.0093994140625, -0.007171630859375, -0.025634765625, 0.052490234375, 0.001068115234375, -0.0185546875, 0.0157470703125, -0.03857421875, -0.001129150390625, -0.00946044921875, -0.0220947265625, 0.012451171875, 0.00897216796875, -0.04052734375, -0.0032501220703125, -0.06396484375, -0.03857421875, 0.0267333984375, 0.00439453125, 0.0439453125, 0.0361328125, 0.0036773681640625, 0.00188446044921875, -0.046875, 0.0067138671875, 0.0029296875, 0.0267333984375, 0.00038909912109375, -0.033447265625, -0.049560546875, 0.0556640625, 0.0177001953125, -0.0341796875, 0.036865234375, -0.039306640625, -0.01611328125, -0.006988525390625, 0.016845703125, 0.046875, 0.01263427734375, 0.0419921875, -0.0128173828125, 0.00726318359375, -3.504753112792969e-05, 0.0159912109375, -0.0419921875, -0.007049560546875, -0.0537109375, 0.01171875, 0.01202392578125, -0.0029144287109375, -0.0189208984375, -0.0390625, 0.04833984375, -0.07421875, 0.019287109375, 0.0181884765625, 0.033203125, 0.0230712890625, -0.00170135498046875, -0.01104736328125, 0.002777099609375, 0.07275390625, -0.037841796875, -0.0228271484375, 0.009765625, 0.019287109375, 0.0634765625, -0.012939453125, 0.0234375, -0.00048065185546875, 0.00732421875, 0.00250244140625, 0.027099609375, 0.0037994384765625, 0.046875, -0.01416015625, -0.0005645751953125, 0.02685546875, 0.035400390625, 0.008056640625, -0.02294921875, -0.0040283203125, -0.0181884765625, -0.00396728515625, 0.006683349609375, 0.024169921875, 0.017578125, 0.0011749267578125, -0.0322265625, 0.00262451171875, -0.046630859375, 0.0022735595703125, -0.041259765625, 0.045166015625, -0.04443359375, 0.0184326171875, -0.0263671875, 0.0272216796875, 0.09814453125, -0.00909423828125, 0.020751953125, 0.0037689208984375, 0.0419921875, -0.01361083984375, -0.03857421875, -0.032958984375, -0.046875, 0.015869140625, 0.0673828125, 0.00628662109375, -0.02197265625, 0.009521484375, -0.047607421875, -0.03564453125, -0.032470703125, 0.0125732421875, -0.06689453125, 0.0159912109375, -0.006988525390625, 0.0263671875, -0.036865234375, -0.037109375, 0.031494140625, 0.007354736328125, -0.00029754638671875, -0.00335693359375, 0.024169921875, -0.016845703125, 0.0093994140625, -0.0260009765625, 0.01025390625, 0.007354736328125, 0.021484375, 0.00885009765625, -0.01031494140625, 0.02783203125, -0.041259765625, 0.00604248046875, -0.0634765625, 0.03125, 0.01312255859375, -0.01519775390625, -0.01092529296875, 0.00384521484375, -0.00518798828125, 0.0225830078125, 0.0283203125, -0.01361083984375, -0.0108642578125, -0.005157470703125, -0.01611328125, 0.0167236328125, -0.0751953125, -0.00311279296875, -0.026611328125, -0.03955078125, 0.03564453125, 0.01202392578125, -0.0034027099609375, 0.006988525390625, -0.0220947265625, 0.0125732421875, -0.0074462890625, 0.00762939453125, -0.018798828125, -0.0322265625, -0.037109375, -0.07177734375, 0.035400390625, -0.003204345703125, 0.00830078125, -0.018798828125, -0.0262451171875, -0.0167236328125, -0.06298828125, 0.0076904296875, 0.0101318359375, -0.0234375, 0.0177001953125, 0.0458984375, 0.0294189453125, -0.00946044921875, 0.010986328125, -0.01312255859375, 0.017333984375, 0.03369140625, 0.0025787353515625, 0.003326416015625, -0.02685546875, -0.0252685546875, -0.044189453125, 0.033935546875, -0.00823974609375, -0.051025390625, 0.04052734375, 0.061767578125, -0.0869140625, 0.03955078125, -0.01171875, -0.0218505859375, 0.0272216796875, 0.0101318359375, -0.02099609375, 0.0087890625, -0.04150390625, -0.0301513671875, -0.042724609375, 0.03515625, 0.0693359375, -0.0166015625, 0.0089111328125, -0.03466796875, -0.0625, -0.03125, 0.0162353515625, 0.0196533203125, 0.0166015625, 0.018310546875, -0.05029296875, 0.046875, -0.001129150390625, -0.04833984375, -0.00174713134765625, 0.0152587890625, 0.024169921875, -0.00927734375, 0.01611328125, -0.03125, -0.07421875, -0.046875, 0.019775390625, -0.030517578125, 0.045654296875, -0.0274658203125, -0.0311279296875, 0.01116943359375, -0.00787353515625, 0.0023040771484375, 0.0283203125, 0.027587890625, -0.033203125, -0.04052734375, -0.02978515625, 0.03564453125, 0.00885009765625, -0.0166015625, 0.005340576171875, 0.00628662109375, -0.0308837890625, 0.01519775390625, -0.0038604736328125, -0.0037078857421875, -0.042724609375, 0.007354736328125, -0.006683349609375, 0.07568359375, 0.007781982421875, 0.021240234375, 0.0308837890625, 0.04345703125, -0.0057373046875, 0.04052734375, 0.0038604736328125, -0.0096435546875, 0.0255126953125, -0.004547119140625, -0.0712890625, -0.016845703125, 0.046142578125, -0.0260009765625, -0.0181884765625, -0.02197265625, 0.0263671875, -0.00433349609375, -0.0517578125, 0.00726318359375, 0.004241943359375, -0.00714111328125, 0.033935546875, -0.02978515625, -0.02294921875, 0.036376953125, 0.0012664794921875, 0.04833984375, 0.04052734375, 0.010009765625, -0.0164794921875, 0.018798828125, -0.0498046875, 0.01171875, 0.10986328125, 0.033203125, 0.0177001953125, 0.052734375, -0.003936767578125, -0.03515625, -0.046630859375, 0.04443359375, 0.00750732421875, 0.036376953125, 0.07373046875, -0.04345703125, 0.032470703125, -0.045654296875, 0.0098876953125, -0.02294921875, 0.0103759765625, -0.045654296875, -0.0810546875, 