{"movie": "wwdc2025", "offset": 10, "text_offset": 0, "embedding": [0.017333984375, 0.0167236328125, 0.01904296875, -0.0250244140625, -0.031494140625, 0.0341796875, 0.0031280517578125, -0.04443359375, -0.0250244140625, 0.015625, 0.026123046875, -0.0218505859375, 0.028564453125, -0.054931640625, -0.051025390625, -0.019775390625, 0.04052734375, 0.0130615234375, -0.0191650390625, -0.0272216796875, -0.0123291015625, 0.00135040283203125, -0.0184326171875, -0.0556640625, -0.00439453125, -0.04296875, -0.01177978515625, -0.0068359375, -0.0169677734375, 0.007537841796875, -0.0072021484375, -0.062255859375, 0.041259765625, -0.0203857421875, -0.0196533203125, -0.0250244140625, 0.00250244140625, 0.032958984375, -0.06884765625, 0.022705078125, 0.01251220703125, 0.03125, -0.0186767578125, -0.015625, -0.0016632080078125, -0.0255126953125, -0.0189208984375, -0.0185546875, -0.0024566650390625, 0.0390625, 0.03125, -0.00872802734375, 0.0152587890625, -0.0216064453125, -0.003662109375, 0.00017547607421875, 0.025390625, 0.041015625, -0.030029296875, 0.031494140625, -0.0238037109375, 0.035888671875, 0.033447265625, 0.02783203125, -0.051513671875, 0.043701171875, -0.0191650390625, -0.07275390625, -0.0111083984375, -0.00054168701171875, -0.07861328125, 0.0169677734375, 0.05859375, -0.01806640625, 0.028564453125, 0.05908203125, 0.05859375, -0.00927734375, -0.0247802734375, 0.0810546875, 0.0004520416259765625, 0.0390625, 0.02880859375, -0.0189208984375, 0.031494140625, -0.0576171875, 0.00848388671875, -0.053466796875, -0.007598876953125, 0.00775146484375, -0.04296875, 0.059814453125, -0.031494140625, 0.04248046875, 0.000942230224609375, 0.01214599609375, -0.014892578125, -0.024169921875, 0.000591278076171875, 0.008544921875, 4.100799560546875e-05, 0.03173828125, -0.0024566650390625, 0.0028533935546875, -0.05615234375, -0.017333984375, -0.047119140625, 0.0263671875, 0.00787353515625, 0.034912109375, -0.0185546875, -0.07080078125, -0.0021820068359375, -0.004669189453125, 0.00286865234375, 0.051025390625, 0.005615234375, -0.047119140625, 0.0189208984375, -0.000247955322265625, -0.003204345703125, -0.0174560546875, 0.02099609375, -0.0255126953125, 0.04296875, 0.07568359375, 0.06298828125, 0.00897216796875, -0.0419921875, -4.029273986816406e-05, -0.021484375, -0.0269775390625, 0.0196533203125, -0.021240234375, -0.05224609375, -0.0120849609375, 0.0169677734375, -0.006195068359375, -0.028076171875, -0.0228271484375, 0.038330078125, 0.0036468505859375, -0.042236328125, 0.03076171875, -0.0289306640625, 0.041748046875, -0.02978515625, 0.02099609375, -0.0208740234375, -0.0003910064697265625, 0.015869140625, -0.02685546875, -0.032958984375, 0.0022430419921875, -0.0294189453125, -0.0267333984375, 0.0257568359375, 0.017578125, -0.0196533203125, 0.006256103515625, 0.005096435546875, -0.045654296875, -0.019775390625, -0.035888671875, 0.050048828125, 0.04296875, 0.006744384765625, 0.007476806640625, -0.00341796875, -0.02880859375, 0.0079345703125, 0.037353515625, -0.04296875, 0.03857421875, -0.036376953125, -0.0322265625, -0.049560546875, -0.022216796875, -0.006256103515625, 0.0002593994140625, -0.0185546875, 0.035888671875, 0.016357421875, -0.0142822265625, -0.0113525390625, 0.0289306640625, -0.033935546875, 0.01519775390625, 0.016357421875, 0.0260009765625, -0.0311279296875, 0.037109375, 0.039306640625, 0.0220947265625, 0.0498046875, 0.0322265625, 0.016357421875, -0.0216064453125, 0.06494140625, 0.03662109375, 0.020263671875, 0.05615234375, -0.00592041015625, -0.00701904296875, 0.01361083984375, 0.00341796875, 0.01153564453125, 0.00555419921875, -0.032958984375, 0.00531005859375, -0.044189453125, -0.00933837890625, -0.0027008056640625, -0.04541015625, -0.005218505859375, -0.048583984375, 0.01092529296875, 0.003753662109375, -0.00927734375, -0.03662109375, -0.02294921875, -0.00701904296875, 0.06787109375, 0.033203125, 0.0228271484375, -0.0087890625, -0.01446533203125, 0.0625, 0.0262451171875, -0.00848388671875, 0.050537109375, -0.03857421875, -0.026123046875, 0.026611328125, 0.019287109375, 0.0299072265625, 0.0272216796875, -0.005401611328125, -0.034912109375, 0.08935546875, -0.00019359588623046875, -0.0205078125, 0.004638671875, 0.05615234375, -0.001708984375, 0.00457763671875, -0.06298828125, -0.0030517578125, 0.045654296875, 0.06201171875, -0.0146484375, 0.06396484375, -0.0004367828369140625, -0.03857421875, -0.08349609375, 0.0400390625, -0.0235595703125, 0.0234375, -0.0023193359375, 0.0196533203125, 0.050048828125, 0.016357421875, 0.047119140625, -0.04443359375, 0.043212890625, -0.017578125, 0.024169921875, 0.010498046875, -0.00390625, -0.00069427490234375, 0.042236328125, -0.0228271484375, -0.08251953125, 0.021240234375, -0.031494140625, -0.05712890625, -0.05615234375, 0.01019287109375, -0.053955078125, 0.004791259765625, -0.031005859375, 0.026611328125, -0.0019989013671875, -0.034912109375, -0.005401611328125, 0.00927734375, 0.0029449462890625, -0.00982666015625, -0.0029449462890625, -0.001220703125, 0.018310546875, 0.0177001953125, -0.00653076171875, -0.0274658203125, -0.057861328125, 0.025390625, -0.007537841796875, 0.00848388671875, -0.04052734375, -0.0419921875, -0.0576171875, 0.0181884765625, -0.049560546875, 0.03515625, -0.002532958984375, -0.0062255859375, 0.0556640625, 0.0250244140625, -0.0546875, 0.0294189453125, -0.015625, -0.029541015625, -0.02685546875, 0.01458740234375, -0.047119140625, 0.00921630859375, -0.03466796875, -0.02734375, 0.057373046875, 0.044677734375, 0.0021209716796875, 0.0189208984375, 0.015625, -0.0216064453125, 0.036376953125, 0.009521484375, 0.00604248046875, -0.010498046875, -0.0208740234375, -0.03125, 0.00341796875, -0.0390625, 0.0242919921875, 0.0179443359375, -0.0205078125, -0.004425048828125, -0.052490234375, -0.02099609375, -0.0189208984375, 0.0179443359375, 0.04345703125, -0.03857421875, 0.0224609375, -0.01373291015625, -0.060302734375, -0.0186767578125, 0.0322265625, -0.01275634765625, -0.01373291015625, -0.01190185546875, -0.061279296875, 0.006683349609375, -0.00506591796875, 0.044677734375, -0.027587890625, -0.0341796875, -0.02685546875, 0.049560546875, -0.019287109375, -0.0019989013671875, -0.0205078125, -0.0341796875, 0.0015411376953125, -0.0294189453125, -0.01611328125, 0.00689697265625, -0.00579833984375, -0.021484375, -0.048583984375, 0.019775390625, 0.04248046875, 0.00653076171875, -0.01300048828125, -0.025390625, -0.058837890625, 0.0031585693359375, 0.02099609375, 0.0137939453125, 0.0031585693359375, -0.006103515625, 0.00015354156494140625, 0.0235595703125, -0.0096435546875, -0.0220947265625, 0.01263427734375, -0.02685546875, 0.006256103515625, -0.0196533203125, -0.01336669921875, -0.005584716796875, -0.033447265625, -0.029541015625, 0.0042724609375, -0.060302734375, 0.039306640625, -0.007781982421875, -0.012451171875, 0.0074462890625, -0.00506591796875, 0.007049560546875, 0.026123046875, 0.022705078125, 0.01239013671875, 0.035888671875, -0.04931640625, 0.0546875, 0.01019287109375, 0.0172119140625, 0.007171630859375, -0.03857421875, -0.0279541015625, 0.01507568359375, -0.01422119140625, 0.01458740234375, -0.039794921875, 0.0341796875, -0.00860595703125, 0.0184326171875, 0.00506591796875, -0.01495361328125, 0.00872802734375, 0.0203857421875, 0.0286865234375, -0.008056640625, -0.004241943359375, -0.058837890625, -0.0189208984375, -0.013916015625, -0.0634765625, -0.00112152099609375, 0.022216796875, -0.02685546875, -0.0181884765625, -0.0179443359375, -0.034912109375, 0.031982421875, -0.013671875, -0.0223388671875, 0.00848388671875, 0.023193359375, 0.04541015625, -0.0118408203125, -0.0250244140625, 0.006195068359375, 0.035888671875, 0.064453125, 0.039794921875, -0.00567626953125, -0.04052734375, 0.00762939453125, -0.048095703125, -0.00958251953125, 0.06787109375, 0.0218505859375, 0.0091552734375, 0.00127410888671875, -0.034423828125, -0.039306640625, -0.002716064453125, 0.00170135498046875, -0.00653076171875, 0.0703125, 0.031494140625, -0.052001953125, 0.052490234375, -0.00433349609375, -0.005157470703125, -0.036376953125, -0.013916015625, 