{"movie": "wwdc2025", "offset": 574, "text_offset": 560, "embedding": [0.0260009765625, 0.0123291015625, -0.04443359375, -0.00482177734375, -0.02880859375, -0.0301513671875, -0.00274658203125, -0.00836181640625, -0.01324462890625, 0.041748046875, 0.01123046875, 0.055419921875, -0.01953125, -0.0634765625, -0.0296630859375, -0.01177978515625, 0.051513671875, -0.015869140625, -0.0220947265625, -0.0625, -0.032470703125, -0.0019683837890625, 0.03857421875, -0.039794921875, 0.0546875, 0.028076171875, -0.023193359375, -0.01348876953125, 0.0252685546875, 2.562999725341797e-05, 0.0045166015625, -0.046875, 7.808208465576172e-06, 0.0140380859375, 0.00811767578125, 0.005340576171875, 0.028564453125, -0.0069580078125, -0.024169921875, 0.014404296875, -0.02734375, 0.0128173828125, 0.00074005126953125, -0.018310546875, -0.042236328125, 0.043212890625, 0.0111083984375, -0.0255126953125, 0.00994873046875, 0.05615234375, -0.01025390625, -0.0001926422119140625, 0.032470703125, -0.027099609375, -0.0024871826171875, 0.041748046875, -0.01361083984375, 0.00946044921875, -0.0028839111328125, -0.0186767578125, -0.022216796875, -0.006561279296875, 0.0101318359375, 0.00811767578125, 0.00157928466796875, 0.022216796875, -0.004669189453125, -0.01513671875, -0.00555419921875, -0.01458740234375, -0.00469970703125, -0.0012664794921875, 0.06884765625, -0.0361328125, 0.02197265625, -0.007049560546875, 0.0301513671875, -0.0281982421875, 0.046142578125, 0.0296630859375, -0.0146484375, 0.004180908203125, -0.0020599365234375, 0.00665283203125, -0.01251220703125, -0.095703125, -0.01416015625, -0.039306640625, 0.01153564453125, -0.034912109375, 0.000789642333984375, 0.0185546875, -0.01556396484375, -0.0213623046875, 0.032470703125, 0.0303955078125, -0.060791015625, -0.078125, 0.017822265625, 0.042236328125, -0.00022029876708984375, 0.05810546875, -0.0089111328125, -0.0247802734375, -0.046875, -0.033935546875, -0.0311279296875, 0.029052734375, 0.01239013671875, 0.051513671875, -0.003082275390625, -0.032470703125, -0.039306640625, 0.01129150390625, -0.0458984375, 0.0255126953125, 0.0267333984375, -0.037109375, -0.017822265625, 0.01495361328125, 0.0057373046875, -0.034912109375, 0.046142578125, -0.0595703125, 0.004913330078125, 0.072265625, 0.0615234375, 0.04443359375, -0.005340576171875, 0.00537109375, 0.03564453125, -0.0216064453125, 0.043701171875, -0.00811767578125, -0.08447265625, 0.00193023681640625, 0.03857421875, 0.00445556640625, -0.0211181640625, 0.026123046875, -0.01458740234375, 0.0201416015625, -0.040283203125, 0.000827789306640625, -0.042236328125, 0.00162506103515625, 0.006256103515625, 0.0306396484375, -0.029296875, -0.0032501220703125, -0.018798828125, -0.049072265625, 0.021484375, 0.01220703125, 0.0211181640625, 0.01239013671875, 0.0206298828125, 0.0019683837890625, -0.039794921875, -0.051513671875, -0.019287109375, -0.06494140625, 0.0145263671875, -0.0478515625, 0.05859375, 0.0296630859375, 0.0267333984375, 0.023681640625, -0.005859375, -0.0281982421875, -0.00787353515625, 0.006378173828125, -0.049072265625, 0.019287109375, -0.01031494140625, -0.00872802734375, -0.00341796875, 0.0308837890625, -0.0028839111328125, -0.0250244140625, -0.00921630859375, 0.0230712890625, 0.01531982421875, -0.032470703125, 0.0162353515625, 0.0306396484375, -0.00946044921875, 0.04443359375, -0.0027618408203125, 0.0159912109375, -0.052978515625, 0.0225830078125, 0.01336669921875, 0.068359375, 0.060791015625, 0.0096435546875, 0.000667572021484375, -0.0069580078125, 0.01300048828125, 0.029052734375, 0.00982666015625, 0.041748046875, 0.0146484375, -0.0546875, -0.005645751953125, -0.01806640625, -0.005401611328125, 0.03564453125, -0.0458984375, -0.022705078125, -0.009521484375, -0.0164794921875, -0.0076904296875, -0.050048828125, 0.01904296875, -0.0478515625, 0.0380859375, 0.01171875, 0.020263671875, -0.000782012939453125, -0.049072265625, -0.01300048828125, 0.0211181640625, 0.0164794921875, -0.0035247802734375, 0.039306640625, 0.01483154296875, -0.007598876953125, 0.07568359375, -0.0301513671875, 0.03564453125, 0.0218505859375, -0.0220947265625, -0.0086669921875, 0.017822265625, 0.052001953125, 0.037841796875, -0.009765625, -0.0252685546875, 0.10205078125, 0.009765625, -0.072265625, -0.027587890625, 0.0556640625, 0.0234375, -0.08056640625, -0.01312255859375, 0.032470703125, 0.023193359375, -0.00016880035400390625, -0.031982421875, 0.01153564453125, 0.0225830078125, -0.033935546875, -0.0281982421875, 0.032470703125, -0.0245361328125, -0.0211181640625, -0.008544921875, 0.0002880096435546875, 0.0703125, 0.0216064453125, 0.004180908203125, -0.001129150390625, 0.025634765625, -0.05419921875, -0.03466796875, 0.0196533203125, -0.0286865234375, -0.002197265625, 0.039306640625, -0.022216796875, -0.0213623046875, 0.041748046875, -0.016845703125, 0.005218505859375, -0.11083984375, -0.0135498046875, -0.03564453125, -0.01336669921875, -0.003936767578125, -0.023193359375, -0.005523681640625, 0.00150299072265625, 0.00927734375, -0.026611328125, 0.0230712890625, 0.0004177093505859375, -0.028564453125, -0.01275634765625, 0.005035400390625, 0.01043701171875, 0.00225830078125, -0.0208740234375, -0.037841796875, 0.06396484375, -0.046875, 0.022705078125, -0.036865234375, -0.0458984375, -0.0247802734375, 0.007293701171875, -0.00933837890625, 0.03759765625, -0.0208740234375, 0.052001953125, -0.006744384765625, 0.032470703125, 0.043212890625, 0.00811767578125, 0.034423828125, -0.0299072265625, 0.0172119140625, 0.007659912109375, -0.043212890625, 0.049072265625, -0.027099609375, -0.013916015625, 0.0087890625, 0.01239013671875, 0.00133514404296875, -0.043212890625, 0.04052734375, 0.003509521484375, 0.0230712890625, -0.0245361328125, -0.0478515625, -0.041748046875, -0.050537109375, -0.041748046875, 0.0196533203125, 0.0174560546875, 0.01336669921875, 0.0009307861328125, -0.0390625, 0.032470703125, 0.000896453857421875, 0.01361083984375, -0.029052734375, 0.01513671875, 0.0174560546875, -0.039794921875, 0.01300048828125, -0.0245361328125, -0.02099609375, 0.003509521484375, 0.000640869140625, 0.032470703125, 0.005615234375, -0.0260009765625, -0.041015625, -0.037353515625, -0.01287841796875, 0.03564453125, -0.00946044921875, -0.0247802734375, 0.023193359375, 0.0218505859375, -0.060302734375, 0.0018463134765625, -0.0091552734375, 0.004058837890625, -0.0262451171875, -0.041748046875, 0.0272216796875, -0.00982666015625, 0.06982421875, -0.00185394287109375, 0.0196533203125, 0.046875, -0.00457763671875, 0.04541015625, 0.00848388671875, -0.00023937225341796875, -0.03466796875, 0.0303955078125, -0.00106048583984375, 0.062255859375, -0.0225830078125, -0.00579833984375, -0.0576171875, 0.0203857421875, -0.02978515625, -0.0167236328125, -0.025634765625, -0.004058837890625, -0.0230712890625, -0.0308837890625, -0.0546875, -0.031494140625, -0.016357421875, -0.03759765625, 0.00115203857421875, -0.02099609375, 0.01080322265625, -0.036865234375, -0.061279296875, 0.0213623046875, 0.01806640625, -0.00098419189453125, 0.00787353515625, -0.029052734375, -0.0196533203125, -0.018310546875, 0.007171630859375, 0.03857421875, -0.008544921875, 0.00439453125, 0.0341796875, -0.01324462890625, -0.0038909912109375, 0.01220703125, -0.031982421875, -0.009521484375, -0.052490234375, 0.01458740234375, 0.0281982421875, 0.0107421875, -0.0137939453125, 0.019287109375, 0.076171875, 0.039306640625, -0.034423828125, -0.006683349609375, 0.0361328125, -0.0162353515625, 0.023193359375, -0.02978515625, -0.07958984375, -0.017578125, 0.01434326171875, -0.0096435546875, 0.023681640625, -0.02099609375, 0.021484375, 0.0115966796875, -0.027587890625, -0.018310546875, -0.017822265625, -0.0159912109375, 0.03515625, -0.08349609375, -0.041748046875, 0.0260009765625, 0.031982421875, -0.0301513671875, 0.0296630859375, -0.042724609375, -0.01434326171875, 0.0390625, -0.00188446044921875, 0.0089111328125, 0.041015625, 0.0361328125, 0.007415771484375, -0.029296875, -0.0478515625, -0.0341796875, -0.034912109375, 0.0260009765625, -0.0244140625, 0.0172119140625, 0.039794921875, 