{"movie": "wwdc2025", "offset": 518, "text_offset": 500, "embedding": [0.0274658203125, 0.006988525390625, 0.00970458984375, 0.00396728515625, -0.07861328125, -0.023193359375, 0.005279541015625, 0.0177001953125, 0.005859375, -0.00592041015625, 0.0196533203125, 0.0216064453125, 0.0113525390625, -0.06396484375, -0.016845703125, -0.054931640625, 0.025390625, -0.04150390625, -0.0150146484375, 0.0198974609375, -0.0302734375, -0.038330078125, 0.048828125, -0.032470703125, 0.042724609375, -0.0166015625, -0.09228515625, -0.0211181640625, 0.0030517578125, 0.00885009765625, -0.0341796875, -0.054931640625, 0.037353515625, 0.005462646484375, -0.000640869140625, 0.000949859619140625, 0.0191650390625, 0.031982421875, -0.0125732421875, 0.03759765625, 0.00537109375, 0.0059814453125, 0.00848388671875, -0.0023956298828125, -0.03759765625, 0.019775390625, -0.04052734375, 0.03173828125, -0.041015625, 0.043212890625, -0.0101318359375, 0.00592041015625, -0.000591278076171875, -0.064453125, 0.01409912109375, 0.006439208984375, 0.0157470703125, 0.0277099609375, 0.022216796875, -0.03515625, -0.0023651123046875, 0.033203125, 0.0211181640625, 0.038818359375, -0.0257568359375, 0.0206298828125, -0.0081787109375, -0.0302734375, 0.00738525390625, -0.050537109375, -0.01287841796875, 0.017578125, 0.048583984375, -0.0308837890625, 0.005157470703125, -0.02734375, 0.0673828125, 0.0004558563232421875, 0.03125, 0.00099945068359375, 0.00445556640625, -0.0023193359375, 0.06640625, -0.0281982421875, -0.025390625, -0.02880859375, 0.0185546875, -0.00982666015625, -0.042236328125, -0.044677734375, -0.0257568359375, 0.043212890625, 0.006439208984375, -0.060791015625, 0.0177001953125, 0.033203125, -0.00958251953125, -0.038330078125, 0.023681640625, 0.00823974609375, 0.01483154296875, 0.03662109375, -0.0498046875, -0.0264892578125, -0.072265625, -0.0888671875, -0.005859375, 0.01092529296875, -0.04150390625, 0.018310546875, -0.0264892578125, -0.03564453125, -0.0216064453125, 0.0277099609375, -0.0546875, 0.052001953125, 0.0478515625, -0.048828125, 0.034912109375, -0.0006866455078125, -0.034423828125, -0.0546875, -0.0260009765625, 0.007568359375, -0.0174560546875, 0.058349609375, 0.07763671875, 0.018310546875, -0.041259765625, 0.0269775390625, -0.0194091796875, -0.0279541015625, -0.0032501220703125, 0.045654296875, -0.06494140625, 0.0164794921875, 0.029541015625, -0.009033203125, -0.000453948974609375, 0.015869140625, 0.020263671875, 0.051513671875, -0.055419921875, -0.007293701171875, 0.0145263671875, -0.0213623046875, 0.01611328125, -0.0361328125, -0.0225830078125, -0.044677734375, 0.02734375, -0.050537109375, -0.04052734375, 0.0164794921875, -0.010009765625, 0.033203125, 0.022216796875, 0.0211181640625, -0.03564453125, -0.045654296875, -0.01544189453125, -0.0299072265625, 0.02099609375, 0.014404296875, 0.05029296875, 0.00933837890625, -0.033203125, 0.05224609375, 0.01708984375, -0.0191650390625, -0.0079345703125, 0.05322265625, -0.048828125, -0.0240478515625, 0.005218505859375, 0.033447265625, -0.041015625, 0.00927734375, -0.0257568359375, -0.02001953125, -0.025390625, 0.0303955078125, 0.07568359375, -0.08349609375, 0.0004062652587890625, -0.0016937255859375, 0.02880859375, 0.032470703125, -0.01397705078125, 0.0302734375, -0.007568359375, 0.049560546875, 0.0302734375, 0.01171875, 0.10400390625, -0.01397705078125, -0.01348876953125, -0.0185546875, -0.0164794921875, 0.0299072265625, 0.01141357421875, 0.041748046875, 0.0308837890625, -0.04296875, -0.056396484375, 0.0235595703125, 0.006439208984375, 0.020751953125, -0.0634765625, -0.0223388671875, -0.01348876953125, -0.04736328125, -0.0113525390625, -0.0400390625, 0.0673828125, -0.01092529296875, 0.041259765625, 0.00787353515625, 0.0152587890625, -0.0133056640625, -0.05029296875, -0.0228271484375, -0.00421142578125, 0.025146484375, -0.0059814453125, 0.0167236328125, -0.02099609375, -0.0308837890625, 0.033935546875, -0.0234375, -0.006744384765625, 0.02490234375, -0.04345703125, 0.01080322265625, 0.0311279296875, 0.04736328125, 0.009033203125, -0.025146484375, -0.0625, 0.054931640625, 0.0218505859375, -0.07080078125, 0.01092529296875, 0.0751953125, -0.004730224609375, -0.08349609375, -0.0174560546875, -0.00750732421875, 0.03369140625, 0.00958251953125, -0.00469970703125, 0.00186920166015625, 0.0546875, -0.038330078125, -0.08203125, -0.025146484375, -0.0230712890625, -0.034423828125, -0.00147247314453125, -0.0225830078125, 0.047119140625, 0.00811767578125, 0.06884765625, -0.039306640625, -0.00457763671875, -0.01202392578125, -0.01416015625, -0.01434326171875, -0.05078125, -0.0299072265625, 0.0625, 0.0194091796875, -0.0032196044921875, 0.0673828125, -0.01544189453125, -0.01043701171875, -0.05078125, 0.011962890625, -0.04736328125, -0.029541015625, -0.0016326904296875, 0.00142669677734375, 0.030029296875, -0.0264892578125, 0.0030975341796875, 0.000885009765625, -0.0012664794921875, -0.0216064453125, -0.0118408203125, 0.0045166015625, -0.0172119140625, 0.0024566650390625, 0.01708984375, -0.0142822265625, -0.01416015625, 0.031982421875, 0.030029296875, -0.01031494140625, -0.0283203125, -0.051513671875, 0.00118255615234375, -0.0026092529296875, 0.01116943359375, 0.0294189453125, 0.003631591796875, 0.0693359375, -0.0291748046875, 0.0262451171875, 0.0205078125, 0.030029296875, 0.015380859375, -0.0225830078125, 0.00970458984375, 0.04443359375, -0.04150390625, 0.0291748046875, -0.0001583099365234375, -0.00830078125, 0.015625, -0.01385498046875, -0.0257568359375, -0.00592041015625, 0.032470703125, 0.05029296875, 0.059326171875, -0.0361328125, -0.0032196044921875, -0.03173828125, -0.020751953125, 0.0189208984375, 0.0291748046875, -0.0576171875, -0.0130615234375, 0.0128173828125, -0.0228271484375, 0.0228271484375, -0.01287841796875, 0.01141357421875, 0.037353515625, 0.03662109375, 0.014404296875, 0.00011157989501953125, 0.0166015625, 0.0194091796875, 0.00083160400390625, 0.013916015625, 0.0245361328125, 0.05322265625, 0.003570556640625, 0.0191650390625, -0.05029296875, -0.0016632080078125, -0.0147705078125, 0.03662109375, 0.029052734375, -0.042724609375, 0.002105712890625, 0.035400390625, -0.0537109375, -0.00457763671875, -0.009033203125, 0.00946044921875, 0.03173828125, 0.0133056640625, -0.02001953125, -0.01129150390625, 0.039306640625, -0.0191650390625, -0.037353515625, 0.00927734375, 0.045654296875, 0.041748046875, 0.0230712890625, -0.0218505859375, -0.051513671875, -0.00677490234375, 0.002105712890625, 0.031982421875, 0.00933837890625, 0.01153564453125, -0.051513671875, -0.004150390625, -0.04736328125, -0.0164794921875, -0.030029296875, 0.018798828125, -0.018798828125, -0.056640625, -0.0152587890625, -0.0264892578125, 0.0022125244140625, -0.0439453125, 0.0186767578125, -0.005401611328125, 0.0167236328125, -0.037109375, -0.0294189453125, 0.037109375, 0.045654296875, -0.0135498046875, 0.07470703125, -0.0050048828125, -0.09814453125, -0.0245361328125, -0.004730224609375, 0.05078125, -0.00653076171875, 0.01483154296875, 0.0269775390625, 0.01300048828125, 0.01025390625, 0.006927490234375, -0.0211181640625, 0.00017833709716796875, -0.064453125, 0.025146484375, 0.00970458984375, 0.006500244140625, -0.001007080078125, 0.025146484375, 0.08642578125, 0.016845703125, 0.037841796875, -0.0166015625, -0.00665283203125, -0.037841796875, -0.011962890625, -0.016357421875, -0.0791015625, -0.056396484375, -0.0164794921875, -0.020263671875, 0.038818359375, -0.005462646484375, -0.004180908203125, -0.004364013671875, -0.021484375, 0.0034942626953125, -0.018798828125, -0.033447265625, 0.053955078125, -0.00982666015625, -0.044677734375, -0.0002040863037109375, 0.061767578125, 0.0164794921875, 0.0069580078125, -0.0615234375, -0.023193359375, 0.0145263671875, -0.003387451171875, 0.0211181640625, 0.048095703125, 0.0751953125, -0.03662109375, 0.0036773681640625, -0.041015625, -0.055908203125, -0.022705078125, 0.046875, 0.005218505859375, 0.0159912109375, 0.05078125, 0.0142822265625, 0.0108642578125, -0.06640625, 0.0118408203125, 0.00927734375, -0.055908203125, -0.048828125, 