{"movie": "wwdc2025", "offset": 40, "text_offset": 40, "embedding": [0.0252685546875, -0.00193023681640625, 0.0771484375, 0.01904296875, -0.06640625, 0.01025390625, 0.0322265625, 0.00994873046875, 0.0186767578125, -0.0147705078125, -0.03271484375, 0.01318359375, -0.0005645751953125, -0.03173828125, -0.0118408203125, -0.032470703125, 0.035400390625, 0.0086669921875, 0.0169677734375, 0.015869140625, -0.0174560546875, 0.01544189453125, 0.043212890625, -0.07861328125, -0.003997802734375, -0.01068115234375, -0.01025390625, -0.00701904296875, 0.0189208984375, 0.0027923583984375, -0.01458740234375, -0.064453125, -0.00162506103515625, 0.046142578125, 0.030029296875, 0.0189208984375, -0.00341796875, 0.033203125, -0.0179443359375, 0.0341796875, -0.03759765625, 0.009521484375, 0.020263671875, -0.00811767578125, -0.0277099609375, 0.011474609375, -0.01904296875, -0.026123046875, 0.0037994384765625, 0.0303955078125, 0.020263671875, -0.006103515625, -0.0224609375, -0.05712890625, 0.005767822265625, 0.0230712890625, -0.00860595703125, -0.003326416015625, 0.000598907470703125, 0.0181884765625, -0.02490234375, 0.0169677734375, 0.0048828125, 0.003204345703125, -0.0101318359375, 0.052001953125, -0.015869140625, 0.0004329681396484375, -0.0205078125, -0.059326171875, -0.00031280517578125, -0.002685546875, 0.01068115234375, -0.0023040771484375, -0.0159912109375, 0.00156402587890625, 0.046630859375, -0.0142822265625, -0.0191650390625, 0.01806640625, 0.006622314453125, 0.043212890625, 0.042724609375, -0.004058837890625, 0.01483154296875, -0.0213623046875, 0.01348876953125, -0.050048828125, 0.0213623046875, -0.025634765625, -0.02880859375, 0.0228271484375, -0.0576171875, -0.03857421875, -0.01153564453125, 0.0164794921875, -0.05908203125, -0.0380859375, 0.01385498046875, 0.01318359375, 0.00341796875, 0.0308837890625, -0.057861328125, -0.0269775390625, -0.00250244140625, -0.045654296875, -0.0205078125, 0.00165557861328125, -0.0120849609375, 0.028076171875, -0.0634765625, -0.05322265625, 0.00030517578125, 0.04052734375, -0.06787109375, 0.0390625, -0.0213623046875, -0.0126953125, 0.033447265625, 0.0011138916015625, -0.048828125, 0.005645751953125, -0.0002536773681640625, -0.03466796875, -0.048828125, -0.01104736328125, 0.07373046875, 0.0260009765625, -0.0308837890625, 0.04345703125, 0.01904296875, -0.0032958984375, 0.06396484375, -0.00141143798828125, -0.091796875, -0.032958984375, 0.00921630859375, 0.00872802734375, -0.037841796875, -0.01904296875, -0.0191650390625, 0.00174713134765625, -0.05517578125, 0.023681640625, -0.0419921875, -0.0263671875, 0.0167236328125, -0.0024871826171875, -0.0361328125, -0.053955078125, 0.01361083984375, -0.01318359375, -0.028076171875, 0.026123046875, -0.00433349609375, 0.018310546875, 0.00494384765625, 0.003936767578125, -0.01507568359375, -0.0458984375, -0.0118408203125, -0.004913330078125, -0.01324462890625, -0.05908203125, 0.07373046875, 0.03955078125, -0.01251220703125, 0.02685546875, -0.00193023681640625, -0.0263671875, -0.05224609375, -0.004180908203125, -0.04052734375, 0.029541015625, -0.007415771484375, -0.02880859375, -0.00946044921875, -0.039794921875, 0.03369140625, 0.01043701171875, -0.0052490234375, 0.0308837890625, 0.04345703125, -0.057861328125, -0.0269775390625, 0.00897216796875, 0.0130615234375, 0.037841796875, 0.007049560546875, -0.01141357421875, -0.00592041015625, 0.044677734375, 0.01025390625, -0.01519775390625, 0.052001953125, 0.0086669921875, 0.00433349609375, -0.0166015625, 0.0380859375, 0.026611328125, -0.0218505859375, 0.062255859375, 0.0079345703125, -0.0019073486328125, 0.007720947265625, -0.00836181640625, 0.01190185546875, 0.05126953125, -0.1171875, 0.00885009765625, -0.04736328125, 0.006591796875, -0.01318359375, -0.04931640625, 0.01226806640625, -0.026123046875, 0.015869140625, -0.00885009765625, -0.0341796875, -0.022216796875, 0.00054931640625, -0.000720977783203125, 0.046630859375, -0.0213623046875, -0.0216064453125, -0.03271484375, -0.0067138671875, 0.01190185546875, -0.0118408203125, -0.06005859375, 0.0223388671875, 0.0027008056640625, -0.054443359375, 0.039794921875, 0.04150390625, 0.011474609375, 0.0419921875, -0.024658203125, 0.000850677490234375, 0.0732421875, 0.02880859375, 0.0140380859375, 0.00714111328125, 0.035400390625, -0.018310546875, -0.05712890625, -0.039794921875, 0.0016632080078125, 0.06103515625, 0.06689453125, -0.021728515625, -0.00067138671875, 0.0361328125, -0.01953125, -0.05126953125, 0.0087890625, -0.032470703125, 0.01068115234375, -0.0159912109375, 0.0341796875, 0.04296875, 0.043701171875, 0.006622314453125, -0.043701171875, -0.006622314453125, 0.0003108978271484375, -0.028076171875, -0.0260009765625, -0.052978515625, 0.0108642578125, 0.02880859375, -0.03369140625, -0.035400390625, 0.0390625, 0.00872802734375, -0.019287109375, -0.03271484375, 0.0076904296875, -0.03125, 0.0146484375, -0.044189453125, 0.0301513671875, -0.0047607421875, -0.045654296875, 0.0223388671875, 0.0361328125, 0.050048828125, 0.00146484375, 0.01123046875, -0.0213623046875, 0.03271484375, 0.02734375, -0.015625, -0.0208740234375, -0.02490234375, 0.00933837890625, -0.04052734375, 0.00115203857421875, -0.03759765625, -0.03515625, -0.056396484375, 0.050537109375, 0.031494140625, -0.041015625, 0.0205078125, 0.0419921875, 0.041748046875, 0.0106201171875, 0.039306640625, -0.0012969970703125, 0.0101318359375, -0.0133056640625, 0.0028839111328125, -0.019287109375, -0.025634765625, -0.021484375, -0.006927490234375, -0.02880859375, 0.01092529296875, 0.0164794921875, 0.064453125, 0.023681640625, 0.056884765625, 0.0057373046875, 0.0084228515625, -0.00616455078125, -0.0172119140625, -0.031982421875, -0.00494384765625, -0.009033203125, 0.017822265625, -0.0380859375, -0.031494140625, -0.0189208984375, -0.0233154296875, 0.0130615234375, -0.043701171875, 0.005126953125, -0.04248046875, -0.01544189453125, -0.03173828125, 0.0126953125, 0.01220703125, -0.00732421875, 0.008056640625, -0.007720947265625, 0.0152587890625, -0.0301513671875, 0.00086212158203125, -0.046630859375, -0.043701171875, -0.052734375, -0.0140380859375, 0.048828125, -0.01361083984375, -0.051513671875, 0.015380859375, 0.00604248046875, -0.080078125, 0.01226806640625, 0.04052734375, -0.005340576171875, 0.0037689208984375, -0.037353515625, 0.002166748046875, -0.00116729736328125, 0.0230712890625, 0.0014801025390625, -0.03076171875, 0.0189208984375, 0.05908203125, 0.043212890625, -0.0250244140625, -0.00140380859375, -0.05224609375, 0.0096435546875, -0.0072021484375, 0.01300048828125, -0.0390625, 0.0303955078125, -0.052734375, -0.004302978515625, 0.01300048828125, -0.0341796875, -0.0191650390625, -0.0184326171875, 0.007415771484375, -0.039794921875, -0.02685546875, -0.039794921875, -0.03662109375, -0.0419921875, 0.011474609375, 0.01708984375, 0.060791015625, -0.00130462646484375, -0.020263671875, 0.024169921875, -0.01068115234375, -0.00146484375, 0.00836181640625, -0.003265380859375, -0.02978515625, 0.0111083984375, -0.0169677734375, 0.0732421875, -0.0296630859375, -0.006500244140625, 0.005584716796875, 0.021728515625, -0.00341796875, 0.017822265625, -0.032470703125, -0.0279541015625, -0.064453125, 0.014892578125, 0.000762939453125, -0.00173187255859375, -0.0140380859375, -0.01171875, 0.05126953125, -0.007537841796875, 0.01519775390625, 0.01080322265625, -0.026611328125, -0.017333984375, 0.000652313232421875, 0.0013885498046875, -0.045166015625, 0.003082275390625, -0.0126953125, -0.050048828125, 0.01904296875, -0.035888671875, -0.0208740234375, -0.0191650390625, -0.0693359375, -0.0234375, 0.01104736328125, 0.0164794921875, 0.04443359375, -0.0341796875, -0.033447265625, 0.049072265625, 0.005126953125, 0.060791015625, 0.05322265625, 0.021728515625, -0.01025390625, 0.00811767578125, 0.01806640625, 0.016845703125, 0.08203125, 0.05078125, 0.01202392578125, 0.0106201171875, -0.0150146484375, -0.046142578125, 0.00042724609375, 0.03662109375, 0.0084228515625, -0.0189208984375, 0.068359375, -0.029296875, 0.017822265625, -0.0380859375, 0.013427734375, -0.000762939453125, -0.017578125, 