{"movie": "wwdc2025", "offset": 46, "text_offset": 40, "embedding": [0.01611328125, -0.0185546875, 0.051513671875, -0.021240234375, -0.0615234375, 0.017333984375, 0.041259765625, -0.006927490234375, 0.03515625, 0.0159912109375, 0.02197265625, -0.01177978515625, 0.00106048583984375, -0.07080078125, -0.031494140625, -0.01361083984375, 0.038818359375, -0.03955078125, -0.01165771484375, -0.00153350830078125, -0.07421875, -0.02197265625, 0.04443359375, -0.076171875, 0.0341796875, -0.0198974609375, -0.051025390625, -0.0029144287109375, 0.01611328125, 0.0228271484375, -0.04833984375, -0.0927734375, 0.01806640625, 0.006988525390625, -0.0091552734375, 0.01275634765625, 0.02197265625, 0.023193359375, 0.0074462890625, 0.025146484375, -0.0040283203125, 0.01141357421875, 0.006622314453125, -0.0380859375, 0.000637054443359375, 0.049560546875, -0.01611328125, -0.032958984375, 0.016845703125, 0.0390625, -0.031494140625, -0.007293701171875, -0.03515625, -0.04248046875, 0.0023651123046875, 0.01080322265625, 0.00494384765625, -0.031494140625, 0.037353515625, 0.006683349609375, -0.015625, 0.03466796875, 0.0179443359375, -0.029541015625, -0.001800537109375, 0.019775390625, -0.0172119140625, -0.03662109375, 0.0087890625, -0.055908203125, -0.03955078125, 0.044921875, 0.05859375, -0.01361083984375, -0.0076904296875, 0.01519775390625, 0.07568359375, -0.05908203125, 0.0091552734375, 0.04833984375, 0.015380859375, 0.0198974609375, 0.0247802734375, -0.028564453125, 0.0211181640625, -0.04443359375, 0.014892578125, -0.017822265625, -0.02490234375, 0.0025787353515625, -0.06298828125, 0.041748046875, -0.029296875, -0.039794921875, 0.004974365234375, 0.0194091796875, -0.049560546875, -0.0020599365234375, -0.006011962890625, 0.051025390625, -0.0201416015625, 0.0673828125, -0.061767578125, -0.029296875, -0.06298828125, -0.060791015625, -0.0037078857421875, 0.005401611328125, -0.038818359375, -0.004638671875, -0.0634765625, -0.037353515625, -0.032470703125, 0.035400390625, -0.03173828125, 0.041748046875, 0.0031890869140625, -0.02197265625, 0.04296875, 0.0179443359375, -0.0458984375, -0.06005859375, 0.00897216796875, -0.04833984375, -0.003936767578125, 0.0017852783203125, 0.0240478515625, 0.03759765625, -0.02880859375, 0.051513671875, 0.0167236328125, 0.00836181640625, 0.0205078125, -0.0098876953125, -0.11083984375, -0.0172119140625, -0.007110595703125, 0.004791259765625, -0.03466796875, -0.0084228515625, 0.00555419921875, 0.0068359375, -0.058349609375, 0.000408172607421875, 0.014404296875, 0.010986328125, 0.0172119140625, -0.01019287109375, -0.05224609375, -0.053466796875, 0.0478515625, -0.047119140625, -0.0361328125, 0.0185546875, -0.023193359375, -0.022216796875, 0.029541015625, -0.0014801025390625, -0.024169921875, -0.0272216796875, -0.0142822265625, -0.018798828125, -0.016357421875, -0.05615234375, 0.051025390625, 0.006988525390625, 0.00518798828125, 0.026123046875, -0.00010919570922851562, -0.0255126953125, -0.0208740234375, 0.035400390625, -0.023193359375, 0.00946044921875, 0.0028076171875, -0.0185546875, -0.02294921875, 0.00201416015625, 0.0191650390625, -0.045654296875, -0.0235595703125, 0.040771484375, 0.07470703125, -0.047119140625, 0.0189208984375, 0.0277099609375, 0.02490234375, 0.060302734375, -0.032470703125, 0.01123046875, -0.025146484375, 0.0252685546875, 0.01324462890625, -0.029296875, 0.08056640625, 0.0311279296875, 0.00885009765625, -0.00121307373046875, 0.037841796875, 0.046630859375, -0.0172119140625, 0.0439453125, -0.00537109375, -0.0028533935546875, 0.0191650390625, 0.0546875, -0.00445556640625, 0.035888671875, -0.0732421875, 0.0177001953125, -0.0498046875, -0.015869140625, -0.00885009765625, -0.045654296875, 0.0272216796875, -0.0498046875, 0.0673828125, 0.04443359375, 0.0091552734375, 0.024169921875, -0.015380859375, 0.01806640625, 0.0296630859375, 0.05859375, -0.023681640625, 0.00799560546875, 0.00098419189453125, 0.0072021484375, 0.029296875, -0.064453125, 0.037353515625, 0.009765625, -0.04248046875, 0.0272216796875, 0.052978515625, 0.01446533203125, 0.037109375, -0.01361083984375, -0.05615234375, 0.064453125, 0.03564453125, -0.040283203125, 0.0272216796875, 0.0255126953125, -0.0189208984375, -0.0439453125, -0.02734375, 0.0033111572265625, 0.03662109375, 0.02880859375, -0.040771484375, 0.0283203125, 0.03759765625, -0.0272216796875, -0.068359375, 0.0113525390625, -0.021484375, -0.009033203125, -0.030029296875, 0.0106201171875, 0.0311279296875, 0.0267333984375, 0.0120849609375, -0.0196533203125, 0.042236328125, -0.017333984375, -0.0205078125, 0.0166015625, -0.01177978515625, -0.0115966796875, 0.017822265625, -0.040771484375, -0.029296875, 0.049072265625, 0.0018310546875, -0.0004138946533203125, -0.033447265625, 0.00396728515625, -0.038330078125, -0.01239013671875, -0.033447265625, -0.01318359375, -0.043212890625, -0.01287841796875, 0.0252685546875, 0.02197265625, -0.006591796875, -0.025634765625, -0.0206298828125, -0.0179443359375, 0.016357421875, 0.010986328125, 0.0203857421875, -0.0002574920654296875, -0.039794921875, 0.0185546875, -0.06005859375, 0.0103759765625, -0.045654296875, -0.035888671875, -0.047119140625, 0.006317138671875, 0.0146484375, -0.005828857421875, 0.0115966796875, 0.05712890625, 0.0439453125, 0.01556396484375, 0.03662109375, 0.04541015625, 0.0244140625, -0.0185546875, 0.00927734375, 0.016357421875, -0.0245361328125, -0.00193023681640625, -0.011962890625, -0.04443359375, -0.00885009765625, 0.0228271484375, -0.00714111328125, 0.01007080078125, 0.09814453125, 0.01177978515625, 0.0103759765625, 0.0009002685546875, -0.005096435546875, -0.02978515625, 0.00299072265625, 0.006805419921875, 0.02685546875, -0.0576171875, -0.00133514404296875, 0.0166015625, -0.04296875, 0.01007080078125, -0.01300048828125, 0.032470703125, -0.0189208984375, 0.01397705078125, -0.021240234375, -0.0023956298828125, 0.024169921875, 0.01806640625, 0.017822265625, 0.034912109375, 0.037841796875, 0.0289306640625, 0.018798828125, -0.018798828125, -0.06005859375, -0.00732421875, -0.004241943359375, 0.05126953125, -0.04541015625, -0.0087890625, 0.049560546875, -0.0263671875, -0.05908203125, -0.01287841796875, 0.031494140625, 0.035400390625, -0.000583648681640625, -0.03955078125, 0.00738525390625, -0.017578125, 0.037841796875, 0.0308837890625, -0.0595703125, 0.02392578125, 0.064453125, 0.025146484375, -0.00799560546875, 0.01043701171875, -0.0216064453125, 0.0036468505859375, -0.0213623046875, 0.0311279296875, -0.0009613037109375, 0.0289306640625, -0.031494140625, 0.00927734375, 0.003936767578125, -0.0255126953125, -0.038330078125, -0.007781982421875, -0.0026092529296875, -0.040771484375, -0.044921875, -0.019775390625, -0.000179290771484375, 0.01007080078125, -0.03369140625, 0.01141357421875, 0.042724609375, -0.0167236328125, -0.055908203125, 0.04345703125, 0.0146484375, -0.00201416015625, 0.0159912109375, -0.00732421875, -0.0380859375, -0.00958251953125, -0.01361083984375, 0.02490234375, 0.0206298828125, 0.0010223388671875, 0.024169921875, 0.01519775390625, -0.0020599365234375, 0.022216796875, -0.0380859375, -0.0208740234375, -0.078125, 0.039794921875, -0.0142822265625, -0.0137939453125, -0.021240234375, -0.005035400390625, 0.051025390625, 0.01318359375, 0.03759765625, -0.031494140625, -0.0130615234375, -0.00421142578125, -0.0296630859375, -0.017333984375, -0.07421875, -0.035888671875, 0.05126953125, -0.00421142578125, 0.031494140625, -0.00787353515625, 0.004730224609375, -0.0047607421875, -0.047119140625, -0.047119140625, 0.02490234375, -0.002655029296875, 0.01953125, -0.0172119140625, -0.0289306640625, 0.035888671875, 0.048828125, 0.038818359375, 0.030029296875, 0.0087890625, -0.047119140625, 0.0244140625, 0.00167083740234375, -0.01318359375, 0.042236328125, 0.03369140625, -0.003143310546875, 0.0057373046875, -0.024169921875, -0.03466796875, -0.0263671875, 0.004669189453125, -0.017578125, 0.01348876953125, 0.06591796875, 0.007415771484375, 0.042724609375, -0.055419921875, 0.0244140625, 0.0130615234375, -0.04833984375, -0.00885009765625, -0.053955078125, 0.00830078125, 