{"movie": "wwdc2025", "offset": 172, "text_offset": 160, "embedding": [0.01458740234375, -0.0169677734375, 0.0400390625, -0.027587890625, -0.0283203125, -0.0162353515625, 0.0380859375, -0.05029296875, 0.0281982421875, 0.024169921875, 0.016845703125, -0.02587890625, 0.0002460479736328125, -0.016357421875, -0.00970458984375, -0.02734375, 0.003265380859375, -0.004791259765625, 0.04150390625, -0.004302978515625, -0.060546875, -0.026123046875, 0.0247802734375, -0.036376953125, 0.0439453125, -0.025146484375, -0.033935546875, -0.040283203125, -0.06396484375, 0.0272216796875, -0.0031280517578125, -0.057861328125, 0.042236328125, 0.0238037109375, -0.03857421875, -0.03759765625, 0.040283203125, 0.03515625, -0.01275634765625, 0.037109375, 0.038818359375, 4.124641418457031e-05, -0.041015625, -0.0069580078125, 0.045166015625, -0.00927734375, -0.06396484375, -0.003509521484375, 0.07666015625, 0.048583984375, -0.01556396484375, 0.0277099609375, 0.02294921875, -0.0311279296875, -0.06494140625, -0.01446533203125, 0.0042724609375, 0.008544921875, 0.00101470947265625, 0.0013275146484375, 0.0166015625, -0.03271484375, -0.003692626953125, -0.0002231597900390625, -0.0281982421875, -0.015869140625, -0.0211181640625, -0.0233154296875, 0.032470703125, 0.00982666015625, -0.0084228515625, -0.0079345703125, 0.0174560546875, -0.0311279296875, 0.02685546875, 0.019287109375, 0.043212890625, -0.04833984375, 0.005035400390625, 0.0712890625, -0.03125, 0.0076904296875, -0.0081787109375, 0.02587890625, -0.01171875, -0.0238037109375, 0.008544921875, -0.036376953125, -0.02294921875, -0.017822265625, -0.0196533203125, 0.024658203125, 0.0299072265625, -0.0250244140625, -0.0038909912109375, -0.00189971923828125, 0.0027618408203125, -0.024658203125, 3.2901763916015625e-05, 0.054443359375, 0.0186767578125, 0.0211181640625, -0.0267333984375, 0.0093994140625, -0.06640625, -0.06494140625, -0.0001811981201171875, 0.0107421875, -0.046630859375, -0.0157470703125, 0.0196533203125, -0.055419921875, 0.03564453125, 0.0224609375, -0.0247802734375, 0.024658203125, 0.061767578125, -0.02783203125, 0.0517578125, -0.0211181640625, -0.0322265625, -0.056396484375, -0.01123046875, -0.0341796875, -0.025146484375, 0.03759765625, 0.01470947265625, 0.033935546875, -0.0181884765625, 0.04248046875, -0.0218505859375, 0.0203857421875, -0.00141143798828125, -0.00168609619140625, -0.046630859375, -0.00238037109375, 0.032470703125, 0.034423828125, -0.07080078125, -0.0269775390625, -0.0137939453125, 0.02587890625, -0.046875, 0.0106201171875, -0.041015625, -0.023681640625, 0.056396484375, -0.0247802734375, -0.0703125, -0.0031890869140625, 0.03857421875, -0.044189453125, -0.0673828125, 0.0546875, 0.0220947265625, 0.01409912109375, -0.0286865234375, 0.0054931640625, -0.0205078125, -0.06591796875, -0.016357421875, -0.052001953125, 0.00836181640625, 0.0341796875, 0.011962890625, 0.000713348388671875, 0.000431060791015625, 0.006195068359375, -0.0013275146484375, -0.01275634765625, -0.06689453125, 0.0147705078125, 0.01025390625, -0.0267333984375, 0.00933837890625, 0.0027618408203125, 0.0101318359375, 0.0142822265625, 0.01470947265625, -0.0054931640625, 0.0281982421875, 0.033203125, 0.04248046875, -0.035888671875, 0.00482177734375, 0.003173828125, 0.00689697265625, 0.033203125, -0.06640625, 0.03515625, -0.0201416015625, 0.013671875, 0.01165771484375, -0.01226806640625, 0.051025390625, -0.026123046875, 0.045166015625, -0.030517578125, 0.0269775390625, 0.053466796875, 0.00518798828125, -0.00041961669921875, 0.0205078125, 0.0308837890625, 0.027587890625, 0.00799560546875, 0.031494140625, 0.06689453125, -0.01318359375, 0.029541015625, -0.05029296875, 0.006195068359375, -0.037841796875, -0.05029296875, 0.015625, -0.054443359375, 0.05908203125, 0.024169921875, 0.0281982421875, 0.00176239013671875, -0.0189208984375, -0.0238037109375, 0.0341796875, -0.02685546875, -0.035400390625, -0.031982421875, -0.006256103515625, 0.049560546875, 0.07177734375, -0.001068115234375, 0.00726318359375, 0.0120849609375, -0.0255126953125, 0.02685546875, -0.0101318359375, 0.0166015625, 0.021484375, -0.000591278076171875, -0.0537109375, 0.033935546875, 0.0218505859375, -0.03173828125, -0.031982421875, 0.045166015625, -0.02392578125, -0.050048828125, -0.01239013671875, 0.0228271484375, 0.019287109375, 0.0064697265625, -0.0234375, 0.025390625, 0.0011138916015625, -0.057373046875, -0.00518798828125, 0.04296875, -0.001678466796875, -0.006256103515625, -0.035400390625, 0.00238037109375, -0.000385284423828125, 0.0218505859375, 0.045654296875, -0.04833984375, 0.007232666015625, -0.0126953125, -0.015380859375, -0.00104522705078125, -0.03759765625, 0.051025390625, 0.0439453125, -0.030517578125, -0.0286865234375, 0.06689453125, -0.0096435546875, -0.04052734375, -0.042724609375, 0.00439453125, -0.040771484375, -0.0242919921875, -0.045166015625, -0.010986328125, -0.02685546875, -0.01092529296875, 0.024169921875, 0.0147705078125, 0.03515625, -0.0255126953125, -0.010498046875, -0.0181884765625, 0.0263671875, -0.06689453125, -0.00154876708984375, 0.0238037109375, -0.038818359375, -0.00457763671875, -0.0027923583984375, 0.03271484375, 0.020263671875, -0.02197265625, -0.060546875, 0.0167236328125, 0.0008544921875, 0.0291748046875, -0.032958984375, 0.01165771484375, 0.028564453125, 0.00787353515625, 0.044189453125, 0.0400390625, -0.0255126953125, -0.0255126953125, -0.0084228515625, 0.052734375, -0.05078125, 0.01055908203125, 0.00811767578125, 0.01275634765625, 0.05078125, 0.00933837890625, -0.046630859375, 0.039794921875, 0.0115966796875, 0.006591796875, -0.0008392333984375, -0.0034637451171875, -0.07421875, -0.0166015625, -0.04833984375, -0.06689453125, 0.039794921875, -0.034423828125, 0.0126953125, -0.025390625, -0.05615234375, -0.0084228515625, -0.06494140625, -0.034423828125, -0.006072998046875, 0.0181884765625, 0.0012664794921875, -0.03515625, -0.04150390625, -0.02099609375, -0.046630859375, -0.0023956298828125, 0.037841796875, 0.03759765625, 0.00372314453125, 0.0225830078125, 0.021240234375, -0.01239013671875, 0.0233154296875, 0.05712890625, -0.00982666015625, 0.001129150390625, 0.01007080078125, 0.010986328125, -0.0625, 0.061767578125, -0.0087890625, -0.04052734375, 0.03466796875, 0.010986328125, 0.07763671875, -0.031494140625, 0.000499725341796875, -0.038330078125, -0.0400390625, -0.0081787109375, 0.033203125, -0.02197265625, -0.042724609375, 0.0216064453125, -0.026123046875, -0.01434326171875, -0.057373046875, 0.0341796875, -0.031494140625, 0.00107574462890625, 0.00022792816162109375, 0.03857421875, -0.0038909912109375, -0.0166015625, -0.01123046875, -0.03662109375, 0.01416015625, 0.0103759765625, -0.04638671875, -0.0615234375, 0.0177001953125, 0.02197265625, -0.009521484375, -0.053955078125, -0.005584716796875, -0.040283203125, -0.0147705078125, 0.049560546875, -0.02685546875, 0.0035400390625, 0.0159912109375, 0.00897216796875, -0.039794921875, -0.01104736328125, -0.01080322265625, 0.0107421875, -0.01336669921875, 0.02392578125, -0.003204345703125, 0.00022029876708984375, -0.0303955078125, -0.003753662109375, -0.07666015625, 0.037841796875, -0.046630859375, 0.0223388671875, 0.00372314453125, 0.0966796875, -0.02734375, 0.02197265625, 0.07177734375, 0.0196533203125, 0.011962890625, -0.0247802734375, 0.0341796875, -0.031982421875, -0.0159912109375, -0.03662109375, -0.083984375, -0.02392578125, 0.007232666015625, 0.0213623046875, 0.0478515625, 0.048583984375, 0.00506591796875, 0.05126953125, -0.0250244140625, 0.00141143798828125, 0.01068115234375, -0.005035400390625, 0.0201416015625, 0.0242919921875, -0.06884765625, 0.035400390625, -0.042724609375, 0.0277099609375, -0.0033721923828125, 0.0029754638671875, -0.0125732421875, 0.0281982421875, 0.003997802734375, -0.016357421875, 0.0281982421875, 0.03662109375, -0.029541015625, 0.0439453125, -0.0078125, -0.044189453125, -0.03759765625, 0.056396484375, 0.00154876708984375, 0.0673828125, 0.056396484375, -0.034912109375, 0.0189208984375, -0.0299072265625, 0.0361328125, -0.01611328125, -0.01458740234375, -0.029541015625, 