{"movie": "wwdc2025", "offset": 182, "text_offset": 180, "embedding": [0.0234375, -0.015869140625, 0.001068115234375, -0.0439453125, -0.0250244140625, -0.0634765625, 0.0400390625, -0.052978515625, -2.562999725341797e-05, -0.0033416748046875, 0.0074462890625, -0.0191650390625, -0.0289306640625, -0.03369140625, -0.046142578125, -0.032470703125, 0.0032501220703125, 0.0301513671875, 0.021484375, -0.0196533203125, -0.0286865234375, -0.03076171875, 0.0189208984375, -0.06298828125, 0.06396484375, -0.01251220703125, -0.0250244140625, -0.044921875, -0.0537109375, 0.0390625, 0.0242919921875, -0.045654296875, 0.0380859375, 0.0206298828125, -0.02978515625, -0.01300048828125, 0.044677734375, 0.004425048828125, -0.0087890625, 0.06494140625, -0.0255126953125, 0.0011749267578125, 0.0224609375, -0.004791259765625, -0.01214599609375, -0.003936767578125, -0.021484375, -0.01043701171875, 0.034912109375, 0.04296875, 0.0218505859375, 0.0050048828125, 0.0019989013671875, -0.068359375, -0.010498046875, -0.0186767578125, 0.040771484375, -0.01043701171875, 0.0167236328125, 0.01556396484375, 0.00125885009765625, -0.0033721923828125, -0.0216064453125, -0.0625, -0.052734375, 0.03125, 0.0159912109375, -0.00244140625, 0.0177001953125, 0.021484375, 0.0166015625, -0.0228271484375, 0.00159454345703125, -0.02880859375, -0.009521484375, -0.0380859375, 0.036376953125, -0.01116943359375, -0.044677734375, 0.0211181640625, -0.0010833740234375, 0.018798828125, -0.01446533203125, -0.03466796875, -0.0037994384765625, -0.041259765625, 0.036376953125, 0.010009765625, -0.0029144287109375, -0.008544921875, -0.01153564453125, 0.0126953125, 0.06396484375, 0.01068115234375, -0.005157470703125, 0.00012683868408203125, 0.0024261474609375, -0.0390625, -0.0081787109375, 0.044921875, -0.01324462890625, 0.02197265625, -0.0299072265625, -0.000568389892578125, -0.087890625, -0.0537109375, 0.039794921875, 0.0157470703125, -0.0218505859375, -0.0159912109375, -0.040283203125, 0.0037384033203125, 0.01153564453125, 0.03955078125, -0.048828125, 0.055908203125, 0.06982421875, 0.0004425048828125, 0.046142578125, -0.01153564453125, 0.0031890869140625, -0.07080078125, 0.0284423828125, -0.056396484375, 0.013427734375, 0.032470703125, -0.017333984375, 0.0247802734375, 0.007415771484375, 0.037841796875, -0.017578125, 0.0084228515625, 0.00909423828125, -0.01153564453125, -0.051025390625, 0.0027313232421875, 0.07763671875, 0.0201416015625, -0.044677734375, -0.0184326171875, 0.054931640625, 0.038330078125, -0.056396484375, 0.0007781982421875, -0.0177001953125, -0.0174560546875, 0.045654296875, -0.02783203125, -0.03125, 0.01251220703125, 0.060302734375, 0.00182342529296875, -0.0264892578125, 0.1015625, 0.0167236328125, 0.0245361328125, -0.0260009765625, -0.00732421875, -0.00469970703125, -0.0419921875, 0.02783203125, -0.06787109375, -0.032958984375, 0.006072998046875, 0.019287109375, 0.00958251953125, 0.007781982421875, -0.0172119140625, -0.054443359375, -0.0023956298828125, -0.0390625, 0.0267333984375, 0.046142578125, -0.0162353515625, 0.0181884765625, -0.019287109375, 0.0038604736328125, 0.040283203125, 0.01434326171875, 0.016357421875, 0.01458740234375, 0.03466796875, -0.007476806640625, -0.00921630859375, 0.0023345947265625, -0.017822265625, 0.0162353515625, 0.07275390625, -0.0791015625, 0.07275390625, -0.016845703125, -0.0067138671875, 0.01324462890625, -0.06494140625, 0.06494140625, -0.01556396484375, -0.0020294189453125, 0.00732421875, -0.0289306640625, 0.0289306640625, -0.03466796875, -0.0181884765625, -0.0306396484375, 0.055419921875, -0.01092529296875, -0.0034332275390625, -0.000881195068359375, 0.03515625, 0.00150299072265625, 0.0306396484375, -0.0289306640625, -0.0218505859375, -0.046630859375, -0.044189453125, 0.0291748046875, -0.02294921875, 0.057373046875, 0.013427734375, 0.0069580078125, -0.017822265625, -0.032958984375, 0.016357421875, 0.0498046875, 0.00897216796875, -0.07080078125, 0.0181884765625, 0.00537109375, -0.0203857421875, 0.047119140625, 0.043701171875, -0.013427734375, 0.01177978515625, -0.00124359130859375, -0.00982666015625, 0.005615234375, 0.01373291015625, -0.011474609375, 0.0098876953125, -0.05859375, 0.0306396484375, 0.00799560546875, -0.048583984375, -0.0390625, 0.0263671875, -0.00018215179443359375, -0.008544921875, 0.0230712890625, 0.015625, -0.0264892578125, 0.0255126953125, -0.006561279296875, -0.0186767578125, 0.0673828125, -0.06591796875, 0.032958984375, 0.043701171875, -0.0126953125, -0.0018310546875, 0.0263671875, -0.0194091796875, -0.03759765625, 0.0225830078125, -0.01422119140625, -0.040771484375, 0.0303955078125, 0.02490234375, -0.034423828125, 0.00061798095703125, -0.050048828125, 0.0546875, -0.0301513671875, -0.006072998046875, 0.0218505859375, 0.06787109375, 0.00335693359375, -0.059814453125, -0.056396484375, 0.0194091796875, -0.0211181640625, 0.017333984375, -0.043701171875, 0.00897216796875, -0.0233154296875, 0.0289306640625, -0.0021820068359375, 0.0224609375, -0.01458740234375, -0.00811767578125, -0.004241943359375, -0.0191650390625, 0.046875, -0.051025390625, 0.0054931640625, -0.021484375, 0.0028228759765625, -0.039794921875, -0.004608154296875, 0.050048828125, -0.01513671875, -0.01458740234375, -0.03955078125, 0.011474609375, -0.006561279296875, 0.013427734375, -0.001312255859375, 0.0537109375, 0.049560546875, 0.042236328125, 0.0189208984375, 0.0167236328125, 0.009521484375, -0.033203125, -0.02685546875, 0.06494140625, -0.04296875, 0.031494140625, 0.01019287109375, -0.041748046875, -0.0026397705078125, 0.0089111328125, -0.0194091796875, -0.01214599609375, -0.00133514404296875, 6.031990051269531e-05, -0.0341796875, -0.0245361328125, -0.054931640625, -0.00162506103515625, -0.0076904296875, -0.07080078125, 0.050537109375, 0.03515625, 0.007080078125, -0.0206298828125, -0.01495361328125, -0.01019287109375, -0.0257568359375, -0.004608154296875, 0.037353515625, 0.00921630859375, 0.01092529296875, -0.0281982421875, 0.009521484375, 0.006683349609375, -0.019775390625, 0.041748046875, 0.019775390625, 0.043212890625, 0.039794921875, 0.0301513671875, -0.007080078125, -0.0166015625, 0.0230712890625, -0.01177978515625, -0.01214599609375, -0.0498046875, 0.0286865234375, -0.007354736328125, -0.054443359375, 0.01068115234375, 0.044189453125, -0.01171875, 0.00135040283203125, 0.032470703125, 0.033447265625, -0.0235595703125, -0.032470703125, -0.005279541015625, -0.047119140625, -0.007659912109375, 0.0439453125, 0.0146484375, -0.00016689300537109375, 0.03857421875, -0.01043701171875, -0.01507568359375, -0.0306396484375, 0.01544189453125, -0.02197265625, 0.004364013671875, -0.0306396484375, 0.010009765625, -0.0035552978515625, 0.015869140625, -0.0302734375, -0.0306396484375, 0.0174560546875, -0.01226806640625, -0.0228271484375, -0.060546875, 0.053955078125, 0.045166015625, -0.0035247802734375, -0.052490234375, 0.0162353515625, -0.06396484375, 0.007598876953125, 0.051513671875, -0.00811767578125, -0.00836181640625, -0.01019287109375, -0.0264892578125, -0.039794921875, 0.0164794921875, -0.008544921875, 0.0216064453125, 0.005950927734375, 0.044921875, 0.0230712890625, 0.0224609375, -0.054931640625, 0.02392578125, -0.06591796875, -0.0264892578125, -0.0235595703125, -0.045166015625, 0.0169677734375, 0.038330078125, -0.046875, 0.006744384765625, 0.07275390625, -0.029296875, 0.01092529296875, -0.0419921875, 0.056884765625, -0.0289306640625, -0.02587890625, -0.041259765625, -0.0673828125, 0.0069580078125, 0.048095703125, 0.031982421875, -0.0009765625, -0.0038299560546875, 0.01190185546875, 0.0277099609375, -0.0296630859375, 0.00421142578125, -0.004669189453125, -0.01153564453125, 0.037841796875, -0.03564453125, -0.08740234375, -0.019775390625, -0.032470703125, 0.0306396484375, -0.03125, 0.01397705078125, -0.053955078125, 0.042236328125, 0.01531982421875, -0.0159912109375, 0.0228271484375, 0.015625, -0.015380859375, 0.0159912109375, -0.011962890625, -0.060791015625, -0.0296630859375, 0.0169677734375, -0.033447265625, 0.0067138671875, 0.035400390625, -0.0260009765625, 0.01531982421875, -0.021484375,