{"movie": "wwdc2025", "offset": 34, "text_offset": 20, "embedding": [0.041748046875, -0.0260009765625, 0.033447265625, 0.0042724609375, -0.0191650390625, -0.050537109375, 0.03662109375, 0.00634765625, -0.022705078125, 0.039794921875, 0.00102996826171875, 0.022216796875, 0.0257568359375, -0.05712890625, -0.041748046875, -0.006317138671875, -0.0024261474609375, -0.0020599365234375, -0.00872802734375, -0.0174560546875, -0.007354736328125, -0.02978515625, -0.002777099609375, -0.0186767578125, 0.024169921875, -0.053466796875, -0.01397705078125, -0.0439453125, -0.01263427734375, -0.00107574462890625, -0.016357421875, -0.05517578125, 0.030029296875, 0.0091552734375, 0.007171630859375, 0.003387451171875, -0.0242919921875, 0.0169677734375, -0.0296630859375, -0.01031494140625, -0.005096435546875, -0.00439453125, -0.007171630859375, -0.0166015625, 0.035400390625, -0.0174560546875, -0.032958984375, -0.0235595703125, -0.04443359375, 0.006683349609375, 0.0081787109375, -0.041748046875, -0.01177978515625, -0.0194091796875, -0.0228271484375, 0.0206298828125, -0.0234375, 0.01177978515625, 0.0186767578125, 0.00130462646484375, -0.01251220703125, -0.0296630859375, -0.02294921875, 0.006866455078125, -0.005157470703125, 0.0296630859375, 0.035400390625, -0.036376953125, 0.0162353515625, -0.0234375, 0.0174560546875, 0.037353515625, 0.032470703125, 0.00439453125, -0.00830078125, -0.005462646484375, 0.0537109375, -0.01904296875, 0.046875, 0.03271484375, 0.037353515625, -0.01104736328125, 0.042236328125, -0.01214599609375, -0.0264892578125, -0.03173828125, -0.005859375, -0.037109375, -0.0322265625, 0.00872802734375, -0.0250244140625, 0.00518798828125, -0.0260009765625, -0.00970458984375, 0.01007080078125, -0.0047607421875, -0.03515625, -0.0223388671875, -0.017578125, 0.06103515625, 0.02392578125, 0.0157470703125, -0.05712890625, 0.0150146484375, -0.013916015625, -0.0263671875, -0.0191650390625, 0.02001953125, 0.0034332275390625, 0.00836181640625, -0.01361083984375, -0.0279541015625, 0.0004291534423828125, 0.0218505859375, -0.07666015625, 0.02685546875, -0.0194091796875, -0.030517578125, 0.05078125, -0.00518798828125, -0.0213623046875, -0.015869140625, 0.021484375, -0.0250244140625, 0.02197265625, 0.031982421875, 0.0634765625, 0.01544189453125, -0.031982421875, 0.030029296875, 0.01300048828125, -0.0264892578125, 0.03662109375, -0.005645751953125, -0.08349609375, -0.0181884765625, 0.045166015625, -0.02392578125, -0.041259765625, -0.028564453125, 0.0264892578125, -0.00958251953125, -0.0203857421875, 0.009521484375, -0.0625, -0.032958984375, 0.03662109375, -0.01409912109375, -0.00860595703125, -0.031494140625, 0.0201416015625, -0.02294921875, -0.04541015625, 0.0311279296875, 0.055908203125, 0.040771484375, -0.03173828125, 0.01226806640625, -0.0245361328125, -0.0274658203125, 0.01129150390625, 0.00109100341796875, 0.007354736328125, -0.046875, 0.03564453125, -0.00885009765625, -0.0203857421875, -0.007598876953125, -0.047607421875, 0.00640869140625, -0.0242919921875, -0.000881195068359375, 0.01409912109375, 0.00013446807861328125, -0.03564453125, 0.00836181640625, -0.01544189453125, -0.0341796875, 0.008056640625, -0.0031280517578125, 0.0079345703125, 0.0235595703125, 0.000133514404296875, -0.03173828125, -0.0361328125, 0.0225830078125, -0.00927734375, 0.044189453125, 0.036376953125, -0.0113525390625, -0.000885009765625, 0.042236328125, 0.045166015625, 0.021484375, 0.0035400390625, -0.040283203125, -0.00994873046875, -0.039794921875, 0.06787109375, 0.04296875, 0.00433349609375, 0.06689453125, -0.030517578125, 0.03466796875, 0.01324462890625, -0.0157470703125, -0.0235595703125, 0.039794921875, -0.025634765625, -0.0274658203125, -0.043212890625, 0.0257568359375, -0.037841796875, -0.026123046875, 0.005706787109375, -0.044677734375, 0.0208740234375, -0.0123291015625, 0.052734375, 0.038330078125, 0.0177001953125, -0.0194091796875, 0.01251220703125, -0.01165771484375, -0.015869140625, -0.035400390625, 0.007232666015625, 0.02001953125, 0.08447265625, -0.0164794921875, 0.0084228515625, 0.010009765625, -0.01116943359375, 0.035888671875, 0.0267333984375, 0.0218505859375, 0.054931640625, 0.00677490234375, -0.0242919921875, 0.059326171875, 0.0174560546875, 0.0014190673828125, 0.0111083984375, -0.000186920166015625, -0.01519775390625, -0.0274658203125, -0.02392578125, 0.01708984375, 0.000720977783203125, 0.00124359130859375, -0.0081787109375, 0.0341796875, 0.0242919921875, 0.003082275390625, -0.030517578125, 0.062255859375, -0.0181884765625, -0.00897216796875, -0.033203125, 0.0230712890625, 0.09423828125, 0.0166015625, 0.0172119140625, 0.0003299713134765625, 0.022705078125, -0.00897216796875, -0.039306640625, -0.0245361328125, -0.0257568359375, -0.01080322265625, 0.05126953125, 0.01519775390625, -0.03515625, -0.00750732421875, -0.0296630859375, -0.0213623046875, -0.05078125, -0.0026702880859375, -0.0311279296875, -0.00396728515625, -0.029052734375, 0.03564453125, 0.00994873046875, -0.032958984375, 0.0341796875, 0.007415771484375, 0.0185546875, -0.0027008056640625, 0.011962890625, 0.0211181640625, 0.0091552734375, -0.0042724609375, 0.00396728515625, -0.01544189453125, 0.007232666015625, 0.0439453125, -0.021484375, 0.0201416015625, -0.0252685546875, -0.033203125, -0.07568359375, 0.0186767578125, 0.038818359375, 0.007354736328125, -0.03271484375, 0.039306640625, 0.0162353515625, -0.0228271484375, -0.00970458984375, -0.007232666015625, -0.00110626220703125, -0.037353515625, 0.0036163330078125, -0.005767822265625, -0.0311279296875, 0.030517578125, -0.0274658203125, -0.0087890625, 0.028564453125, 0.0047607421875, 0.018310546875, -0.0113525390625, 0.01397705078125, 0.0087890625, 0.00933837890625, 0.00860595703125, -0.0174560546875, -0.024658203125, -0.03515625, -0.00982666015625, 0.0263671875, -0.008056640625, -0.0169677734375, -0.0152587890625, -0.047119140625, -0.033935546875, -0.07666015625, -0.010986328125, -0.0145263671875, -0.0177001953125, 0.0233154296875, -0.02392578125, 0.034912109375, -0.0220947265625, -0.022705078125, -0.0128173828125, 0.000904083251953125, 0.0206298828125, 0.007171630859375, 0.01708984375, -0.050048828125, -0.0211181640625, -0.017578125, 0.0294189453125, -0.03515625, -0.034423828125, -0.00457763671875, 0.057861328125, -0.09375, 0.0703125, -0.01361083984375, -0.01483154296875, 0.024169921875, -0.0203857421875, 0.005279541015625, 0.00823974609375, -0.0537109375, -0.00167083740234375, -0.0693359375, 0.0311279296875, 0.07177734375, 0.0257568359375, -0.0018157958984375, -0.01397705078125, -0.053466796875, -0.018310546875, 0.017822265625, 0.047607421875, -0.020751953125, 0.0103759765625, -0.044677734375, 0.055908203125, 0.01226806640625, -0.000926971435546875, -0.0045166015625, -0.0035858154296875, 0.024658203125, 0.00457763671875, -0.0272216796875, -0.040771484375, -0.08935546875, -0.0537109375, 0.03173828125, -0.041259765625, 0.030517578125, -0.0191650390625, -0.068359375, 0.046630859375, 0.01611328125, 0.01434326171875, 0.035400390625, -0.0281982421875, -0.00787353515625, -0.047119140625, -0.0203857421875, 0.0211181640625, 0.028564453125, -0.01361083984375, 0.0150146484375, 0.0186767578125, -0.036376953125, 0.04833984375, -0.025390625, 0.007232666015625, -0.0267333984375, 0.01507568359375, -0.0079345703125, 0.06298828125, -0.0245361328125, 0.0301513671875, 0.0498046875, 0.0242919921875, 0.00069427490234375, 0.0634765625, -0.039306640625, -0.048583984375, 0.0028228759765625, -0.03369140625, -0.08935546875, -0.034912109375, 0.024658203125, -0.064453125, -0.005401611328125, -0.027099609375, 0.01214599609375, 0.00994873046875, -0.033203125, 0.054443359375, -0.004791259765625, -0.01129150390625, 0.044677734375, -0.0400390625, -0.052001953125, 0.043212890625, 0.0257568359375, 0.07666015625, 0.004730224609375, -0.005401611328125, -0.012451171875, 0.0177001953125, -0.001068115234375, 0.022705078125, 0.07275390625, 0.058837890625, 0.017822265625, 0.038818359375, -0.001983642578125, -0.025390625, -0.02197265625, 0.0281982421875, 0.007232666015625, 0.040771484375, 0.064453125, 