{"movie": "wwdc2025", "offset": 464, "text_offset": 460, "embedding": [0.01092529296875, 0.0216064453125, 0.0174560546875, -0.003265380859375, -0.028076171875, 0.0142822265625, -0.0016326904296875, 0.0223388671875, -0.01263427734375, 0.039794921875, 0.0028076171875, -0.0267333984375, -0.0142822265625, -0.0673828125, -0.03662109375, -0.0002880096435546875, 0.00677490234375, -0.01116943359375, -0.03369140625, -0.0284423828125, -0.020263671875, -0.0556640625, 0.00927734375, -0.045654296875, 0.03369140625, 0.01422119140625, -0.045166015625, -0.03759765625, 0.008544921875, -0.02685546875, 0.01708984375, -0.0322265625, 0.0023193359375, 0.040283203125, -0.01373291015625, 0.04638671875, 0.0308837890625, 0.03759765625, -0.01190185546875, -0.00994873046875, -0.01611328125, -0.023193359375, -0.0035400390625, -0.0296630859375, -0.0301513671875, -0.0185546875, -0.040283203125, 0.0026092529296875, 0.0294189453125, 0.00013065338134765625, 0.0021820068359375, -0.0380859375, 0.0028533935546875, -0.007537841796875, -0.036865234375, 0.0194091796875, -0.0279541015625, 0.00921630859375, 0.0208740234375, -0.000720977783203125, -0.01507568359375, -0.00689697265625, 0.042724609375, 0.00457763671875, -0.01025390625, 0.058837890625, -0.01519775390625, -0.03759765625, -0.00238037109375, -0.01904296875, -0.06884765625, 0.0045166015625, 0.0244140625, -0.0301513671875, 0.02099609375, 0.00555419921875, 0.037109375, -0.043701171875, -0.03515625, 0.061767578125, -0.041259765625, 0.041748046875, 0.0014190673828125, 0.027587890625, -0.01287841796875, -0.064453125, -0.0206298828125, 0.000568389892578125, 0.0003299713134765625, 0.002777099609375, -0.041259765625, 0.047607421875, -0.05517578125, 0.01202392578125, 0.0174560546875, -0.0303955078125, -0.03125, -0.01165771484375, 0.0033721923828125, 0.00823974609375, -0.00250244140625, 0.0296630859375, -0.0244140625, -0.06005859375, -0.052490234375, 0.000759124755859375, -0.009521484375, -0.017578125, -0.00823974609375, 0.0208740234375, -0.003173828125, -0.044677734375, -0.0198974609375, 0.041259765625, -0.002532958984375, 0.07421875, 0.047607421875, -0.027587890625, 0.01129150390625, 0.06591796875, -0.00811767578125, -0.036376953125, 0.0230712890625, -0.0294189453125, 0.0093994140625, 0.023681640625, 0.034912109375, 0.0341796875, -0.019775390625, 0.01470947265625, 0.006011962890625, -0.0250244140625, 0.06298828125, -0.024169921875, -0.061767578125, 0.0159912109375, 0.0159912109375, 0.004150390625, -0.0240478515625, 0.00335693359375, 0.0205078125, 0.04931640625, -0.04541015625, 0.0311279296875, -0.08349609375, 0.0181884765625, -0.031494140625, 0.006591796875, -0.01312255859375, -0.01153564453125, 0.0208740234375, -0.0296630859375, -0.047607421875, 0.046630859375, 0.01348876953125, 0.0101318359375, 0.032470703125, -0.0042724609375, -0.0277099609375, 0.032958984375, -0.00592041015625, -0.051025390625, 0.0108642578125, -0.01214599609375, 0.0791015625, -0.0400390625, -0.0084228515625, 0.0257568359375, -0.01416015625, -0.07373046875, -0.020263671875, -0.002593994140625, -0.036376953125, -0.00112152099609375, -0.0174560546875, 0.01483154296875, 0.03369140625, -0.00567626953125, 0.0166015625, 0.03271484375, -0.01312255859375, 0.04443359375, 0.048095703125, -0.0311279296875, -0.0272216796875, -0.00445556640625, 0.0067138671875, 0.0537109375, -0.0174560546875, 0.01348876953125, -0.0279541015625, 0.0213623046875, 0.00335693359375, 0.0072021484375, 0.0177001953125, -0.0223388671875, -0.0218505859375, -0.009521484375, 0.022705078125, 0.068359375, -0.031494140625, -0.00168609619140625, 0.01312255859375, 0.0125732421875, 0.04443359375, 0.01470947265625, -0.06005859375, -0.00579833984375, -0.060302734375, 0.0113525390625, -0.046630859375, 0.051513671875, -0.0263671875, -0.076171875, 0.0233154296875, -0.047119140625, 0.010986328125, 0.02099609375, 0.04443359375, 0.0081787109375, 0.0026092529296875, -0.0107421875, 0.06640625, 0.036376953125, 0.03955078125, 0.007293701171875, 0.04052734375, 0.0198974609375, -0.01458740234375, 0.033203125, 0.0101318359375, 0.035888671875, -0.019775390625, 0.044677734375, 0.022216796875, 0.0245361328125, -0.019775390625, 0.005859375, -0.02685546875, 0.03955078125, 0.036865234375, -0.0654296875, -0.027587890625, 0.0238037109375, -0.007080078125, -0.05615234375, -0.022705078125, -0.00052642822265625, 0.00616455078125, 0.01165771484375, -0.01458740234375, 0.005157470703125, 0.021484375, -0.025146484375, -0.039794921875, 0.060791015625, -0.049072265625, 0.01470947265625, -0.0400390625, 0.03369140625, 0.076171875, 0.0113525390625, -0.02197265625, -0.068359375, 0.020751953125, -0.0185546875, -0.034912109375, -0.020751953125, -0.023193359375, 0.00958251953125, 0.0673828125, -0.037841796875, -0.053466796875, 0.033447265625, -0.0096435546875, -0.03369140625, -0.08349609375, 0.0294189453125, -0.02685546875, 0.04345703125, -0.034912109375, -0.03369140625, -0.0341796875, -0.0146484375, 0.04541015625, 0.020751953125, -0.00689697265625, -0.0164794921875, -0.05078125, -0.002288818359375, 0.006561279296875, -0.01007080078125, 0.051513671875, -0.0576171875, -0.019775390625, 0.0079345703125, -0.0291748046875, -0.01312255859375, -0.0303955078125, -0.0279541015625, -0.0888671875, 0.04541015625, -0.0233154296875, 0.048095703125, 0.00555419921875, 0.022705078125, 0.00787353515625, -0.00927734375, 0.006134033203125, -0.03271484375, -0.0108642578125, -0.01226806640625, 0.007110595703125, 0.04736328125, -0.036865234375, 0.040283203125, 0.0211181640625, 0.01153564453125, -0.00677490234375, -0.00823974609375, -0.0098876953125, 0.029296875, 0.01373291015625, 0.0026092529296875, 0.00146484375, 0.01007080078125, 0.00823974609375, -0.030517578125, -0.0103759765625, -0.03759765625, 0.027587890625, -0.01251220703125, 0.00141143798828125, -0.00188446044921875, -0.057373046875, -0.004638671875, -0.0341796875, -0.00958251953125, -0.051025390625, -0.0087890625, -0.0201416015625, -0.041259765625, -0.01611328125, -0.0294189453125, -0.04052734375, -0.005889892578125, 0.035400390625, 0.01202392578125, -0.008544921875, 0.046630859375, 0.0064697265625, 0.01202392578125, -0.039306640625, 0.0810546875, -0.00872802734375, -0.06591796875, 0.0162353515625, 0.041748046875, -0.055908203125, 0.0301513671875, -0.0036468505859375, 0.0184326171875, -0.0380859375, -0.01806640625, 0.00787353515625, -0.041748046875, 0.007354736328125, -0.00136566162109375, -0.020751953125, -0.0234375, 0.031982421875, 0.051513671875, -0.015625, 0.0005950927734375, -0.025146484375, 0.0380859375, -0.00140380859375, 0.047607421875, -0.04443359375, 0.0034637451171875, -0.019775390625, -0.0006866455078125, 0.0174560546875, -0.0194091796875, 0.027099609375, -0.0230712890625, 0.027587890625, 0.00107574462890625, -0.028076171875, -0.019775390625, -0.05517578125, 0.0140380859375, 0.00537109375, -0.058837890625, 0.018798828125, -0.01226806640625, -0.00677490234375, 0.0079345703125, 0.019287109375, -0.023193359375, 0.0189208984375, -0.01129150390625, -0.0235595703125, 0.0167236328125, -0.028076171875, 0.047119140625, -0.049072265625, -0.00018978118896484375, 0.03125, -0.0023040771484375, -0.02880859375, 0.043701171875, -0.041748046875, -0.0189208984375, -0.016845703125, 0.015869140625, 0.013916015625, 0.06591796875, -0.00921630859375, 0.0498046875, 0.03857421875, 0.0263671875, 0.041748046875, -0.01544189453125, 0.046142578125, -0.0242919921875, 0.0098876953125, -0.00075531005859375, -0.05078125, -0.0164794921875, -0.000858306884765625, -0.010498046875, 0.033203125, -0.023193359375, 0.0036773681640625, 0.06982421875, -0.0289306640625, -0.042724609375, 0.0091552734375, 0.04052734375, 0.057373046875, -0.00811767578125, -0.0673828125, 0.022216796875, 0.0194091796875, 0.022705078125, 0.05615234375, -0.00799560546875, -0.02197265625, -0.0079345703125, 0.002471923828125, -0.01336669921875, 0.0771484375, 0.06884765625, 0.035888671875, -0.0208740234375, -0.046142578125, -0.0177001953125, -0.060302734375, 0.045166015625, -0.01458740234375, -0.009521484375, 0.052734375, -0.0294189453125, 0.0308837890625, 