{"movie": "wwdc2025", "offset": 278, "text_offset": 260, "embedding": [-0.00188446044921875, 0.0164794921875, 0.01409912109375, 0.043212890625, -0.046630859375, 0.033935546875, 0.01263427734375, 0.017822265625, -0.033447265625, 0.036865234375, 0.005096435546875, 0.0020599365234375, -0.0272216796875, -0.04296875, -0.02392578125, 0.03857421875, 0.038818359375, 0.01104736328125, 0.015625, -0.01318359375, 0.01055908203125, -0.01409912109375, 0.0189208984375, -0.048583984375, 0.01080322265625, -0.0272216796875, -0.0191650390625, -0.0003643035888671875, -0.000537872314453125, 0.0022735595703125, -0.0478515625, -0.09814453125, 0.042724609375, 0.0184326171875, -0.043701171875, 0.00634765625, 0.017822265625, 0.056640625, -0.078125, 0.034423828125, -0.03857421875, 0.01251220703125, 0.007476806640625, -0.0184326171875, -0.00110626220703125, -0.02880859375, -0.061767578125, -0.01263427734375, 0.037353515625, 0.041259765625, -0.032470703125, 0.033203125, 0.01953125, 0.01312255859375, -0.0284423828125, 0.03369140625, -0.01324462890625, -0.0074462890625, 0.041259765625, -0.001800537109375, -0.02734375, 0.006134033203125, 0.0096435546875, -0.005035400390625, -0.035888671875, -0.004638671875, 0.0172119140625, -0.03564453125, -0.06396484375, 0.018310546875, -0.058837890625, -0.03076171875, -0.010009765625, -0.014404296875, -0.0220947265625, -0.0006103515625, 0.046630859375, -0.044921875, -0.06884765625, 0.034912109375, 0.0277099609375, 0.0157470703125, 0.00970458984375, -0.004669189453125, -0.0225830078125, -0.0020904541015625, 0.041259765625, -0.021484375, -0.0213623046875, -0.0174560546875, -0.01068115234375, 0.0279541015625, -0.039794921875, -0.0235595703125, -0.0595703125, -0.019287109375, 0.016845703125, -0.08740234375, -0.0263671875, 0.0419921875, 0.025390625, -0.03271484375, -0.058837890625, -0.0245361328125, -0.0211181640625, -0.08251953125, -0.0225830078125, 0.0308837890625, 0.016845703125, -0.01239013671875, -0.012939453125, -0.02392578125, -0.048583984375, -0.036376953125, -0.038818359375, 0.01177978515625, -0.000644683837890625, -0.0185546875, 0.037841796875, -0.00970458984375, -0.01226806640625, -0.006134033203125, -0.02880859375, -0.07080078125, 0.0208740234375, 0.00836181640625, 0.050537109375, 0.01226806640625, 0.0263671875, 0.021484375, -0.000591278076171875, 0.0498046875, 0.03564453125, 0.0289306640625, -0.025390625, 0.01513671875, -0.0250244140625, -0.0361328125, -0.01544189453125, -0.0021209716796875, -0.01373291015625, 0.0546875, -0.042724609375, 0.01519775390625, -0.0167236328125, -0.03076171875, 0.035888671875, 0.000568389892578125, -0.06396484375, 0.0286865234375, 0.036865234375, -0.0279541015625, -0.0400390625, 0.06689453125, 0.052490234375, -0.00946044921875, 0.0167236328125, -0.044677734375, -0.058349609375, -0.040283203125, 0.0203857421875, -0.005706787109375, 0.000942230224609375, 0.01336669921875, 0.0576171875, -0.0252685546875, 0.00970458984375, 0.00909423828125, -0.04296875, -0.053466796875, -0.083984375, 0.0201416015625, 0.00970458984375, -0.01031494140625, -0.014404296875, -0.0478515625, -0.0272216796875, 0.01409912109375, 0.0302734375, -0.0027313232421875, -0.004730224609375, 0.0213623046875, 0.01165771484375, -0.034912109375, -0.007171630859375, 0.0322265625, -0.011962890625, 0.0185546875, -7.390975952148438e-05, 0.0302734375, 0.0011138916015625, 0.035400390625, -0.033447265625, 0.035400390625, 0.0084228515625, -0.0286865234375, 0.01458740234375, 0.029296875, 0.059814453125, 0.07568359375, -0.01019287109375, 0.0625, 0.01171875, 0.0242919921875, -0.0281982421875, -0.013427734375, -0.015380859375, 0.032958984375, 0.0040283203125, -0.0615234375, -0.0267333984375, 0.038330078125, 0.015625, -0.00017833709716796875, -0.0308837890625, -0.0184326171875, 0.0146484375, 0.0189208984375, 0.0196533203125, -0.03076171875, -0.080078125, 0.016845703125, 0.006378173828125, -0.007720947265625, 0.0260009765625, -0.0625, -0.0186767578125, 0.0478515625, 0.03857421875, 0.0091552734375, -0.01806640625, 0.0172119140625, -0.0189208984375, 0.007354736328125, -0.0208740234375, 0.056396484375, -0.0032958984375, -0.0084228515625, -0.02880859375, 0.043701171875, 0.01263427734375, -0.046630859375, -0.00109100341796875, 0.046142578125, -0.06884765625, -0.0218505859375, -0.00946044921875, 0.0274658203125, 0.06982421875, -0.00146484375, -0.01470947265625, -0.0225830078125, -0.0250244140625, -0.06787109375, -0.014404296875, 0.0194091796875, -0.01495361328125, -0.0089111328125, -0.00909423828125, -0.00897216796875, 0.01513671875, 0.0021209716796875, 0.021484375, -0.03955078125, 0.01373291015625, 0.01287841796875, 0.010498046875, 0.0218505859375, -0.064453125, 0.02392578125, 0.005828857421875, 0.01055908203125, -0.0037841796875, 0.03271484375, 0.0269775390625, -0.00946044921875, -0.02392578125, 0.01092529296875, -0.035888671875, 0.000827789306640625, -0.01007080078125, -0.005279541015625, 0.0157470703125, -0.0098876953125, 0.0211181640625, 0.035400390625, 0.054443359375, -0.0223388671875, -0.031982421875, -0.049072265625, 0.03662109375, 0.002227783203125, 0.0361328125, -0.0021820068359375, -0.02880859375, -0.02587890625, 0.005706787109375, 0.0615234375, -0.037841796875, -0.051513671875, -0.034912109375, 0.040771484375, -0.0021820068359375, -0.000576019287109375, 0.0027313232421875, 0.0172119140625, 0.0361328125, -0.00017642974853515625, 0.0084228515625, 0.006256103515625, -0.005523681640625, 0.0027008056640625, -0.013671875, 0.0498046875, -0.006439208984375, 0.0057373046875, -0.016845703125, -0.013916015625, 0.054931640625, 0.03955078125, -0.044677734375, 0.034423828125, 0.040771484375, 0.041748046875, -0.00799560546875, -0.0184326171875, -0.0257568359375, -0.035400390625, -0.01422119140625, -0.044677734375, 0.003936767578125, -0.034423828125, 0.01068115234375, 0.0003795623779296875, -0.055419921875, 0.0289306640625, -0.00634765625, -0.0284423828125, -0.0478515625, 0.01806640625, 0.001220703125, -0.044921875, 0.031982421875, -0.056396484375, -0.0289306640625, -0.0203857421875, 0.0311279296875, 0.0107421875, 0.0203857421875, 0.058837890625, -0.0245361328125, 0.01373291015625, -0.0023193359375, 0.041259765625, -0.0294189453125, 0.0081787109375, -0.0283203125, 0.055908203125, -0.07275390625, -0.005584716796875, 0.036865234375, 0.0164794921875, 0.062255859375, -0.00885009765625, 0.0308837890625, 0.007781982421875, -0.03662109375, -0.045654296875, -0.0498046875, 0.00872802734375, 0.0250244140625, 0.004638671875, -0.003997802734375, -0.0228271484375, -0.0228271484375, 0.015625, 0.0296630859375, 0.0035400390625, -0.0172119140625, -0.035888671875, -0.0223388671875, 0.0308837890625, -0.013671875, -0.0198974609375, -0.0223388671875, 0.00482177734375, -0.00823974609375, -0.05859375, 0.031494140625, -0.049560546875, -0.01470947265625, 0.002685546875, 0.03564453125, -0.0230712890625, 0.02685546875, -0.003997802734375, -0.04296875, 0.013916015625, -0.00286865234375, -0.00109100341796875, -0.006134033203125, 0.01513671875, -0.01043701171875, 0.047607421875, -0.045166015625, 0.039794921875, 0.058837890625, 0.02978515625, -0.004058837890625, -0.0185546875, -0.0625, 0.01068115234375, 0.0021209716796875, -0.03564453125, -0.045166015625, -0.00262451171875, -0.031982421875, 0.042724609375, -0.00982666015625, -0.01251220703125, 0.046142578125, 0.00128936767578125, 0.032958984375, 0.0216064453125, 0.034423828125, -0.0089111328125, -0.01373291015625, -0.0030670166015625, -0.056396484375, -0.01092529296875, 0.0033416748046875, -0.01397705078125, 0.043701171875, 0.0162353515625, 0.034912109375, -0.0299072265625, -0.031494140625, -0.005859375, -0.033935546875, -0.01483154296875, 0.032958984375, -0.007080078125, -0.06787109375, 0.005706787109375, -0.02734375, 0.048095703125, 0.00634765625, -0.00118255615234375, -0.012939453125, 0.02685546875, -0.01806640625, -0.0072021484375, 0.050048828125, 0.056640625, -0.00494384765625, 0.036865234375, -0.0021514892578125, 0.006256103515625, -0.06884765625, -0.002105712890625, 0.034912109375, 0.01409912109375, 0.0089111328125, -0.013916015625, 