{"movie": "wwdc2025", "offset": 368, "text_offset": 360, "embedding": [0.044921875, -0.00799560546875, 0.00543212890625, 0.006591796875, -0.04296875, -0.0244140625, 0.018798828125, 0.0010833740234375, 0.039794921875, 0.010498046875, 0.0108642578125, 0.037353515625, -0.000919342041015625, -0.0400390625, -0.033935546875, 0.017333984375, 0.0004787445068359375, 0.019287109375, 0.0064697265625, -0.036376953125, -0.03515625, -0.04931640625, 0.016357421875, -0.0238037109375, 0.041015625, -0.041015625, 0.0004100799560546875, -0.0074462890625, -0.036376953125, 0.01904296875, -0.0341796875, -0.083984375, 0.039306640625, -0.0021209716796875, -0.0047607421875, 0.0286865234375, 0.0419921875, 0.01416015625, 0.0028076171875, -0.002716064453125, 0.02587890625, 0.012939453125, -0.020263671875, -0.00201416015625, -0.0194091796875, 0.021728515625, -0.031494140625, -0.0174560546875, 0.00152587890625, 0.0242919921875, 0.01263427734375, 0.003936767578125, 0.0380859375, -0.020263671875, -0.04052734375, -0.0133056640625, -0.0037078857421875, 0.044677734375, 0.0244140625, -0.0263671875, -0.09375, -0.0108642578125, -0.0084228515625, -0.02099609375, 0.00311279296875, 0.0157470703125, 0.0380859375, -0.0244140625, -0.0458984375, -0.00823974609375, -0.0086669921875, 0.0123291015625, 0.02001953125, -0.004638671875, -0.020751953125, -0.015869140625, 0.039794921875, -0.025146484375, 0.0244140625, 0.01422119140625, 0.0341796875, 0.032958984375, 0.034423828125, -0.0301513671875, -0.02001953125, -0.052734375, -0.01458740234375, -0.04296875, -0.00384521484375, -0.0179443359375, -0.0162353515625, -0.0050048828125, 0.034912109375, -0.0196533203125, 0.02587890625, 0.0224609375, -0.031982421875, -0.04052734375, -0.0299072265625, 0.06494140625, 0.0291748046875, -0.01495361328125, 0.0181884765625, -0.00653076171875, -0.021728515625, -0.06494140625, 0.038330078125, 0.003021240234375, 0.043701171875, -0.0003070831298828125, 0.00579833984375, -0.0419921875, -0.058837890625, 0.0021820068359375, -0.035888671875, 0.00616455078125, 0.000499725341796875, -0.0042724609375, -0.0308837890625, 0.03369140625, -0.0032958984375, -0.015625, 0.01116943359375, 0.00179290771484375, 0.000240325927734375, 0.0162353515625, 0.0169677734375, -0.000568389892578125, -0.0390625, 0.058837890625, -0.005706787109375, -0.04443359375, 0.01953125, -0.00122833251953125, -0.0634765625, 0.007598876953125, -0.0103759765625, -0.002899169921875, -0.04736328125, 0.0013275146484375, -0.0296630859375, -0.0218505859375, -0.057861328125, 0.0458984375, -0.0380859375, -0.037109375, 0.037109375, 0.0341796875, -0.07763671875, -0.017333984375, -0.04052734375, -0.060791015625, -0.018798828125, 0.0306396484375, 0.0277099609375, 0.013671875, -0.004547119140625, -0.0257568359375, -0.012939453125, 0.009765625, 0.04150390625, -0.02734375, 0.033203125, -0.01470947265625, 0.0498046875, 0.020263671875, -0.037109375, 0.0208740234375, 0.0032196044921875, -0.0184326171875, -0.0181884765625, 0.060546875, -0.01409912109375, 0.041015625, 0.000667572021484375, -0.0108642578125, -0.0169677734375, -0.020751953125, 0.021728515625, -0.0087890625, -0.00579833984375, 0.03369140625, 0.00506591796875, -0.0238037109375, 0.00640869140625, 0.021728515625, 0.01483154296875, -0.0034332275390625, -0.00933837890625, 0.04052734375, -0.0238037109375, 0.00860595703125, 0.042724609375, 0.0128173828125, 0.035400390625, -0.036376953125, 0.0037689208984375, 0.0283203125, 0.045654296875, 0.03271484375, 0.01190185546875, 0.038330078125, -0.02734375, 0.0172119140625, 0.00604248046875, -0.017333984375, 0.031982421875, 0.025146484375, -0.068359375, -0.0003337860107421875, -0.0179443359375, -0.006103515625, -0.026611328125, -0.06298828125, 0.036865234375, -0.042724609375, 0.0380859375, 0.027099609375, 0.02294921875, 0.009765625, -0.059814453125, 0.00982666015625, -0.01519775390625, 0.029296875, -0.002410888671875, -0.03515625, 0.00640869140625, 0.0205078125, 0.08935546875, -0.002532958984375, 0.032470703125, 0.0023956298828125, -0.01953125, -0.010986328125, 0.0537109375, 0.04296875, 0.00139617919921875, -0.0096435546875, -0.0174560546875, 0.01385498046875, 0.01373291015625, -0.025146484375, 0.0284423828125, 0.035888671875, 0.004913330078125, -0.04736328125, -0.060791015625, 0.042724609375, 0.058837890625, 0.031494140625, -0.022705078125, 0.0267333984375, 0.068359375, -0.0084228515625, -0.0294189453125, 0.02197265625, -0.00119781494140625, -0.0311279296875, 0.0022735595703125, -0.019775390625, 0.002044677734375, -0.02099609375, -0.033935546875, -0.00982666015625, -0.0244140625, -0.0238037109375, -0.0115966796875, 0.001800537109375, -0.064453125, 0.032470703125, -0.03466796875, 0.0162353515625, -0.005126953125, 0.06396484375, -0.0035247802734375, 0.045654296875, -0.039794921875, 0.000217437744140625, -0.00897216796875, -0.0098876953125, -0.0179443359375, 0.0177001953125, -0.00628662109375, -0.002593994140625, 0.027099609375, -0.034912109375, 0.01904296875, 0.0177001953125, -0.046875, -0.005950927734375, 0.04052734375, -0.034912109375, 0.0341796875, 0.0029754638671875, 0.0164794921875, 0.034423828125, -0.0238037109375, -0.005828857421875, -0.002685546875, -0.0244140625, -0.0576171875, 0.013427734375, 0.05419921875, -0.004913330078125, 0.0032958984375, 0.0030975341796875, 0.037841796875, -0.0380859375, 0.0103759765625, -0.001983642578125, 0.035400390625, 0.004669189453125, 0.00958251953125, 0.0341796875, -0.034423828125, 0.0537109375, -0.038330078125, -0.019775390625, 0.00677490234375, -0.0213623046875, -0.0228271484375, 0.000865936279296875, 0.01507568359375, 0.01611328125, 0.021240234375, 0.001190185546875, -0.06494140625, -0.0262451171875, -0.05078125, -0.0108642578125, 0.01556396484375, -0.004974365234375, -0.004425048828125, 0.012451171875, -0.041015625, 0.00133514404296875, -0.0283203125, 0.06494140625, -0.0546875, 0.01116943359375, -0.02392578125, -0.00860595703125, 0.0172119140625, -0.0181884765625, -0.006591796875, -0.036376953125, -0.016845703125, 0.0169677734375, -0.032958984375, -0.0244140625, 0.00396728515625, 0.0205078125, -0.0244140625, -0.020263671875, -0.041748046875, -0.00506591796875, -0.01025390625, 0.024658203125, -0.04345703125, 0.01239013671875, 0.018798828125, 0.0042724609375, -0.0032196044921875, 0.02099609375, 0.017578125, -0.001220703125, 0.0146484375, 0.025146484375, -0.02099609375, 0.00640869140625, 0.04150390625, 0.0224609375, -0.003326416015625, -0.0189208984375, -0.0029296875, 0.004638671875, 0.04296875, 0.0311279296875, -0.0194091796875, -0.00015163421630859375, -0.048828125, 0.06494140625, -0.03369140625, -0.0286865234375, -0.025146484375, -0.0034027099609375, 0.014892578125, -0.034423828125, 0.00927734375, -0.04638671875, -0.059326171875, 0.02197265625, 0.025146484375, 0.006103515625, -0.0296630859375, 0.0107421875, -0.0693359375, -0.00927734375, 0.022705078125, 0.01519775390625, -0.018798828125, 0.011962890625, -0.09521484375, -0.0294189453125, -0.05078125, -0.00018310546875, 0.0034942626953125, -0.0263671875, -0.002716064453125, -0.004638671875, -0.0205078125, -0.02880859375, -0.07275390625, 0.04736328125, -0.05322265625, 0.0400390625, 0.021484375, 0.0283203125, 0.01287841796875, 0.046875, 0.08544921875, 0.0162353515625, 0.0032196044921875, 0.0301513671875, 0.0130615234375, -0.0244140625, -0.0015869140625, -0.041015625, -0.041748046875, -0.0185546875, 0.02978515625, -0.0042724609375, 0.0069580078125, 0.01953125, 0.055419921875, -0.006683349609375, -0.01312255859375, 0.00173187255859375, -0.01434326171875, -0.006805419921875, 0.0108642578125, 0.00811767578125, -0.076171875, 0.0341796875, -0.01025390625, 0.07275390625, -0.041748046875, 0.021240234375, 0.00286865234375, -0.000865936279296875, -0.0130615234375, 0.036376953125, 0.0537109375, 0.00860595703125, -0.04052734375, 0.033447265625, 0.0185546875, -0.02978515625, -0.03515625, -0.04541015625, 0.015625, 0.01287841796875, 0.0257568359375, -0.03759765625, 0.011474609375, 0.00421142578125, -0.021728515625, -0.031494140625, -0.060791015625, -0.05078125, -0.022705078125, -0.045654296875, 