{"movie": "wwdc2025", "offset": 152, "text_offset": 140, "embedding": [0.00116729736328125, 0.02392578125, -0.01397705078125, -0.001983642578125, -0.0654296875, 0.002655029296875, 0.044189453125, -0.031982421875, 0.033935546875, 0.040283203125, 0.034912109375, -0.0179443359375, -0.0162353515625, -0.06982421875, -0.0189208984375, -0.01397705078125, -0.00787353515625, 0.01806640625, 0.0016937255859375, -0.0106201171875, 0.01470947265625, -0.030029296875, -0.0203857421875, -0.041748046875, -0.012939453125, -0.0064697265625, -0.0615234375, -0.0252685546875, 0.034423828125, 0.000701904296875, -0.031494140625, -0.08740234375, 0.06884765625, -0.00150299072265625, -0.040283203125, 0.01031494140625, 0.040771484375, 0.006988525390625, 0.0087890625, 0.0186767578125, 0.007781982421875, 0.02880859375, -0.0172119140625, -0.072265625, 0.01263427734375, 0.0103759765625, -0.050537109375, 0.0036468505859375, 0.0034942626953125, 0.0223388671875, -0.0235595703125, -0.02197265625, 0.005462646484375, -0.053955078125, -0.02392578125, -0.0072021484375, -0.0106201171875, 0.035888671875, 0.034912109375, -0.0279541015625, -0.045654296875, 0.003204345703125, 0.036865234375, 0.00592041015625, 0.00011348724365234375, -0.0038604736328125, 0.044677734375, -0.04541015625, -0.012939453125, 0.0078125, -0.06298828125, -0.008544921875, 0.02197265625, 0.000789642333984375, 0.0400390625, 0.0179443359375, 0.0284423828125, -0.05078125, 0.036865234375, 0.040283203125, -0.0712890625, -0.007415771484375, -0.0103759765625, -0.0299072265625, -0.024169921875, -0.00689697265625, -0.0279541015625, 0.0208740234375, -0.0498046875, 0.0005035400390625, -0.007049560546875, 0.0216064453125, 0.02587890625, -0.033935546875, -0.0050048828125, -0.0244140625, -0.05322265625, -0.019287109375, -0.027587890625, -0.0269775390625, 0.036865234375, 0.0281982421875, -0.03955078125, -0.021240234375, 0.002044677734375, -0.050537109375, 0.004486083984375, 0.008056640625, -0.0201416015625, 0.0003757476806640625, -0.0028533935546875, -0.02587890625, -0.064453125, -0.01904296875, 0.01348876953125, 0.037353515625, 0.02880859375, -0.02734375, 0.013916015625, 0.01104736328125, -0.03857421875, -0.0341796875, 0.0002384185791015625, 0.01611328125, -0.01519775390625, 0.0201416015625, 0.034423828125, -0.02001953125, -0.00677490234375, 0.030029296875, -0.041259765625, -0.0262451171875, 0.0011749267578125, 0.01019287109375, -0.03857421875, -0.0150146484375, -0.0089111328125, -0.01251220703125, -0.04345703125, -0.0262451171875, 0.01904296875, 0.0517578125, -0.02294921875, 0.0673828125, 0.01544189453125, -0.0166015625, 0.0322265625, 0.0189208984375, -0.05078125, -0.0274658203125, -0.018310546875, -0.0830078125, -0.033447265625, 0.0294189453125, -0.009521484375, 0.058837890625, -0.002655029296875, 8.630752563476562e-05, -0.00836181640625, -0.0206298828125, -0.02001953125, -0.06298828125, 0.01806640625, 0.0172119140625, -0.01470947265625, -0.03857421875, -0.027099609375, 0.009765625, -0.01263427734375, -0.06298828125, -0.042236328125, -0.0093994140625, -0.0303955078125, 0.025634765625, -0.01116943359375, 0.0023040771484375, 0.00848388671875, -0.006256103515625, -0.0286865234375, -0.024169921875, -0.0279541015625, -0.01611328125, 0.02392578125, -0.033203125, 0.01422119140625, -0.016845703125, 0.00634765625, 0.01104736328125, -0.007720947265625, 0.030029296875, -0.01220703125, 0.06298828125, 0.058837890625, 0.03857421875, 0.0458984375, -0.053466796875, 0.0164794921875, -0.01019287109375, 0.064453125, 0.04345703125, 0.000171661376953125, 0.052978515625, 0.0157470703125, 0.007049560546875, 0.0390625, 0.019287109375, -0.0086669921875, 0.00182342529296875, -0.030029296875, 0.08935546875, -0.05224609375, 0.0034942626953125, -0.08740234375, 0.0137939453125, -0.0037994384765625, -0.05126953125, 0.0308837890625, 0.0361328125, 0.0286865234375, 0.049072265625, 0.001495361328125, -0.04150390625, -0.0025787353515625, 0.00152587890625, -0.0240478515625, -0.00112152099609375, 0.003631591796875, 0.032958984375, -0.004302978515625, -0.01007080078125, 0.007568359375, 0.01104736328125, -0.0103759765625, 0.0208740234375, -0.025390625, 0.01031494140625, 0.0174560546875, -0.0257568359375, -0.059326171875, 0.01458740234375, 0.0224609375, -0.01202392578125, -0.0322265625, 0.046630859375, 0.021240234375, -0.03662109375, -0.017333984375, 0.0712890625, 0.00014019012451171875, -0.026611328125, -0.01348876953125, 0.02490234375, 0.004974365234375, -0.031982421875, -0.022705078125, 0.0216064453125, 0.0130615234375, 0.017822265625, -0.0150146484375, 0.032470703125, 0.0098876953125, 0.019287109375, 0.003265380859375, -0.0133056640625, -0.02197265625, 0.003173828125, -0.027099609375, -0.01019287109375, -0.032958984375, 0.055908203125, 0.0478515625, -0.058837890625, -0.0302734375, 0.0185546875, -0.061767578125, 0.033935546875, -0.047119140625, -0.0113525390625, -0.052490234375, 0.027587890625, -0.03173828125, -0.0003070831298828125, -0.01123046875, -0.0078125, 0.01336669921875, -0.03857421875, 0.00164031982421875, -0.0220947265625, -0.0267333984375, -0.006744384765625, 0.01806640625, -0.04296875, -0.00933837890625, -0.00482177734375, -0.00439453125, -0.023681640625, -0.08154296875, 0.0032196044921875, -0.0279541015625, -0.042236328125, -0.058349609375, 0.029052734375, -0.01611328125, 0.039794921875, 0.026611328125, 0.018310546875, 0.030517578125, -0.0040283203125, 0.03515625, 0.03857421875, 0.034423828125, -0.032958984375, 0.019775390625, 0.056884765625, -0.0380859375, 0.0113525390625, -0.03857421875, -0.03857421875, 0.091796875, -0.023193359375, -0.02392578125, 0.02880859375, 0.02099609375, 0.03759765625, 0.052490234375, -0.03759765625, -0.058837890625, 0.006256103515625, -0.031494140625, 0.02001953125, 0.010498046875, -0.007171630859375, -0.01007080078125, 0.0220947265625, -0.04150390625, -0.02392578125, 0.003753662109375, -0.0203857421875, 0.018310546875, 0.01043701171875, -0.015625, 0.024169921875, -0.016845703125, 0.03271484375, 0.01043701171875, -0.01470947265625, 0.04150390625, 0.019287109375, 0.05078125, -0.03759765625, -0.02490234375, -0.0009613037109375, -0.0145263671875, 0.05126953125, -0.0036773681640625, -0.006317138671875, 0.0235595703125, 0.0380859375, -0.0135498046875, 0.021484375, -0.01611328125, 0.00028228759765625, -0.030517578125, -0.02734375, 0.049560546875, -0.00138092041015625, -0.0033111572265625, -0.03857421875, -0.03662109375, 0.034423828125, 0.044677734375, 0.00787353515625, -0.0007781982421875, 0.00193023681640625, -0.01202392578125, 0.03466796875, -0.0133056640625, 0.005584716796875, -0.00653076171875, 0.01416015625, -0.0286865234375, 0.0576171875, 0.006683349609375, -0.01324462890625, -0.024169921875, -0.0189208984375, 0.0157470703125, 0.01116943359375, -0.04638671875, -0.0189208984375, -0.0118408203125, -0.01324462890625, -0.0022430419921875, -0.01165771484375, -0.017822265625, -0.07861328125, -0.05224609375, 0.003936767578125, -0.015625, -0.01092529296875, 0.0020599365234375, -0.008056640625, -0.033935546875, -0.0274658203125, -0.0179443359375, 0.03173828125, 0.010009765625, -0.0133056640625, -0.0250244140625, 0.033203125, -0.0089111328125, 0.015380859375, -0.0035247802734375, 0.0458984375, 0.01092529296875, 0.0013275146484375, 0.037353515625, 0.002593994140625, -0.03466796875, 0.019775390625, 0.04150390625, 0.0166015625, 0.04150390625, -0.0169677734375, 0.02001953125, -0.01116943359375, 0.010009765625, 0.0028076171875, -0.0166015625, -0.05126953125, -0.0118408203125, -0.0026397705078125, 0.055908203125, -0.01434326171875, 0.024169921875, -0.0019683837890625, -0.013671875, 0.0240478515625, -0.01287841796875, -0.01513671875, 0.01141357421875, 0.0252685546875, -0.03125, -0.0086669921875, 0.00726318359375, 0.0264892578125, -0.03125, -0.0048828125, -0.00872802734375, 0.0076904296875, -0.00927734375, -0.0361328125, 0.00750732421875, 0.0654296875, -0.06640625, 0.0019683837890625, 0.000621795654296875, -0.001312255859375, -0.05517578125, 0.0498046875, 0.0086669921875, 0.0089111328125, 0.039306640625, 0.0047607421875, -0.0169677734375, 