{"movie": "wwdc2025", "offset": 6, "text_offset": 0, "embedding": [0.022705078125, 0.007537841796875, 0.0155029296875, -0.0177001953125, -0.0245361328125, 0.037353515625, 0.0028076171875, -0.031982421875, -0.0177001953125, 0.0223388671875, -0.0002307891845703125, -0.0341796875, 0.036865234375, -0.03466796875, -0.0498046875, 0.0026092529296875, 0.03076171875, 0.0294189453125, -0.0419921875, -0.04541015625, -0.003570556640625, 0.0167236328125, -0.0267333984375, -0.05322265625, -0.0186767578125, -0.0269775390625, -0.0245361328125, -0.00445556640625, -0.00341796875, 0.00176239013671875, 0.0003204345703125, -0.052978515625, 0.037841796875, 0.017333984375, -0.0341796875, -0.033447265625, 0.003265380859375, 0.041259765625, -0.06103515625, 0.0089111328125, -0.009765625, 0.0211181640625, -0.0052490234375, -0.02001953125, -0.01165771484375, -0.04052734375, -0.0147705078125, -0.0206298828125, -0.0322265625, 0.036865234375, 0.0400390625, -0.0140380859375, 0.02587890625, -0.01336669921875, -0.01312255859375, -0.003387451171875, -0.000701904296875, 0.01470947265625, -0.0267333984375, 0.037841796875, -0.0294189453125, 0.0135498046875, 0.0380859375, 0.0185546875, -0.045166015625, 0.064453125, -0.015625, -0.052490234375, -0.0052490234375, -0.00994873046875, -0.0791015625, 0.006134033203125, 0.0478515625, -0.0230712890625, 0.0198974609375, 0.0654296875, 0.048583984375, 0.004425048828125, -0.005645751953125, 0.0693359375, 0.00482177734375, 0.043212890625, 0.03271484375, -0.0269775390625, 0.0546875, -0.0439453125, -0.0086669921875, -0.041748046875, 0.00872802734375, 0.017822265625, -0.01251220703125, 0.0634765625, -0.036376953125, 0.047607421875, 0.0211181640625, -0.00408935546875, -0.038330078125, -0.015869140625, 0.005767822265625, -0.0003719329833984375, -0.0089111328125, 0.037841796875, 0.01708984375, 0.0184326171875, -0.052978515625, -0.002716064453125, -0.0341796875, 0.0155029296875, -0.000782012939453125, 0.03955078125, -0.013916015625, -0.07275390625, -0.01373291015625, -0.01904296875, -0.008544921875, 0.058349609375, 0.00830078125, -0.038330078125, 0.0184326171875, 0.0235595703125, -0.005615234375, 0.001983642578125, 0.036376953125, -0.044677734375, 0.046142578125, 0.055419921875, 0.0625, 0.004608154296875, -0.041259765625, -0.0162353515625, -0.0157470703125, -0.02001953125, 0.031494140625, -0.0400390625, -0.033447265625, -0.01507568359375, 0.021728515625, -0.0040283203125, -0.0167236328125, -0.0206298828125, 0.0361328125, -0.00225830078125, -0.00946044921875, 0.044921875, -0.0341796875, 0.03857421875, -0.0206298828125, 0.00933837890625, -0.0322265625, 0.009521484375, 0.0147705078125, -0.041259765625, -0.0179443359375, -0.011474609375, -0.00714111328125, -0.022216796875, 0.0169677734375, 0.034912109375, 0.0032958984375, 0.00726318359375, 0.00738525390625, -0.0546875, -0.0267333984375, -0.03857421875, 0.0419921875, 0.033447265625, 0.01177978515625, -0.0022735595703125, -0.007598876953125, -0.046142578125, 0.0189208984375, 0.030517578125, -0.03466796875, 0.04833984375, -0.042724609375, -0.0125732421875, -0.030517578125, -0.0223388671875, 0.004058837890625, -0.0130615234375, -0.031005859375, 0.037841796875, 0.004791259765625, 0.0079345703125, -0.0081787109375, 0.04345703125, -0.01434326171875, 0.0026397705078125, 0.00135040283203125, 0.02490234375, -0.0062255859375, 0.02978515625, 0.0269775390625, 0.0240478515625, 0.05224609375, 0.0296630859375, -0.00112152099609375, -0.019287109375, 0.0458984375, 0.043701171875, 0.012451171875, 0.041748046875, 0.002899169921875, 0.00131988525390625, 0.01904296875, -0.0108642578125, 0.0115966796875, -7.534027099609375e-05, -0.041015625, 0.0125732421875, -0.047607421875, -0.0079345703125, -0.033447265625, -0.044921875, -0.01153564453125, -0.07177734375, 0.017333984375, -0.00131988525390625, -0.0213623046875, -0.03955078125, -0.0223388671875, 0.0091552734375, 0.08349609375, 0.03955078125, 0.0205078125, -0.001983642578125, 0.01025390625, 0.06201171875, 0.0341796875, -0.0025787353515625, 0.054443359375, -0.02294921875, -0.0361328125, 0.0120849609375, 0.0096435546875, 0.038330078125, 0.0291748046875, 0.0003032684326171875, -0.0322265625, 0.07958984375, -0.0040283203125, -0.005859375, 0.00078582763671875, 0.04443359375, -0.00677490234375, -0.0018463134765625, -0.042724609375, -0.0159912109375, 0.04833984375, 0.033447265625, -0.023193359375, 0.0458984375, -0.0059814453125, -0.0400390625, -0.0634765625, 0.0478515625, -0.026123046875, 0.022216796875, -0.0145263671875, 0.0050048828125, 0.046875, 0.0096435546875, 0.0595703125, -0.05810546875, 0.0211181640625, -0.0023345947265625, 0.0177001953125, -0.00775146484375, 0.0009307861328125, -0.022705078125, 0.01708984375, -0.017333984375, -0.0732421875, 0.01214599609375, -0.0263671875, -0.046142578125, -0.05322265625, 0.00775146484375, -0.030517578125, 0.006927490234375, -0.056640625, 0.026611328125, -0.033203125, -0.013916015625, -0.0042724609375, 0.015380859375, -0.01043701171875, -0.017822265625, -0.0069580078125, 0.00408935546875, 0.0272216796875, 0.004669189453125, -0.025390625, -0.028076171875, -0.048583984375, 0.0289306640625, -0.00115966796875, 0.003204345703125, -0.046142578125, -0.038330078125, -0.06787109375, 0.0238037109375, -0.06201171875, 0.03857421875, -0.02490234375, -0.008544921875, 0.06103515625, 0.0245361328125, -0.06298828125, 0.0050048828125, -0.0242919921875, -0.0166015625, -0.0247802734375, 0.0022125244140625, -0.049072265625, -0.002410888671875, -0.035400390625, -9.72747802734375e-05, 0.0732421875, 0.053466796875, 0.0089111328125, 0.0230712890625, 0.007598876953125, -0.03466796875, 0.02734375, 0.028564453125, -0.004425048828125, -0.0096435546875, -0.0281982421875, -0.036865234375, 0.01361083984375, -0.038818359375, 0.0263671875, 0.002838134765625, -0.02978515625, -0.015625, -0.0615234375, -0.0206298828125, -0.029541015625, 0.012451171875, 0.037353515625, -0.02294921875, 0.01708984375, -0.01507568359375, -0.06689453125, -0.01336669921875, 0.022216796875, -0.01708984375, -0.003326416015625, -0.011474609375, -0.05908203125, -0.00762939453125, -0.00933837890625, 0.03466796875, -0.03271484375, -0.039794921875, -0.0286865234375, 0.0322265625, -0.0181884765625, 0.017333984375, -0.0130615234375, -0.053466796875, -0.00811767578125, -0.029541015625, -0.008056640625, -0.0250244140625, 0.01904296875, -0.0108642578125, -0.0625, 0.0185546875, 0.035400390625, 0.00946044921875, -0.0303955078125, -0.00970458984375, -0.08447265625, 0.0033416748046875, 0.01953125, 0.00188446044921875, -0.024658203125, -0.0108642578125, -0.006622314453125, 0.03857421875, -0.0004100799560546875, -0.005889892578125, 0.01068115234375, -0.021728515625, 0.0234375, -0.01708984375, -0.014892578125, -0.007293701171875, -0.047607421875, -0.0286865234375, 0.005615234375, -0.042236328125, 0.0380859375, -0.0341796875, 0.0032806396484375, -0.005462646484375, 0.00567626953125, -0.01177978515625, 0.04638671875, 0.018310546875, 0.0167236328125, 0.02734375, -0.05615234375, 0.055419921875, 0.0186767578125, 0.0103759765625, 0.0167236328125, -0.0235595703125, -0.0130615234375, 0.0157470703125, -0.0142822265625, 0.0274658203125, -0.037109375, 0.02978515625, -0.000881195068359375, 0.01177978515625, -0.0142822265625, 0.001983642578125, 0.0032196044921875, 0.016357421875, 0.02734375, -0.004241943359375, -0.0032958984375, -0.060302734375, -0.0115966796875, -0.007293701171875, -0.047119140625, -0.00286865234375, 0.0036468505859375, -0.0255126953125, -0.0174560546875, 0.0008087158203125, -0.02001953125, 0.032470703125, -0.01153564453125, -0.01373291015625, 0.005767822265625, 0.05029296875, 0.038818359375, -0.013916015625, -0.03564453125, 0.0113525390625, 0.01458740234375, 0.04296875, 0.05322265625, -0.0081787109375, -0.038330078125, 0.0028839111328125, -0.044921875, -0.0133056640625, 0.0830078125, 0.0206298828125, 0.003814697265625, 0.0037078857421875, -0.024658203125, -0.05078125, 0.02490234375, 0.004730224609375, -0.0208740234375, 0.0595703125, 0.026123046875, -0.056640625, 0.05712890625, 0.00799560546875, -0.00909423828125, 