{"movie": "wwdc2025", "offset": 58, "text_offset": 40, "embedding": [0.0281982421875, -0.02001953125, 0.031494140625, -0.003997802734375, -0.0556640625, 0.043212890625, 0.031005859375, -0.003204345703125, 0.0167236328125, 0.037353515625, 0.0289306640625, 0.00072479248046875, 0.0103759765625, -0.05712890625, -0.007720947265625, -0.0233154296875, 0.0242919921875, -0.00128173828125, -0.000698089599609375, 0.026611328125, -0.0517578125, 0.00028228759765625, 0.02685546875, -0.05029296875, 0.038330078125, -0.0203857421875, -0.039794921875, -0.00018978118896484375, -0.00640869140625, 0.02294921875, -0.03515625, -0.04248046875, 0.0164794921875, 0.0205078125, 0.0108642578125, 0.048583984375, 0.00860595703125, 0.0400390625, 0.0072021484375, 0.00787353515625, -0.0234375, 0.0181884765625, -0.0023651123046875, -0.0289306640625, -0.0054931640625, 0.01202392578125, -0.052490234375, -0.0242919921875, 0.014404296875, 0.0498046875, -0.033447265625, 0.001495361328125, -0.046875, -0.06494140625, 0.00836181640625, 0.01531982421875, -0.0113525390625, -0.04150390625, 0.0162353515625, 0.0101318359375, -0.001556396484375, 0.038330078125, 0.0115966796875, -0.030517578125, -0.004180908203125, 0.029296875, -0.0233154296875, -0.03955078125, 0.0033721923828125, -0.037841796875, -0.0361328125, 0.0341796875, 0.037841796875, 0.004425048828125, -0.031005859375, -0.004180908203125, 0.07666015625, -0.0390625, -0.01165771484375, 0.054443359375, 0.020263671875, 0.0067138671875, 0.028564453125, -0.0172119140625, 0.0189208984375, -0.038818359375, 0.0264892578125, -0.0296630859375, -0.039794921875, 0.0264892578125, -0.054443359375, 0.049560546875, -0.03564453125, -0.0069580078125, 0.00927734375, 0.031005859375, -0.0361328125, -0.0203857421875, 0.00921630859375, 0.045654296875, -0.006622314453125, 0.06103515625, -0.07861328125, -0.00244140625, -0.072265625, -0.076171875, -0.004150390625, 0.008056640625, -0.01129150390625, -0.015869140625, -0.040771484375, -0.0272216796875, -0.0093994140625, 0.038330078125, -0.059326171875, 0.0517578125, -0.0235595703125, -0.01458740234375, 0.0703125, -0.0137939453125, -0.02001953125, -0.07275390625, 0.0194091796875, -0.076171875, 0.000789642333984375, -0.0002613067626953125, 0.0262451171875, 0.04150390625, -0.0306396484375, 0.048583984375, -0.0031585693359375, 0.00531005859375, 0.0400390625, -0.004974365234375, -0.0908203125, 0.0006256103515625, 0.006134033203125, 0.005584716796875, -0.01141357421875, -0.004852294921875, -0.01239013671875, 0.006988525390625, -0.044677734375, -0.0264892578125, 0.0203857421875, -0.0018310546875, 0.01483154296875, 0.00213623046875, -0.044677734375, -0.057861328125, 0.07666015625, -0.06884765625, -0.0189208984375, 0.039794921875, -0.0296630859375, -0.021728515625, 0.0113525390625, 0.01409912109375, -0.0625, -0.048095703125, -0.0042724609375, 0.00115966796875, -0.01214599609375, -0.03515625, 0.0625, 0.001953125, 0.003692626953125, 0.022216796875, -0.0203857421875, -0.0291748046875, -0.056396484375, 0.0191650390625, -0.007293701171875, 0.0164794921875, 0.03515625, -0.02392578125, -0.0240478515625, -0.00579833984375, 0.0133056640625, -0.034423828125, -0.0247802734375, 0.037841796875, 0.0556640625, -0.052978515625, -0.007049560546875, 0.0262451171875, 0.0174560546875, 0.048095703125, -0.05908203125, 0.01708984375, -0.006378173828125, 0.0191650390625, 0.01953125, -0.046630859375, 0.08154296875, -0.0021514892578125, 0.003662109375, -0.01904296875, 0.041015625, 0.033447265625, -0.047119140625, 0.0142822265625, 0.01324462890625, 0.0252685546875, 0.0162353515625, 0.0439453125, -0.00086212158203125, 0.05712890625, -0.072265625, -0.0048828125, -0.05517578125, 0.00714111328125, -0.026611328125, -0.0264892578125, 0.0272216796875, -0.05029296875, 0.04443359375, 0.0274658203125, -0.0069580078125, 0.0281982421875, -0.003936767578125, 0.0002899169921875, 0.0322265625, 0.00141143798828125, -0.028564453125, 0.0198974609375, 0.01361083984375, 0.0281982421875, 0.004180908203125, -0.053955078125, 0.0234375, 0.00433349609375, -0.05126953125, 0.022216796875, 0.037109375, 0.0576171875, 0.0108642578125, 0.0238037109375, -0.032470703125, 0.059326171875, 0.0283203125, -0.059814453125, 0.00469970703125, 0.037841796875, -0.0240478515625, -0.0299072265625, -0.0289306640625, 0.00982666015625, 0.048095703125, 0.01708984375, -0.0240478515625, 0.018798828125, 0.06591796875, -0.038818359375, -0.05908203125, 0.033447265625, -0.025146484375, 0.00299072265625, -0.03759765625, 0.00396728515625, 0.01324462890625, 0.026123046875, 0.00994873046875, -0.04443359375, 0.03369140625, 0.021484375, -0.02001953125, -0.0035400390625, -0.0299072265625, -0.037353515625, 0.06689453125, -0.015869140625, -0.0264892578125, 0.0299072265625, -0.00335693359375, -0.02294921875, -0.0537109375, 0.007415771484375, -0.025634765625, 0.00811767578125, -0.043212890625, -0.016845703125, -0.0703125, -0.02783203125, 0.054443359375, 0.0228271484375, 0.02783203125, -0.027587890625, -0.00811767578125, -0.021240234375, 0.0093994140625, 0.0194091796875, 0.02490234375, -0.0113525390625, -0.0238037109375, -0.0018310546875, -0.055908203125, -0.0108642578125, -0.03369140625, -0.03271484375, -0.037109375, 0.031005859375, 0.0133056640625, -0.0078125, -0.00970458984375, 0.061279296875, 0.034423828125, 0.017333984375, 0.027587890625, 0.040771484375, -0.01312255859375, -0.01513671875, -0.0301513671875, -0.0062255859375, -0.039794921875, 0.0023193359375, -0.017822265625, -0.04150390625, -0.004669189453125, 0.000293731689453125, -0.004730224609375, 0.021240234375, 0.0498046875, 0.026611328125, 0.0142822265625, 0.0022125244140625, 0.00119781494140625, -0.0128173828125, -0.004638671875, 0.020751953125, 0.034423828125, -0.049560546875, 0.009033203125, -0.00909423828125, -0.04248046875, 0.035400390625, -0.0205078125, 0.0242919921875, -0.033447265625, 0.016357421875, 0.0048828125, 0.000946044921875, 0.00347900390625, 0.006622314453125, -0.0203857421875, 0.0634765625, 0.0673828125, 0.00836181640625, 0.05029296875, -0.0021209716796875, -0.055908203125, 0.030517578125, 0.01226806640625, 0.04541015625, -0.037353515625, -0.01531982421875, -0.00225830078125, 0.01141357421875, -0.06103515625, -0.0419921875, 0.04150390625, 0.04638671875, 0.020751953125, -0.039306640625, 0.039794921875, -0.0301513671875, 0.013916015625, 0.0166015625, -0.047607421875, 0.0220947265625, 0.033447265625, 0.0537109375, 0.0194091796875, 0.021484375, -0.03271484375, -0.00023174285888671875, -0.038818359375, 0.0108642578125, 0.0036163330078125, 0.038818359375, -0.010009765625, 0.010498046875, -0.012451171875, 0.00139617919921875, -0.0289306640625, -0.047607421875, -0.04345703125, -0.036376953125, -0.048583984375, -0.032958984375, 0.015625, -0.0205078125, -0.00157928466796875, -0.01806640625, 0.021240234375, -0.033447265625, -0.0625, 0.06884765625, 0.01348876953125, -0.03125, 0.0279541015625, -0.0047607421875, -0.0341796875, 0.0166015625, -0.01806640625, 0.036865234375, 0.0216064453125, 0.000926971435546875, 0.0247802734375, 0.009765625, -0.006378173828125, 0.009765625, -0.028564453125, -0.0059814453125, -0.07958984375, 0.022705078125, -0.06689453125, 0.0125732421875, -0.059814453125, 0.003448486328125, 0.0517578125, -0.007232666015625, 0.00762939453125, -0.0308837890625, -0.01953125, -0.00836181640625, -0.0255126953125, -0.0181884765625, -0.047119140625, -0.0152587890625, 0.054931640625, -0.034912109375, 0.021240234375, 0.00653076171875, 0.01708984375, -0.025634765625, -0.0281982421875, -0.025634765625, 0.0152587890625, -0.0169677734375, 0.031494140625, -0.00439453125, -0.06689453125, 0.05712890625, 0.036865234375, 0.0235595703125, 0.033447265625, 0.0172119140625, -0.0341796875, 0.0225830078125, -0.021728515625, -0.02197265625, 0.0361328125, 0.0216064453125, 0.026123046875, 0.00439453125, -0.01416015625, -0.055908203125, -0.0098876953125, 0.0255126953125, -0.039794921875, 0.02587890625, 0.0419921875, 0.016845703125, 0.045166015625, -0.0458984375, 0.00860595703125, -0.0038604736328125, -0.049072265625, -0.01483154296875, -0.02490234375, -0.015869140625,