{"movie": "wwdc2025", "offset": 156, "text_offset": 140, "embedding": [0.0302734375, 0.0211181640625, -0.00421142578125, 0.005157470703125, -0.0380859375, 0.00921630859375, 0.062255859375, -0.0306396484375, 0.03515625, 0.0224609375, 0.0242919921875, 0.021484375, -0.044921875, -0.058837890625, -0.008056640625, 0.00543212890625, -0.0177001953125, 0.0126953125, -0.0108642578125, -0.01422119140625, -0.01531982421875, -0.033935546875, -0.0419921875, -0.046875, -0.007049560546875, 0.00193023681640625, -0.05419921875, -0.0045166015625, 0.01129150390625, -0.0045166015625, -0.038330078125, -0.10107421875, 0.06494140625, -0.00154876708984375, -0.025390625, -0.0111083984375, 0.046875, 0.0220947265625, -0.01214599609375, -0.01422119140625, 0.01385498046875, 0.002655029296875, -0.021728515625, -0.0634765625, 0.022216796875, 0.0096435546875, -0.025634765625, 0.01495361328125, -0.01312255859375, 0.038818359375, -0.038330078125, -0.031982421875, 0.0274658203125, -0.047119140625, -0.0458984375, -0.005096435546875, -0.0089111328125, 0.031982421875, 0.0517578125, -0.0264892578125, -0.050537109375, 0.00494384765625, 0.0201416015625, 0.004058837890625, -0.01544189453125, -0.01470947265625, 0.02978515625, -0.053955078125, -0.039794921875, -0.00518798828125, -0.0693359375, 0.01385498046875, 0.04150390625, -0.017333984375, 0.047607421875, 0.0274658203125, 0.055908203125, -0.078125, 0.0274658203125, 0.033447265625, -0.054931640625, -0.0145263671875, -0.003143310546875, -0.0262451171875, -0.0341796875, -0.002716064453125, -0.036376953125, 0.00732421875, -0.038330078125, -0.0233154296875, -0.00141143798828125, 0.01348876953125, -0.0084228515625, -0.0576171875, -0.0157470703125, -0.0189208984375, -0.07470703125, -0.006622314453125, -0.041259765625, -0.004730224609375, 0.0269775390625, 0.04296875, -0.046142578125, 0.005035400390625, -0.0106201171875, -0.041748046875, 0.006866455078125, -0.0159912109375, -0.00701904296875, -0.0157470703125, 0.015625, -0.01336669921875, -0.05322265625, -0.006805419921875, -0.00640869140625, 0.037841796875, 0.031494140625, -0.036865234375, 0.01129150390625, 0.007049560546875, -0.03466796875, -0.04296875, 0.021240234375, 0.0244140625, -0.0264892578125, 0.01287841796875, 0.049560546875, -0.021240234375, -0.01007080078125, 0.0279541015625, -0.051513671875, -0.0235595703125, -0.0159912109375, -0.01129150390625, -0.029052734375, 0.006103515625, -0.01361083984375, -0.0184326171875, -0.0390625, -0.0281982421875, 0.037841796875, 0.03125, -0.0004215240478515625, 0.04931640625, -0.00897216796875, -0.0242919921875, 0.0189208984375, 0.0201416015625, -0.056396484375, -0.0186767578125, -0.0225830078125, -0.06787109375, -0.040283203125, 0.02294921875, 0.0206298828125, 0.068359375, -0.002227783203125, 0.0021209716796875, -0.0303955078125, 0.004913330078125, -0.017578125, -0.0693359375, 0.021240234375, 0.01220703125, 0.006103515625, 0.000431060791015625, -0.0272216796875, 0.001220703125, 0.0216064453125, -0.051513671875, -0.04443359375, -0.01495361328125, -0.033935546875, -0.00112152099609375, -0.005828857421875, 0.02392578125, 0.01806640625, -0.01129150390625, -0.031982421875, -0.03955078125, -0.031494140625, -0.0244140625, 0.040771484375, -0.0198974609375, -0.000576019287109375, -0.0123291015625, -0.0032806396484375, 0.025634765625, -0.00390625, 0.035400390625, -0.019287109375, 0.0703125, 0.0703125, 0.03466796875, 0.035888671875, -0.05810546875, 0.00726318359375, -0.001983642578125, 0.0859375, 0.04443359375, -0.00213623046875, 0.037353515625, 0.0186767578125, -0.0033416748046875, 0.0361328125, 0.0269775390625, 0.0023345947265625, 0.005218505859375, -0.029296875, 0.0625, -0.04150390625, -0.032958984375, -0.08154296875, -0.0203857421875, -0.0135498046875, -0.0654296875, 0.03466796875, 0.019775390625, 0.05078125, 0.040771484375, -0.0042724609375, -0.03662109375, -0.0162353515625, 0.00970458984375, -0.0062255859375, 0.008056640625, -0.004058837890625, 0.0299072265625, 0.0189208984375, -0.001068115234375, 0.01031494140625, -0.014404296875, -0.005950927734375, 0.0235595703125, -0.01806640625, 0.004547119140625, 0.0089111328125, -0.021240234375, -0.0703125, -0.0048828125, 0.01239013671875, 0.00457763671875, 0.006011962890625, 0.06787109375, 0.019287109375, -0.06396484375, -0.043212890625, 0.031982421875, -0.0125732421875, -0.01422119140625, -0.0281982421875, 0.0052490234375, 0.0146484375, -0.0269775390625, -0.0361328125, 0.03076171875, 0.0130615234375, 0.00531005859375, -0.017578125, -0.015625, -0.007049560546875, 0.01470947265625, 0.0057373046875, -0.0225830078125, -0.0087890625, -0.00933837890625, -0.0216064453125, 0.0228271484375, -0.054931640625, 0.04443359375, 0.027587890625, -0.05322265625, -0.028564453125, 0.01312255859375, -0.0693359375, 0.057861328125, -0.02294921875, -0.0262451171875, -0.05029296875, -0.00958251953125, -0.0216064453125, -0.00091552734375, -0.0225830078125, 0.0096435546875, -0.0235595703125, -0.032470703125, -0.005767822265625, 0.0028839111328125, -0.035400390625, 0.0006561279296875, 0.0126953125, -0.055419921875, 0.00021076202392578125, -0.02294921875, -0.027099609375, -0.0216064453125, -0.0654296875, -0.0036163330078125, -0.038330078125, -0.01953125, -0.0673828125, 0.017333984375, -0.0220947265625, 0.046875, 0.020751953125, 0.0361328125, 0.010986328125, 0.01385498046875, 0.022216796875, 0.029541015625, 0.024658203125, -0.01556396484375, 0.040771484375, 0.047119140625, -0.039794921875, 0.00119781494140625, -0.0264892578125, 0.00176239013671875, 0.0654296875, -0.027587890625, -0.005035400390625, 0.036865234375, 0.0133056640625, 0.0125732421875, 0.0269775390625, -0.032958984375, -0.0693359375, 0.01495361328125, -0.05859375, 0.01220703125, -0.0146484375, 0.003326416015625, -0.0238037109375, -0.0089111328125, -0.031494140625, -0.0274658203125, -0.0179443359375, -0.020751953125, 0.00933837890625, 0.025390625, -0.000827789306640625, 0.007781982421875, -0.0087890625, 0.043212890625, -0.0018157958984375, -0.00262451171875, 0.0390625, 0.0306396484375, 0.0220947265625, -0.0162353515625, -0.0230712890625, -0.01348876953125, 0.00106048583984375, 0.049560546875, 0.0034332275390625, -0.00286865234375, 0.029052734375, 0.0196533203125, -0.00726318359375, 0.0238037109375, 0.00750732421875, -0.0057373046875, -0.01806640625, -0.0159912109375, 0.031494140625, -0.0189208984375, 0.00262451171875, -0.04345703125, -0.0203857421875, 0.0302734375, 0.04931640625, 0.012939453125, -0.00099945068359375, 0.005706787109375, 0.00104522705078125, 0.040283203125, -0.01519775390625, 0.027099609375, 0.01123046875, -0.0103759765625, -0.03564453125, 0.04296875, 0.007232666015625, -0.00738525390625, 0.0064697265625, -0.041259765625, -0.005950927734375, -0.01708984375, -0.0458984375, -0.03173828125, -0.00677490234375, 0.030029296875, -0.0020751953125, -0.00634765625, -0.01190185546875, -0.04443359375, -0.046875, -0.002166748046875, -0.0076904296875, 0.00811767578125, 0.01019287109375, -0.014404296875, -0.07568359375, -0.029541015625, -0.019287109375, 0.01214599609375, 0.01214599609375, 0.0238037109375, -0.0189208984375, 0.024658203125, -0.0303955078125, 0.0306396484375, -0.0234375, 0.0294189453125, 0.01495361328125, -0.0125732421875, 0.05126953125, 0.006927490234375, -0.0284423828125, 0.00726318359375, 0.03662109375, 0.06591796875, 0.042236328125, -0.00457763671875, 0.0164794921875, -0.025146484375, 0.0203857421875, -0.0262451171875, -0.0107421875, -0.035888671875, -0.0096435546875, 0.0281982421875, 0.050537109375, -0.0244140625, 0.03271484375, 0.01177978515625, -0.03662109375, 0.0289306640625, -0.0299072265625, 0.020751953125, -0.028076171875, 0.01324462890625, -0.0228271484375, -0.00518798828125, 0.004547119140625, 0.0419921875, -0.017578125, -0.032958984375, -0.0074462890625, -0.002777099609375, 0.005157470703125, -0.0189208984375, -0.0177001953125, 0.0654296875, -0.06005859375, 0.00106048583984375, -0.0013885498046875, 0.007476806640625, -0.043212890625, 0.03369140625, 0.0034027099609375, 0.029052734375, 0.0201416015625, -0.004150390625, -0.00689697265625, -0.020751953125, 