{"movie": "wwdc2025", "offset": 218, "text_offset": 200, "embedding": [0.038330078125, -0.035888671875, 0.0223388671875, -0.0123291015625, -0.05126953125, -0.037353515625, -0.040771484375, -0.0263671875, 0.00640869140625, 0.0390625, -0.00750732421875, -0.048095703125, -0.050537109375, -0.029541015625, -0.00439453125, -0.01116943359375, 0.004608154296875, 0.0296630859375, 0.05859375, 0.00982666015625, 0.00531005859375, 0.003448486328125, 0.021240234375, 0.040771484375, 0.04541015625, -0.0478515625, -0.031494140625, -0.03857421875, 0.03271484375, -0.0341796875, 0.00077056884765625, -0.044189453125, 0.06494140625, 0.00628662109375, 0.005401611328125, -0.0086669921875, 0.0081787109375, 0.017578125, -0.05517578125, 0.024658203125, 0.00182342529296875, 0.0279541015625, 0.0067138671875, -0.015625, 0.019775390625, 0.00482177734375, -0.0291748046875, -0.04150390625, 0.04638671875, 0.04931640625, -0.0184326171875, 0.0125732421875, 0.01080322265625, -0.054931640625, 0.006591796875, -0.0308837890625, -0.01507568359375, 0.00518798828125, 0.01361083984375, -0.02099609375, -0.0025787353515625, 0.025634765625, -0.031982421875, -0.01092529296875, -0.017333984375, 0.00010347366333007812, 0.027099609375, -0.021240234375, -0.0027618408203125, -0.0301513671875, -0.0042724609375, -0.0205078125, -0.0089111328125, -0.0322265625, -0.0220947265625, -0.034423828125, 0.003692626953125, -0.0291748046875, -0.0157470703125, 0.0152587890625, -0.004547119140625, 0.0234375, -0.044677734375, 0.005401611328125, 0.00872802734375, -0.005523681640625, 0.0115966796875, 0.012939453125, 0.0022735595703125, -0.0196533203125, -0.017822265625, 0.060791015625, -0.00189971923828125, 0.02880859375, -0.012939453125, -0.064453125, 0.0030975341796875, -0.042724609375, -0.019287109375, 0.037841796875, 0.055419921875, 0.0032806396484375, -0.01177978515625, -0.036865234375, -0.03515625, -0.05615234375, 0.03515625, 0.0031585693359375, 0.0152587890625, 0.021484375, -0.008544921875, -0.04150390625, -0.053466796875, -0.01275634765625, -0.041259765625, 0.0218505859375, 0.0299072265625, 0.0172119140625, 0.06298828125, 0.0169677734375, -0.03466796875, -0.058349609375, -0.0255126953125, -0.0625, 0.0152587890625, 0.0284423828125, 0.0235595703125, 0.04052734375, 0.0390625, 0.037109375, -0.00020599365234375, 0.0223388671875, 0.01092529296875, 0.02880859375, -0.060302734375, -0.042236328125, -0.0032806396484375, 0.00933837890625, -0.06689453125, 0.00970458984375, 0.04541015625, 0.00250244140625, -0.049560546875, 0.032958984375, -0.02587890625, -0.025634765625, 0.049560546875, 0.004638671875, -0.029296875, -0.006927490234375, 0.0003871917724609375, -0.03857421875, 0.00142669677734375, 0.1220703125, 0.01275634765625, 0.06640625, -0.0140380859375, 0.0157470703125, 0.005096435546875, -0.0390625, 0.038818359375, -0.06005859375, -0.03369140625, 0.0031280517578125, 0.0244140625, 0.0216064453125, 0.039306640625, 0.05029296875, -0.021484375, -0.006072998046875, -0.01422119140625, 0.01275634765625, 0.01123046875, -0.001007080078125, 0.00139617919921875, 0.0242919921875, 0.005401611328125, 0.00567626953125, -0.00567626953125, -0.0223388671875, 0.033935546875, -0.025146484375, -0.033935546875, 0.0224609375, 0.01092529296875, 0.0040283203125, 0.0286865234375, 0.0308837890625, -0.0390625, 0.03955078125, 0.005950927734375, 0.002899169921875, 0.0081787109375, -0.020263671875, 0.043212890625, -0.031494140625, 0.0303955078125, 0.01324462890625, 0.0211181640625, 0.07421875, 0.0125732421875, 0.040771484375, -0.0296630859375, 0.0191650390625, -0.01336669921875, 0.037353515625, -0.027099609375, 0.0029296875, -0.001251220703125, 0.00567626953125, -0.033935546875, -0.006927490234375, 0.033935546875, -0.02099609375, -0.0086669921875, -0.0419921875, 0.058349609375, 0.00982666015625, 0.0223388671875, 0.022705078125, -0.0240478515625, -0.0247802734375, 0.0211181640625, -0.059326171875, -0.043212890625, 0.0123291015625, 0.00970458984375, 0.0234375, 0.080078125, 0.033447265625, 0.003753662109375, 0.0419921875, 0.01104736328125, -0.00909423828125, 0.007781982421875, 0.01251220703125, 0.00677490234375, 0.0004673004150390625, -0.0299072265625, 0.054931640625, -0.00323486328125, -0.00567626953125, -0.04150390625, 0.058349609375, -0.0016021728515625, -0.01422119140625, 0.0189208984375, -0.0244140625, 0.010009765625, 0.005096435546875, -0.04296875, -0.00433349609375, 0.056884765625, -0.05908203125, -0.044189453125, 0.04541015625, 0.0147705078125, -0.016357421875, 0.0194091796875, -0.056640625, -0.033447265625, 0.0016937255859375, -0.0220947265625, -0.0289306640625, 0.00098419189453125, -0.021240234375, -0.043212890625, 0.056640625, -0.058349609375, 0.016845703125, 0.05419921875, -0.0223388671875, 0.0390625, 0.044189453125, -0.006103515625, -0.05126953125, -0.043701171875, -0.00811767578125, -0.0196533203125, 0.000606536865234375, -0.0111083984375, -0.008056640625, 0.006256103515625, 0.006195068359375, 0.02392578125, -0.0242919921875, -0.0172119140625, -0.0067138671875, -0.029296875, -0.0263671875, 0.01385498046875, -0.0194091796875, 0.038330078125, -0.01953125, -0.060302734375, 0.0162353515625, -0.0263671875, 0.04150390625, -0.035400390625, -0.0272216796875, -0.03466796875, -0.0283203125, 0.030029296875, 0.00072479248046875, -0.025634765625, 0.056884765625, -0.00506591796875, 0.01123046875, 0.007720947265625, -0.01422119140625, -0.019287109375, -0.036376953125, -0.023193359375, 0.0235595703125, 0.022705078125, -0.01611328125, -0.0191650390625, -0.07373046875, 0.049560546875, 0.0218505859375, 0.0240478515625, -0.0150146484375, 0.01092529296875, 0.05126953125, 0.0034637451171875, -0.0093994140625, -0.048583984375, -0.005340576171875, -0.0205078125, -0.06396484375, -0.0146484375, 0.029296875, 0.022705078125, -0.005462646484375, -0.01318359375, 0.01123046875, -0.036376953125, -0.01397705078125, 0.021484375, 0.029541015625, 0.01373291015625, -0.005126953125, 0.0184326171875, 0.01239013671875, -0.0478515625, 0.01300048828125, 0.0072021484375, 0.00482177734375, 0.01239013671875, 0.002532958984375, 0.01422119140625, -0.0181884765625, -0.031494140625, 0.0150146484375, 0.0113525390625, 0.00970458984375, -0.03076171875, -0.00188446044921875, -0.03271484375, -0.01495361328125, 0.0537109375, -0.030029296875, -0.01190185546875, -0.033935546875, 0.033935546875, 0.0289306640625, -0.004669189453125, -0.0098876953125, -0.01422119140625, -0.0107421875, 0.0157470703125, 0.00147247314453125, 0.01385498046875, 0.0244140625, 0.05615234375, -0.00433349609375, -0.04541015625, 0.006195068359375, -0.0286865234375, 0.01104736328125, -0.03857421875, 0.0234375, 0.01385498046875, 0.016357421875, 0.000278472900390625, -0.05126953125, 0.015380859375, -0.010009765625, -0.005859375, -0.03515625, -0.03759765625, 0.036376953125, 0.0277099609375, -0.038330078125, 0.007232666015625, -0.0286865234375, -0.031982421875, 0.01080322265625, -0.0196533203125, 0.01055908203125, 0.004852294921875, -0.0157470703125, -0.01141357421875, 0.006988525390625, -0.00201416015625, 0.059326171875, 0.005584716796875, 0.01507568359375, 0.0419921875, 0.0022735595703125, -0.0260009765625, -0.0244140625, -0.0150146484375, -0.01519775390625, -0.028076171875, 0.017822265625, 0.046875, 0.03515625, -0.00147247314453125, 0.048095703125, 0.04638671875, -0.01239013671875, 0.0244140625, 0.00014972686767578125, -0.0174560546875, -0.052734375, -0.03271484375, -0.038818359375, -0.037841796875, 0.01019287109375, 0.044921875, 0.050048828125, 0.0018768310546875, -0.0186767578125, -0.0137939453125, -0.0194091796875, -0.049560546875, 0.0140380859375, 0.006927490234375, -0.025634765625, 0.029541015625, -0.007110595703125, -0.09228515625, 0.00171661376953125, -0.01190185546875, 0.042236328125, -0.0169677734375, 0.046142578125, 0.0167236328125, 0.0693359375, -0.0150146484375, 0.006195068359375, 0.08740234375, 0.0185546875, -0.009765625, 0.05517578125, -0.0059814453125, -0.000667572021484375, -0.080078125, 0.00885009765625, -0.002838134765625, -0.01373291015625, -0.00909423828125, 0.0152587890625, 0.05859375, -0.0703125, 