{"movie": "wwdc2025", "offset": 292, "text_offset": 280, "embedding": [0.0157470703125, 0.01324462890625, 0.0091552734375, 0.04150390625, -0.0247802734375, -0.00982666015625, -0.01019287109375, -0.0096435546875, 0.004425048828125, 0.057861328125, 0.04052734375, 0.0206298828125, -0.0198974609375, -0.09375, -0.018798828125, -0.005126953125, -0.007659912109375, -0.0233154296875, -0.0299072265625, 0.01416015625, 0.018798828125, -0.0224609375, -0.0255126953125, -0.028076171875, -0.0185546875, -0.00640869140625, -0.026123046875, -0.025146484375, -0.003448486328125, -0.0419921875, -0.01446533203125, -0.051513671875, 0.042236328125, 0.01513671875, -0.0198974609375, 0.00170135498046875, 0.03076171875, 0.0021820068359375, -0.0302734375, -0.006866455078125, -0.0299072265625, 0.0076904296875, -0.005584716796875, -0.05126953125, 2.491474151611328e-05, -0.0147705078125, -0.056640625, -0.04443359375, 0.01470947265625, 0.040283203125, 0.0025787353515625, 0.0302734375, 0.000606536865234375, -0.013916015625, -0.04296875, 0.03662109375, -0.007232666015625, -0.01141357421875, -0.035400390625, -0.03173828125, -0.00823974609375, -0.034912109375, -0.0128173828125, 0.01312255859375, -0.053466796875, 0.0228271484375, 0.026123046875, -0.026123046875, -0.031982421875, 0.0031890869140625, -0.0634765625, -0.029296875, -0.02099609375, -0.0380859375, 0.0189208984375, 0.011474609375, 0.0361328125, -0.080078125, -0.04638671875, 0.0556640625, -0.037353515625, 0.033447265625, -0.00946044921875, -0.0015716552734375, -0.01275634765625, -0.015380859375, 0.0205078125, -0.0216064453125, -0.003265380859375, -0.000347137451171875, -0.003448486328125, 0.039306640625, -0.01324462890625, -0.0189208984375, -0.047607421875, -0.029296875, -0.011962890625, -0.059814453125, -0.0159912109375, 0.004241943359375, -0.00238037109375, -0.0081787109375, -0.0341796875, -0.0218505859375, 0.0025177001953125, -0.0167236328125, -0.01007080078125, 0.015380859375, 0.01116943359375, 0.01116943359375, -0.02001953125, -0.03662109375, -0.061767578125, 0.01275634765625, -0.03564453125, 0.032470703125, 0.025634765625, -0.0301513671875, 0.0201416015625, 0.00408935546875, -0.03759765625, 0.000652313232421875, -0.0167236328125, 0.00958251953125, 0.0086669921875, 0.0361328125, 0.029541015625, 0.041748046875, 0.03662109375, 0.01708984375, 0.00787353515625, -0.03662109375, 0.035400390625, 0.0130615234375, -0.072265625, 0.0166015625, 0.0027923583984375, -0.0576171875, -0.046630859375, -0.0137939453125, 0.002960205078125, 0.006072998046875, -0.0361328125, -0.01055908203125, 0.00616455078125, -0.041015625, 0.043701171875, 0.01446533203125, -0.01312255859375, 0.01361083984375, 0.00439453125, -0.033447265625, -0.07666015625, 0.0439453125, 0.0120849609375, 0.0203857421875, 0.0218505859375, -0.01336669921875, -0.057861328125, -0.0400390625, 0.02783203125, -0.0274658203125, -0.0267333984375, -0.009033203125, 0.07421875, -0.023681640625, -0.050048828125, 0.043701171875, -0.04443359375, -0.0244140625, -0.07763671875, 0.0341796875, -0.00823974609375, 0.0234375, -0.0238037109375, -0.01336669921875, -0.041748046875, 0.0069580078125, -0.006622314453125, -0.01806640625, -0.027099609375, 0.01397705078125, 0.0576171875, -0.0089111328125, 0.00156402587890625, -0.00665283203125, -0.0034942626953125, 0.032958984375, 0.0164794921875, 0.0177001953125, 0.006561279296875, 0.01214599609375, -0.01416015625, 0.0322265625, -0.018310546875, -0.027099609375, 0.03515625, -0.0140380859375, 0.05517578125, 0.076171875, -0.00830078125, 0.06640625, -0.010986328125, 0.040771484375, -0.003570556640625, 0.01214599609375, -0.031982421875, 0.022216796875, -0.0189208984375, -0.01141357421875, -0.005126953125, 0.0023651123046875, 0.033935546875, -0.01043701171875, -0.00131988525390625, -0.0216064453125, -0.01055908203125, 0.034912109375, 0.06982421875, 0.0174560546875, -0.0255126953125, -0.01495361328125, 0.0201416015625, -0.000732421875, -0.018310546875, -0.0233154296875, 0.0034332275390625, 0.03662109375, 0.05810546875, 0.01019287109375, 0.0167236328125, 0.01141357421875, -0.042724609375, 0.050048828125, -0.009033203125, 0.022216796875, 0.018310546875, 0.0205078125, -0.0228271484375, 0.03173828125, 0.056884765625, -0.03515625, -0.051513671875, 0.033935546875, -0.025146484375, -0.043212890625, -0.02197265625, 0.018798828125, 0.05126953125, -0.01031494140625, 0.0247802734375, -0.0123291015625, -0.072265625, -0.07080078125, -0.06298828125, 0.0262451171875, -0.02783203125, 0.00836181640625, 0.03759765625, 0.0157470703125, 0.03564453125, 0.01019287109375, 0.0267333984375, -0.03662109375, 0.0164794921875, 0.017333984375, -0.00885009765625, 0.0087890625, -0.055908203125, 0.01470947265625, 0.0380859375, -0.0004673004150390625, -0.07470703125, 0.026123046875, -0.0103759765625, -0.0111083984375, -0.06982421875, 0.0228271484375, -0.0439453125, -0.010986328125, 0.00933837890625, -0.015869140625, 0.00592041015625, -0.025146484375, -0.0038299560546875, 0.01007080078125, 0.01043701171875, -0.03076171875, -0.047607421875, -0.051025390625, 0.032470703125, -0.046630859375, 0.0439453125, -0.0135498046875, -0.019287109375, -0.0024261474609375, -0.0228271484375, 0.01519775390625, -0.037841796875, -0.025146484375, -0.0771484375, -0.02880859375, 0.0003204345703125, -0.0081787109375, 0.01336669921875, 0.02392578125, 0.034912109375, -0.0400390625, -0.000347137451171875, 0.0159912109375, -0.0072021484375, 0.011474609375, -0.0130615234375, 0.04541015625, -9.489059448242188e-05, -0.01361083984375, 0.000301361083984375, -0.040771484375, 0.00518798828125, 0.024169921875, -0.0654296875, -0.0111083984375, 0.0322265625, 0.044921875, 0.000629425048828125, -0.022216796875, -0.034912109375, -0.053466796875, -0.0196533203125, -0.054931640625, 0.0072021484375, -0.02978515625, -0.02783203125, 0.0057373046875, -0.03662109375, 0.039306640625, -0.03076171875, -0.06787109375, 0.006378173828125, 0.0299072265625, 0.0032806396484375, -0.042236328125, 0.004364013671875, -0.00299072265625, -0.0174560546875, -0.021484375, 0.0361328125, -0.00347900390625, -0.026611328125, 0.06982421875, -0.02294921875, -0.0303955078125, -0.0137939453125, 0.03076171875, -0.018310546875, -0.0111083984375, -0.05224609375, 0.08740234375, -0.083984375, 0.00836181640625, -0.0087890625, -0.02978515625, 0.025146484375, 0.006744384765625, 0.00555419921875, 0.00982666015625, -0.040283203125, -0.0081787109375, -0.03125, -0.0069580078125, 0.052001953125, 0.0137939453125, -0.005828857421875, -0.055908203125, -0.021484375, -0.01373291015625, 0.0274658203125, -0.00823974609375, -0.0196533203125, -0.03515625, -0.023193359375, 0.0086669921875, -0.005828857421875, -0.05322265625, -0.0020599365234375, 0.000644683837890625, -0.04736328125, -0.06396484375, -0.03271484375, 0.006256103515625, -0.0146484375, 0.0014801025390625, 0.052490234375, -0.0017547607421875, 0.01361083984375, -0.0018463134765625, -0.03759765625, 0.03173828125, 0.024169921875, -0.00592041015625, 0.0013427734375, 0.0166015625, -0.0093994140625, 0.001495361328125, -0.01806640625, 0.06884765625, -0.00445556640625, 0.0140380859375, 0.0198974609375, -0.009033203125, -0.0084228515625, 0.061767578125, -0.028076171875, -0.034423828125, -0.031494140625, -0.008056640625, -0.028076171875, 0.0274658203125, -0.0027923583984375, 0.01055908203125, 0.039306640625, -0.0125732421875, 0.022216796875, 0.05224609375, 0.0186767578125, 0.0023345947265625, -0.0262451171875, -0.013916015625, -0.046875, -0.0211181640625, 0.0174560546875, -0.00238037109375, 0.0306396484375, -0.0257568359375, 0.02294921875, 0.000804901123046875, 0.001922607421875, -0.004058837890625, -0.001495361328125, 0.01513671875, 0.02880859375, 0.010009765625, -0.0654296875, -0.00238037109375, 0.00579833984375, 0.0419921875, 0.01190185546875, 0.0223388671875, -0.01171875, 0.00933837890625, -0.051513671875, 0.0057373046875, 0.0771484375, 0.0322265625, 0.00970458984375, -0.01519775390625, -0.01708984375, -0.01068115234375, -0.055908203125, 0.03662109375, 0.01031494140625, 0.016357421875, -0.0257568359375, -0.0118408203125, 