{"movie": "wwdc2025", "offset": 356, "text_offset": 340, "embedding": [0.054443359375, -0.0654296875, 0.007537841796875, 0.0498046875, -0.0111083984375, -0.008056640625, 0.041015625, 0.00836181640625, -0.036865234375, 0.03662109375, 0.0225830078125, 0.003753662109375, -0.0022125244140625, -0.035888671875, 0.01263427734375, -0.006103515625, 0.00135040283203125, -0.021484375, -0.003692626953125, 0.041015625, 0.060302734375, 0.0036163330078125, -0.0205078125, 0.005828857421875, 0.009033203125, -0.030517578125, -0.01104736328125, -0.05126953125, -0.0098876953125, -0.033935546875, 0.03759765625, -0.0390625, 0.052001953125, -0.020263671875, 0.033935546875, -0.022216796875, 0.01318359375, 0.04736328125, 0.003936767578125, -0.0303955078125, -0.00518798828125, -0.01361083984375, -0.0106201171875, -0.07470703125, -0.0067138671875, -0.01324462890625, -0.0026092529296875, -0.006011962890625, -0.030517578125, -0.005859375, 0.05126953125, -0.05322265625, 0.0223388671875, 0.0157470703125, -0.0240478515625, 0.03466796875, 0.01171875, 0.0223388671875, 0.01300048828125, -0.03466796875, 0.00153350830078125, -0.041748046875, -0.043701171875, 0.015869140625, 0.0067138671875, -0.0169677734375, 0.00653076171875, -0.0162353515625, -0.026611328125, -0.01025390625, -0.0012664794921875, 0.06640625, 0.0213623046875, -0.0133056640625, -0.033935546875, 0.04931640625, 0.043212890625, -0.0040283203125, 0.039306640625, -0.0062255859375, -0.0003814697265625, 0.0223388671875, 0.06591796875, -0.01422119140625, 0.0101318359375, -0.0301513671875, -0.02001953125, -0.0205078125, -0.002960205078125, -0.01263427734375, 0.007537841796875, 0.01068115234375, -0.0093994140625, 0.0220947265625, 0.004608154296875, 0.0380859375, -0.053955078125, -0.00390625, 0.033447265625, 0.0277099609375, 0.03466796875, -0.01104736328125, -0.033203125, 0.0157470703125, -0.000904083251953125, -0.0284423828125, 0.0093994140625, 0.039306640625, 0.0213623046875, 0.0164794921875, -0.0032501220703125, -0.0233154296875, -0.00885009765625, 0.021484375, -0.00555419921875, 0.028564453125, 0.003997802734375, 0.03076171875, 0.0458984375, -0.00537109375, 0.0027923583984375, -0.0289306640625, 0.0205078125, 0.01080322265625, 0.03466796875, -0.0140380859375, 0.032958984375, 0.01507568359375, -0.0888671875, 0.025634765625, -0.041748046875, -0.0498046875, 0.038330078125, -0.021240234375, -0.056884765625, 0.004669189453125, 0.052978515625, -0.01153564453125, -0.03662109375, -0.009765625, 0.021728515625, 0.0003662109375, 0.009521484375, 0.00885009765625, -0.004547119140625, -0.014892578125, 0.0419921875, 0.0101318359375, -0.06494140625, -0.035400390625, 0.0296630859375, -0.0250244140625, -0.08544921875, 0.083984375, 0.022216796875, 0.05908203125, -0.013427734375, -0.006988525390625, 0.0076904296875, -0.0101318359375, -0.033935546875, -0.041015625, 0.009033203125, -0.0245361328125, 0.02294921875, 0.05517578125, 0.0020599365234375, -0.0057373046875, -0.0634765625, 0.004730224609375, -0.00762939453125, -0.00982666015625, -0.01806640625, 0.029541015625, -0.0093994140625, 0.051513671875, 0.037353515625, -0.044677734375, -0.042724609375, -0.00531005859375, 0.0250244140625, 0.05615234375, -0.02685546875, 0.055908203125, -0.050048828125, -0.0218505859375, -0.00098419189453125, 0.045166015625, -0.0147705078125, 0.029296875, 0.0126953125, 0.01611328125, 0.044921875, 0.041015625, 0.0263671875, -0.032958984375, -0.033447265625, -0.001129150390625, 0.0576171875, 0.060302734375, 0.04736328125, 0.03759765625, -0.0205078125, 0.021484375, 0.05712890625, -0.014404296875, 0.0223388671875, 0.013671875, -0.033203125, -0.009033203125, 0.0130615234375, 0.0279541015625, -0.01458740234375, 0.0301513671875, -0.00250244140625, -0.07080078125, -0.011474609375, 0.0634765625, 0.03466796875, 0.045166015625, 0.043212890625, 0.0205078125, -0.03955078125, 0.014404296875, -0.031982421875, -0.03076171875, 0.027587890625, 0.001922607421875, 0.0634765625, -0.0390625, 0.03466796875, 0.0205078125, -0.009033203125, 0.03759765625, -0.004547119140625, 0.01171875, 0.041015625, -0.0308837890625, -0.05322265625, 0.047607421875, 0.018798828125, 0.01953125, 0.03857421875, 0.028076171875, -0.004241943359375, -0.0225830078125, 0.0289306640625, -0.00433349609375, 0.019287109375, 0.03466796875, -0.0263671875, 0.03759765625, 0.045654296875, 0.0076904296875, 0.01483154296875, 0.0546875, 0.017578125, -0.032470703125, -0.052001953125, 0.04736328125, 0.048828125, -0.02978515625, -0.0177001953125, 0.0166015625, 0.006439208984375, 0.01397705078125, -0.034423828125, -0.0152587890625, -0.01141357421875, 0.05078125, 0.06591796875, -0.01025390625, -0.046142578125, -0.0576171875, -0.01708984375, -0.015625, -0.04833984375, -0.044677734375, -0.0169677734375, 0.0107421875, -0.04150390625, -0.00494384765625, -0.03515625, 0.006988525390625, 0.02734375, 0.038330078125, 0.0024871826171875, -0.0615234375, -0.028076171875, 0.0011138916015625, 0.03515625, 0.000331878662109375, 0.0169677734375, 0.043212890625, 0.007537841796875, 0.052001953125, -0.05859375, 0.01202392578125, -0.0174560546875, -0.03173828125, -0.0810546875, 0.0072021484375, 0.0546875, 0.06103515625, -0.0107421875, 0.0029144287109375, 0.0140380859375, -0.020263671875, 0.0301513671875, -0.0169677734375, -0.002960205078125, -0.006256103515625, 0.046142578125, 0.026611328125, 0.00083160400390625, 0.0390625, -0.0263671875, -0.010498046875, 0.032470703125, -0.03271484375, 0.006256103515625, -0.00714111328125, 0.016357421875, 0.0108642578125, -0.033447265625, -0.021484375, -0.0150146484375, 0.00433349609375, -0.0458984375, -0.00958251953125, 0.00616455078125, -0.057861328125, -0.0252685546875, -0.004791259765625, -0.01904296875, -0.06787109375, -0.0634765625, -0.048828125, 0.0146484375, 0.0018310546875, 0.033447265625, -0.046875, 0.0142822265625, 0.0162353515625, -0.00836181640625, -0.0037078857421875, 0.064453125, 0.00075531005859375, -0.010009765625, -0.036865234375, -0.02490234375, -0.01251220703125, -0.0308837890625, -0.014404296875, -0.026611328125, -0.023681640625, -0.0213623046875, 0.044677734375, -0.06591796875, 0.056884765625, -0.01129150390625, 0.0220947265625, 0.000949859619140625, -0.0205078125, 0.00384521484375, 0.0068359375, -0.02294921875, 0.01165771484375, -0.01080322265625, 0.00128173828125, 0.09326171875, -0.00104522705078125, -0.0240478515625, 0.007110595703125, -0.035400390625, -0.0031585693359375, 0.00116729736328125, 0.0301513671875, -0.0250244140625, 0.028564453125, -0.04833984375, 0.037841796875, 0.0098876953125, -0.00136566162109375, -0.01251220703125, 0.0238037109375, -0.0198974609375, -0.033935546875, -0.00616455078125, -0.029541015625, -0.0791015625, -0.02685546875, 0.0291748046875, -0.058349609375, 0.0257568359375, -0.05078125, -0.06640625, 0.0308837890625, 0.056884765625, -1.7881393432617188e-06, -0.0091552734375, 0.005523681640625, -0.0673828125, -0.06494140625, -0.011474609375, 0.002960205078125, 0.0047607421875, -0.0024871826171875, -0.0025634765625, -0.01361083984375, -0.032470703125, 0.036865234375, -0.0086669921875, -0.041015625, -0.00921630859375, -0.024169921875, 0.01611328125, 0.036376953125, -0.011474609375, 0.0164794921875, 0.0260009765625, 0.002410888671875, -0.010009765625, 0.0634765625, -0.036865234375, 0.000766754150390625, -0.033935546875, -0.046630859375, -0.07470703125, -0.01318359375, 0.0142822265625, -0.0419921875, 0.006103515625, -0.00750732421875, 0.01068115234375, -0.004302978515625, 0.0458984375, 0.016845703125, -0.035400390625, 0.0126953125, -0.0078125, -0.0279541015625, -0.05908203125, 0.07666015625, -0.0234375, 0.044189453125, -0.04296875, 0.011474609375, -0.0169677734375, 0.0390625, 0.0218505859375, 0.048828125, 0.0250244140625, 0.0230712890625, 0.00787353515625, 0.0291748046875, -0.048095703125, -0.036376953125, 0.00150299072265625, 0.060302734375, -0.028564453125, 0.02880859375, 0.0498046875, 0.0074462890625, 0.0303955078125, -0.0400390625, 0.04736328125, -0.054443359375, -0.013671875, -0.041015625, -0.0032196044921875, 0.00830078125, -0.05615234375, 0.0198974609375, -0.02978515625, 