{"movie": "tagesschau", "offset": 38, "text_offset": 30, "embedding": [-0.01025390625, -0.009521484375, -0.05126953125, -0.032470703125, -0.031982421875, 0.00872802734375, -0.00299072265625, 0.00640869140625, -0.0419921875, -0.007171630859375, 0.01904296875, 0.0191650390625, -0.00714111328125, -0.054931640625, -0.0279541015625, -0.01043701171875, -0.012939453125, 0.014892578125, 0.00970458984375, -0.038330078125, 0.0166015625, 0.025146484375, 0.05712890625, -0.0213623046875, -0.0250244140625, -0.03466796875, -0.0233154296875, -0.0064697265625, 0.04296875, 0.034912109375, 0.01141357421875, -9.107589721679688e-05, 0.05419921875, 0.00469970703125, -0.034423828125, 0.020263671875, 0.0166015625, -0.0255126953125, 0.04931640625, -0.0034637451171875, -0.051025390625, 0.0341796875, 0.0167236328125, -0.046875, -0.018798828125, -0.025390625, -0.01129150390625, 0.047607421875, 0.055908203125, -0.021484375, -0.04150390625, -0.0269775390625, 0.0263671875, -0.0244140625, -0.0283203125, -0.0126953125, -0.0004138946533203125, 0.020263671875, -0.0302734375, 0.03271484375, -0.03369140625, 0.0064697265625, 0.00121307373046875, -0.0303955078125, 0.0037689208984375, 0.0038909912109375, -0.01483154296875, -0.006866455078125, 0.018310546875, 0.04150390625, 0.0142822265625, -0.0286865234375, -0.0084228515625, -0.038818359375, -0.0027923583984375, -0.021728515625, -0.04248046875, -0.03662109375, 0.0167236328125, 0.024658203125, -0.00970458984375, 0.0223388671875, -0.0311279296875, 0.0205078125, -0.018310546875, -0.033935546875, 0.0108642578125, 0.0224609375, 0.04931640625, 0.026611328125, 0.0101318359375, 0.04443359375, -0.06005859375, -0.0255126953125, 0.00616455078125, -0.04443359375, -0.03173828125, 0.01458740234375, -0.01068115234375, -0.033203125, -0.00518798828125, -0.010986328125, -0.029541015625, -0.0166015625, -0.0263671875, -0.0235595703125, -0.011962890625, -0.0478515625, -0.0130615234375, 0.045654296875, -0.006134033203125, -0.050048828125, 0.048095703125, -0.046875, -0.0026702880859375, -0.0311279296875, 0.0267333984375, 0.032470703125, 0.000720977783203125, 0.049072265625, -0.03662109375, 0.054443359375, 0.01361083984375, 0.0419921875, 0.060791015625, -0.04296875, 0.027099609375, 0.04150390625, 0.00084686279296875, -0.03955078125, -0.003265380859375, 0.01373291015625, 0.0341796875, -0.026123046875, -0.054443359375, -0.006072998046875, -0.00457763671875, -0.029541015625, -0.04296875, 0.039794921875, 0.04345703125, -0.0272216796875, 0.052734375, 0.0087890625, -0.08544921875, -0.01214599609375, 0.0203857421875, -0.0205078125, -0.0089111328125, -0.061767578125, -0.0123291015625, -0.003387451171875, -0.01904296875, 0.01318359375, 0.018310546875, -0.041015625, -0.054931640625, 0.0255126953125, -0.0174560546875, -0.034423828125, -0.0263671875, 0.0093994140625, -0.027099609375, 0.025390625, 0.04150390625, -0.0164794921875, -0.000827789306640625, 0.0380859375, -0.0478515625, -0.09228515625, -0.010986328125, 0.0005340576171875, 0.006622314453125, -0.02978515625, 0.025390625, 0.0159912109375, -0.027099609375, -0.01416015625, -0.0123291015625, -0.0133056640625, 0.029296875, -0.011474609375, -0.0128173828125, -0.03955078125, 0.021484375, 0.046142578125, 0.0255126953125, -0.0002918243408203125, -0.0308837890625, -0.03564453125, 0.025390625, 0.10546875, -0.0228271484375, 0.032958984375, -0.0111083984375, -0.06591796875, -0.037841796875, 0.00084686279296875, 0.0250244140625, 0.01043701171875, -0.046630859375, 0.0274658203125, -0.017822265625, -0.0279541015625, 0.0157470703125, 0.00555419921875, -0.036865234375, 0.001983642578125, 0.0001430511474609375, 0.036865234375, 0.05224609375, 0.00799560546875, -0.01129150390625, 0.01116943359375, -0.06787109375, -0.03564453125, 0.019775390625, 0.05712890625, -0.00055694580078125, -0.016845703125, -0.0615234375, 0.0157470703125, 0.028076171875, 0.027099609375, 0.09716796875, -0.039306640625, 0.005340576171875, 0.0213623046875, 0.039794921875, -0.0101318359375, 0.00396728515625, 0.055908203125, -0.00787353515625, -0.01434326171875, 0.03759765625, 0.01416015625, -0.00811767578125, -0.0264892578125, -0.00193023681640625, -0.003387451171875, -0.051025390625, -0.016357421875, 0.01275634765625, 0.0303955078125, -0.0517578125, 0.0751953125, -0.046630859375, 0.03369140625, -0.02392578125, 0.02099609375, -0.0306396484375, -0.0255126953125, -0.012451171875, -0.02392578125, 0.02490234375, -0.024658203125, -0.015380859375, 0.0123291015625, -0.00064849853515625, 0.0098876953125, 0.02001953125, -0.0103759765625, 0.0240478515625, 0.004547119140625, -0.0291748046875, 0.0439453125, -0.01153564453125, -0.0194091796875, -0.0291748046875, 0.011962890625, 0.0150146484375, 0.056640625, -0.00701904296875, 0.0103759765625, 0.015380859375, -0.004058837890625, 0.01434326171875, -0.010498046875, -0.0028839111328125, 0.00640869140625, 0.04150390625, -0.024658203125, 0.0341796875, 0.0291748046875, -0.0064697265625, -0.0159912109375, -0.03466796875, -0.002532958984375, -0.01116943359375, 0.03515625, -0.017578125, 0.046875, 0.003387451171875, -0.03173828125, -0.0286865234375, -0.002227783203125, -0.0191650390625, -0.004302978515625, -0.02978515625, 0.00531005859375, -0.0230712890625, -0.0240478515625, 0.0296630859375, 0.005645751953125, -0.076171875, -0.0267333984375, 0.032958984375, -0.02294921875, 0.034423828125, 0.046630859375, -0.007568359375, 0.034423828125, 0.01153564453125, 0.040283203125, 0.00677490234375, -0.01129150390625, -0.00531005859375, -0.0108642578125, 0.01116943359375, -0.04052734375, 0.0126953125, -0.0263671875, -0.00518798828125, 0.03076171875, -0.0634765625, 0.0260009765625, 0.004058837890625, -0.041015625, 0.02587890625, 0.00531005859375, 0.0341796875, 0.0103759765625, 0.00714111328125, -0.017578125, -0.045654296875, 0.0498046875, -0.068359375, 0.0038604736328125, 0.01556396484375, 0.0595703125, 0.002197265625, 0.0308837890625, 0.0224609375, 0.04248046875, -0.0172119140625, 0.0595703125, 0.06884765625, -0.000514984130859375, 0.0126953125, 0.06396484375, 0.015869140625, -0.059326171875, 0.025146484375, 0.0303955078125, -0.05712890625, -0.016845703125, -0.02197265625, 0.048583984375, -0.0223388671875, 0.01385498046875, 0.00016307830810546875, 0.07275390625, 0.040771484375, -0.0255126953125, -0.0034942626953125, 0.00176239013671875, -0.0361328125, -0.01904296875, -0.00179290771484375, -0.0184326171875, 0.0059814453125, 0.01544189453125, 0.038818359375, 0.043701171875, -0.019775390625, 0.01318359375, 0.00811767578125, 0.04296875, -0.0128173828125, 0.032470703125, -0.0302734375, -0.00799560546875, -0.0615234375, -0.0086669921875, -0.0712890625, 0.046630859375, -0.032958984375, -0.044921875, -0.003753662109375, 0.0260009765625, -0.05810546875, 0.0004558563232421875, -0.0181884765625, -0.005889892578125, -0.055908203125, 0.0166015625, 0.00830078125, -0.01397705078125, -0.0196533203125, 0.04248046875, 0.00970458984375, 0.0228271484375, -0.0228271484375, 0.015380859375, 0.0286865234375, 0.021484375, 0.0205078125, -0.018798828125, 0.037353515625, 0.01019287109375, -0.044921875, 0.042724609375, -0.0311279296875, -0.0074462890625, 0.000514984130859375, -0.05419921875, -0.0230712890625, 0.057373046875, 0.018798828125, -0.01397705078125, 0.000629425048828125, -0.044921875, -0.00714111328125, 0.0101318359375, 0.0201416015625, -0.04931640625, -0.032470703125, -0.00148773193359375, -0.022216796875, 0.0142822265625, -0.03564453125, -0.062255859375, -0.031982421875, -0.004974365234375, -0.01123046875, 0.0184326171875, -0.0308837890625, -0.0260009765625, -0.01708984375, 0.036376953125, 0.0166015625, -0.05419921875, -0.07275390625, -0.039306640625, -0.0260009765625, 0.001617431640625, 0.025390625, -0.0006256103515625, -0.03955078125, 0.019775390625, 0.034912109375, 0.03955078125, -0.00927734375, 0.0419921875, 0.0361328125, -0.0106201171875, -0.0361328125, -0.0322265625, -0.0024261474609375, -0.03271484375, -0.0135498046875, 0.0244140625, 0.032470703125, -0.0703125, 0.0108642578125, -0.0302734375, 0.04931640625, 0.005950927734375, -0.026611328125, -0.0194091796875, 