{"movie": "tagesschau", "offset": 4, "text_offset": 0, "embedding": [0.01123046875, -0.0010986328125, 0.0174560546875, 0.00653076171875, -0.026123046875, 0.006011962890625, 0.0009002685546875, -0.0162353515625, -0.036376953125, 0.0244140625, -0.02880859375, 0.0009002685546875, 0.0157470703125, -0.0164794921875, -0.006439208984375, -0.01611328125, 0.000598907470703125, 0.045654296875, 0.028564453125, -0.00150299072265625, 0.0284423828125, 0.06640625, 0.02197265625, 0.00274658203125, 0.0859375, 0.0234375, -0.04052734375, -0.01708984375, -0.034912109375, -0.003875732421875, -0.00360107421875, -0.0230712890625, -0.000823974609375, -0.01251220703125, 0.0038604736328125, 0.0267333984375, 0.038330078125, 0.05126953125, -0.007110595703125, 0.0595703125, -0.015869140625, 0.003814697265625, -0.05078125, -0.03515625, 0.030517578125, -0.010498046875, -0.0419921875, 0.0240478515625, 0.01446533203125, 0.030517578125, 0.09228515625, 0.01507568359375, -0.0079345703125, -0.0322265625, -0.0026092529296875, -0.026123046875, -0.0264892578125, -0.004364013671875, 0.048583984375, -0.001068115234375, -0.008056640625, -0.03466796875, 0.027099609375, 0.0810546875, 0.018798828125, -0.0244140625, -0.006256103515625, -0.014404296875, -0.0013580322265625, -0.0439453125, -0.045654296875, -0.03662109375, -0.033203125, -0.032958984375, -0.0035552978515625, -0.0191650390625, -0.021240234375, 0.018798828125, -0.010498046875, -0.01220703125, -0.00396728515625, -0.03955078125, 0.0184326171875, -0.048828125, -0.008056640625, -0.0439453125, -0.00543212890625, -0.02001953125, 0.000606536865234375, -0.05224609375, -0.0203857421875, 0.0108642578125, -0.072265625, -0.0166015625, -0.038330078125, -0.037353515625, -0.00653076171875, -0.058837890625, 0.004150390625, -0.005859375, 0.01708984375, 0.00653076171875, -0.025390625, 0.0224609375, 0.0152587890625, 0.0228271484375, -0.04248046875, 0.01953125, 0.00531005859375, 0.0174560546875, -0.04345703125, -0.001312255859375, 0.0052490234375, -0.01409912109375, -0.052978515625, 0.021240234375, -0.0439453125, 0.00238037109375, 0.01373291015625, -0.0242919921875, -0.0167236328125, 0.0157470703125, 0.0216064453125, 0.022705078125, -0.0225830078125, 0.013671875, 0.025634765625, -0.01708984375, -0.04296875, 0.045166015625, 0.00537109375, 0.0263671875, 0.004852294921875, 0.055419921875, -0.060546875, 0.020263671875, -0.01373291015625, 0.0174560546875, -0.068359375, -0.00262451171875, 0.01507568359375, -0.0130615234375, 0.039794921875, 0.00176239013671875, -0.055419921875, -0.00127410888671875, 0.000499725341796875, -0.012451171875, -0.0244140625, -0.006256103515625, 0.0177001953125, -0.0024871826171875, -0.03125, 0.032470703125, 0.0078125, -0.0162353515625, 0.05224609375, 0.0091552734375, -0.007720947265625, -0.02001953125, -0.005950927734375, 0.0260009765625, -0.002685546875, -0.00823974609375, 0.036865234375, 0.07421875, 0.0257568359375, 0.0242919921875, -0.0625, -0.00518798828125, -0.0595703125, -0.05908203125, -0.0220947265625, 0.0098876953125, -0.060302734375, 0.0225830078125, -0.039794921875, -0.006683349609375, 0.040771484375, 0.0291748046875, 0.044189453125, 0.004730224609375, 0.01190185546875, -0.01953125, -0.01446533203125, 0.0205078125, -0.02880859375, -0.0250244140625, 0.01446533203125, 0.0103759765625, 0.035400390625, 0.04345703125, 0.005645751953125, 0.0299072265625, 0.046630859375, -0.028076171875, -0.0179443359375, -0.00518798828125, 0.07470703125, 0.0654296875, -0.05908203125, 0.005218505859375, -0.05078125, 0.007659912109375, 0.0024566650390625, 0.000598907470703125, -0.0260009765625, 0.039794921875, -0.0341796875, -0.00421142578125, -0.05126953125, 0.000827789306640625, -0.01611328125, -0.0038604736328125, -0.0225830078125, -0.050048828125, -0.01263427734375, -0.01202392578125, 0.0012359619140625, -0.0048828125, 0.033203125, -0.015625, 0.05419921875, -0.01708984375, 0.0810546875, -0.038330078125, 0.03662109375, -0.02978515625, -0.033203125, 0.0052490234375, -0.04345703125, 0.05126953125, -0.0291748046875, 0.0478515625, 0.03173828125, 0.003173828125, 0.0225830078125, -0.020263671875, 0.025634765625, -0.005401611328125, 0.00066375732421875, -0.005767822265625, 0.027099609375, 0.01422119140625, -0.00970458984375, 0.00830078125, -0.02978515625, -0.01513671875, 0.039794921875, 0.025390625, -0.07666015625, -0.00958251953125, -0.05419921875, -0.039306640625, -0.00933837890625, 0.013671875, -0.00897216796875, 0.0289306640625, 0.0203857421875, 0.0177001953125, 0.046875, 0.008544921875, 0.0037841796875, -0.030517578125, -0.041748046875, 0.06103515625, 0.0240478515625, -0.035400390625, 0.000690460205078125, 0.022705078125, -0.0186767578125, 0.01409912109375, 0.009765625, 0.026123046875, -0.038330078125, -0.033203125, 0.004974365234375, -0.007354736328125, 0.00531005859375, 0.034912109375, -0.0185546875, -0.005645751953125, 0.0020751953125, 0.046875, -0.00128173828125, 0.0172119140625, -0.01708984375, 0.007537841796875, 0.055419921875, -0.01025390625, 0.021728515625, -0.0155029296875, -0.003997802734375, 0.01385498046875, 0.020751953125, 0.038330078125, -0.026123046875, 0.00274658203125, -0.030517578125, 0.03564453125, -0.021728515625, 0.034912109375, 0.0233154296875, 0.01708984375, -0.0048828125, 0.05419921875, -0.0260009765625, -0.01470947265625, 0.0263671875, -0.01953125, 0.02978515625, -0.0308837890625, -0.025390625, 0.00347900390625, -0.031494140625, 0.0126953125, -0.034423828125, -9.059906005859375e-05, 0.0166015625, 0.07763671875, -0.003570556640625, -0.037353515625, -0.0045166015625, -0.01806640625, 0.01531982421875, 0.01422119140625, -0.0478515625, -0.00677490234375, -0.043212890625, -0.01544189453125, 0.041015625, -0.03173828125, -0.0185546875, -0.04150390625, -0.034912109375, 0.060546875, -0.05126953125, -0.003570556640625, -0.03662109375, 0.02392578125, -0.004791259765625, 0.01904296875, -0.0225830078125, -0.00152587890625, -0.0079345703125, 0.0198974609375, 0.0040283203125, 0.0020904541015625, 0.05615234375, -0.0096435546875, 0.0341796875, -0.0257568359375, 0.0242919921875, -0.021728515625, 0.052978515625, -0.033203125, 0.0162353515625, 0.068359375, -0.009765625, 0.041015625, 0.029541015625, 0.006500244140625, 0.032958984375, -0.0179443359375, 0.04443359375, 0.0020751953125, -0.037353515625, -0.06640625, -0.0179443359375, 0.033935546875, 0.00933837890625, 0.04638671875, 0.030517578125, 0.002960205078125, -0.0211181640625, 0.051513671875, 0.01104736328125, -0.07275390625, 0.01806640625, 0.0281982421875, -0.051513671875, 0.031005859375, -0.01287841796875, 0.0238037109375, 0.0242919921875, -0.0162353515625, 0.0019683837890625, -0.014892578125, 0.019287109375, -0.0498046875, 0.014404296875, -0.055419921875, -0.040771484375, -0.042236328125, -0.03271484375, -0.03173828125, 0.0244140625, 0.010986328125, 0.07177734375, 0.0054931640625, 0.048095703125, -0.04638671875, 0.0186767578125, -0.01953125, -0.006683349609375, 0.03466796875, -0.005645751953125, 0.059814453125, 0.0400390625, 0.01385498046875, -0.0228271484375, 0.018310546875, -0.0087890625, -0.000286102294921875, 0.01214599609375, 0.0322265625, 0.000278472900390625, -0.0011444091796875, 0.00958251953125, -0.035400390625, 0.0069580078125, 0.0634765625, 0.018798828125, 0.06103515625, 0.001220703125, 0.0186767578125, -0.000370025634765625, -4.0531158447265625e-05, -0.0267333984375, -0.010498046875, 0.03955078125, -0.052001953125, 0.01531982421875, -0.01129150390625, 0.00836181640625, -0.0478515625, -0.041748046875, -0.035888671875, -0.0732421875, 0.0274658203125, 0.043212890625, -0.0189208984375, -0.01019287109375, 0.052734375, -0.05078125, -0.004425048828125, 0.0147705078125, 0.07861328125, -0.0341796875, 0.00201416015625, 0.00433349609375, 0.01422119140625, 0.03662109375, -0.01373291015625, 0.000461578369140625, 0.0194091796875, 0.0166015625, -0.0274658203125, -0.0576171875, 0.04150390625, 0.0308837890625, 0.040771484375, 0.004730224609375, -0.05615234375, 0.01544189453125, 0.010009765625, 0.01458740234375, -0.0306396484375, -0.033203125, -0.03662109375, -0.0072021484375, -0.0361328125, 