{"movie": "tagesschau", "offset": 64, "text_offset": 60, "embedding": [-0.050537109375, -0.0019683837890625, 0.0162353515625, -0.01007080078125, -0.0478515625, 0.00159454345703125, -0.0004444122314453125, 0.0284423828125, -0.041748046875, -0.0400390625, -0.0087890625, -0.0081787109375, 0.0164794921875, -0.0308837890625, 0.01092529296875, -0.018798828125, 0.00130462646484375, -0.0595703125, 0.03076171875, 0.025146484375, 0.01165771484375, 0.017333984375, 0.0751953125, -0.052001953125, 0.0277099609375, -0.031494140625, -0.034912109375, -0.0296630859375, 0.006805419921875, 0.0205078125, -0.05908203125, 0.0289306640625, -0.06494140625, 0.0118408203125, 0.051025390625, 0.0272216796875, 0.03076171875, 0.002960205078125, -0.05029296875, -0.0062255859375, -0.0208740234375, 0.0087890625, -0.029541015625, 0.0191650390625, 0.022216796875, 0.0130615234375, -0.0228271484375, 0.029541015625, -0.037353515625, 0.02880859375, 0.0257568359375, 0.02978515625, -0.02880859375, -0.04345703125, -0.01068115234375, -0.003753662109375, -0.022705078125, 0.0228271484375, -0.023681640625, -0.01287841796875, -0.025634765625, -0.011962890625, -0.040283203125, 0.007232666015625, 0.0205078125, -0.0269775390625, 0.0118408203125, -0.053466796875, -0.0233154296875, 0.06640625, -0.010986328125, -0.048095703125, -0.043212890625, 0.001373291015625, -0.037841796875, -0.0194091796875, -0.001068115234375, -0.06298828125, -0.0595703125, 0.03125, 0.027587890625, -0.0245361328125, 0.013427734375, 0.004364013671875, 0.05712890625, -0.00177764892578125, -0.000492095947265625, -0.05126953125, 0.0191650390625, 0.0205078125, -0.04150390625, -0.030029296875, -0.0595703125, -0.0038604736328125, 0.0157470703125, -0.003570556640625, -0.037841796875, -0.0179443359375, -0.0279541015625, 0.0341796875, 0.04736328125, 0.01422119140625, -0.030029296875, -0.01202392578125, 0.0213623046875, -0.026123046875, 0.00157928466796875, 0.039794921875, -0.0157470703125, 0.040283203125, -0.020751953125, 0.0091552734375, 0.02490234375, -0.02392578125, -0.0223388671875, -0.001922607421875, 0.00701904296875, -0.0003070831298828125, 0.017822265625, 0.005706787109375, -0.010986328125, -0.01708984375, -0.046630859375, 0.01287841796875, 0.0001277923583984375, 0.003570556640625, 0.01226806640625, -0.0004749298095703125, -0.08056640625, -0.02978515625, -0.0078125, 0.032470703125, 0.02392578125, 0.0244140625, -0.044677734375, -0.038330078125, 0.0264892578125, -0.031494140625, -0.01806640625, 0.014404296875, -0.0390625, -0.00396728515625, -0.029541015625, 0.0198974609375, -0.0732421875, 0.01708984375, 0.01953125, 0.0240478515625, -0.05517578125, -0.037841796875, 0.003265380859375, 0.01318359375, -0.0272216796875, 0.0478515625, 0.0177001953125, -0.038330078125, 0.005126953125, 0.06298828125, -0.0233154296875, -8.678436279296875e-05, -0.05029296875, 0.0150146484375, -0.04638671875, -0.032958984375, 0.03466796875, 0.055908203125, -0.0177001953125, -0.01416015625, 0.07861328125, 0.0093994140625, 0.0022125244140625, 0.017333984375, -0.0174560546875, -0.017333984375, 0.003021240234375, 0.01165771484375, 0.03173828125, -0.080078125, 0.00701904296875, 0.0390625, -0.003143310546875, -0.0157470703125, 0.03369140625, -0.030029296875, -0.01953125, -0.00933837890625, -0.00262451171875, -0.0162353515625, -0.006103515625, 0.0034027099609375, -0.01422119140625, 0.023681640625, 0.043701171875, 0.02490234375, -0.0140380859375, 0.03466796875, -0.048095703125, -0.016357421875, -0.0020294189453125, 0.045654296875, -0.015625, -0.0032958984375, -0.0059814453125, 0.03173828125, 0.00921630859375, -0.0169677734375, 0.037353515625, -0.012451171875, 0.01708984375, 0.0003986358642578125, 0.007598876953125, 0.02734375, 0.0142822265625, 0.01080322265625, -0.020751953125, -0.034912109375, 0.029541015625, -0.0201416015625, 0.0050048828125, -0.0419921875, -0.011962890625, -0.0439453125, -0.03271484375, -0.00811767578125, 0.045654296875, -0.08349609375, -0.043701171875, -0.04052734375, -0.0228271484375, -0.0244140625, -0.010009765625, 0.023193359375, -0.0157470703125, 0.0277099609375, 0.02392578125, -0.015869140625, 0.007080078125, 0.004974365234375, -0.0057373046875, 0.0595703125, -0.025634765625, -0.007720947265625, 0.0036468505859375, 0.028564453125, -0.0228271484375, -0.0177001953125, 0.01068115234375, -0.038330078125, 0.0245361328125, 0.02685546875, -0.0213623046875, -0.0269775390625, 0.006988525390625, -0.01806640625, 0.00262451171875, 0.040283203125, -0.0260009765625, 0.017333984375, 0.00970458984375, -0.008056640625, 0.0498046875, 0.002593994140625, -0.006317138671875, -0.007293701171875, 0.03466796875, -0.018310546875, 0.001007080078125, -0.01708984375, -0.004974365234375, 0.0296630859375, -0.01220703125, -0.014892578125, -0.0162353515625, -0.00396728515625, -0.0103759765625, -0.01300048828125, -0.0029449462890625, 0.018310546875, -0.0034942626953125, 0.0186767578125, -0.0128173828125, 0.04736328125, 0.01141357421875, 0.044921875, 0.0419921875, 0.0093994140625, 0.0086669921875, 0.062255859375, 0.01483154296875, -0.0194091796875, -0.00787353515625, -0.0213623046875, 0.0084228515625, -0.004669189453125, -0.042236328125, 0.00188446044921875, 0.02685546875, -0.0137939453125, -0.0311279296875, 0.00113677978515625, -0.01068115234375, 0.0208740234375, 0.0439453125, -0.0146484375, 0.024169921875, 0.028076171875, -0.0311279296875, -0.008544921875, 0.0245361328125, 0.0341796875, -0.003936767578125, -0.064453125, -0.052734375, -0.01226806640625, -0.020751953125, 0.01275634765625, 0.00762939453125, 0.005279541015625, 0.0498046875, -0.040283203125, -0.00994873046875, -0.00074005126953125, 0.0079345703125, 0.0615234375, -0.006683349609375, -0.07177734375, 0.003753662109375, 0.0140380859375, -0.00299072265625, -0.06689453125, 0.04736328125, 0.04150390625, 0.0419921875, -0.01202392578125, -0.001220703125, -0.01141357421875, -0.06298828125, 0.005706787109375, -0.041015625, 0.03759765625, 0.031494140625, -0.04638671875, -0.01324462890625, -0.01220703125, 0.01007080078125, 0.02978515625, -0.0341796875, 0.039794921875, -0.06005859375, -0.046630859375, 9.250640869140625e-05, 0.0101318359375, 0.0030975341796875, -0.01177978515625, -0.023681640625, -0.0255126953125, -0.0068359375, 0.02734375, 0.01141357421875, 0.020751953125, 0.00830078125, 0.0115966796875, 0.05712890625, -0.0576171875, 0.02001953125, 0.04736328125, 0.01141357421875, -0.02490234375, 0.0264892578125, 0.040283203125, -0.037109375, 0.04833984375, 0.00836181640625, -0.00732421875, -0.01068115234375, 0.0223388671875, -0.0341796875, -0.01519775390625, -0.023681640625, 0.04345703125, -0.02978515625, 0.0128173828125, 0.042724609375, -0.03076171875, 0.003509521484375, -0.02978515625, -0.00927734375, -0.0147705078125, 0.031982421875, -0.0361328125, 0.06005859375, 0.01611328125, -0.0194091796875, -0.02978515625, -0.0245361328125, 0.00384521484375, 0.00982666015625, 0.041015625, 0.03369140625, -0.01483154296875, -0.014892578125, 0.030029296875, -0.0257568359375, 0.04345703125, -0.023193359375, 0.05517578125, -0.053955078125, 0.013427734375, 0.0012969970703125, 0.034423828125, 0.0260009765625, 0.01361083984375, 0.007232666015625, -0.023681640625, 0.053466796875, 0.00732421875, 0.01220703125, 0.016845703125, 0.04638671875, -0.00506591796875, -0.003021240234375, 0.0130615234375, -0.0191650390625, -0.0322265625, 0.03662109375, -0.0341796875, -0.0023193359375, 0.0311279296875, -0.025146484375, -0.020751953125, 0.01361083984375, -0.008544921875, 0.0172119140625, -0.026123046875, -0.01080322265625, -0.00872802734375, -0.06494140625, -0.03515625, -0.0235595703125, 0.03759765625, 0.06103515625, -0.032958984375, -0.028564453125, 0.01318359375, -0.01043701171875, 0.0228271484375, 0.0390625, 0.00140380859375, -0.01068115234375, -0.00885009765625, -0.0247802734375, -0.0005340576171875, 0.0167236328125, 0.03759765625, 0.01116943359375, -0.001434326171875, 0.01806640625, 0.04736328125, 0.0036163330078125, 0.030029296875, -0.0179443359375, -0.01007080078125, 0.049560546875, -0.01318359375, 0.01318359375, -0.00628662109375, 