{"movie": "tagesschau", "offset": 26, "text_offset": 20, "embedding": [-0.026611328125, 0.037841796875, -0.054443359375, -0.0693359375, -0.00811767578125, -0.0380859375, -0.000850677490234375, 0.032470703125, -0.0172119140625, 0.0380859375, -0.00823974609375, -0.021728515625, -0.00653076171875, -0.045654296875, -0.013671875, -0.043212890625, -0.003448486328125, -0.00946044921875, -0.01544189453125, 0.0177001953125, 0.0240478515625, -0.007659912109375, 0.031494140625, -0.01611328125, 0.04736328125, 0.0189208984375, -0.01397705078125, -0.0240478515625, -0.00058746337890625, 0.01055908203125, 0.00921630859375, -0.041015625, -0.01092529296875, -0.0213623046875, -0.004608154296875, -0.01239013671875, -0.000591278076171875, 0.0098876953125, -0.00665283203125, 0.045654296875, -0.0003986358642578125, 0.0159912109375, -0.055419921875, -0.01422119140625, 0.01361083984375, 0.000583648681640625, 0.006439208984375, -0.00115203857421875, 0.005645751953125, 0.005340576171875, 0.07373046875, -0.0184326171875, 0.0054931640625, -0.016357421875, -0.03173828125, 0.00531005859375, -0.036376953125, -0.01275634765625, -0.072265625, -0.013671875, -0.051025390625, 0.00262451171875, -0.0079345703125, 0.01953125, 0.051513671875, 0.01123046875, 0.01123046875, -0.03369140625, 0.0035400390625, -0.00921630859375, -0.033203125, -0.025146484375, -0.01507568359375, 0.0224609375, -0.000514984130859375, -0.0118408203125, -0.0081787109375, -0.03173828125, 0.02099609375, -0.0244140625, -0.0225830078125, -0.047119140625, 0.007080078125, 7.05718994140625e-05, 0.059814453125, -0.0137939453125, 0.0023956298828125, -0.020751953125, 0.04052734375, 0.036865234375, -0.0177001953125, 0.0184326171875, -0.029541015625, -0.041015625, 0.0291748046875, 0.01214599609375, -0.044921875, -0.036865234375, 0.00543212890625, -0.005462646484375, 0.0167236328125, 0.033447265625, -0.023193359375, -0.031494140625, 0.052978515625, -0.029541015625, -0.01361083984375, -0.001983642578125, -0.01141357421875, 0.053955078125, -0.00933837890625, -0.0380859375, 0.00506591796875, -0.025146484375, -0.021728515625, 0.027587890625, -0.005462646484375, -0.00323486328125, 0.01177978515625, 0.00946044921875, 0.0037841796875, 0.00469970703125, -0.00762939453125, 0.05810546875, 0.046142578125, -0.0123291015625, -0.0301513671875, 0.027587890625, -0.03173828125, -0.019287109375, -0.0185546875, -0.0537109375, 0.126953125, 0.0233154296875, -0.03271484375, 0.00726318359375, 0.00665283203125, -0.021728515625, -0.052978515625, 0.0361328125, -0.005279541015625, -0.0008544921875, 0.042236328125, 0.00836181640625, -0.048583984375, -0.0101318359375, 0.0634765625, -0.007720947265625, 0.01141357421875, -0.036865234375, 0.01544189453125, -0.01904296875, -0.019775390625, 0.05810546875, 0.01123046875, -0.0257568359375, 0.0166015625, 0.047119140625, 0.007720947265625, -0.0228271484375, 0.00408935546875, 0.042724609375, 0.02587890625, -0.0162353515625, 0.01361083984375, 0.044921875, 0.046142578125, 0.041259765625, -0.027587890625, -0.046630859375, -0.00848388671875, -0.01214599609375, 0.01129150390625, 0.049560546875, 0.00408935546875, -0.009033203125, -0.0074462890625, -0.032958984375, 0.00142669677734375, 0.04931640625, 0.058349609375, 0.029541015625, -0.01416015625, -0.01220703125, 0.0079345703125, -0.004608154296875, -0.03271484375, -0.02880859375, 0.0247802734375, 0.01470947265625, 0.061767578125, 0.06787109375, 0.0419921875, 0.006195068359375, 0.0189208984375, -0.03759765625, -0.028076171875, 0.0218505859375, 0.0294189453125, 0.00128173828125, -0.049560546875, 0.056640625, -0.0198974609375, -0.0155029296875, 0.007293701171875, -0.02978515625, 0.0152587890625, 0.0255126953125, -0.007537841796875, -0.04150390625, 0.00921630859375, -0.014404296875, -0.00775146484375, -0.005706787109375, 0.0040283203125, -0.06201171875, 0.045654296875, 0.0673828125, 0.009521484375, 0.024658203125, -0.00823974609375, -0.03857421875, 0.03515625, -0.0177001953125, 0.043212890625, -0.0576171875, -0.0213623046875, 0.0050048828125, 0.03271484375, 0.01953125, -0.0306396484375, 0.026123046875, -0.0133056640625, -0.0224609375, 0.09130859375, 0.0257568359375, 0.012939453125, 0.001708984375, 0.025146484375, 0.038818359375, -0.0096435546875, -0.03271484375, 0.06201171875, 0.00811767578125, -0.045166015625, -0.0301513671875, 0.01153564453125, -0.027587890625, 0.0103759765625, 0.02099609375, -0.031005859375, -0.004425048828125, 0.0244140625, -0.0546875, -0.026611328125, 0.0064697265625, -0.0011444091796875, 0.03173828125, 0.036865234375, 0.0169677734375, 0.0439453125, -0.041015625, 0.0034942626953125, 0.010986328125, -0.0390625, 0.0186767578125, 0.01104736328125, -0.0191650390625, 0.0181884765625, -0.0048828125, 0.01177978515625, 0.023193359375, 0.021728515625, 0.0228271484375, -0.041015625, 0.016845703125, 0.0038604736328125, -0.007110595703125, 0.026123046875, 0.035888671875, 0.0291748046875, -0.01068115234375, 0.024658203125, 0.0240478515625, -0.003326416015625, -0.009033203125, -0.00634765625, -0.01202392578125, 0.0123291015625, 0.02734375, 0.03271484375, 0.05322265625, 0.007293701171875, 0.019287109375, 0.0230712890625, 0.046142578125, -0.0162353515625, -0.0244140625, -0.0299072265625, -0.01239013671875, 0.04248046875, -0.003814697265625, -0.02099609375, -0.00341796875, 0.007476806640625, 0.019287109375, 0.050048828125, -0.01055908203125, 0.01141357421875, -0.01312255859375, -0.033203125, -0.00262451171875, -0.0272216796875, -0.03173828125, 0.042236328125, 0.0478515625, 0.005340576171875, -0.0255126953125, 0.042236328125, 0.00830078125, 0.046630859375, -0.09716796875, -0.0771484375, 0.0849609375, 0.005615234375, -0.0152587890625, -0.03515625, 0.01611328125, 0.0272216796875, 0.01495361328125, -0.010498046875, -0.055419921875, 0.043701171875, 0.012939453125, -0.01434326171875, 0.05322265625, -0.038330078125, -0.00579833984375, -0.01806640625, 0.027587890625, 0.02978515625, 0.032470703125, 0.0167236328125, -0.00933837890625, -0.003814697265625, 0.0081787109375, 0.0079345703125, -0.043212890625, 0.02392578125, -0.005645751953125, 0.0037384033203125, 0.01513671875, -0.0228271484375, 0.0054931640625, -0.00225830078125, 0.009033203125, -0.01025390625, 0.083984375, -0.0220947265625, 0.04736328125, 0.0218505859375, 0.0247802734375, 0.07373046875, -0.0537109375, 0.031982421875, -0.0079345703125, -0.0126953125, -0.0264892578125, -0.051025390625, 0.0247802734375, 0.0223388671875, 0.0272216796875, 0.00531005859375, 0.003326416015625, -0.0361328125, -0.00994873046875, 0.035400390625, -0.0255126953125, 0.00262451171875, 0.055908203125, -0.0126953125, 0.0030364990234375, -0.002410888671875, 0.045654296875, -0.0225830078125, -0.0283203125, -0.048095703125, -0.029541015625, 0.02099609375, -0.01361083984375, -0.0228271484375, -0.01312255859375, -0.01470947265625, 0.0118408203125, -0.07080078125, -0.01324462890625, 0.01287841796875, 0.07080078125, 0.08837890625, -0.00958251953125, 0.004058837890625, -0.0269775390625, 0.0081787109375, 0.01904296875, 0.01202392578125, 0.0264892578125, -0.031982421875, 0.00830078125, 0.0308837890625, 0.0291748046875, -0.02197265625, -0.0654296875, -0.041015625, 0.002227783203125, -0.0059814453125, 0.038330078125, -0.053955078125, 0.0147705078125, 0.0079345703125, -0.013671875, 0.01129150390625, -0.024658203125, -0.01470947265625, 0.07958984375, -0.01141357421875, -0.005828857421875, -0.027587890625, 0.0177001953125, -0.04150390625, 0.01116943359375, 0.021240234375, -0.035400390625, 0.06591796875, -0.005401611328125, -0.0242919921875, 0.003448486328125, -0.05322265625, -0.03564453125, -0.02734375, -0.01507568359375, 0.02880859375, -0.01422119140625, -0.031005859375, 0.0244140625, -0.004150390625, 0.01202392578125, 0.000110626220703125, 0.0198974609375, 0.007720947265625, 0.0189208984375, 0.06298828125, 0.0291748046875, 0.0576171875, -0.01123046875, 0.0262451171875, 0.007476806640625, -0.0191650390625, 0.00628662109375, 0.0026397705078125, -0.0037689208984375, 0.006805419921875, -0.0247802734375, 0.0250244140625, -0.004150390625, 0.036865234375, 