{"movie": "tagesschau", "offset": 86, "text_offset": 80, "embedding": [-0.0252685546875, -0.005401611328125, -0.0230712890625, -0.0303955078125, -0.03125, 0.010986328125, -0.006561279296875, 0.00421142578125, -0.0189208984375, 0.002532958984375, 0.029052734375, -0.0281982421875, 0.0194091796875, -0.0169677734375, -0.0296630859375, -0.015625, -0.0091552734375, -0.0203857421875, 0.00347900390625, 0.0166015625, -0.021484375, 0.0274658203125, 0.0400390625, -0.041748046875, 0.08349609375, 0.0257568359375, -0.0184326171875, 0.00421142578125, 0.029541015625, 0.0142822265625, -0.037841796875, -0.016845703125, 0.01300048828125, -0.03271484375, 0.04638671875, 0.056640625, 0.0279541015625, 0.0247802734375, -0.046875, -0.026123046875, 0.004608154296875, 0.026123046875, -0.023193359375, 0.000545501708984375, -0.014404296875, 0.02880859375, -0.0030975341796875, 0.03271484375, -0.041259765625, 0.006439208984375, -0.016845703125, 0.0172119140625, 0.05810546875, 0.0235595703125, 0.005462646484375, 0.01904296875, 0.000499725341796875, 0.050537109375, -0.0130615234375, -0.049560546875, -0.04541015625, -0.0303955078125, -0.00238037109375, -0.0260009765625, 0.0225830078125, -0.01287841796875, -0.0279541015625, -0.0196533203125, -0.042236328125, -0.00110626220703125, -0.0234375, -0.06298828125, -0.0054931640625, -0.037841796875, -0.0198974609375, -0.0218505859375, 0.03515625, -0.03369140625, 0.02734375, 0.02001953125, 0.059326171875, 0.0191650390625, 0.029541015625, 0.02099609375, 0.0294189453125, -0.032470703125, -0.0084228515625, 0.01263427734375, 0.045654296875, -0.01129150390625, -0.0111083984375, -0.045654296875, -0.040283203125, -0.023681640625, 0.034423828125, 0.007598876953125, -0.033203125, -0.00335693359375, -0.025634765625, 0.0191650390625, 0.0145263671875, 0.045166015625, -0.038330078125, -0.03125, -0.0303955078125, -0.048828125, -0.03271484375, 0.0135498046875, -0.0302734375, -0.00982666015625, 0.0030670166015625, -0.018310546875, -0.031494140625, -0.041748046875, -0.0135498046875, -0.035400390625, 0.013671875, 0.03125, -0.018798828125, 0.0031585693359375, 0.01904296875, 0.0303955078125, -0.022216796875, -0.0072021484375, 0.03125, 0.01373291015625, -0.004547119140625, 0.00628662109375, -0.08740234375, -0.01031494140625, 0.049560546875, 0.0166015625, 0.01373291015625, 0.0615234375, -0.038818359375, -0.025634765625, -0.03369140625, -0.02880859375, -0.00139617919921875, -0.0264892578125, 0.0189208984375, -0.0030975341796875, 0.000591278076171875, -0.0286865234375, -0.01434326171875, 0.0498046875, 0.00555419921875, 0.00506591796875, -0.0223388671875, 0.02001953125, -0.057373046875, -0.0291748046875, -0.0419921875, 0.04736328125, -0.0242919921875, -0.03076171875, 0.035400390625, 0.08154296875, 1.5974044799804688e-05, 0.06494140625, -0.021240234375, -0.0264892578125, -0.06884765625, -0.002105712890625, 0.0142822265625, 0.0235595703125, -0.0016937255859375, -0.01519775390625, 0.04443359375, 0.0303955078125, 0.009033203125, -0.01458740234375, -0.00634765625, 0.006988525390625, -0.032470703125, -0.0181884765625, 0.0322265625, -0.04150390625, -0.00994873046875, 0.01708984375, -0.00787353515625, 0.0164794921875, 0.0228271484375, 0.0037841796875, 0.002716064453125, -0.03515625, -0.0283203125, -0.000446319580078125, 0.0034332275390625, 0.0201416015625, 0.039306640625, 0.021484375, 0.0157470703125, -0.00665283203125, 0.02392578125, 0.025390625, -0.005279541015625, 0.0108642578125, -0.0103759765625, 0.05078125, -0.01092529296875, 0.039306640625, 0.01556396484375, 0.0020294189453125, -0.005401611328125, -0.020751953125, -0.0257568359375, -0.0257568359375, 0.00885009765625, -0.0035247802734375, 0.04443359375, 0.03369140625, 0.03857421875, -0.0294189453125, -0.04541015625, -0.0296630859375, 0.03125, 0.0235595703125, 0.064453125, 0.034912109375, -0.0654296875, 0.00982666015625, 0.00579833984375, -0.01556396484375, 0.07861328125, -0.03955078125, 0.013916015625, -0.005706787109375, -0.00836181640625, -0.0054931640625, -0.0177001953125, 0.00537109375, -0.0150146484375, 0.00762939453125, 0.06591796875, 0.0145263671875, 0.0257568359375, -0.01483154296875, 0.01043701171875, 0.0147705078125, 0.0303955078125, 0.025634765625, 0.01904296875, 0.0030059814453125, -0.047119140625, 0.029052734375, 0.0361328125, -0.05908203125, 0.0673828125, 0.005096435546875, 0.00017452239990234375, 0.029541015625, -0.000598907470703125, -0.01226806640625, -0.0167236328125, 0.017333984375, -0.0341796875, -0.0201416015625, -0.0257568359375, -0.000896453857421875, 0.035400390625, -0.00762939453125, 0.027099609375, 0.031982421875, 0.0654296875, 0.00946044921875, -0.015625, 0.002960205078125, -0.000705718994140625, 0.043701171875, 0.03515625, 0.039794921875, 0.00762939453125, 0.049560546875, -0.03955078125, -0.000820159912109375, -0.00567626953125, 0.0172119140625, 0.040771484375, -0.002899169921875, 0.003143310546875, -0.002899169921875, -0.0078125, 0.031982421875, -0.0198974609375, 0.006103515625, -0.01171875, 0.003143310546875, 0.003387451171875, 0.025390625, -0.01239013671875, -0.00162506103515625, 0.05224609375, 0.0218505859375, 0.005767822265625, 0.0003948211669921875, -0.01080322265625, 0.0126953125, -0.0067138671875, -0.03271484375, -0.0439453125, 0.00921630859375, 0.00909423828125, -0.0087890625, 0.039794921875, 0.09228515625, -0.01806640625, 0.040283203125, -0.000324249267578125, 0.00958251953125, 0.004638671875, 0.01806640625, 0.0191650390625, -0.04150390625, -0.00830078125, -0.035888671875, 0.0299072265625, -0.03076171875, 0.020751953125, -0.0184326171875, -0.025146484375, -0.0281982421875, -0.001800537109375, 0.060546875, 0.00408935546875, -0.0262451171875, -0.00421142578125, -0.0030364990234375, 0.021728515625, -0.0277099609375, 0.023193359375, 0.0252685546875, 0.039306640625, 0.02001953125, -0.015625, 0.0269775390625, -0.05029296875, -0.0264892578125, -0.045654296875, 7.104873657226562e-05, 0.00994873046875, 0.000492095947265625, -0.02099609375, -0.018798828125, 0.019287109375, 0.0439453125, 0.0252685546875, 0.0157470703125, -0.0361328125, -0.0252685546875, 0.01171875, 0.016357421875, 0.034423828125, 0.0230712890625, 0.059326171875, -0.034423828125, 0.004852294921875, 0.0283203125, -0.0308837890625, 0.006011962890625, -0.02001953125, -0.02392578125, 0.0274658203125, -0.0537109375, -0.00677490234375, -0.0005645751953125, 0.034912109375, -0.00830078125, 0.0184326171875, 0.0537109375, -0.018310546875, 0.051513671875, -0.001922607421875, 0.039306640625, -0.05029296875, 0.039794921875, 0.013916015625, 0.01483154296875, 0.00299072265625, 0.033447265625, -0.021484375, 0.00665283203125, 0.0230712890625, -0.023681640625, 0.0167236328125, 0.03173828125, -0.025146484375, -0.08349609375, -0.049560546875, -0.017822265625, 0.005889892578125, 0.006134033203125, 0.0126953125, -0.0654296875, -0.020263671875, 0.0174560546875, 0.04443359375, 0.01483154296875, 0.07373046875, 0.015625, 0.0101318359375, 0.0208740234375, -0.020263671875, -0.02001953125, -0.021240234375, 0.06982421875, -0.0024261474609375, 0.045166015625, 0.005767822265625, -0.00836181640625, -0.0400390625, 0.021728515625, 0.0556640625, -0.005767822265625, 0.034912109375, -0.01263427734375, 0.07080078125, 0.01043701171875, 0.049560546875, -0.0184326171875, -0.01519775390625, 0.01519775390625, -0.064453125, 0.02197265625, 0.04296875, -0.040283203125, -0.0299072265625, 0.002593994140625, -0.0021514892578125, 0.0311279296875, 0.05078125, 5.8710575103759766e-06, 0.045654296875, -0.002044677734375, -0.0069580078125, -0.014404296875, -0.00640869140625, -0.0159912109375, -0.062255859375, -0.0181884765625, 0.038330078125, -0.0174560546875, -0.00038909912109375, -0.0126953125, -0.017578125, 0.01177978515625, 0.00194549560546875, 0.00958251953125, -0.0115966796875, 0.0115966796875, -0.062255859375, 0.0185546875, 0.0234375, 0.033935546875, -0.049560546875, 0.005584716796875, 0.014404296875, 0.0130615234375, -0.0128173828125, 0.00185394287109375, -0.010986328125, 0.0038909912109375, 0.03759765625, 0.01806640625, 0.07275390625, -0.0625, 0.0247802734375, 