{"movie": "tagesschau", "offset": 104, "text_offset": 100, "embedding": [0.04296875, 0.01220703125, -0.025146484375, -0.0537109375, -0.021240234375, -0.0096435546875, 0.0179443359375, 0.0035400390625, -0.04248046875, -0.041015625, -0.0078125, -0.01806640625, -0.029296875, 0.04296875, 0.0274658203125, -0.039306640625, -0.0029449462890625, 0.0135498046875, -0.0185546875, 0.0274658203125, -0.01190185546875, -0.03857421875, 0.02587890625, -0.031494140625, 0.0286865234375, 0.01025390625, -0.064453125, -0.060302734375, 0.0081787109375, 0.056640625, -0.00982666015625, 0.0157470703125, 0.0093994140625, -0.010009765625, -0.024658203125, -0.0038909912109375, 0.016357421875, 0.023193359375, -0.053466796875, 0.0191650390625, 0.056884765625, 0.0169677734375, -0.0615234375, 0.0030364990234375, 0.04638671875, -0.0228271484375, -0.0260009765625, 0.029296875, 0.05615234375, 0.0106201171875, -0.0031585693359375, 0.01373291015625, 0.0206298828125, 0.015869140625, 0.0157470703125, -0.0004444122314453125, -0.0208740234375, -0.0234375, -0.00982666015625, 0.02685546875, -0.0791015625, -0.021240234375, 0.0150146484375, -0.046142578125, 0.0167236328125, -0.00616455078125, 0.0008392333984375, 0.043701171875, -0.006988525390625, 0.062255859375, -0.10546875, -0.061767578125, -0.005889892578125, -0.0185546875, 0.04541015625, -0.07275390625, 0.01220703125, -0.047119140625, 0.0137939453125, -0.000553131103515625, 0.052734375, 0.0123291015625, 0.031494140625, -0.0291748046875, 0.00469970703125, -0.0242919921875, -0.0289306640625, 0.028076171875, -0.01446533203125, 0.005126953125, -0.0035858154296875, -0.00119781494140625, -0.07421875, -0.033935546875, -0.0196533203125, 0.0111083984375, 0.0216064453125, -0.00537109375, 0.029296875, 0.01336669921875, -0.00921630859375, -0.0172119140625, -0.07373046875, -0.0011749267578125, -0.03466796875, -0.0034027099609375, 0.0084228515625, -0.019287109375, -0.0234375, -0.016357421875, 0.041259765625, -0.005615234375, -0.01495361328125, 0.00012159347534179688, 0.021484375, -0.043212890625, 0.0205078125, -0.04345703125, -0.003936767578125, 0.013427734375, -0.0108642578125, -0.035888671875, 0.0030517578125, -0.0150146484375, 0.0517578125, -0.04296875, 0.039306640625, -0.0223388671875, -0.039794921875, 0.00799560546875, -0.0242919921875, 0.0152587890625, -0.0115966796875, -0.019775390625, -0.0849609375, 0.031982421875, -0.021240234375, -0.00537109375, -0.004302978515625, 0.07373046875, -0.02001953125, 0.019287109375, 0.0223388671875, -0.0322265625, 0.01312255859375, 0.048828125, -0.000576019287109375, -0.0255126953125, -0.0849609375, -0.022216796875, -0.0235595703125, -0.035888671875, -0.01104736328125, 0.0146484375, 0.037109375, -0.0196533203125, -0.038818359375, 0.0244140625, 0.0286865234375, 0.041748046875, 0.01458740234375, -0.01458740234375, -0.046875, -0.0113525390625, 0.03564453125, -0.007537841796875, -0.0137939453125, 0.0517578125, 0.031982421875, -0.0086669921875, -0.0277099609375, 0.039794921875, -0.021240234375, -0.06396484375, 0.031982421875, 0.00162506103515625, -0.0272216796875, -0.04296875, -0.0181884765625, 0.0167236328125, -0.005126953125, 0.0025177001953125, 0.00689697265625, -0.0115966796875, -0.004791259765625, 0.012939453125, -0.044677734375, 0.00225830078125, -0.0400390625, -0.01312255859375, -0.0208740234375, -0.0113525390625, 0.016357421875, 0.005126953125, 0.040283203125, -0.07080078125, -0.0018310546875, 0.03955078125, -0.0260009765625, 0.03759765625, -0.05126953125, -0.0052490234375, 0.01361083984375, -0.005584716796875, 0.01214599609375, -0.0301513671875, 0.0341796875, -0.0289306640625, -0.01495361328125, 0.0113525390625, 0.0537109375, -0.0230712890625, 0.0260009765625, 0.0098876953125, 0.048828125, -0.0181884765625, -0.0228271484375, 0.047119140625, 0.0380859375, -0.036376953125, -0.021728515625, -0.015380859375, 0.0003681182861328125, -2.8133392333984375e-05, 0.09619140625, -0.039306640625, -0.01361083984375, -0.01385498046875, -0.00823974609375, 0.0250244140625, -0.06396484375, 0.0228271484375, -0.005096435546875, 0.05419921875, 0.0289306640625, -0.038818359375, -0.01220703125, -0.036376953125, 0.055419921875, 0.046875, -0.0198974609375, -0.0242919921875, 0.040771484375, -0.038818359375, -0.021240234375, 0.002838134765625, -0.040771484375, 0.0021514892578125, 0.035888671875, 0.0247802734375, -0.0299072265625, 0.01446533203125, -0.038330078125, -0.007720947265625, 0.0174560546875, 0.040283203125, -0.03125, -0.0030517578125, -0.041015625, 0.00640869140625, 0.0228271484375, -0.00701904296875, -0.000885009765625, -0.0220947265625, -0.0286865234375, 0.033935546875, 0.0247802734375, -0.0076904296875, 0.0128173828125, 0.01153564453125, 0.0017547607421875, -0.005096435546875, 0.00567626953125, 0.0184326171875, 0.01116943359375, -0.036376953125, 0.004486083984375, -0.0040283203125, 0.035400390625, 0.0238037109375, 0.052001953125, -0.006256103515625, -0.01385498046875, 0.03271484375, 0.0244140625, 0.050048828125, -0.00142669677734375, -0.0106201171875, -0.035888671875, -0.00064849853515625, 0.034912109375, -0.02685546875, 0.03271484375, 0.021728515625, 0.05419921875, 0.0029449462890625, -0.0028533935546875, -0.016357421875, 0.01220703125, -0.0693359375, -0.027099609375, 0.01904296875, -0.006011962890625, -0.0024261474609375, 0.0152587890625, -0.01220703125, 0.0135498046875, -0.004974365234375, 0.0002899169921875, 0.0107421875, -0.0299072265625, 0.0087890625, -0.0537109375, -0.005523681640625, 0.0096435546875, -0.0031585693359375, 0.0150146484375, 0.045654296875, 0.000904083251953125, -0.01708984375, -0.0263671875, -0.0220947265625, 0.00140380859375, 0.0260009765625, -0.047119140625, -0.005889892578125, -0.029296875, -0.018798828125, -0.005523681640625, -0.015869140625, 0.033447265625, -0.0093994140625, -0.000225067138671875, 0.00836181640625, -0.0157470703125, -0.01312255859375, -0.0272216796875, -0.044677734375, -0.021484375, 0.0184326171875, 0.0279541015625, 0.000888824462890625, 0.011962890625, 0.0086669921875, 0.005218505859375, 0.014404296875, 0.01507568359375, -0.02685546875, -0.0341796875, -0.0296630859375, -0.0301513671875, 0.01434326171875, 0.0010223388671875, 0.0179443359375, 0.044921875, 0.0015411376953125, 0.0128173828125, -0.0206298828125, -0.041259765625, 0.00701904296875, 0.0103759765625, -0.01318359375, 0.01031494140625, -0.0174560546875, 0.064453125, 0.021240234375, 0.01519775390625, -0.017333984375, -0.0242919921875, 0.0023040771484375, -0.0277099609375, -0.0299072265625, 0.080078125, -0.007476806640625, -0.03564453125, -0.0022735595703125, 0.02392578125, 0.004608154296875, 0.002044677734375, 0.07177734375, -0.01214599609375, 0.044189453125, 0.01507568359375, -0.00531005859375, -0.03466796875, 0.0712890625, 0.01141357421875, 0.011962890625, 0.0150146484375, 0.0146484375, 0.029541015625, 0.0263671875, 0.0301513671875, -0.0172119140625, 0.037109375, 0.01446533203125, -0.02392578125, 0.038330078125, 0.0147705078125, -0.00186920166015625, 0.0150146484375, 0.0010986328125, -0.03515625, 0.030517578125, -0.020751953125, 0.03271484375, -0.06640625, 0.0108642578125, 0.040771484375, -0.01263427734375, -0.0167236328125, 0.0478515625, 0.0693359375, 0.0059814453125, -0.022216796875, -0.01385498046875, -0.004547119140625, -0.0159912109375, -0.0027008056640625, 0.055419921875, 0.000339508056640625, 0.00128173828125, -0.054931640625, 0.032470703125, 0.0201416015625, 0.00921630859375, -0.041748046875, -0.04443359375, -0.021728515625, -0.019287109375, -0.0224609375, -0.0035400390625, 0.030029296875, -0.046142578125, 0.00640869140625, 0.080078125, 0.06640625, 0.0135498046875, -0.0198974609375, 0.01300048828125, 0.007598876953125, 0.038330078125, -0.0201416015625, -0.0106201171875, -0.0218505859375, -0.01300048828125, -0.02001953125, 0.0191650390625, -0.0703125, 3.504753112792969e-05, -0.01385498046875, 0.0751953125, 0.0576171875, 0.001617431640625, -0.0032806396484375, -0.01104736328125, 0.041748046875, -0.03759765625, -0.03271484375, 0.0159912109375, 0.033203125, 0.0224609375, 0.044677734375, -0.03515625, 0.0220947265625, 