{"movie": "tagesschau", "offset": 94, "text_offset": 90, "embedding": [0.026611328125, -0.005157470703125, -0.00738525390625, -0.04150390625, -0.034423828125, 0.01220703125, 0.0286865234375, -0.020263671875, -0.041748046875, 0.0294189453125, 0.00579833984375, 0.0003490447998046875, -0.038818359375, 0.0303955078125, -0.0294189453125, -0.06591796875, -0.0291748046875, 0.031982421875, -0.01129150390625, 0.0133056640625, 0.022216796875, 0.031982421875, -0.0172119140625, -0.002777099609375, 0.0279541015625, 0.0223388671875, -0.04248046875, -0.021484375, 0.0247802734375, 0.01708984375, -0.00555419921875, -0.048583984375, 0.0091552734375, -0.00921630859375, 0.035400390625, 0.03271484375, 0.0162353515625, 0.0556640625, -0.007080078125, 0.00151824951171875, 0.03564453125, 0.0286865234375, -0.029052734375, -0.007476806640625, 0.021484375, -0.0022430419921875, -0.0164794921875, 0.015380859375, 0.007568359375, 0.0135498046875, -0.004425048828125, 0.006317138671875, 0.00154876708984375, 0.062255859375, 0.005889892578125, 0.0172119140625, -0.005462646484375, -0.019287109375, -0.0302734375, -0.021728515625, -0.04248046875, 0.0038909912109375, -0.000896453857421875, -0.04150390625, 0.01019287109375, 0.010498046875, -0.0206298828125, 0.035400390625, -0.034423828125, 0.0247802734375, -0.0439453125, -0.05078125, -0.020263671875, -0.0208740234375, -0.00177001953125, -0.01495361328125, 0.0159912109375, -0.0247802734375, -0.0096435546875, 0.00130462646484375, 0.008056640625, -0.037109375, 0.00946044921875, -0.043701171875, 0.0361328125, -0.0439453125, -0.01513671875, 0.0172119140625, 0.01348876953125, -0.0294189453125, -0.0235595703125, 0.03125, -0.0181884765625, -0.026123046875, -0.025390625, 0.01416015625, -0.0157470703125, -0.053955078125, 0.033935546875, 0.01904296875, 0.0191650390625, 0.0167236328125, -0.0198974609375, 0.00020313262939453125, -0.0172119140625, -0.0576171875, -0.016357421875, -0.0302734375, 0.0147705078125, 0.029052734375, -0.0034942626953125, -0.0027313232421875, -0.0023651123046875, -0.033203125, 0.03271484375, -0.0257568359375, -0.01312255859375, 0.0166015625, 0.0218505859375, 0.06982421875, -0.00469970703125, 0.0274658203125, -0.00738525390625, 0.01458740234375, -0.01904296875, -0.0230712890625, 0.007171630859375, 0.0172119140625, -0.0181884765625, -0.006866455078125, 0.0264892578125, -0.025390625, 0.014404296875, 0.031982421875, -0.059814453125, 0.0361328125, -0.05419921875, -0.03955078125, -0.006195068359375, 0.034912109375, 0.047119140625, -0.00494384765625, 0.0281982421875, -0.031494140625, 0.01385498046875, 0.0576171875, 0.01214599609375, 0.0147705078125, -0.0035858154296875, -0.04248046875, -0.008056640625, -0.00762939453125, -0.060791015625, 0.0654296875, 0.0084228515625, -0.003997802734375, 0.03369140625, 0.072265625, 0.004486083984375, 0.02880859375, 0.03125, -0.0024261474609375, -0.0732421875, -0.0269775390625, 0.035400390625, -0.00083160400390625, 0.0211181640625, 0.06396484375, -0.0257568359375, -0.046142578125, -0.010498046875, 0.01043701171875, 0.007598876953125, -0.044677734375, -0.0286865234375, -0.01806640625, 0.00182342529296875, -0.060791015625, 0.007598876953125, 0.06396484375, -0.016357421875, -0.0262451171875, 0.0201416015625, 0.0230712890625, -0.0076904296875, 0.000171661376953125, -0.01300048828125, -0.0194091796875, -0.00762939453125, 0.0264892578125, 0.03857421875, -0.00022792816162109375, -0.00066375732421875, 0.037841796875, 0.05712890625, -0.035888671875, -0.006988525390625, 0.02880859375, 0.003936767578125, 0.07861328125, -0.0849609375, 0.043212890625, 0.029541015625, -0.00122833251953125, 0.00860595703125, -0.03369140625, -0.00958251953125, 0.03759765625, 0.01239013671875, 0.00118255615234375, 0.0093994140625, 0.031982421875, -0.006103515625, 0.00457763671875, 0.035400390625, 0.01434326171875, 0.01287841796875, 0.0185546875, -0.006988525390625, 0.0216064453125, -0.00787353515625, -0.0007476806640625, 0.052001953125, -0.0159912109375, 0.072265625, -0.0013885498046875, 0.004638671875, -0.01116943359375, -0.02197265625, 0.043701171875, -0.0157470703125, 0.052001953125, 0.021484375, 0.04736328125, 0.05126953125, -0.006317138671875, -0.0184326171875, -0.0230712890625, 0.052490234375, 0.04248046875, -0.03515625, 0.01226806640625, 0.0546875, -0.0419921875, -0.0159912109375, 0.038818359375, 0.02197265625, -0.0050048828125, 0.031494140625, 0.02099609375, -0.03369140625, 0.01519775390625, 0.0162353515625, -0.0615234375, 0.034912109375, 0.033447265625, -0.021484375, 0.0174560546875, -0.0230712890625, 0.00165557861328125, 0.031982421875, -0.00799560546875, -0.036376953125, 0.03125, -0.021728515625, 0.0013885498046875, 0.00194549560546875, 0.0308837890625, -0.003204345703125, 0.05126953125, 0.03271484375, 0.0216064453125, -0.0101318359375, 0.0230712890625, 0.02685546875, -0.007171630859375, 0.0277099609375, -0.0380859375, 0.0576171875, 0.03369140625, 0.025146484375, -0.0068359375, -0.0712890625, -0.03271484375, 0.0166015625, 0.00058746337890625, -0.0771484375, -0.01263427734375, -0.02734375, 0.048095703125, 0.03369140625, -0.0084228515625, 0.055419921875, 0.01556396484375, -0.04052734375, 0.0054931640625, -0.003387451171875, 0.0185546875, -0.041259765625, -0.049560546875, -0.018310546875, -0.0247802734375, 0.0164794921875, -0.02392578125, 0.052978515625, 0.05419921875, -0.0177001953125, 0.00189208984375, 0.02099609375, 0.015380859375, 0.01483154296875, 0.049560546875, -0.0576171875, -0.0032806396484375, 0.0106201171875, -0.014404296875, -0.0286865234375, 0.02001953125, -0.0034942626953125, -0.002655029296875, 0.034423828125, -0.0245361328125, 0.0264892578125, 0.01287841796875, -0.005035400390625, 0.009033203125, -0.0262451171875, -0.019287109375, 0.00174713134765625, -0.0125732421875, 0.0281982421875, 0.036865234375, 0.0024871826171875, -0.0023040771484375, -0.04150390625, 0.010986328125, -0.0206298828125, -0.036865234375, -0.08935546875, 0.0133056640625, 0.003997802734375, 0.00482177734375, -0.0296630859375, -0.0211181640625, -0.006134033203125, 0.0279541015625, 0.022216796875, 0.0296630859375, 0.04345703125, -0.02197265625, -0.003265380859375, 7.724761962890625e-05, 0.01397705078125, -0.00921630859375, 0.05419921875, 0.0262451171875, -0.021728515625, -0.0081787109375, -0.07080078125, 0.023681640625, 0.031982421875, 0.01043701171875, 0.011962890625, -0.0478515625, 0.037841796875, -0.0093994140625, -0.0179443359375, 0.00164031982421875, 0.0142822265625, -0.000759124755859375, -0.01324462890625, 0.00543212890625, 0.0184326171875, -0.006195068359375, -0.0634765625, 0.036865234375, 0.008056640625, -0.0126953125, -0.00168609619140625, 0.07421875, -0.042236328125, 0.01300048828125, 0.052490234375, 0.0286865234375, -0.0291748046875, 0.048095703125, 0.0159912109375, -0.0361328125, 0.0032806396484375, -0.0299072265625, -0.01397705078125, -0.000644683837890625, 0.0296630859375, -0.031494140625, 0.014404296875, 0.00482177734375, -0.03466796875, 0.0400390625, 0.1005859375, -0.00860595703125, 0.018798828125, -0.005096435546875, -0.0498046875, 0.0257568359375, 0.01080322265625, 0.049072265625, -0.0439453125, -0.01397705078125, 0.027099609375, -0.03369140625, -0.00787353515625, 0.010498046875, 0.004852294921875, -0.0269775390625, -0.01708984375, -0.032470703125, 0.049560546875, -0.004425048828125, -0.010009765625, 0.0059814453125, 0.0281982421875, -0.013916015625, -0.05419921875, 0.042236328125, -0.036865234375, -0.0194091796875, -0.0026092529296875, -0.0206298828125, -0.03125, 0.01483154296875, 0.0230712890625, 0.033935546875, 0.06640625, -0.0478515625, 0.03173828125, 0.048095703125, 0.03515625, -0.01300048828125, -0.0125732421875, -0.016357421875, 0.01202392578125, 0.05419921875, -0.019775390625, 0.0115966796875, -0.0196533203125, 0.0096435546875, -0.012451171875, 0.03515625, -0.037109375, 0.055908203125, -0.0203857421875, 0.015625, 0.06396484375, 0.0172119140625, -0.005035400390625, -0.00946044921875, 0.01239013671875, -0.02734375, -0.031494140625, 0.04345703125, 0.0038909912109375, -0.0242919921875, 0.045654296875, -0.0181884765625, 