{"movie": "tagesschau", "offset": 84, "text_offset": 80, "embedding": [-0.0147705078125, -0.0277099609375, -0.027587890625, -0.01055908203125, -0.031982421875, 0.01055908203125, -0.005859375, -0.00628662109375, -0.018798828125, -0.007049560546875, 0.03515625, -0.044921875, 0.012939453125, -0.018798828125, -0.0159912109375, -0.024658203125, 0.0130615234375, -0.00360107421875, -0.00064849853515625, 0.02880859375, -0.017822265625, 0.0167236328125, 0.03515625, -0.0274658203125, 0.06494140625, 0.034423828125, -0.035400390625, -0.00799560546875, 0.0303955078125, 0.021728515625, -0.06640625, -0.021484375, 0.00433349609375, -0.035888671875, 0.0498046875, 0.05224609375, 0.045654296875, 0.0228271484375, -0.059814453125, -0.0123291015625, 0.0159912109375, 0.0272216796875, -0.0133056640625, 0.0302734375, 0.003753662109375, 0.03759765625, 0.00811767578125, 0.048828125, -0.04150390625, -0.0019683837890625, -0.032470703125, 0.0108642578125, 0.049560546875, 0.0228271484375, 0.000499725341796875, 0.01385498046875, 0.000732421875, 0.05712890625, -0.0147705078125, -0.05810546875, -0.059814453125, -0.035888671875, 0.00732421875, -0.0247802734375, 0.0230712890625, -0.020263671875, -0.0247802734375, -0.0306396484375, -0.037353515625, 0.016845703125, -0.0087890625, -0.05419921875, 0.00634765625, -0.02880859375, -0.00830078125, -0.03759765625, 0.03369140625, -0.031982421875, 0.025390625, 0.0177001953125, 0.05615234375, 0.0186767578125, 0.0157470703125, 0.001312255859375, 0.04248046875, -0.0341796875, -0.0272216796875, -0.00189208984375, 0.032958984375, -0.02001953125, 0.00537109375, -0.03955078125, -0.0242919921875, -0.0048828125, 0.01409912109375, 0.0057373046875, -0.043212890625, -0.016357421875, -0.00799560546875, 0.0159912109375, 0.015625, 0.0478515625, -0.039306640625, -0.037353515625, -0.039794921875, -0.049560546875, -0.0179443359375, 0.01806640625, -0.032470703125, -0.0284423828125, 0.00457763671875, -0.0225830078125, -0.038330078125, -0.043212890625, -0.01531982421875, -0.027587890625, 0.01177978515625, 0.026123046875, -0.0189208984375, 0.000972747802734375, 0.0164794921875, 0.0311279296875, -0.040771484375, -0.01171875, 0.037353515625, 0.0228271484375, 0.0012359619140625, 0.004913330078125, -0.0732421875, -0.00506591796875, 0.025634765625, 0.0233154296875, -0.003387451171875, 0.060546875, -0.02880859375, 0.0078125, -0.0208740234375, -0.045654296875, -0.00726318359375, -0.01446533203125, 0.00130462646484375, -0.00066375732421875, 0.004913330078125, -0.0220947265625, -0.00101470947265625, 0.0306396484375, 0.01312255859375, -0.002197265625, -0.0238037109375, 0.01336669921875, -0.052978515625, -0.0302734375, -0.032958984375, 0.0303955078125, -0.00946044921875, -0.0277099609375, 0.0311279296875, 0.0849609375, -0.008544921875, 0.05712890625, -0.025634765625, -0.042236328125, -0.06298828125, 0.01239013671875, 0.00872802734375, 0.0341796875, 0.0089111328125, -0.027587890625, 0.046630859375, 0.041259765625, 0.007720947265625, -0.017822265625, -0.00787353515625, 0.003631591796875, -0.0299072265625, -0.0191650390625, 0.040283203125, -0.01123046875, -0.01324462890625, -0.0078125, -0.004791259765625, 0.01202392578125, 0.0128173828125, 0.0034332275390625, 7.295608520507812e-05, -0.0186767578125, -0.0240478515625, -0.0023651123046875, 0.00121307373046875, 0.02099609375, 0.0235595703125, 0.00213623046875, 0.020751953125, 0.01348876953125, 0.0034332275390625, 0.031494140625, 0.00023651123046875, 0.01031494140625, -0.0130615234375, 0.040771484375, -0.005889892578125, 0.0233154296875, 0.0189208984375, -0.0011138916015625, -0.015380859375, -0.0225830078125, -0.02392578125, -0.02587890625, 0.00689697265625, -0.0164794921875, 0.033447265625, 0.02294921875, 0.046630859375, -0.0230712890625, -0.048095703125, -0.0390625, 0.03173828125, 0.026123046875, 0.05419921875, 0.0439453125, -0.0712890625, 0.01019287109375, -0.021728515625, -0.0086669921875, 0.055908203125, -0.01361083984375, 0.0162353515625, -0.0038604736328125, -0.004913330078125, 0.0012664794921875, -0.006439208984375, 0.01080322265625, -0.01202392578125, 0.0081787109375, 0.04443359375, 0.006622314453125, 0.03125, 0.004974365234375, 0.0004177093505859375, 0.012451171875, 0.00628662109375, 0.01007080078125, 0.010009765625, 0.0079345703125, -0.04345703125, 0.01397705078125, 0.0247802734375, -0.05126953125, 0.048095703125, 0.00531005859375, 0.00738525390625, 0.026123046875, 0.0045166015625, -0.0185546875, -0.0174560546875, 0.017822265625, -0.027099609375, -0.007049560546875, -0.01953125, 0.00087738037109375, 0.0311279296875, -0.017333984375, 0.0242919921875, 0.0244140625, 0.07666015625, 0.016845703125, -0.018310546875, -0.01171875, -0.01171875, 0.037841796875, 0.045654296875, 0.05224609375, 0.012939453125, 0.05224609375, -0.0419921875, 0.010009765625, -0.01171875, 0.01348876953125, 0.0274658203125, -0.00457763671875, -0.000514984130859375, -0.0091552734375, -0.000934600830078125, 0.035400390625, 0.00145721435546875, -0.0034027099609375, -0.007049560546875, -0.004486083984375, 0.00653076171875, 0.0142822265625, -0.01556396484375, 0.01544189453125, 0.04150390625, 0.020263671875, 0.014892578125, 0.01324462890625, -0.0279541015625, 0.01104736328125, 0.0194091796875, -0.031982421875, -0.031494140625, 0.0240478515625, 0.0198974609375, 0.00537109375, 0.018798828125, 0.0888671875, -0.0103759765625, 0.025146484375, 0.00141143798828125, 0.0185546875, 0.0021820068359375, 0.01470947265625, 0.01031494140625, -0.044921875, 0.005615234375, -0.0303955078125, 0.0244140625, -0.0341796875, 0.020263671875, -0.03564453125, -0.031982421875, -0.020751953125, -0.0166015625, 0.0576171875, -0.0087890625, -0.0281982421875, -0.00128936767578125, -0.0064697265625, 0.040771484375, -0.00750732421875, 0.016845703125, 0.005096435546875, 0.048583984375, 0.02294921875, -0.0230712890625, 0.025634765625, -0.055419921875, -0.0037384033203125, -0.039794921875, 0.00811767578125, 0.00439453125, -0.00469970703125, -0.0123291015625, -0.0177001953125, 0.01397705078125, 0.05224609375, 0.01336669921875, 0.0035552978515625, -0.033447265625, -0.027099609375, 0.005828857421875, 0.022216796875, 0.00933837890625, 0.0322265625, 0.0732421875, -0.0341796875, 0.01141357421875, 0.0189208984375, -0.029541015625, 0.00148773193359375, -0.0247802734375, -0.035888671875, 0.02294921875, -0.038330078125, 0.004730224609375, -0.01519775390625, 0.0240478515625, -0.0244140625, 0.0257568359375, 0.05419921875, -0.0233154296875, 0.053955078125, 0.0220947265625, 0.042236328125, -0.0517578125, 0.0595703125, 0.0262451171875, 0.0038299560546875, 0.00958251953125, 0.0322265625, -0.017822265625, -0.0003185272216796875, 0.041748046875, -0.0224609375, 0.0133056640625, 0.0179443359375, -0.02392578125, -0.09716796875, -0.045166015625, -0.011474609375, 0.0162353515625, -0.0013580322265625, 0.0264892578125, -0.052490234375, -0.031982421875, 0.0108642578125, 0.044921875, 0.0206298828125, 0.06689453125, 0.0252685546875, 0.0247802734375, 0.0225830078125, -0.01446533203125, -0.017578125, -0.019775390625, 0.06396484375, 0.005615234375, 0.041259765625, -0.0125732421875, -0.01470947265625, -0.04443359375, 0.0087890625, 0.04296875, -0.005767822265625, 0.0224609375, -0.000705718994140625, 0.08154296875, -0.0133056640625, 0.062255859375, -0.014404296875, -0.010986328125, -0.003662109375, -0.08349609375, 0.0023193359375, 0.048095703125, -0.02880859375, -0.039794921875, -0.0174560546875, -0.02490234375, 0.021484375, 0.0634765625, -0.02001953125, 0.0478515625, 0.00750732421875, -0.01556396484375, -0.0091552734375, -0.011474609375, -0.004669189453125, -0.07763671875, -0.045166015625, 0.03466796875, -0.011474609375, -0.01202392578125, -0.0037384033203125, -0.025634765625, -0.0033721923828125, -0.0084228515625, -0.00811767578125, -0.035400390625, 0.029052734375, -0.054443359375, 0.0142822265625, 0.00194549560546875, 0.037109375, -0.056884765625, 0.0030975341796875, 0.0147705078125, 0.01165771484375, -0.030029296875, -0.000171661376953125, -0.01361083984375, 0.01239013671875, 0.0458984375, 0.032470703125, 0.07666015625, 