{"movie": "tagesschau", "offset": 34, "text_offset": 30, "embedding": [-0.0235595703125, 0.00341796875, -0.040283203125, -0.06298828125, -0.02734375, 0.0135498046875, 0.00154876708984375, 0.0223388671875, -0.031494140625, 0.0002498626708984375, 0.006561279296875, 0.0283203125, 0.0157470703125, -0.045166015625, -0.0400390625, 0.02783203125, -0.006927490234375, 0.02880859375, 0.0228271484375, -0.05126953125, 0.0059814453125, 0.013671875, 0.033203125, -0.049072265625, 0.002044677734375, -0.00174713134765625, -0.0654296875, -0.0076904296875, 0.0546875, 0.00811767578125, 0.0235595703125, -0.0235595703125, 0.050537109375, -0.004638671875, -0.0245361328125, 0.00555419921875, 0.01708984375, -0.0322265625, 0.030029296875, 0.006500244140625, -0.046142578125, 0.010986328125, -0.00927734375, -0.040283203125, -0.01287841796875, 0.00225830078125, -0.02490234375, 0.06298828125, 0.061767578125, -0.015625, -0.04248046875, -0.023681640625, 0.0159912109375, -0.001800537109375, -0.000492095947265625, 0.0045166015625, -0.03662109375, 0.01544189453125, -0.02197265625, 0.0189208984375, -0.03857421875, 0.01177978515625, -0.000659942626953125, -0.05419921875, 0.0218505859375, -0.000713348388671875, -0.01708984375, -0.00933837890625, 0.01177978515625, 0.0228271484375, 0.00640869140625, -0.0072021484375, -0.0302734375, -0.037841796875, -0.00909423828125, -0.030029296875, -0.059326171875, -0.013671875, 0.0186767578125, 0.01177978515625, 0.016845703125, 0.01092529296875, -0.0159912109375, 0.034423828125, -0.01031494140625, -0.0186767578125, -0.006011962890625, 0.05419921875, 0.043212890625, 0.0299072265625, -0.01092529296875, 0.014404296875, -0.052978515625, -0.03466796875, 0.0150146484375, -0.0380859375, -0.03125, -0.0234375, -0.009765625, -0.0247802734375, 0.00150299072265625, -0.00555419921875, -0.0478515625, -0.0262451171875, 0.0113525390625, -0.0296630859375, -0.0260009765625, -0.058349609375, -0.04296875, 0.05126953125, 0.004608154296875, -0.0703125, -0.0030059814453125, -0.0771484375, 0.00038909912109375, -0.01513671875, 0.037841796875, 0.0191650390625, 0.01129150390625, 0.04541015625, -0.06591796875, 0.058837890625, -0.00433349609375, 0.037353515625, 0.0390625, -0.04443359375, -0.004974365234375, 0.0242919921875, 0.02197265625, -0.045654296875, -0.02880859375, 0.03369140625, 0.03271484375, 0.0203857421875, -0.042236328125, -0.04052734375, 0.0174560546875, -0.034423828125, -0.055419921875, 0.025390625, 0.046142578125, -0.00555419921875, 0.060546875, 0.0252685546875, -0.06982421875, -0.01287841796875, 0.04443359375, 0.003326416015625, 0.00799560546875, -0.04443359375, -0.008544921875, 0.007354736328125, 0.004638671875, 0.0047607421875, 0.002288818359375, -0.01483154296875, -0.0225830078125, 0.021728515625, -0.03076171875, -0.02783203125, 0.0302734375, 0.002960205078125, -0.006622314453125, 0.00885009765625, 0.03564453125, -0.0157470703125, -0.0152587890625, 0.03173828125, -0.040771484375, -0.09130859375, -0.03857421875, -0.019287109375, -0.000705718994140625, 0.0089111328125, 0.045654296875, 0.02001953125, 0.0076904296875, 0.00799560546875, 0.007781982421875, 0.0037384033203125, 0.0264892578125, -0.020263671875, -0.0223388671875, -0.03662109375, 0.045654296875, 0.040283203125, 0.010986328125, -0.005645751953125, -0.0166015625, -0.031494140625, 0.034912109375, 0.10595703125, -0.0006103515625, 0.0125732421875, -0.00848388671875, -0.0673828125, -0.045654296875, 0.0101318359375, 0.0279541015625, -0.006622314453125, -0.01007080078125, 0.055419921875, -0.000530242919921875, -0.0311279296875, 0.035400390625, -0.0009765625, -0.01904296875, -0.000896453857421875, 0.01397705078125, 0.05078125, 0.006744384765625, 0.0247802734375, -0.01495361328125, 0.0145263671875, -0.0498046875, -0.04296875, 0.02197265625, 0.04541015625, 6.031990051269531e-05, 0.01324462890625, -0.0703125, 0.01458740234375, 0.03857421875, 0.037841796875, 0.08935546875, -0.0419921875, 0.0203857421875, 0.00750732421875, 0.045166015625, -0.0128173828125, -0.0019683837890625, 0.07275390625, -0.00531005859375, -0.0260009765625, 0.0208740234375, -0.02392578125, 0.0111083984375, -0.019775390625, -0.0269775390625, 0.00970458984375, -0.05078125, -0.013671875, 0.002777099609375, 0.0194091796875, -0.0849609375, 0.049560546875, -0.049560546875, 0.057373046875, -0.048828125, 0.037353515625, -0.046142578125, -0.0089111328125, -0.000873565673828125, -0.005889892578125, 0.01953125, -0.0089111328125, -0.033447265625, 0.031982421875, -0.0341796875, 0.0478515625, 0.025390625, -0.009033203125, 0.019287109375, 0.01043701171875, 0.00677490234375, 0.0157470703125, -0.00537109375, -0.03515625, -0.020751953125, 0.034912109375, 0.00628662109375, 0.0732421875, 0.0166015625, 0.0130615234375, -0.0177001953125, -0.0230712890625, -0.005218505859375, -0.004608154296875, -0.0264892578125, 0.00970458984375, 0.036376953125, 0.004638671875, 0.03466796875, 0.00628662109375, 0.00022411346435546875, -0.0145263671875, -0.025634765625, -0.015625, -0.01129150390625, 0.038818359375, -0.0247802734375, 0.02392578125, -0.0078125, -0.011962890625, -0.0002613067626953125, -0.00152587890625, -0.0230712890625, 0.03076171875, -0.0208740234375, 0.033447265625, -0.02734375, -0.00152587890625, 0.02197265625, -0.00299072265625, -0.0634765625, -0.058837890625, -0.0206298828125, -0.01708984375, 0.00872802734375, 0.03076171875, -0.0059814453125, 0.00933837890625, 0.0230712890625, 0.0299072265625, -0.018310546875, -0.0020751953125, -0.01544189453125, -0.01556396484375, 0.0218505859375, -0.00482177734375, 0.0159912109375, -0.01953125, -0.004180908203125, 0.052978515625, -0.000621795654296875, -0.006988525390625, 0.007781982421875, -0.012451171875, 0.01239013671875, -0.005035400390625, 0.040283203125, -0.0113525390625, 0.01806640625, -0.00244140625, -0.059326171875, 0.06640625, -0.06787109375, 0.015625, 0.009521484375, 0.046142578125, -0.00494384765625, 0.049072265625, 0.013916015625, 0.0299072265625, -0.0390625, 0.04443359375, 0.087890625, -0.0020751953125, 0.01031494140625, 0.056640625, 0.0230712890625, -0.043701171875, 0.046142578125, 0.043212890625, -0.060546875, 0.006195068359375, -0.0174560546875, 0.056396484375, -0.031494140625, -0.00677490234375, -0.00113677978515625, 0.04345703125, 0.0322265625, -0.061767578125, -0.0201416015625, 0.0020294189453125, -0.076171875, -0.00494384765625, -0.018310546875, -0.005767822265625, 0.00830078125, 0.00396728515625, 0.055419921875, 0.0072021484375, -0.01312255859375, 0.03271484375, 0.0086669921875, 0.0147705078125, 0.01214599609375, 0.041259765625, -0.011962890625, -0.005218505859375, -0.03173828125, -0.0162353515625, -0.0308837890625, 0.0203857421875, -0.0185546875, -0.040771484375, -0.0174560546875, 0.005096435546875, -0.06298828125, 0.022216796875, -0.02392578125, -0.004150390625, -0.055419921875, 0.0101318359375, 0.0262451171875, -0.011962890625, -0.01416015625, 0.0299072265625, 0.0010223388671875, 0.01043701171875, -0.056396484375, 0.030517578125, 0.018310546875, 0.0439453125, 0.020751953125, -0.0240478515625, 0.0264892578125, 0.01806640625, -0.0390625, 0.0107421875, -0.0361328125, -0.0106201171875, 0.00579833984375, -0.05810546875, -0.01373291015625, 0.0257568359375, 0.00628662109375, -0.003936767578125, -0.00384521484375, -0.0194091796875, -0.004241943359375, 0.01904296875, 0.0002498626708984375, -0.029541015625, -0.0322265625, 0.00531005859375, -0.0281982421875, 0.03662109375, -0.040771484375, -0.044677734375, -0.0281982421875, 0.02001953125, 0.0076904296875, 0.006134033203125, -0.05078125, -0.05322265625, -0.00012874603271484375, 0.04248046875, 0.01434326171875, -0.0167236328125, -0.06103515625, 0.00262451171875, -0.036376953125, 0.021728515625, 0.052978515625, 0.0184326171875, -0.043212890625, -0.00099945068359375, 0.0322265625, 0.0128173828125, 0.002471923828125, 0.015869140625, 0.01904296875, -0.043212890625, -0.006072998046875, -0.0264892578125, -0.02392578125, -0.023193359375, -0.00946044921875, 0.01214599609375, 0.035888671875, -0.0859375, 0.0206298828125, -0.033935546875, 0.0546875, 0.01397705078125, -0.009765625, 