{"movie": "tagesschau", "offset": 112, "text_offset": 110, "embedding": [0.0712890625, 0.0106201171875, 0.06884765625, 0.01275634765625, -0.056884765625, -0.037353515625, 0.046630859375, 0.057861328125, -0.006500244140625, -0.04833984375, 0.01153564453125, 0.034912109375, -0.027099609375, -0.0281982421875, -0.034912109375, -0.025634765625, 0.00921630859375, -0.041748046875, 0.0172119140625, 0.06396484375, -0.0137939453125, 0.0081787109375, -0.037841796875, -0.0123291015625, 0.042724609375, 0.0103759765625, -0.043212890625, -0.01275634765625, 0.01708984375, -0.01165771484375, -0.005096435546875, -0.059326171875, -0.025390625, -0.010498046875, 0.0294189453125, 0.01153564453125, 0.060302734375, 0.0189208984375, 0.01446533203125, -0.00445556640625, 0.01397705078125, 0.0174560546875, -0.0029754638671875, 0.0128173828125, 0.004730224609375, -0.051025390625, 0.023681640625, 0.019775390625, -0.00125885009765625, 0.023193359375, 0.0184326171875, -0.0072021484375, 0.01806640625, 0.00147247314453125, -0.06982421875, -0.06298828125, 0.03564453125, 0.0301513671875, 0.0174560546875, -0.0615234375, 0.0005950927734375, 0.00823974609375, 0.005340576171875, 0.000637054443359375, -0.043212890625, 0.0224609375, -0.03271484375, 0.0322265625, 0.01190185546875, 0.005218505859375, -0.050537109375, -0.0113525390625, -0.0201416015625, -0.00909423828125, 0.0306396484375, -0.0120849609375, 0.041259765625, -0.0322265625, -0.01446533203125, 0.039794921875, -0.0184326171875, -0.01556396484375, -0.02783203125, -0.02197265625, 0.0380859375, -0.06982421875, -0.01531982421875, 0.0247802734375, 0.0172119140625, 0.024169921875, 0.014404296875, -0.003448486328125, -0.005615234375, -0.0419921875, -0.0264892578125, -0.0189208984375, -0.0576171875, 0.0181884765625, 0.015625, -0.05517578125, -0.01531982421875, 0.019287109375, 0.001129150390625, 0.0089111328125, -0.0703125, -0.01007080078125, 0.04736328125, -0.05224609375, -0.052978515625, 0.0033416748046875, 0.026123046875, -0.003631591796875, 0.03564453125, 0.024169921875, -0.040283203125, -0.00732421875, 0.0089111328125, 0.01348876953125, 0.0137939453125, -0.0224609375, -0.01336669921875, 0.0012359619140625, -0.031982421875, -0.01531982421875, 0.0101318359375, 0.03369140625, 0.03955078125, 0.03076171875, -0.0322265625, 0.0019989013671875, 0.002227783203125, -0.0341796875, 0.01611328125, 0.0301513671875, -0.060302734375, -0.0194091796875, 0.0069580078125, -0.01251220703125, -0.000457763671875, 0.026611328125, 0.0260009765625, 0.01544189453125, -0.03564453125, -0.0908203125, -0.004302978515625, 0.01495361328125, -0.0048828125, -0.0196533203125, 0.00994873046875, -0.0284423828125, 0.0203857421875, -0.025634765625, -0.064453125, -0.009521484375, -0.0107421875, 0.007720947265625, 0.06591796875, 0.0927734375, 0.002471923828125, -0.0272216796875, -0.00689697265625, 0.0123291015625, -0.041259765625, -0.0201416015625, 0.0250244140625, 0.025634765625, -0.0634765625, 0.03271484375, -0.07373046875, -0.039794921875, -0.0712890625, 0.0027008056640625, -0.033203125, -0.0361328125, -0.039306640625, 0.01275634765625, 0.00518798828125, -0.031982421875, 0.0003528594970703125, -0.0301513671875, -0.02734375, -0.0238037109375, 0.02294921875, 0.033447265625, -0.0216064453125, -0.025390625, 0.011474609375, 0.056640625, -0.04736328125, 0.0191650390625, 0.022705078125, -0.032470703125, -0.040771484375, 0.03369140625, 0.005218505859375, 0.004730224609375, -0.04443359375, -0.0166015625, 0.0615234375, 0.03955078125, -0.0576171875, 0.000782012939453125, -0.046142578125, 0.0166015625, -0.004974365234375, -0.025390625, -0.02734375, -0.0145263671875, -0.03955078125, 0.036376953125, 0.023193359375, -0.0162353515625, 0.0458984375, -0.00194549560546875, -0.01611328125, -0.0111083984375, -9.202957153320312e-05, 0.04052734375, 0.0186767578125, -0.034423828125, -0.018798828125, -0.028564453125, -0.017578125, 0.01544189453125, -0.0159912109375, -0.018798828125, 0.00933837890625, -2.2649765014648438e-05, 0.0045166015625, 0.023681640625, 0.00994873046875, -0.038330078125, -0.055908203125, 0.027587890625, 0.0296630859375, 0.01611328125, -0.00823974609375, -0.024169921875, 0.0093994140625, 0.0294189453125, 0.031982421875, -0.053466796875, 0.005767822265625, -0.0076904296875, 0.018798828125, 0.037353515625, -0.0157470703125, 0.0147705078125, 0.0096435546875, -0.026123046875, -0.056396484375, -0.00390625, 0.03955078125, -0.033203125, 0.0035247802734375, -0.0012664794921875, 0.007080078125, -0.0106201171875, 0.006744384765625, -0.006256103515625, 0.0194091796875, -0.00689697265625, -0.0120849609375, -0.01031494140625, -0.00121307373046875, 0.049560546875, -0.050537109375, 0.0087890625, -0.01300048828125, 0.0216064453125, 0.0030364990234375, -0.0157470703125, -0.01611328125, 0.032958984375, 0.0218505859375, -0.001190185546875, -0.020263671875, -0.01708984375, 0.0224609375, 0.0264892578125, 0.0096435546875, 0.00384521484375, -0.047119140625, 0.05078125, -0.01556396484375, 0.00787353515625, 0.033447265625, 0.06103515625, 0.0498046875, -0.03076171875, 0.0198974609375, -0.020263671875, 0.028564453125, 0.024658203125, 0.0025787353515625, 0.053466796875, 0.005828857421875, 0.04736328125, 0.001739501953125, -0.07861328125, -0.02294921875, 0.003997802734375, 0.029296875, -0.01007080078125, 0.00799560546875, 0.0255126953125, 0.038818359375, -0.00396728515625, 0.02392578125, 0.036865234375, 0.0306396484375, 0.02099609375, -0.0289306640625, 0.002960205078125, -0.00347900390625, -0.0294189453125, 0.00518798828125, 0.036865234375, 0.03759765625, -0.0062255859375, -0.050048828125, -0.0166015625, 0.059326171875, 0.001434326171875, -0.0986328125, -0.020263671875, -0.03369140625, -0.04931640625, -0.003387451171875, 0.01177978515625, 0.0283203125, -0.02783203125, -0.037841796875, -0.00421142578125, -0.04931640625, -0.0419921875, -0.031982421875, 0.01556396484375, -0.034912109375, 0.0145263671875, -0.00124359130859375, -0.0068359375, -0.0712890625, 0.019775390625, 0.052001953125, 0.00970458984375, 0.005218505859375, 0.0478515625, 0.004119873046875, 0.00616455078125, -0.0018463134765625, 0.01324462890625, -0.003448486328125, 0.003265380859375, -0.006500244140625, 0.01031494140625, 0.0302734375, -0.00506591796875, 0.01556396484375, 0.050537109375, 0.04638671875, -0.0028076171875, -0.017822265625, -0.040283203125, -0.00445556640625, 0.0020751953125, -0.0224609375, -0.0279541015625, -0.0174560546875, 0.01019287109375, -0.052490234375, 0.05712890625, -0.007080078125, 0.0034942626953125, 0.07666015625, 0.0023040771484375, 0.01153564453125, -0.03564453125, -0.0712890625, 0.0064697265625, -0.038818359375, -0.0166015625, 0.036865234375, -0.087890625, -0.0189208984375, 0.004180908203125, 0.033935546875, -0.000614166259765625, -0.041748046875, -0.019287109375, 0.03076171875, 0.0224609375, -0.0341796875, -0.058837890625, -0.019775390625, -0.01123046875, -0.00677490234375, 0.031494140625, 0.0230712890625, -0.00213623046875, -0.0084228515625, 0.0299072265625, -0.01153564453125, -0.029541015625, -0.005340576171875, -0.0283203125, 0.00616455078125, 0.064453125, 0.0849609375, 0.01214599609375, -0.0277099609375, 0.04638671875, -0.041748046875, -0.000843048095703125, -0.0052490234375, -0.047607421875, -0.031982421875, -0.036865234375, -0.038818359375, -0.00689697265625, 0.017578125, -0.05078125, -0.004791259765625, 0.04296875, 0.03515625, -0.0033721923828125, 0.0069580078125, -0.01422119140625, 0.01068115234375, -0.007415771484375, -0.039794921875, 0.0299072265625, 0.0751953125, 0.025390625, 0.00665283203125, 0.04296875, 0.020263671875, -0.0003528594970703125, -0.07958984375, 0.046142578125, -0.0224609375, 0.01153564453125, 0.0230712890625, -0.04052734375, 0.0078125, 0.00823974609375, 0.00579833984375, -0.01611328125, -0.031494140625, 0.025390625, 0.02197265625, -0.05517578125, 0.0615234375, 0.0091552734375, 0.0302734375, 0.06103515625, -0.0230712890625, -0.052001953125, 0.0089111328125, -0.029296875, 0.003936767578125, 0.033447265625, -0.027587890625, -0.017578125, 0.002410888671875, 0.0069580078125, -0.0081787109375, 