{"movie": "tagesschau", "offset": 18, "text_offset": 10, "embedding": [0.00099945068359375, -0.01263427734375, 0.046875, -0.0220947265625, -0.033203125, -0.06005859375, 0.049072265625, 0.042724609375, -0.003997802734375, 0.032958984375, 0.0004425048828125, 0.0245361328125, -0.01953125, -0.0027618408203125, -0.045654296875, -0.056640625, 0.026123046875, -0.0029449462890625, -0.040771484375, 0.0203857421875, 0.0135498046875, 0.0252685546875, 0.01953125, -0.03125, 0.042236328125, 0.0194091796875, -0.09814453125, -0.0537109375, -0.01190185546875, 0.01434326171875, 0.034423828125, -0.0091552734375, 0.0208740234375, -0.0234375, -0.0286865234375, -0.0042724609375, 0.0654296875, -0.01409912109375, 0.000804901123046875, 0.0135498046875, 0.01416015625, 0.00537109375, -0.035400390625, 0.02685546875, 0.04052734375, -0.035888671875, -0.0030670166015625, -0.020263671875, -0.008056640625, -0.005859375, 0.0625, 0.0189208984375, 0.0245361328125, 0.0029754638671875, 0.01177978515625, -0.006072998046875, -0.0069580078125, -0.0225830078125, 0.043701171875, -0.056396484375, 0.000720977783203125, -0.0245361328125, 0.036865234375, -0.041015625, 0.0028839111328125, -0.052001953125, -0.024169921875, -0.02392578125, 0.0034027099609375, 0.0096435546875, -0.0162353515625, -0.01904296875, 0.00142669677734375, -0.03466796875, 0.0152587890625, 0.046142578125, 0.0050048828125, -0.01190185546875, 0.024169921875, 0.037841796875, -0.013916015625, -0.044677734375, 0.041015625, 0.0233154296875, -0.00250244140625, 0.045654296875, 0.00909423828125, -0.032958984375, 0.00897216796875, 0.022216796875, -0.01025390625, 0.03955078125, -0.0257568359375, -0.01287841796875, -0.01116943359375, -0.0126953125, -0.00018310546875, 0.0164794921875, 0.000476837158203125, -0.01141357421875, -0.0294189453125, 0.03759765625, -0.0238037109375, 0.04296875, -0.0030670166015625, -0.030517578125, -0.0322265625, -0.04931640625, -0.031494140625, 0.045166015625, 0.056640625, 0.034423828125, -0.0078125, 0.01141357421875, 0.02978515625, 0.017578125, -0.0220947265625, -0.01556396484375, 0.0029449462890625, 0.06640625, -0.01226806640625, 0.00537109375, -0.010009765625, 0.01806640625, -0.0067138671875, 0.0186767578125, 0.0010223388671875, 0.0235595703125, -0.0230712890625, -0.009521484375, -0.00921630859375, 0.0228271484375, 0.047607421875, 0.026123046875, -0.05859375, 0.003265380859375, -0.06884765625, -0.0260009765625, -0.009033203125, -0.00970458984375, -0.0252685546875, 0.0172119140625, 0.045166015625, -0.0245361328125, -0.024658203125, 0.0220947265625, -0.000659942626953125, 0.0029449462890625, 0.00494384765625, -0.0380859375, 0.015380859375, -0.046142578125, -0.054443359375, 0.057373046875, -0.048583984375, -0.050537109375, -0.0016326904296875, -0.01226806640625, -0.0634765625, -0.0194091796875, -0.0004482269287109375, -0.03515625, 0.01324462890625, -0.078125, 0.0079345703125, 0.049072265625, -0.02783203125, 0.0048828125, -0.042236328125, -0.01226806640625, 0.01165771484375, -0.0279541015625, -0.036865234375, 0.0228271484375, 0.011962890625, 0.0006561279296875, -0.045166015625, -0.0556640625, 0.02490234375, 0.0791015625, -0.00174713134765625, 0.033203125, 0.0303955078125, -0.036865234375, 0.01953125, -0.0311279296875, -0.040771484375, 0.0003490447998046875, -0.04052734375, 0.036376953125, 0.01177978515625, 0.006134033203125, 0.00927734375, 0.052001953125, 0.0478515625, 0.00482177734375, -0.034912109375, 0.00982666015625, 0.025390625, 0.00421142578125, -0.048583984375, -0.0250244140625, -0.06591796875, -0.0135498046875, 0.001556396484375, -0.01556396484375, -0.01904296875, 0.0128173828125, -0.003204345703125, -0.01153564453125, 0.00689697265625, 0.02685546875, -0.059326171875, 0.0361328125, -0.025634765625, -0.00799560546875, 0.040771484375, 0.0791015625, -0.0045166015625, 0.0087890625, 0.0419921875, -0.047119140625, 0.0218505859375, 0.01177978515625, 0.0556640625, -0.03662109375, 0.01434326171875, 0.00421142578125, 0.045166015625, -0.0311279296875, 0.01226806640625, -0.00860595703125, -0.059326171875, 0.049072265625, 0.029052734375, -0.03515625, -0.047119140625, -0.0038909912109375, -0.0103759765625, 0.0012664794921875, 0.0057373046875, -0.02685546875, 0.00811767578125, -0.03076171875, 0.0252685546875, 0.0286865234375, -0.054443359375, -0.031982421875, 0.0093994140625, 0.0218505859375, -0.0289306640625, -0.00017833709716796875, -0.0076904296875, -0.052734375, -0.022216796875, -0.0166015625, -0.00799560546875, 0.0478515625, -0.014892578125, 0.045166015625, 0.0458984375, 0.036376953125, -0.0081787109375, -0.0245361328125, -0.0103759765625, 0.060791015625, -0.009765625, 0.01953125, -0.01092529296875, 0.0225830078125, 0.00128173828125, 0.047119140625, -0.0004634857177734375, -0.016845703125, 0.0361328125, -0.044677734375, -0.03369140625, -0.0458984375, 0.0057373046875, 0.02685546875, 0.01129150390625, -0.0031280517578125, 0.041748046875, 0.004302978515625, 0.052001953125, 0.0218505859375, -0.046875, -0.056396484375, -0.018310546875, -0.007598876953125, -0.00311279296875, 0.0322265625, 0.04052734375, 0.019775390625, 0.04150390625, 0.027587890625, -0.00185394287109375, -0.008056640625, -0.0556640625, 0.032958984375, 0.01544189453125, -0.010009765625, 0.028564453125, 0.019287109375, -0.005889892578125, 0.0703125, -0.016357421875, -0.01153564453125, -0.00933837890625, -0.00750732421875, 0.041748046875, -0.05419921875, -0.03857421875, 0.00286865234375, 0.032958984375, 0.037841796875, -0.03369140625, 0.0286865234375, 0.025634765625, 0.0159912109375, -0.01116943359375, -0.064453125, -0.00836181640625, 0.0595703125, -0.0157470703125, 0.03173828125, 0.016845703125, -0.045654296875, 0.019775390625, -0.01092529296875, 0.044677734375, -0.0220947265625, 0.0234375, 0.03076171875, 0.040283203125, -0.017578125, -0.0279541015625, 0.01129150390625, -0.00787353515625, 0.03564453125, 0.05224609375, 0.00390625, 0.00933837890625, 0.016845703125, 0.044189453125, -0.0084228515625, -0.01336669921875, 0.030517578125, 0.0205078125, 0.01397705078125, 0.031494140625, -0.00860595703125, 0.046875, 0.033935546875, -0.020263671875, 0.003173828125, -0.03857421875, 0.0986328125, -0.028564453125, 0.017578125, 0.012451171875, 0.0361328125, 0.039306640625, -0.041015625, 0.001434326171875, 0.0245361328125, 0.03125, -0.029052734375, 0.0040283203125, 0.0135498046875, 0.06591796875, 0.032958984375, 0.005859375, 0.033203125, -0.0294189453125, 0.0027313232421875, -0.02783203125, 0.007171630859375, -0.0029296875, -0.0029754638671875, -0.049072265625, 0.01806640625, -0.0211181640625, 0.028564453125, 0.046142578125, -0.0289306640625, 0.01373291015625, -0.043212890625, 0.0142822265625, -0.01556396484375, -0.01263427734375, -0.01165771484375, -0.054931640625, -0.043212890625, -0.053466796875, -0.05224609375, -0.01446533203125, 0.029296875, 0.047119140625, -0.0294189453125, -0.00836181640625, -0.005462646484375, -0.040283203125, 0.050537109375, 0.0145263671875, 0.005279541015625, 0.020263671875, 0.0260009765625, 0.0615234375, -0.01446533203125, -0.047119140625, 0.00299072265625, -0.0245361328125, 0.03515625, -0.00982666015625, 0.06884765625, -0.045166015625, 0.0390625, 0.042724609375, -0.00262451171875, -0.04052734375, 0.06494140625, -0.018310546875, -0.04150390625, 0.0272216796875, 0.0157470703125, 0.01043701171875, -0.00299072265625, -0.0164794921875, 0.0267333984375, 0.0294189453125, 0.00714111328125, 0.04296875, -0.0242919921875, -0.00482177734375, 0.026123046875, 0.033935546875, -0.027099609375, -0.0157470703125, -0.0301513671875, 0.0703125, -0.003448486328125, -0.00946044921875, 0.032470703125, -0.01287841796875, -0.011474609375, -0.029052734375, 0.09130859375, -0.0018768310546875, -0.028564453125, -0.0322265625, -0.0164794921875, 0.0096435546875, 0.01177978515625, 0.00616455078125, 0.01434326171875, 0.0126953125, 0.00799560546875, -0.008056640625, -0.029296875, 0.0556640625, 0.0311279296875, 0.0203857421875, 0.0260009765625, 0.0184326171875, -0.0260009765625, 0.0220947265625, -0.03369140625, -0.03857421875, -0.0361328125, -0.0380859375, -0.03125, 