{"movie": "tagesschau", "offset": 54, "text_offset": 50, "embedding": [-0.03173828125, 0.000614166259765625, -0.021484375, 0.0027923583984375, -0.048095703125, 0.04296875, 0.0208740234375, 0.0228271484375, -0.01190185546875, 0.0196533203125, -0.0167236328125, -0.0107421875, 0.0034027099609375, 0.0128173828125, -0.0224609375, -0.049072265625, 0.0284423828125, -0.029296875, 0.00946044921875, 0.040771484375, 0.040283203125, 0.050537109375, 0.06640625, -0.00106048583984375, 0.0322265625, 0.031982421875, -0.07080078125, -0.0279541015625, -0.00732421875, -0.009521484375, -0.04345703125, 0.02490234375, 0.0201416015625, 0.013427734375, 0.018310546875, 0.0244140625, 0.020263671875, 0.0439453125, -0.00122833251953125, -0.00049591064453125, 0.0166015625, -0.001983642578125, -0.01611328125, 0.046142578125, 0.0108642578125, 0.0211181640625, 0.01708984375, 0.047607421875, -0.02880859375, 0.00335693359375, 0.005706787109375, -0.0189208984375, 0.0284423828125, -0.0052490234375, -0.01397705078125, -0.004730224609375, 0.0032196044921875, -0.021484375, -0.02294921875, 0.05615234375, 0.006317138671875, -0.035888671875, -0.032958984375, 0.026611328125, 0.0498046875, -0.040771484375, 0.0018463134765625, -0.026123046875, 0.0045166015625, 0.072265625, 0.0162353515625, -0.056396484375, 0.01904296875, -0.0341796875, -0.006134033203125, 0.0018463134765625, 0.02734375, 0.048095703125, 0.002410888671875, -0.01092529296875, 0.033447265625, -0.015869140625, 0.0096435546875, 0.0062255859375, -0.006439208984375, 0.0164794921875, -0.006500244140625, -0.025390625, -0.0003604888916015625, -0.028076171875, 0.00091552734375, -0.0291748046875, -0.0257568359375, 0.0272216796875, 0.0062255859375, 0.0419921875, -0.003936767578125, -0.045654296875, -0.01324462890625, 0.0042724609375, 0.041748046875, 0.010498046875, -0.08349609375, -0.00457763671875, 0.00933837890625, -0.037353515625, -0.0230712890625, -0.0034637451171875, -0.0164794921875, 0.02490234375, -0.0186767578125, -0.0137939453125, 0.021728515625, -0.021484375, -0.0157470703125, 0.0458984375, 0.061767578125, 0.046875, 0.01287841796875, 0.035888671875, -0.01165771484375, -0.01171875, -0.07275390625, 0.00933837890625, 0.006011962890625, 0.0244140625, 0.032470703125, -0.01422119140625, -0.055908203125, 0.003326416015625, -0.0089111328125, -0.00156402587890625, 0.00848388671875, 0.08740234375, -0.029296875, -0.03125, 0.0146484375, -0.0277099609375, 0.01806640625, -0.007110595703125, -0.01043701171875, -0.0098876953125, 0.04931640625, -0.01007080078125, -0.0177001953125, -0.00799560546875, 0.0458984375, -0.044921875, -0.039306640625, -0.036865234375, -0.00732421875, -0.0196533203125, 0.018310546875, 0.0203857421875, -0.005706787109375, 0.01422119140625, -0.00102996826171875, 0.0615234375, -0.009033203125, -0.01422119140625, -0.056396484375, -0.0201416015625, -0.026611328125, 0.0042724609375, 0.05078125, 0.0118408203125, 0.0301513671875, 0.0028228759765625, 0.045166015625, 0.030517578125, 2.467632293701172e-05, -0.05126953125, -0.004180908203125, -0.01806640625, -0.012451171875, 0.00101470947265625, 0.03125, -0.064453125, 0.02197265625, -0.01025390625, 0.03466796875, -0.005950927734375, 0.008056640625, 0.01202392578125, 0.046142578125, -0.03076171875, 0.0068359375, -0.028076171875, 0.0130615234375, 0.00372314453125, 0.004913330078125, 0.0033721923828125, 0.0048828125, -0.03125, -0.00141143798828125, -0.0341796875, -0.040771484375, -0.0201416015625, 0.0011444091796875, 0.04052734375, -0.0291748046875, 0.064453125, -0.028076171875, 0.00311279296875, 0.05517578125, -0.0284423828125, 0.0098876953125, -0.00494384765625, -0.03564453125, 0.007781982421875, 0.0007171630859375, -0.0107421875, 0.0123291015625, -0.00848388671875, -0.023681640625, 0.004547119140625, 0.03857421875, 0.055419921875, 0.076171875, -0.01116943359375, -0.008544921875, -0.028564453125, 0.03564453125, -0.01519775390625, 0.050048828125, -0.019287109375, -0.026611328125, 0.001373291015625, 0.0140380859375, -0.026611328125, -0.03466796875, 0.022216796875, -0.02490234375, 0.03857421875, -0.005279541015625, 0.015380859375, 0.06298828125, -0.0322265625, 0.0034942626953125, 0.0140380859375, -0.035400390625, -0.027587890625, 0.0341796875, 0.01171875, -0.002288818359375, 0.001953125, 0.005859375, -0.0107421875, 0.0196533203125, 0.076171875, 0.0146484375, 0.064453125, 0.0196533203125, -0.05322265625, 0.00732421875, 0.032958984375, -0.017333984375, 0.032958984375, -0.004058837890625, -0.003509521484375, 0.0341796875, 0.0250244140625, 0.01300048828125, -0.017822265625, 0.043701171875, 0.0186767578125, -0.030517578125, -0.041748046875, 0.0133056640625, 0.064453125, 0.027587890625, 0.0228271484375, -0.032958984375, -0.00494384765625, 0.051513671875, -0.0810546875, 0.053955078125, -0.04833984375, 0.00201416015625, 0.01287841796875, -0.037841796875, 0.01708984375, 0.03125, 0.0024566650390625, 0.0419921875, 0.03466796875, 0.06396484375, 0.0225830078125, -0.004425048828125, -0.0240478515625, -0.0002346038818359375, -0.01708984375, 0.025390625, -0.0458984375, 0.00848388671875, 0.0732421875, -0.033447265625, -0.0086669921875, 0.01287841796875, -0.002227783203125, -0.0024566650390625, 0.01251220703125, 0.02099609375, 0.0111083984375, -0.01422119140625, 0.0012054443359375, -0.041259765625, -0.04296875, 0.0001544952392578125, -0.005767822265625, 0.0322265625, -0.03857421875, -0.05126953125, -0.0224609375, 0.00823974609375, -0.01202392578125, -0.0128173828125, 0.0277099609375, 0.09375, 0.0137939453125, -0.0123291015625, 0.0322265625, -0.045654296875, 0.046630859375, 0.00311279296875, -0.032958984375, -0.033447265625, -0.0223388671875, 0.00982666015625, -0.0284423828125, 0.01043701171875, -0.0142822265625, 0.0218505859375, 0.0322265625, 0.0177001953125, 0.00543212890625, -0.022216796875, 0.00075531005859375, -0.0732421875, 0.0206298828125, 0.0108642578125, -0.018310546875, -0.0272216796875, -0.015625, 0.0146484375, 0.00457763671875, -0.0439453125, 0.01806640625, -0.02978515625, -0.0140380859375, 0.0303955078125, 0.033203125, 0.007781982421875, 0.049072265625, 0.0146484375, 0.0361328125, 0.048828125, -0.00274658203125, -0.0390625, 0.014404296875, -0.035888671875, -0.017578125, 0.03857421875, -0.05615234375, -0.01324462890625, -0.00714111328125, 0.01220703125, -0.029541015625, -0.0098876953125, 0.037353515625, -0.036865234375, 0.057861328125, 0.0322265625, 0.007598876953125, -0.007537841796875, 0.0164794921875, 0.03564453125, -0.01953125, -0.01019287109375, 0.06103515625, -0.01806640625, 0.037841796875, 0.0260009765625, -0.04931640625, 0.00160980224609375, -0.049072265625, -0.0137939453125, 0.0228271484375, 0.0024871826171875, -0.03662109375, 0.00164794921875, -0.041259765625, 0.0177001953125, -0.0712890625, -0.05615234375, 0.019775390625, 0.03662109375, 0.032958984375, 0.039794921875, -0.03955078125, 0.0179443359375, -0.0277099609375, -0.0079345703125, -1.5735626220703125e-05, -0.0223388671875, 0.0238037109375, -0.060791015625, -0.00897216796875, 0.0234375, 0.027587890625, -0.025634765625, 0.0322265625, -0.009521484375, -0.0264892578125, 0.0272216796875, 0.0157470703125, 0.007293701171875, -0.006439208984375, 0.058349609375, -0.027587890625, -0.03125, 0.005584716796875, -0.0673828125, -0.017822265625, 0.035400390625, -0.018798828125, 0.0230712890625, -0.018310546875, -0.061767578125, 0.0224609375, 0.033935546875, -0.060791015625, -0.0146484375, -0.041748046875, -0.03369140625, 0.018310546875, -0.056396484375, -0.0576171875, -0.024169921875, 0.0272216796875, 0.061767578125, 0.026611328125, -0.0054931640625, 0.05126953125, -0.024169921875, -0.000873565673828125, 0.02099609375, -0.0001277923583984375, -0.013671875, 0.015625, -0.02294921875, 0.041015625, 0.01708984375, 0.00482177734375, 0.028076171875, 0.0033721923828125, 0.019287109375, 0.021484375, -0.0361328125, 0.08154296875, -0.06103515625, 0.062255859375, 0.0277099609375, 0.0179443359375, 0.031494140625, -0.04345703125, -0.005157470703125, -0.01226806640625, 0.037109375, 0.0106201171875, 0.01904296875, -0.055908203125, 0.00933837890625, 