{"movie": "tagesschau", "offset": 100, "text_offset": 100, "embedding": [0.0615234375, -0.000232696533203125, 0.000141143798828125, -0.018798828125, -0.037109375, -0.041015625, -0.00183868408203125, -0.006072998046875, -0.031494140625, -0.01385498046875, -0.031982421875, -0.0206298828125, -0.029296875, 0.043212890625, 0.0218505859375, -0.043212890625, -0.0211181640625, 0.028564453125, 0.005828857421875, 0.0036773681640625, -0.00115966796875, 0.00010013580322265625, -0.0020599365234375, -0.01373291015625, 0.00848388671875, -0.0019683837890625, -0.053466796875, -0.05029296875, 0.0115966796875, 0.01312255859375, -0.037109375, 0.0172119140625, 0.01300048828125, 0.00060272216796875, 0.017578125, -0.0107421875, -0.005828857421875, -0.00012874603271484375, 0.01446533203125, 0.01202392578125, 0.041748046875, 0.01556396484375, -0.033447265625, 0.01483154296875, 0.0267333984375, -0.00142669677734375, -0.0390625, 0.03125, 0.04248046875, -0.030517578125, 0.0023040771484375, 0.01556396484375, 0.00909423828125, 0.028564453125, 0.01544189453125, -0.00518798828125, 0.00592041015625, -0.01507568359375, 0.029296875, 0.05322265625, -0.08935546875, -0.025146484375, 0.0111083984375, -0.04052734375, 0.0296630859375, 0.002105712890625, -0.0021514892578125, 0.06982421875, -0.022216796875, 0.04638671875, -0.07470703125, -0.0810546875, -0.043701171875, -0.03955078125, 0.062255859375, -0.0267333984375, 0.0255126953125, 0.000843048095703125, -0.019775390625, 0.0289306640625, 0.02783203125, -0.01385498046875, 0.0556640625, -0.0242919921875, -0.00061798095703125, -0.0260009765625, 0.01318359375, -0.000591278076171875, 0.006927490234375, 0.00244140625, -0.01507568359375, 0.01611328125, -0.06884765625, -0.01409912109375, 0.020263671875, -0.00677490234375, 0.06396484375, -0.0218505859375, 0.06591796875, 0.00994873046875, 0.004241943359375, 0.00018978118896484375, -0.0771484375, -0.0078125, -0.0037689208984375, -0.006927490234375, -0.00421142578125, -0.0106201171875, -0.003753662109375, 0.06591796875, 0.00726318359375, -0.0250244140625, -0.0164794921875, 0.0225830078125, 0.01611328125, -0.02001953125, 0.031494140625, -0.0595703125, 0.0277099609375, 0.00162506103515625, -0.053466796875, 0.006591796875, -0.006500244140625, -0.00799560546875, 0.024658203125, -0.060302734375, 0.0263671875, -0.0103759765625, -0.03369140625, 0.015869140625, -0.0233154296875, -0.00445556640625, 0.0267333984375, -0.0233154296875, -0.10107421875, 0.01220703125, -0.00762939453125, 0.01263427734375, 0.007720947265625, 0.0478515625, 0.005523681640625, 0.009033203125, 0.00970458984375, -0.0177001953125, -0.0269775390625, 0.0208740234375, 0.039794921875, 0.0019989013671875, -0.0673828125, -0.03857421875, -0.0174560546875, 0.00592041015625, -0.0211181640625, 0.035888671875, 0.04296875, 0.0101318359375, -0.03759765625, 0.00830078125, 0.023681640625, 0.042236328125, 0.0146484375, 0.0206298828125, -0.035400390625, -0.007415771484375, 0.02587890625, -0.0283203125, -0.04150390625, 0.033935546875, -0.015625, -0.0172119140625, -0.03662109375, 0.01263427734375, -0.01556396484375, -0.042724609375, 0.06591796875, 0.0177001953125, -0.03564453125, -0.06689453125, 0.00732421875, 0.049560546875, 0.0050048828125, 0.0033416748046875, 0.0233154296875, 0.00787353515625, -0.00445556640625, -0.02001953125, -0.031494140625, -0.045166015625, -0.01483154296875, -0.004638671875, 0.005340576171875, 0.00225830078125, 0.0036773681640625, -0.0004749298095703125, 0.0267333984375, -0.05859375, -0.026611328125, 0.003570556640625, -0.004791259765625, 0.031494140625, -0.04296875, 0.0218505859375, 0.036865234375, 0.037109375, 0.0184326171875, -0.03369140625, 0.03076171875, -0.000881195068359375, -0.018798828125, 0.00010442733764648438, 0.00823974609375, -0.0169677734375, 0.031982421875, 0.05712890625, 0.07763671875, -0.0198974609375, -0.028564453125, 0.0162353515625, -0.000598907470703125, -0.04296875, -0.00860595703125, -0.02978515625, -0.01092529296875, -0.0194091796875, 0.11474609375, -0.0517578125, -0.026611328125, -0.0030364990234375, -0.030517578125, 0.0242919921875, -0.056640625, 0.04150390625, -0.000507354736328125, 0.06396484375, 0.03564453125, -0.042236328125, -0.03955078125, -0.037109375, 0.0361328125, 0.036376953125, -0.01416015625, -0.0157470703125, 0.064453125, -0.025146484375, -0.02783203125, -0.043701171875, -0.05126953125, -0.018798828125, -0.01025390625, 0.058837890625, -0.05126953125, -0.03662109375, -0.0133056640625, -0.004730224609375, 0.0322265625, 0.041015625, -0.0205078125, 0.00421142578125, -0.02587890625, 0.01611328125, -0.013671875, 0.0162353515625, 0.012939453125, -0.033203125, -0.011962890625, 0.034912109375, 0.039794921875, 0.0076904296875, 0.043701171875, 0.032958984375, 0.0101318359375, 0.00701904296875, 0.021484375, 0.0400390625, 0.0213623046875, -0.02734375, 0.020263671875, 0.014892578125, 0.06298828125, 0.030517578125, 0.0595703125, -0.008056640625, -0.01470947265625, -0.0218505859375, 0.01470947265625, 0.044189453125, 0.0220947265625, 0.017822265625, -0.054931640625, 0.005462646484375, 0.03369140625, 0.017822265625, 0.0164794921875, -0.002471923828125, 0.023193359375, -0.0084228515625, -0.006256103515625, 0.04931640625, 0.0107421875, -0.07275390625, -0.0228271484375, 0.034423828125, 0.0107421875, 0.01348876953125, 0.0059814453125, -0.0084228515625, -0.0206298828125, -0.0208740234375, 0.09326171875, 0.048828125, -0.0223388671875, 0.0244140625, -0.0220947265625, 0.0174560546875, 0.0133056640625, -0.005218505859375, -0.0123291015625, 0.01470947265625, 0.006256103515625, 0.00142669677734375, -0.01312255859375, -0.030517578125, 0.000942230224609375, -0.0064697265625, -0.0294189453125, -0.0252685546875, -0.01519775390625, -0.033203125, -0.0283203125, 0.0146484375, 0.0191650390625, 0.004638671875, 0.01434326171875, 0.00469970703125, 0.012939453125, 0.01470947265625, -0.01336669921875, -0.03955078125, -0.034912109375, 0.01068115234375, 0.0107421875, 0.01336669921875, 0.0084228515625, -0.0235595703125, -0.003997802734375, 0.026611328125, 0.01385498046875, -0.005584716796875, -0.053955078125, 0.01348876953125, -0.032958984375, -0.003662109375, -0.0038909912109375, 0.0198974609375, 0.0240478515625, -0.01300048828125, 0.013916015625, -0.00946044921875, -0.005889892578125, 0.020263671875, 0.03662109375, 0.01385498046875, -0.0032806396484375, -0.033935546875, 0.03955078125, 0.018310546875, -0.0294189453125, -0.03173828125, -0.038330078125, 0.0218505859375, -0.029296875, -0.025146484375, 0.037109375, -0.00090789794921875, -0.03759765625, 0.025146484375, 0.0172119140625, 0.0024871826171875, 0.006683349609375, 0.09423828125, 0.0172119140625, 0.01806640625, -0.00151824951171875, -0.01263427734375, -0.0181884765625, 0.0478515625, 0.020263671875, 0.04736328125, 0.0106201171875, 0.01446533203125, 0.0093994140625, 0.0059814453125, 0.0179443359375, 0.00823974609375, 0.043212890625, 0.00537109375, -0.0242919921875, 0.05810546875, 0.023193359375, -0.00799560546875, 0.0015716552734375, 0.003631591796875, -0.0400390625, 0.0159912109375, -0.002777099609375, 0.0400390625, -0.053955078125, 0.00030517578125, 0.037841796875, -0.0206298828125, -0.0267333984375, 0.037109375, 0.027099609375, -0.05615234375, -0.0400390625, -0.038818359375, 0.015625, 0.01544189453125, 0.00506591796875, 0.0181884765625, -0.05419921875, -0.0458984375, -0.052001953125, 0.05859375, 0.0164794921875, 0.033935546875, -0.02978515625, -0.016845703125, -0.00628662109375, 0.00994873046875, -0.00555419921875, -0.01348876953125, 0.026611328125, -0.055419921875, -0.00970458984375, 0.07470703125, 0.00726318359375, 0.0218505859375, -0.01708984375, 0.0185546875, -0.004302978515625, 0.0218505859375, -0.0810546875, -0.0174560546875, -0.05615234375, -0.00531005859375, -0.003631591796875, 0.0172119140625, -0.029052734375, 0.00677490234375, -0.02587890625, 0.0260009765625, 0.059326171875, 0.004791259765625, 0.0010223388671875, -0.005157470703125, 0.03515625, -0.02978515625, -0.0240478515625, -0.000125885009765625, 0.0111083984375, -0.01416015625, 0.042724609375, -0.0242919921875, 