{"movie": "tagesschau", "offset": 40, "text_offset": 40, "embedding": [0.023681640625, 0.013427734375, -0.058349609375, -0.037109375, -0.0269775390625, -0.00274658203125, 0.006927490234375, -0.039794921875, -0.04638671875, -0.0203857421875, -0.0181884765625, 0.0201416015625, -0.023681640625, -0.02685546875, -0.036376953125, -0.059814453125, 0.006591796875, -0.034912109375, -0.0206298828125, 0.0032501220703125, 0.0089111328125, 0.01904296875, 0.045166015625, -0.013671875, -0.024169921875, 0.01385498046875, -0.007476806640625, -0.0234375, 0.0081787109375, 0.06396484375, -0.012939453125, 0.01513671875, 0.033203125, 0.01953125, -0.0216064453125, -0.0004520416259765625, 0.0245361328125, -0.045166015625, 0.039794921875, -0.0118408203125, -0.002227783203125, 0.032470703125, -0.01611328125, 0.004913330078125, 0.0054931640625, -0.01226806640625, 0.01361083984375, 0.038818359375, -0.010986328125, -0.01904296875, -0.07470703125, -0.03173828125, 0.0595703125, -0.0004863739013671875, -0.0308837890625, 0.0174560546875, -0.01031494140625, 0.007232666015625, -0.0269775390625, -0.0260009765625, -0.0380859375, -0.046630859375, 0.023681640625, 0.007171630859375, 0.0277099609375, -0.007049560546875, -0.026123046875, -0.0272216796875, 0.06298828125, 0.0179443359375, -0.001953125, -0.06640625, -6.961822509765625e-05, -0.0281982421875, -0.001434326171875, 0.00787353515625, -0.00799560546875, -0.045654296875, 0.0120849609375, 0.04736328125, 0.00750732421875, -0.01141357421875, -0.0125732421875, -0.025390625, 0.0272216796875, 0.0003185272216796875, 0.0439453125, -0.052734375, 0.043212890625, -0.0164794921875, 0.024658203125, 0.030029296875, -0.02392578125, -0.0245361328125, -0.031494140625, -0.01251220703125, 0.0029754638671875, 0.035888671875, 0.026123046875, -0.02783203125, 0.0003986358642578125, 0.036376953125, -0.025634765625, -0.03564453125, 0.0245361328125, -0.0185546875, -0.0074462890625, 0.0048828125, 0.02587890625, 0.045166015625, -0.0283203125, -0.0087890625, 0.0380859375, -0.0185546875, 0.0250244140625, -0.01025390625, 0.0291748046875, 0.0196533203125, 0.003265380859375, 0.01904296875, 0.0123291015625, 0.040771484375, 0.021240234375, 0.052978515625, -0.0079345703125, -0.036376953125, 0.030517578125, 0.0439453125, -0.07421875, 0.0025634765625, -0.024658203125, 0.0223388671875, 0.046875, -0.01348876953125, -0.0264892578125, 0.000537872314453125, -0.0150146484375, -0.0213623046875, -0.0118408203125, 0.00032806396484375, 0.04638671875, -0.037109375, 0.043701171875, 0.00830078125, -0.052978515625, -0.03759765625, 0.042724609375, -0.04296875, -0.0186767578125, -0.0556640625, -0.00872802734375, -0.0517578125, -0.0216064453125, 0.061767578125, 0.00830078125, -0.023681640625, -0.040283203125, 0.07080078125, -0.01470947265625, 0.00180816650390625, -0.0308837890625, -0.0164794921875, -0.0224609375, 0.0125732421875, -0.00885009765625, 0.0147705078125, 0.0159912109375, -0.00173187255859375, 0.010498046875, -0.0458984375, -0.006256103515625, 0.00115966796875, -0.00193023681640625, -0.033203125, -0.006805419921875, 0.016357421875, -0.02587890625, -0.0289306640625, -0.01019287109375, 0.00168609619140625, 0.0277099609375, 0.01080322265625, 0.0213623046875, -0.044921875, 0.01904296875, -0.004974365234375, 0.033935546875, -0.01361083984375, -0.00518798828125, -0.007171630859375, 0.0196533203125, 0.0152587890625, -0.0245361328125, 0.0128173828125, -0.02197265625, -0.032958984375, 0.005706787109375, -0.007293701171875, 0.02197265625, 0.02783203125, -0.09130859375, 0.00372314453125, -0.025390625, 0.0125732421875, 0.01904296875, -0.040771484375, -0.03857421875, 0.03369140625, -0.01953125, -0.008544921875, 0.0341796875, 0.0021209716796875, -0.00115966796875, 0.00927734375, -0.036376953125, 0.0086669921875, 0.040283203125, 0.01104736328125, 0.00787353515625, -0.00921630859375, -0.0299072265625, -0.01544189453125, 0.0206298828125, -0.0103759765625, 0.060546875, -0.0260009765625, -0.058349609375, -0.00189971923828125, 0.0546875, -0.0308837890625, -0.037109375, 0.040283203125, 0.0024871826171875, 0.02197265625, 0.033935546875, 0.02197265625, 0.0299072265625, 0.04296875, 0.0179443359375, 0.0220947265625, -0.0029754638671875, 0.00628662109375, 0.0303955078125, 0.052001953125, -0.004119873046875, 0.06298828125, -0.03857421875, -0.00390625, 0.005706787109375, 0.019287109375, -0.021240234375, -0.0181884765625, 0.0380859375, -0.06298828125, 0.006927490234375, -0.03173828125, -0.0228271484375, -0.0277099609375, 0.017578125, -0.0002384185791015625, 0.055419921875, 0.01031494140625, 0.0174560546875, -0.035888671875, -0.02783203125, 0.041015625, -0.0185546875, 0.0130615234375, 0.00040435791015625, 0.05126953125, 0.006378173828125, 0.0281982421875, -0.00885009765625, -0.00421142578125, 0.0302734375, -0.035888671875, 0.00384521484375, 0.01300048828125, 0.0084228515625, 0.044677734375, 0.0260009765625, -0.0228271484375, 0.0025177001953125, -0.0034637451171875, -0.00592041015625, 0.01904296875, -0.01300048828125, -0.040771484375, 0.00994873046875, 0.003692626953125, 0.041259765625, 0.014892578125, 0.04931640625, -0.035400390625, -0.036376953125, 0.0218505859375, -0.002410888671875, -0.032470703125, 0.0181884765625, -0.01300048828125, -0.009765625, -0.0140380859375, 0.045654296875, 0.006927490234375, -0.039794921875, -0.00183868408203125, 0.053955078125, -0.00154876708984375, 0.044677734375, 0.07177734375, -0.02587890625, 0.034912109375, -0.007354736328125, 0.0120849609375, 0.07080078125, 0.0225830078125, -0.041015625, 0.019287109375, 0.02587890625, -0.0203857421875, 0.0234375, -0.026123046875, -0.04150390625, 0.006195068359375, -0.05810546875, 0.00885009765625, -0.0157470703125, -0.087890625, 0.037109375, -0.01458740234375, 0.0152587890625, 0.02978515625, 0.008544921875, 0.02197265625, 0.004364013671875, 0.04296875, -0.04736328125, -0.0125732421875, -0.0172119140625, 0.05078125, 0.0458984375, 0.00182342529296875, -0.015380859375, 0.00830078125, 0.00592041015625, 0.053955078125, -0.038818359375, 0.004364013671875, -0.0260009765625, 0.034912109375, -0.0220947265625, -0.015625, -0.01190185546875, 0.0145263671875, -0.07275390625, 0.0322265625, 0.007720947265625, -0.0076904296875, -0.025146484375, 0.0419921875, -0.0439453125, 0.057373046875, 0.007293701171875, -0.025146484375, -0.01300048828125, 0.0152587890625, -0.0439453125, -0.0184326171875, -0.019287109375, 0.0118408203125, -0.0169677734375, 0.045166015625, 0.043212890625, 0.06787109375, -0.0654296875, -0.00640869140625, -0.0380859375, 0.025390625, -0.01904296875, 0.049072265625, -0.01513671875, 0.01226806640625, -0.034912109375, -0.0162353515625, -0.013427734375, 0.01513671875, -0.034423828125, -0.0322265625, -0.0263671875, 0.0196533203125, -0.01361083984375, 0.0031280517578125, 0.010498046875, -0.058837890625, -0.038818359375, 0.001007080078125, -0.00994873046875, -0.004608154296875, 0.02734375, -0.01019287109375, -0.0028228759765625, -0.013671875, -0.0224609375, -0.0036773681640625, 0.016357421875, 0.0003910064697265625, 0.0157470703125, 0.036865234375, 0.00121307373046875, -0.01544189453125, -0.0233154296875, 0.03271484375, -0.015869140625, 0.00104522705078125, 0.017822265625, -0.01495361328125, -0.03173828125, 0.024169921875, 0.039794921875, -0.0277099609375, -0.00811767578125, -0.036376953125, -0.004364013671875, -0.031982421875, 0.031982421875, -0.045654296875, -0.00994873046875, -0.0303955078125, -0.0291748046875, -0.0024261474609375, -0.0299072265625, -0.046875, -0.007598876953125, -0.05224609375, -0.01007080078125, 0.0125732421875, -0.01348876953125, 0.010986328125, -0.01470947265625, -0.0303955078125, 0.040283203125, -0.05078125, -0.0947265625, -0.018798828125, 0.002044677734375, -0.01226806640625, 0.001373291015625, 0.01275634765625, -0.0201416015625, 0.0291748046875, -0.00787353515625, 0.0260009765625, 0.031982421875, -0.0034027099609375, 0.044921875, 0.0036163330078125, -0.01458740234375, 0.013427734375, 0.0198974609375, -0.01019287109375, 0.004974365234375, 0.0380859375, 0.04638671875, 0.0294189453125, -0.0032958984375, -0.024169921875, 