{"movie": "tagesschau", "offset": 76, "text_offset": 70, "embedding": [0.0135498046875, 0.01904296875, 0.01422119140625, -0.006256103515625, -0.052490234375, 0.01336669921875, 0.01080322265625, -0.0191650390625, -0.07275390625, 0.0380859375, -0.013427734375, -0.0025787353515625, -0.0150146484375, -0.0018310546875, 0.052001953125, -0.0172119140625, 0.047119140625, -0.0218505859375, -0.054443359375, -0.03955078125, -0.01251220703125, 0.030517578125, 0.080078125, -0.003204345703125, 0.061767578125, 0.0208740234375, -0.045654296875, 0.0279541015625, 0.0322265625, 0.060302734375, 0.004486083984375, 0.044677734375, 0.033935546875, 0.004180908203125, -0.0098876953125, -0.040283203125, 0.0216064453125, 0.007537841796875, -0.019775390625, 0.022216796875, -0.049560546875, 0.000637054443359375, -0.05908203125, -0.0086669921875, -0.036376953125, 0.0181884765625, -0.060302734375, 0.027099609375, -0.01422119140625, -0.0308837890625, -0.027587890625, -0.00921630859375, -0.052490234375, 0.0022735595703125, 0.0135498046875, -0.00738525390625, 0.013427734375, 0.000244140625, -0.035888671875, 0.0026092529296875, 0.00396728515625, -0.017578125, 0.0272216796875, -0.0235595703125, 0.0299072265625, -0.036865234375, -0.06396484375, 0.0035400390625, -0.003936767578125, 0.05615234375, -0.03271484375, -0.0703125, -0.0291748046875, -0.048583984375, 0.00457763671875, 0.0052490234375, 0.0625, -0.0751953125, 0.015380859375, 0.00469970703125, 0.0206298828125, -0.041259765625, 0.0206298828125, 0.0032806396484375, 0.064453125, -0.03955078125, 0.009033203125, 0.024658203125, 0.036865234375, 0.0303955078125, -0.017333984375, -0.04296875, -0.030029296875, -0.040771484375, 0.0284423828125, 0.0205078125, -0.017578125, 0.020751953125, 0.0027313232421875, 0.033447265625, -0.03515625, 0.017333984375, -0.046142578125, -0.0380859375, 0.033203125, -0.007781982421875, -0.004486083984375, 0.0184326171875, 0.0284423828125, 0.044189453125, -0.053466796875, 0.002777099609375, 0.0224609375, -0.00897216796875, -0.007171630859375, -0.04345703125, -0.000797271728515625, -0.0023040771484375, 0.0291748046875, -0.01318359375, -0.0152587890625, -0.000926971435546875, -0.064453125, -0.0185546875, -0.005462646484375, 0.00982666015625, 0.055419921875, 0.0169677734375, -0.076171875, -0.004791259765625, 0.041748046875, 0.025634765625, 0.0283203125, 0.03857421875, -0.06591796875, -0.0123291015625, -0.046875, -0.0137939453125, 0.033935546875, 0.015869140625, -0.0234375, 0.0067138671875, 0.0096435546875, 0.02392578125, -0.056884765625, 0.0191650390625, 0.018798828125, -0.015380859375, -0.059814453125, -0.0018310546875, 0.01324462890625, -0.001953125, -0.016357421875, 0.02880859375, 0.017333984375, -0.05029296875, -0.01300048828125, 0.01544189453125, -0.048828125, 0.017333984375, -0.059814453125, 0.0107421875, -0.03369140625, 0.04248046875, 0.031494140625, -0.022216796875, -0.039794921875, -0.047119140625, 0.07373046875, -0.00115203857421875, -0.005859375, -0.01190185546875, 0.01416015625, 0.004547119140625, 0.0205078125, 0.0242919921875, 0.01300048828125, -0.044921875, -0.03515625, 0.039794921875, -0.044189453125, 0.0228271484375, 0.0228271484375, -0.047119140625, 0.046142578125, -0.05126953125, 0.0216064453125, -0.057373046875, 0.01220703125, 0.00408935546875, 0.0205078125, 0.033935546875, 0.00640869140625, 0.0576171875, 0.016357421875, -0.01080322265625, 0.005126953125, -0.01507568359375, -0.07958984375, 0.04345703125, -0.0157470703125, -0.0166015625, -0.01104736328125, 0.015380859375, -0.013427734375, -0.00323486328125, -0.0194091796875, -0.0311279296875, 0.0291748046875, -0.010498046875, 0.01153564453125, 0.0244140625, -0.00738525390625, 0.02587890625, -0.03759765625, 0.020751953125, 0.02587890625, 0.01043701171875, 0.04541015625, 0.021728515625, 0.0198974609375, -0.0198974609375, -0.046875, -0.0079345703125, 0.033203125, -0.0615234375, 0.006103515625, -0.0067138671875, 0.01397705078125, -0.0301513671875, -0.048828125, 0.04248046875, -0.0194091796875, 0.0244140625, 0.0024261474609375, 0.03857421875, 0.0303955078125, 0.04150390625, 0.01177978515625, 0.00390625, 0.0208740234375, -0.01123046875, 0.0203857421875, -0.0289306640625, 0.0279541015625, 0.01483154296875, 0.00567626953125, -0.038818359375, 0.0001354217529296875, 0.01434326171875, -0.0019989013671875, -0.041748046875, 0.058349609375, -0.0012969970703125, -0.0103759765625, 0.0296630859375, -0.0115966796875, 0.0025634765625, -0.04638671875, -0.0252685546875, -0.0038604736328125, -0.01495361328125, 0.0284423828125, -0.0179443359375, -0.0028839111328125, 0.0218505859375, -0.0137939453125, -0.01153564453125, -0.0181884765625, 0.006622314453125, 0.03759765625, 0.0252685546875, -0.005767822265625, -0.016357421875, 0.00555419921875, -0.009521484375, 0.033203125, -0.00970458984375, 0.012939453125, 0.0228271484375, 0.002349853515625, -0.01397705078125, -0.0179443359375, -0.00750732421875, 0.0103759765625, 0.0184326171875, -0.0106201171875, 0.04541015625, -0.003082275390625, -0.03271484375, -0.0322265625, -0.000553131103515625, 0.057373046875, -0.0224609375, -0.0164794921875, 0.0286865234375, 0.034912109375, 0.006072998046875, -0.03955078125, -0.0247802734375, -0.01611328125, -0.00836181640625, 0.051025390625, 0.0067138671875, 0.0255126953125, 0.055419921875, 0.047119140625, -0.0277099609375, 0.051025390625, 0.06298828125, -0.022216796875, -0.03125, -0.00909423828125, 0.003143310546875, -0.008544921875, -0.0252685546875, -0.01300048828125, -0.044189453125, 0.017578125, -0.006256103515625, 0.0031585693359375, -0.0224609375, 0.00921630859375, 0.050048828125, -0.00531005859375, -0.0035400390625, 0.01275634765625, -0.048828125, 0.030517578125, -0.05126953125, 0.01177978515625, 5.14984130859375e-05, 0.0230712890625, -0.029296875, 0.02001953125, 0.01495361328125, -0.03515625, -0.01556396484375, 0.0174560546875, 0.00128936767578125, 0.054931640625, -0.06005859375, -0.0025482177734375, 0.00616455078125, 0.005035400390625, 0.0260009765625, -0.00830078125, 0.038330078125, -0.05859375, 0.0194091796875, -0.01043701171875, 0.044921875, 0.0185546875, 0.0050048828125, -0.000713348388671875, -0.01300048828125, 0.010009765625, 0.022705078125, -0.00555419921875, 0.015869140625, 0.000698089599609375, 0.044921875, 0.08984375, -0.04345703125, 0.048828125, -0.02001953125, 0.040771484375, -0.0020904541015625, 0.03857421875, -0.040283203125, -0.04248046875, 0.056884765625, -0.0228271484375, 0.046142578125, -0.021240234375, 0.015625, -0.001617431640625, 0.00360107421875, -0.051025390625, 0.036376953125, 0.0159912109375, 0.0220947265625, 0.00787353515625, -0.047119140625, 0.035888671875, 0.0228271484375, 0.01177978515625, -0.07275390625, -0.051025390625, -0.0537109375, 0.03271484375, 0.0247802734375, -0.03125, -0.039794921875, -0.04541015625, -0.0400390625, -0.004486083984375, 0.06396484375, 0.0244140625, -0.03271484375, -0.0235595703125, 0.006591796875, -0.032958984375, -0.01300048828125, 0.0009918212890625, 0.0771484375, -0.04150390625, -0.01080322265625, 0.05859375, 0.0252685546875, -0.036865234375, -0.00157928466796875, 0.0272216796875, -0.005706787109375, 0.03564453125, -0.006927490234375, 0.052001953125, 0.0228271484375, 0.0849609375, -0.005126953125, 0.0089111328125, -0.00799560546875, -0.0252685546875, -0.0203857421875, 0.041259765625, -0.052978515625, -0.0301513671875, 0.01422119140625, -0.0296630859375, -0.000385284423828125, -0.0021820068359375, 0.07373046875, -0.02001953125, -0.0286865234375, 0.00836181640625, 0.0019989013671875, -0.00848388671875, -0.04541015625, -0.0751953125, -0.00787353515625, -0.00848388671875, -0.00579833984375, -0.08154296875, 0.006866455078125, -0.050048828125, -0.0277099609375, 0.0096435546875, -0.0025787353515625, -0.005126953125, 0.025146484375, 0.0299072265625, -0.007781982421875, 0.033203125, 0.011962890625, -0.03662109375, 0.007781982421875, 0.00897216796875, 0.005096435546875, -0.01507568359375, -0.0162353515625, -0.0296630859375, 0.00060272216796875, -0.028076171875, 0.030029296875, 0.031494140625, -0.0791015625, -0.036376953125, 0.022216796875, 