{"movie": "tagesschau", "offset": 88, "text_offset": 80, "embedding": [0.01263427734375, -0.0216064453125, -0.06005859375, -0.00119781494140625, -0.0537109375, 0.003173828125, 0.0166015625, -0.01385498046875, -0.004730224609375, -0.00225830078125, 0.062255859375, -0.005645751953125, 0.0244140625, -0.0247802734375, -0.038330078125, -0.023193359375, -0.027587890625, -0.00872802734375, 0.00811767578125, 0.0262451171875, -0.0126953125, 0.0004749298095703125, 0.03369140625, -0.03564453125, 0.048583984375, 0.01318359375, -0.055908203125, -0.0380859375, 0.031494140625, 0.0166015625, -0.0810546875, -0.0106201171875, 0.03369140625, -0.036865234375, 0.01556396484375, 0.07958984375, 0.038330078125, 0.048828125, -0.046142578125, -0.026611328125, 0.02978515625, 0.03369140625, -0.046875, 0.028564453125, 0.027099609375, 0.0225830078125, -8.821487426757812e-05, 0.03955078125, -0.032470703125, 0.015625, -0.02490234375, 0.0164794921875, 0.0281982421875, 0.04736328125, -0.001068115234375, 0.00634765625, 0.01708984375, 0.04150390625, 0.004150390625, -0.050537109375, -0.06494140625, -0.037841796875, 0.00994873046875, -0.0257568359375, 0.001434326171875, -0.0263671875, 8.678436279296875e-05, -0.032470703125, -0.041015625, -0.00921630859375, -0.0186767578125, -0.0380859375, -0.01519775390625, -0.01409912109375, 0.00665283203125, -0.037353515625, 0.033447265625, -0.00665283203125, 0.0311279296875, 0.0111083984375, 0.041015625, 0.026611328125, 0.02978515625, 0.00567626953125, 0.029052734375, -0.016845703125, -0.00799560546875, 0.00119781494140625, 0.0037384033203125, -0.03564453125, -0.003631591796875, -0.042236328125, -0.0255126953125, -0.00665283203125, 0.00933837890625, 0.00164794921875, -0.0267333984375, -0.032958984375, -0.022216796875, 0.00677490234375, 0.031982421875, 0.049560546875, -0.0322265625, -0.0115966796875, -0.03369140625, -0.04443359375, -0.042724609375, 0.0164794921875, -0.03515625, -0.0257568359375, 0.0098876953125, -0.03125, -0.05810546875, -0.019775390625, -0.01092529296875, -0.01055908203125, 0.004547119140625, 0.026123046875, -0.039306640625, -0.0240478515625, 0.038330078125, 0.016845703125, -0.020263671875, -0.0361328125, 0.0262451171875, 0.01519775390625, -0.007171630859375, 0.002716064453125, -0.08837890625, -0.01055908203125, 0.0186767578125, -0.00150299072265625, 0.019287109375, 0.0245361328125, -0.033203125, 0.0289306640625, -0.0277099609375, -0.05322265625, -0.00909423828125, -0.01373291015625, 0.004852294921875, 0.0089111328125, -0.02294921875, -0.031982421875, 0.01361083984375, 0.0274658203125, 0.042236328125, 0.01214599609375, -0.0400390625, 0.0184326171875, -0.0830078125, -0.0240478515625, -0.02392578125, 0.056884765625, -0.0025177001953125, -0.0133056640625, 0.036865234375, 0.0908203125, -0.01544189453125, 0.03564453125, -0.0284423828125, -0.049560546875, -0.03466796875, 0.01263427734375, -0.0037841796875, 0.0247802734375, 0.01556396484375, -0.020263671875, 0.02685546875, 0.040283203125, 0.017578125, -0.0289306640625, -0.0026702880859375, 0.026611328125, -0.021728515625, -0.01220703125, 0.0181884765625, 0.003936767578125, 0.004302978515625, 0.003509521484375, -0.0002498626708984375, -0.007568359375, 0.015869140625, 0.012451171875, 0.006195068359375, -0.002197265625, -0.010009765625, -0.00823974609375, 0.004608154296875, 0.026611328125, 0.0146484375, 0.0184326171875, 0.0277099609375, 0.01080322265625, -0.005035400390625, 0.03515625, -0.000904083251953125, 0.00836181640625, -0.00799560546875, 0.03857421875, -0.0201416015625, 0.023681640625, 0.021240234375, 0.01287841796875, -0.00994873046875, -0.0263671875, -0.00897216796875, -0.0289306640625, 0.0218505859375, 0.00052642822265625, 0.044189453125, 0.0400390625, 0.01519775390625, -0.0289306640625, -0.050537109375, -0.027099609375, 0.031494140625, 0.005767822265625, 0.054443359375, 0.04052734375, -0.060546875, 0.010009765625, -0.0142822265625, 0.0186767578125, 0.047119140625, -0.040283203125, 0.01531982421875, -0.015625, -0.011474609375, 0.0103759765625, -0.029541015625, 0.0213623046875, -0.0244140625, 0.033935546875, 0.01806640625, 0.01446533203125, 0.0115966796875, -0.003753662109375, 0.004241943359375, 0.005523681640625, 0.0103759765625, 0.006378173828125, 0.000751495361328125, 0.037353515625, -0.054443359375, -0.0020599365234375, 0.0218505859375, -0.038330078125, 0.05908203125, 0.006805419921875, -0.003326416015625, 0.031494140625, -1.1771917343139648e-06, -0.0284423828125, -0.0150146484375, 0.0302734375, -0.051025390625, -0.00109100341796875, -0.031982421875, 0.0023040771484375, 0.005340576171875, -0.016845703125, 0.0186767578125, 0.0294189453125, 0.050048828125, 0.01409912109375, -0.0159912109375, -0.016357421875, 0.0157470703125, 0.02978515625, 0.0458984375, 0.0810546875, 0.00982666015625, 0.0498046875, -0.0341796875, 0.0162353515625, 0.01251220703125, -0.01397705078125, 0.015625, 0.00933837890625, 0.009033203125, -0.0029449462890625, 0.01055908203125, 0.02001953125, 0.00439453125, -0.010009765625, 0.01434326171875, 0.01373291015625, 0.00160980224609375, 0.0361328125, 0.0186767578125, 0.01055908203125, 0.0184326171875, 0.0220947265625, 0.00122833251953125, 0.00836181640625, -0.0308837890625, -0.0029296875, -0.005889892578125, -0.0274658203125, -0.0257568359375, 0.02294921875, 0.00531005859375, 0.004669189453125, 0.01495361328125, 0.06982421875, -0.027587890625, 0.057861328125, -0.0079345703125, 0.00799560546875, 0.001983642578125, -0.002593994140625, 0.0047607421875, -0.053466796875, -0.01556396484375, -0.005523681640625, 0.044677734375, -0.0205078125, 0.02490234375, -0.03369140625, -0.051025390625, -0.00787353515625, -0.0172119140625, 0.0537109375, -0.000522613525390625, -0.040771484375, -0.0167236328125, -0.0166015625, 0.0133056640625, -0.003387451171875, 0.0196533203125, 0.004913330078125, 0.03857421875, 0.0322265625, -0.028564453125, 0.01312255859375, -0.05224609375, -0.033203125, -0.0257568359375, 0.0289306640625, 0.00921630859375, 0.0003795623779296875, 0.01129150390625, -0.031494140625, 0.0159912109375, 0.05908203125, 0.0146484375, 0.0018157958984375, -0.033935546875, -0.0281982421875, 0.0162353515625, 0.03369140625, 0.0191650390625, 0.050048828125, 0.0498046875, -0.0302734375, 0.0186767578125, 0.0234375, -0.01409912109375, 0.01519775390625, -0.0284423828125, -0.04150390625, 0.031494140625, -0.044189453125, 0.02978515625, 0.009521484375, 0.01080322265625, -0.021728515625, 0.00738525390625, 0.0673828125, -0.0341796875, 0.03076171875, 0.00186920166015625, 0.043212890625, -0.06591796875, 0.0810546875, 0.0517578125, -0.0235595703125, 0.0194091796875, 0.0257568359375, -0.013427734375, 0.02978515625, 0.0244140625, -0.0458984375, 0.020751953125, 0.018798828125, -0.0361328125, -0.08837890625, -0.0311279296875, 0.004669189453125, 0.01275634765625, -0.00836181640625, 0.0147705078125, -0.03369140625, -0.05322265625, 0.0230712890625, 0.036865234375, 0.021240234375, 0.0830078125, 0.0179443359375, 0.00701904296875, 0.01904296875, -0.01312255859375, -0.038818359375, -0.0242919921875, 0.05712890625, 0.007720947265625, 0.0478515625, -0.0341796875, -0.007720947265625, -0.048095703125, 0.031494140625, 0.0211181640625, -0.00201416015625, 0.03759765625, 0.00154876708984375, 0.0458984375, -0.0191650390625, 0.054931640625, -0.0157470703125, -0.0281982421875, -0.003509521484375, -0.0712890625, 0.034912109375, 0.04736328125, -0.00787353515625, -0.036865234375, -0.050048828125, -0.038818359375, 0.03515625, 0.05322265625, -0.0196533203125, 0.056396484375, -0.00732421875, -0.007049560546875, 0.0164794921875, -0.007110595703125, 0.00543212890625, -0.08203125, -0.0038299560546875, 0.052734375, -0.016845703125, 0.003753662109375, -0.002349853515625, -0.02587890625, -0.00213623046875, -0.004608154296875, -0.004608154296875, -0.036865234375, 0.0211181640625, -0.06396484375, 0.01373291015625, 0.01202392578125, 0.029052734375, -0.0673828125, 0.01287841796875, 0.0150146484375, 0.01251220703125, -0.039794921875, 0.0289306640625, 0.0111083984375, 0.006988525390625, 0.033447265625, 0.0216064453125, 0.0498046875, 