{"movie": "wwdc2025", "offset": 360, "text_offset": 360, "embedding": [0.06640625, -0.041748046875, 0.03125, 0.04443359375, -0.00933837890625, -0.0157470703125, 0.0205078125, 0.0208740234375, 0.01373291015625, 0.0203857421875, 0.02978515625, 0.033935546875, 0.01031494140625, -0.01165771484375, -0.0135498046875, 0.000667572021484375, -0.01116943359375, 0.006591796875, -0.000568389892578125, -0.0260009765625, 0.0133056640625, -0.0120849609375, 0.00250244140625, 0.00836181640625, 0.03662109375, -0.060546875, -0.017578125, -0.04736328125, -0.019775390625, -0.01263427734375, 0.01544189453125, -0.0615234375, 0.038330078125, -0.0037841796875, 0.0101318359375, 0.00732421875, 0.0255126953125, 0.028076171875, 0.00159454345703125, -0.018310546875, 0.0264892578125, -0.016357421875, -0.004302978515625, -0.00811767578125, -0.017333984375, 0.0098876953125, -0.023193359375, -0.0296630859375, -0.0289306640625, 0.0223388671875, 0.05419921875, -0.0247802734375, 0.047119140625, -0.0115966796875, -0.060791015625, -0.005401611328125, -0.00555419921875, 0.050048828125, 0.024169921875, -0.0213623046875, -0.054931640625, -0.0191650390625, -0.03662109375, 0.00506591796875, -0.0118408203125, -0.0113525390625, 0.0225830078125, -0.01300048828125, -0.047607421875, 0.0162353515625, 0.031494140625, 0.0220947265625, 0.0113525390625, 0.004608154296875, -0.04345703125, 0.027099609375, 0.044677734375, -0.0238037109375, 0.03564453125, -0.02783203125, 0.025146484375, 0.0390625, 0.0419921875, -0.037109375, -0.0157470703125, -0.05224609375, -0.0255126953125, -0.038330078125, 0.002532958984375, -0.013916015625, -0.021240234375, 0.0033111572265625, 0.018798828125, 0.0135498046875, 0.0341796875, 0.048583984375, -0.026123046875, -0.0308837890625, -0.01904296875, 0.059326171875, 0.0191650390625, -0.023681640625, -0.00138092041015625, -0.00104522705078125, -0.014404296875, -0.05322265625, 0.0301513671875, 0.020263671875, 0.06982421875, 0.0069580078125, 0.0157470703125, -0.041015625, -0.046630859375, 0.0033111572265625, -0.0220947265625, 0.0213623046875, 0.0010223388671875, 0.017822265625, -0.007415771484375, 0.049560546875, -0.0004634857177734375, -0.018798828125, 0.0206298828125, -0.002899169921875, 0.0238037109375, 0.00689697265625, 0.044189453125, 0.00653076171875, -0.046142578125, 0.042724609375, -0.0302734375, -0.072265625, 0.05029296875, -0.00616455078125, -0.061279296875, 0.0033721923828125, 0.032958984375, -0.001220703125, -0.060302734375, -0.005706787109375, 0.00726318359375, -0.0279541015625, -0.007720947265625, 0.057861328125, -0.04052734375, -0.03564453125, 0.047119140625, 0.03564453125, -0.080078125, -0.05224609375, -0.0037841796875, -0.06591796875, -0.047607421875, 0.05810546875, 0.0400390625, 0.051025390625, 0.004364013671875, -0.0242919921875, 0.0240478515625, 0.0223388671875, 0.033935546875, -0.0322265625, 0.01190185546875, -0.02685546875, 0.0302734375, 0.01513671875, -0.049072265625, 0.0205078125, -0.013427734375, -0.0019683837890625, 0.0125732421875, 0.03955078125, 0.0003204345703125, 0.0166015625, -0.00567626953125, 0.036865234375, 0.00921630859375, -0.060546875, 0.00323486328125, 0.0142822265625, -0.002288818359375, 0.038330078125, -0.0101318359375, 0.0130615234375, -0.0159912109375, 0.016357421875, -0.0118408203125, 0.007354736328125, -0.0228271484375, 0.01904296875, 0.004180908203125, 0.0247802734375, 0.047119140625, 0.026123046875, 0.004058837890625, -0.036865234375, -0.00811767578125, 0.0223388671875, 0.0400390625, 0.01214599609375, 0.0311279296875, 0.037109375, -0.0296630859375, 0.0050048828125, 0.034423828125, -0.0133056640625, 0.0361328125, 0.0186767578125, -0.05126953125, -0.043212890625, 0.00494384765625, 0.02685546875, 0.002960205078125, -0.01275634765625, 0.0213623046875, -0.05810546875, 0.0169677734375, 0.041015625, 0.0308837890625, 0.04248046875, -0.0299072265625, 0.01031494140625, -0.042724609375, 0.0201416015625, -0.01104736328125, -0.0341796875, 0.013916015625, 0.004791259765625, 0.0947265625, -0.005828857421875, 0.028076171875, 0.006591796875, -0.034423828125, -0.01007080078125, 0.0303955078125, 0.03466796875, 0.01611328125, -0.00372314453125, -0.01611328125, 0.040283203125, 0.0247802734375, -0.019287109375, 0.0537109375, 0.02880859375, -0.014404296875, -0.032958984375, -0.0240478515625, 0.02978515625, 0.04833984375, 0.041259765625, -0.002899169921875, 0.054931640625, 0.0634765625, -0.0032501220703125, -0.0205078125, 0.047607421875, 0.022705078125, -0.0269775390625, -0.0213623046875, 0.0086669921875, 0.033447265625, -0.0238037109375, -0.0242919921875, 0.002716064453125, -0.00145721435546875, -0.0033721923828125, -0.012939453125, 0.0020904541015625, -0.01318359375, 0.05615234375, 0.0189208984375, 0.0225830078125, -0.04443359375, 0.01007080078125, -0.028564453125, 0.0517578125, -0.055908203125, -0.027099609375, 0.0098876953125, -0.00555419921875, -0.044677734375, 0.0238037109375, -0.01953125, -0.01080322265625, 0.0361328125, -0.00555419921875, 0.01708984375, -0.0205078125, -0.0303955078125, 0.004150390625, 0.059326171875, -0.024658203125, 0.053955078125, 0.006011962890625, 0.01611328125, 0.05029296875, -0.04541015625, -0.0216064453125, 0.005584716796875, -0.050048828125, -0.06689453125, 0.01239013671875, 0.05615234375, 0.0089111328125, -0.00191497802734375, -0.023193359375, 0.0289306640625, -0.02978515625, 0.0306396484375, -0.03662109375, 0.01373291015625, -0.0162353515625, 0.01708984375, 0.0206298828125, -0.0250244140625, 0.0341796875, -0.0247802734375, 0.006256103515625, 0.0172119140625, -0.040283203125, -0.0361328125, -0.00102996826171875, 0.0123291015625, 0.01263427734375, -0.0245361328125, -0.007476806640625, -0.04052734375, -0.02685546875, -0.04736328125, 0.015625, -0.0001201629638671875, -0.05224609375, -0.0159912109375, 0.0223388671875, -0.03955078125, -0.0390625, -0.052734375, 0.00159454345703125, -0.046630859375, -0.01611328125, -0.005645751953125, -0.0218505859375, 0.031494140625, -0.003021240234375, -0.0003108978271484375, -0.03564453125, 0.004302978515625, 0.014404296875, -0.020263671875, -0.032470703125, 0.017822265625, 0.0322265625, -0.0274658203125, -0.04833984375, -0.04052734375, -0.00433349609375, -0.007568359375, 0.0341796875, -0.05224609375, 0.0296630859375, -0.0213623046875, 0.00555419921875, 0.0098876953125, 0.004608154296875, 0.032470703125, -0.0003204345703125, 0.01544189453125, 0.000713348388671875, -0.0029144287109375, 0.006195068359375, 0.05322265625, 0.0133056640625, -0.0135498046875, 0.0004825592041015625, -0.014892578125, 0.0048828125, 0.047607421875, 0.046142578125, -0.044189453125, 0.01611328125, -0.043701171875, 0.060791015625, -0.03369140625, -0.009765625, -0.01165771484375, -0.00701904296875, 0.01275634765625, -0.043701171875, 0.0264892578125, -0.048095703125, -0.07568359375, -0.00390625, 0.03466796875, -0.0250244140625, -0.002532958984375, -0.003021240234375, -0.06591796875, 0.01214599609375, 0.032958984375, 0.0269775390625, -0.017333984375, 0.00848388671875, -0.0732421875, -0.051025390625, -0.026123046875, 0.004150390625, 0.006866455078125, 0.0164794921875, -0.017822265625, -0.0162353515625, -0.0302734375, 0.023193359375, -0.052978515625, 0.0050048828125, -0.034423828125, 0.00384521484375, 0.0308837890625, 0.0537109375, 0.03662109375, 0.043212890625, 0.07275390625, 0.009033203125, -0.02099609375, 0.044189453125, -0.01544189453125, -0.028564453125, -0.00958251953125, -0.01373291015625, -0.0703125, 0.0074462890625, 0.03125, -0.031982421875, 0.0072021484375, 0.02685546875, 0.04150390625, -0.004791259765625, 0.01275634765625, 0.00927734375, -0.0283203125, -0.014404296875, 0.0157470703125, -0.00189208984375, -0.07421875, 0.046142578125, -0.01214599609375, 0.06591796875, -0.06591796875, 0.0198974609375, -0.019775390625, -0.00701904296875, -0.007537841796875, 0.0576171875, 0.0419921875, 0.0198974609375, -0.01544189453125, 0.04150390625, -0.0033721923828125, -0.043212890625, -0.0167236328125, -0.0157470703125, 0.000457763671875, 0.01708984375, 0.025634765625, -0.001068115234375, 0.007537841796875, -0.0096435546875, 