{"movie": "wwdc2025", "offset": 86, "text_offset": 80, "embedding": [0.0272216796875, 0.04150390625, 0.068359375, 0.0203857421875, -0.03857421875, -0.018310546875, 0.0306396484375, -0.0157470703125, 0.037841796875, 0.001251220703125, 0.01409912109375, 0.020751953125, -0.01806640625, -0.0654296875, -0.0123291015625, 0.0004100799560546875, 0.0140380859375, -0.05712890625, -0.005035400390625, 0.006439208984375, -0.0322265625, -0.06787109375, 0.0299072265625, -0.05615234375, 0.0615234375, -0.048095703125, -0.01708984375, -0.03662109375, -0.040771484375, 0.043212890625, -0.0220947265625, -0.046875, 0.06005859375, -0.0164794921875, 0.0020904541015625, -0.0108642578125, 0.031982421875, 0.0169677734375, -0.045654296875, 0.006561279296875, -0.0281982421875, -0.0194091796875, -0.003143310546875, -0.0072021484375, 0.046875, 0.01361083984375, -0.0732421875, -0.0289306640625, -0.007568359375, 0.042236328125, 0.017578125, 0.00445556640625, 0.00102996826171875, -0.058837890625, -0.0361328125, 0.040283203125, -0.0023651123046875, 0.0294189453125, 0.04150390625, 0.0233154296875, 0.0247802734375, -0.0211181640625, 0.00982666015625, 0.0150146484375, -0.03564453125, 0.01336669921875, -0.021240234375, -0.00665283203125, -0.006103515625, -0.0029144287109375, -0.03125, 0.005767822265625, -0.028076171875, -0.0303955078125, -0.01153564453125, 0.0150146484375, 0.06591796875, -0.017578125, 0.00970458984375, 0.0322265625, -0.015380859375, 0.015625, 0.0002079010009765625, 0.00445556640625, -0.031494140625, 0.00213623046875, 0.01470947265625, -0.026123046875, -0.03125, -0.00787353515625, -0.025146484375, 0.01312255859375, 0.00543212890625, -0.01080322265625, -0.004302978515625, 0.031494140625, -0.00848388671875, 0.01190185546875, 0.0025482177734375, 0.0272216796875, 0.00543212890625, 0.053955078125, -0.01495361328125, -0.0216064453125, -0.0147705078125, -0.054443359375, 0.00494384765625, 0.0125732421875, -0.034423828125, -0.000888824462890625, -0.033447265625, 0.01470947265625, -0.017822265625, 0.0458984375, -0.0341796875, 0.03466796875, 0.039306640625, -0.0233154296875, -0.00083160400390625, 0.01806640625, -0.048583984375, -0.038818359375, 0.0238037109375, -0.029052734375, -0.006439208984375, 0.043212890625, 0.072265625, -0.0017852783203125, -0.03564453125, 0.038330078125, -0.0238037109375, -0.025390625, 0.0194091796875, 0.01080322265625, -0.07861328125, -0.025634765625, 0.01141357421875, 0.01263427734375, -0.0439453125, -0.014892578125, -0.022216796875, 0.01409912109375, -0.0169677734375, -0.0419921875, -0.003143310546875, -0.00433349609375, 0.00128936767578125, -0.0184326171875, -0.02978515625, -0.03369140625, 0.053955078125, -0.00933837890625, -0.051513671875, 0.044921875, 0.0050048828125, 0.0235595703125, -0.04150390625, -0.002685546875, -0.0224609375, -0.0615234375, 0.00119781494140625, -0.00994873046875, 0.040771484375, -0.044189453125, 0.0390625, -0.0045166015625, -0.025146484375, 0.0186767578125, -0.025146484375, -0.0203857421875, -0.00933837890625, 0.0162353515625, -0.00421142578125, 0.003082275390625, -0.0419921875, 0.037353515625, 0.01190185546875, -0.01202392578125, 0.0306396484375, -0.037353515625, -0.0164794921875, 0.036376953125, 0.061279296875, 0.0087890625, 0.0025177001953125, -0.060791015625, 0.019775390625, 0.053955078125, 0.0002841949462890625, 0.030029296875, -0.032470703125, 0.0498046875, -0.016357421875, -0.007720947265625, 0.04296875, -0.0279541015625, -0.01019287109375, -0.054931640625, 0.056884765625, 0.046630859375, -0.00518798828125, 0.024658203125, -0.031494140625, 0.01544189453125, 0.036865234375, 0.040283203125, 0.01104736328125, 0.0439453125, -0.060546875, 0.01153564453125, 0.003143310546875, -0.0322265625, -0.010498046875, -0.08349609375, 0.0272216796875, -0.07568359375, 0.0234375, 0.054931640625, 0.033935546875, -0.0234375, -0.00677490234375, 0.01385498046875, -0.0087890625, 0.050537109375, -0.00107574462890625, 0.0107421875, 0.00077056884765625, 0.0123291015625, -0.0211181640625, -0.00024127960205078125, 0.000774383544921875, 0.0341796875, -0.0634765625, 0.061767578125, 0.0242919921875, 0.048583984375, 0.050537109375, -0.02099609375, -0.061767578125, 0.045654296875, 0.00787353515625, -0.0289306640625, -0.0081787109375, 0.011474609375, 0.012939453125, -0.083984375, -0.01171875, 0.0028228759765625, 0.00360107421875, 0.00750732421875, -0.017822265625, 0.017822265625, 0.034423828125, -0.0196533203125, -0.017822265625, -0.003387451171875, -0.0247802734375, -0.027099609375, 0.02880859375, -0.0029296875, 0.09228515625, 0.01080322265625, 0.031982421875, -0.017822265625, 0.0272216796875, -0.0233154296875, -0.05322265625, -0.019287109375, -0.0712890625, -0.00738525390625, 0.02978515625, -0.0208740234375, -0.0133056640625, 0.04150390625, -0.042236328125, 0.0012054443359375, -0.027587890625, -0.058837890625, -0.06494140625, -0.0322265625, -0.0458984375, -0.01220703125, -0.033203125, 0.022216796875, 0.044189453125, 0.01104736328125, 0.0186767578125, -0.0128173828125, -0.0157470703125, 0.00025177001953125, 0.02880859375, -0.025146484375, 0.0419921875, 0.004852294921875, 0.005523681640625, 0.0322265625, 0.0322265625, -0.024658203125, -0.03369140625, -0.0458984375, -0.0791015625, 0.01171875, 0.0034332275390625, 0.0244140625, 0.001251220703125, 0.0220947265625, 0.031982421875, 0.0242919921875, -0.004119873046875, 0.0189208984375, 0.0007476806640625, 0.0189208984375, 0.0135498046875, 0.03369140625, -0.07568359375, -0.010009765625, 0.003448486328125, 0.00128936767578125, 0.0186767578125, 0.0062255859375, -0.039306640625, -0.0018463134765625, 0.0264892578125, 0.0189208984375, 0.005615234375, -0.04296875, -0.04345703125, 0.0098876953125, -0.05615234375, -0.048828125, 0.01171875, -0.0308837890625, 0.00323486328125, -0.0013885498046875, -0.07275390625, -0.010498046875, -0.027099609375, 0.01422119140625, -0.011962890625, 0.01220703125, 0.0400390625, 0.032470703125, 0.004119873046875, -0.0172119140625, 0.04248046875, 0.016845703125, 0.01953125, 0.0703125, 0.0062255859375, -0.00994873046875, -0.0052490234375, -0.040771484375, 0.00994873046875, 0.0341796875, -0.017578125, -0.0072021484375, 0.037841796875, 0.06298828125, -0.0712890625, 0.0038604736328125, -0.019775390625, -0.05322265625, 0.0458984375, 0.01544189453125, -0.00010442733764648438, -0.05322265625, -0.0458984375, -0.0576171875, -0.029296875, 0.02880859375, 0.0693359375, -0.0142822265625, 0.01287841796875, -0.04443359375, -0.0157470703125, -0.0003528594970703125, 0.00701904296875, -0.003387451171875, 0.001251220703125, 0.0390625, -0.043212890625, 0.029052734375, 0.005523681640625, -0.007232666015625, -0.003173828125, 0.000576019287109375, 0.012451171875, -0.01373291015625, -0.020751953125, -0.0308837890625, -0.004730224609375, -0.06298828125, 0.040771484375, -0.0242919921875, 0.047119140625, -0.026611328125, -0.01409912109375, 0.0277099609375, 0.0267333984375, 0.036865234375, 0.029541015625, -0.01153564453125, -0.07666015625, -0.00180816650390625, -0.0159912109375, 0.0257568359375, 0.01080322265625, 0.01214599609375, 0.01177978515625, 0.05517578125, -0.05712890625, -0.003692626953125, 0.009033203125, 0.03515625, -0.024658203125, -0.0191650390625, 0.0257568359375, -0.01312255859375, 0.0072021484375, 0.017333984375, 0.054443359375, 0.0018157958984375, 0.02978515625, 0.01202392578125, 0.0262451171875, -0.040771484375, -0.0164794921875, -0.0238037109375, -0.0517578125, 0.001617431640625, 0.0106201171875, 0.0111083984375, 0.0230712890625, 0.0003814697265625, 0.03271484375, 0.021240234375, 0.0023651123046875, 0.0390625, -0.04443359375, -0.02880859375, 0.046875, -0.0078125, -0.040771484375, 0.05322265625, 0.0045166015625, 0.050537109375, -0.00909423828125, -0.0257568359375, 0.00439453125, 0.0233154296875, 0.005523681640625, 0.048828125, 0.048828125, 0.036376953125, -0.01544189453125, 0.0361328125, -0.0244140625, -0.0211181640625, -0.048095703125, 0.047607421875, -0.02099609375, 0.03515625, 0.03955078125, -0.031494140625, 0.03271484375, -0.03515625, 0.016845703125, 0.002105712890625, -0.05126953125, -0.06884765625, 