{"movie": "wwdc2025", "offset": 50, "text_offset": 40, "embedding": [0.00872802734375, -0.0223388671875, 0.037353515625, -0.017333984375, -0.06689453125, 0.0277099609375, 0.0439453125, -0.01519775390625, 0.0283203125, 0.0272216796875, 0.0257568359375, 0.018310546875, 0.0152587890625, -0.0615234375, -0.03466796875, -0.012451171875, 0.044921875, -0.03076171875, -0.0140380859375, -0.00860595703125, -0.068359375, -0.0147705078125, 0.035888671875, -0.08203125, 0.02197265625, -0.00927734375, -0.041259765625, -0.00360107421875, 0.003021240234375, 0.021240234375, -0.042724609375, -0.07421875, 0.021484375, 0.03369140625, 0.007598876953125, 0.017578125, 0.01226806640625, 0.0203857421875, 0.024169921875, 0.00830078125, -0.01519775390625, 0.015380859375, 0.018310546875, -0.0322265625, -0.01611328125, 0.056884765625, -0.02490234375, -0.02197265625, 0.01116943359375, 0.04833984375, -0.031982421875, -0.0030059814453125, -0.053955078125, -0.053955078125, 0.0142822265625, 0.01287841796875, 0.01043701171875, -0.0257568359375, 0.034423828125, -0.00555419921875, -0.0142822265625, 0.034423828125, 0.0147705078125, -0.023681640625, -0.0079345703125, 0.0224609375, -0.01416015625, -0.023681640625, 0.006805419921875, -0.06005859375, -0.041259765625, 0.062255859375, 0.062255859375, -0.00933837890625, -0.0361328125, -0.004852294921875, 0.0732421875, -0.049560546875, 0.0252685546875, 0.04150390625, 0.02490234375, 0.0189208984375, 0.03125, -0.023193359375, 0.01031494140625, -0.035888671875, 0.0025482177734375, -0.0172119140625, -0.0498046875, 0.017578125, -0.054443359375, 0.0390625, -0.031494140625, -0.02978515625, 0.00022792816162109375, 0.01336669921875, -0.054443359375, -0.008056640625, -0.004852294921875, 0.05224609375, -0.0157470703125, 0.0537109375, -0.06689453125, -0.01287841796875, -0.056640625, -0.0693359375, 0.0076904296875, 0.01263427734375, -0.0240478515625, -0.0047607421875, -0.034423828125, -0.0279541015625, -0.02197265625, 0.0191650390625, -0.03466796875, 0.041015625, -0.0111083984375, -0.022216796875, 0.0458984375, 0.0205078125, -0.0341796875, -0.052978515625, 0.006622314453125, -0.046630859375, 0.00457763671875, 0.00164794921875, 0.0233154296875, 0.028564453125, -0.0203857421875, 0.0673828125, 0.01611328125, 0.0008392333984375, 0.0257568359375, 0.00823974609375, -0.09326171875, -0.0272216796875, -0.01068115234375, 0.0015106201171875, -0.021484375, -0.01416015625, -0.0002613067626953125, 0.00439453125, -0.056640625, 0.004425048828125, 0.021240234375, -0.01318359375, 0.017333984375, -0.00994873046875, -0.038818359375, -0.07666015625, 0.0361328125, -0.032958984375, -0.0194091796875, 0.029541015625, -0.005615234375, -0.02197265625, 0.02490234375, 0.004669189453125, -0.0289306640625, -0.0439453125, -0.018310546875, -0.016357421875, -0.009521484375, -0.05126953125, 0.04736328125, 0.01043701171875, -0.004974365234375, 0.046630859375, -0.0157470703125, -0.0185546875, -0.035888671875, 0.0361328125, -0.03515625, 0.012451171875, 0.01361083984375, -0.0130615234375, -0.0361328125, 0.00732421875, 0.01416015625, -0.0458984375, -0.01275634765625, 0.049560546875, 0.0615234375, -0.05517578125, 0.0166015625, 0.0498046875, 0.02880859375, 0.060302734375, -0.0279541015625, 0.0025177001953125, -0.0205078125, 0.01904296875, 0.01123046875, -0.023681640625, 0.087890625, 0.04345703125, 0.002655029296875, -0.00714111328125, 0.041748046875, 0.04345703125, -0.0203857421875, 0.0498046875, 0.0037994384765625, -0.01324462890625, 0.01263427734375, 0.0537109375, -0.01165771484375, 0.051513671875, -0.076171875, 0.02490234375, -0.054443359375, -0.01397705078125, -0.00189971923828125, -0.04443359375, 0.0233154296875, -0.04833984375, 0.054443359375, 0.02294921875, 0.01007080078125, 0.028564453125, -0.003936767578125, 0.0106201171875, 0.02978515625, 0.040283203125, -0.0272216796875, 0.00885009765625, 0.0001964569091796875, 0.017333984375, 0.0186767578125, -0.06982421875, 0.040771484375, 0.01611328125, -0.0322265625, 0.0289306640625, 0.04541015625, 0.035888671875, 0.040283203125, -0.00098419189453125, -0.06005859375, 0.064453125, 0.029296875, -0.042724609375, 0.0228271484375, 0.03271484375, -0.023193359375, -0.0311279296875, -0.0263671875, 0.0081787109375, 0.0296630859375, 0.016845703125, -0.033447265625, 0.028076171875, 0.04443359375, -0.038818359375, -0.0732421875, 0.00958251953125, -0.018310546875, -0.00860595703125, -0.0272216796875, 0.0093994140625, 0.052978515625, 0.0150146484375, 0.0078125, -0.0157470703125, 0.04833984375, -0.0191650390625, -0.0185546875, 0.00787353515625, -0.0198974609375, -0.0277099609375, 0.0283203125, -0.0213623046875, -0.031494140625, 0.041015625, 0.01019287109375, 0.00970458984375, -0.04150390625, 0.00701904296875, -0.0264892578125, -0.030029296875, -0.03076171875, -0.0054931640625, -0.058349609375, -0.0216064453125, 0.0223388671875, 0.0146484375, -0.00372314453125, -0.0439453125, -0.0167236328125, -0.016357421875, 0.03369140625, 0.033935546875, 0.006195068359375, -0.0084228515625, -0.028076171875, 0.019775390625, -0.056884765625, -0.00860595703125, -0.051513671875, -0.042724609375, -0.045654296875, 0.00061798095703125, 0.0191650390625, -0.0074462890625, 0.009765625, 0.06591796875, 0.0208740234375, 0.0089111328125, 0.048828125, 0.03759765625, 0.0257568359375, -0.016357421875, 0.006011962890625, 0.005584716796875, -0.029541015625, 0.01123046875, -0.021728515625, -0.051513671875, -0.01025390625, 0.01239013671875, 0.0010528564453125, 0.0130615234375, 0.09423828125, 0.01177978515625, 0.028076171875, 0.003936767578125, -0.0076904296875, -0.031982421875, 0.0128173828125, 0.003997802734375, 0.01556396484375, -0.05615234375, -0.01263427734375, 0.004852294921875, -0.041015625, 0.018310546875, -0.01336669921875, 0.0257568359375, -0.00070953369140625, 0.01611328125, -0.0216064453125, -0.00110626220703125, 0.0233154296875, 0.01361083984375, -0.000885009765625, 0.044921875, 0.044921875, 0.03369140625, 0.020751953125, -0.00567626953125, -0.055908203125, -0.0030670166015625, -0.0023193359375, 0.044921875, -0.061767578125, -0.027587890625, 0.042724609375, -0.0033416748046875, -0.05126953125, -0.01611328125, 0.028564453125, 0.025634765625, -0.01141357421875, -0.0235595703125, 0.0084228515625, -0.007080078125, 0.04296875, 0.0260009765625, -0.0576171875, 0.000823974609375, 0.051513671875, 0.04443359375, 0.007110595703125, 0.007720947265625, -0.0390625, -0.0142822265625, -0.0201416015625, 0.0257568359375, -0.004913330078125, 0.0076904296875, -0.049560546875, 0.0113525390625, -0.005889892578125, -0.0125732421875, -0.03466796875, -0.004302978515625, -0.0272216796875, -0.029541015625, -0.0537109375, -0.01324462890625, 0.003143310546875, -0.00408935546875, -0.0439453125, 0.002105712890625, 0.021484375, -0.01519775390625, -0.060791015625, 0.034912109375, 0.0201416015625, -0.0196533203125, 0.029296875, 0.0003643035888671875, -0.0498046875, 0.00133514404296875, -0.0177001953125, 0.0390625, 0.0177001953125, -0.000850677490234375, 0.015869140625, 0.01904296875, 0.0074462890625, 0.0150146484375, -0.03466796875, -0.00494384765625, -0.078125, 0.03369140625, -0.02294921875, -0.00201416015625, -0.039306640625, 0.01263427734375, 0.055908203125, 0.0198974609375, 0.04150390625, -0.03369140625, -0.0205078125, -0.024169921875, -0.03564453125, -0.020751953125, -0.06298828125, -0.028076171875, 0.05712890625, -0.01165771484375, 0.0074462890625, -0.00714111328125, 0.02392578125, -0.0201416015625, -0.043212890625, -0.03955078125, 0.0201416015625, -0.01080322265625, 0.0201416015625, -0.018310546875, -0.03271484375, 0.03173828125, 0.058349609375, 0.047119140625, 0.0245361328125, -0.01141357421875, -0.0284423828125, 0.0228271484375, -0.012451171875, -0.0059814453125, 0.0322265625, 0.02197265625, -0.000701904296875, 0.00537109375, -0.033935546875, -0.044921875, -0.013671875, 0.0093994140625, -0.01708984375, 0.02197265625, 0.06689453125, 0.02685546875, 0.046630859375, -0.051513671875, 0.02197265625, 0.01397705078125, -0.052978515625, -0.015869140625, -0.064453125, 0.015380859375, 0.028076171875, 0.00823974609375, 