{"movie": "wwdc2025", "offset": 564, "text_offset": 560, "embedding": [-0.032958984375, 0.01531982421875, -0.032958984375, -0.03662109375, -0.032958984375, -0.042236328125, 0.0272216796875, 0.0177001953125, 0.0157470703125, 0.036376953125, 0.01434326171875, 0.03662109375, -0.011962890625, -0.0478515625, -0.01019287109375, -0.038330078125, 0.0074462890625, -0.00958251953125, -0.01336669921875, -0.055419921875, -0.007232666015625, -0.010498046875, 0.038818359375, -0.06787109375, 0.0478515625, 0.0048828125, -0.0267333984375, -0.015625, -0.031494140625, -0.01123046875, -0.004302978515625, -0.031982421875, -0.001373291015625, 0.041259765625, 0.01007080078125, -0.002166748046875, 0.01043701171875, 0.005096435546875, 0.01287841796875, 0.00164794921875, -0.020263671875, 0.0260009765625, 0.01080322265625, -0.013916015625, -0.0361328125, 0.02197265625, -0.0419921875, -0.00372314453125, -0.02099609375, 0.034912109375, 0.00732421875, -0.01129150390625, 0.018798828125, -0.048828125, 0.005279541015625, -0.006072998046875, -0.032958984375, -0.005096435546875, 0.0308837890625, 0.0211181640625, -0.01031494140625, 0.037841796875, 0.0308837890625, 0.0091552734375, -0.01153564453125, 0.000316619873046875, -0.0201416015625, -0.0020599365234375, 0.01239013671875, -0.0264892578125, 0.042236328125, 0.007415771484375, 0.0067138671875, -0.00103759765625, -0.01458740234375, -0.031494140625, 0.053955078125, -0.054443359375, 0.01129150390625, 0.01312255859375, -0.0264892578125, 0.00189971923828125, 0.03759765625, -0.02978515625, -0.0185546875, -0.0255126953125, -0.038330078125, -0.0177001953125, -0.060302734375, -0.019775390625, -0.031982421875, 0.0064697265625, -0.02392578125, -0.032958984375, 0.035400390625, 0.049072265625, -0.051513671875, -0.060302734375, 0.01544189453125, 0.0283203125, -0.02197265625, 0.080078125, -0.055419921875, -0.005401611328125, -0.06787109375, -0.060546875, 0.0034942626953125, 0.03271484375, -0.0194091796875, 0.0191650390625, -0.036865234375, -0.025390625, -0.0186767578125, 0.0263671875, -0.06787109375, 0.07666015625, 0.057373046875, -0.058837890625, -0.01434326171875, -0.01434326171875, -0.005645751953125, -0.038330078125, 0.035400390625, -0.031494140625, -0.0294189453125, 0.06494140625, 0.056640625, 0.03662109375, -0.009765625, 0.046875, 0.03955078125, -0.046630859375, 0.0166015625, 0.0191650390625, -0.056396484375, 0.0296630859375, 0.01171875, -0.046875, -0.0286865234375, 0.0234375, -0.00506591796875, 0.004180908203125, -0.06787109375, -0.000926971435546875, -0.0084228515625, -0.00921630859375, 0.01129150390625, 0.0272216796875, -0.033203125, 0.006988525390625, -0.01031494140625, -0.057373046875, -0.0216064453125, -0.00299072265625, 0.029296875, 0.02783203125, 0.037841796875, 0.0283203125, -0.053955078125, -0.015625, 0.007232666015625, -0.034423828125, 0.031494140625, -0.04296875, 0.0272216796875, 0.006591796875, -0.0230712890625, 0.032958984375, 0.0164794921875, -0.01385498046875, -0.0003566741943359375, 0.0235595703125, -0.035400390625, 0.004241943359375, -0.033935546875, 0.006103515625, -0.039794921875, -0.02294921875, 0.0022125244140625, 0.006805419921875, -0.0169677734375, -0.01177978515625, 0.046142578125, -0.061767578125, -0.0228271484375, 0.0211181640625, -0.0264892578125, 0.004486083984375, 0.00921630859375, 0.01361083984375, -0.039306640625, 0.0419921875, 0.0218505859375, 0.0247802734375, 0.07666015625, 0.0260009765625, -0.005645751953125, -0.0269775390625, -0.0556640625, 0.02734375, 0.0196533203125, 0.0595703125, 0.02783203125, -0.051513671875, -0.0250244140625, -0.00787353515625, -0.00958251953125, 0.020263671875, -0.055908203125, -0.038818359375, -0.0206298828125, -0.0203857421875, 0.00142669677734375, -0.01806640625, 0.035400390625, 0.00185394287109375, 0.0458984375, -0.00811767578125, -0.0002727508544921875, 0.0068359375, -0.050048828125, 0.0034942626953125, -0.00958251953125, 0.03076171875, -0.0286865234375, 0.007781982421875, -0.0191650390625, -0.03466796875, 0.048583984375, -0.045166015625, 0.0257568359375, 0.0206298828125, -0.0263671875, 0.01220703125, 0.039794921875, 0.0458984375, -0.0054931640625, -0.002349853515625, -0.03759765625, 0.087890625, 0.013671875, -0.09228515625, 0.0012664794921875, 0.053466796875, 0.0038604736328125, -0.062255859375, 0.0038299560546875, -0.0042724609375, 0.0308837890625, 0.0162353515625, 0.01708984375, -0.0233154296875, 0.038330078125, 0.002471923828125, -0.016357421875, 0.010009765625, -0.005340576171875, -0.0157470703125, -0.01275634765625, -0.006591796875, 0.054443359375, 0.0030975341796875, 0.0242919921875, -0.0167236328125, -0.00958251953125, -0.03466796875, -0.02685546875, 0.0169677734375, -0.01318359375, -0.01251220703125, 0.01116943359375, -0.0034027099609375, -0.01422119140625, 0.054443359375, -0.01116943359375, 0.0162353515625, -0.07080078125, 0.0279541015625, -0.007354736328125, -0.0274658203125, -0.0203857421875, -0.038330078125, 0.0181884765625, -0.01202392578125, 0.048583984375, -0.03466796875, -0.01092529296875, 0.0252685546875, -0.03662109375, 0.052001953125, 0.01263427734375, 0.0025787353515625, -0.00189208984375, -0.0250244140625, -0.0225830078125, 0.01953125, -0.038818359375, -0.00102996826171875, -0.052734375, -0.06982421875, -0.01611328125, -0.0311279296875, -0.0257568359375, 0.0303955078125, -0.035400390625, 0.049072265625, -0.0260009765625, -0.006683349609375, 0.0038909912109375, -0.01287841796875, -0.0006561279296875, -0.049560546875, 0.0032958984375, 0.0224609375, -0.035400390625, 0.0277099609375, -0.008544921875, -0.06787109375, 0.0069580078125, 0.006561279296875, 0.00225830078125, -0.03662109375, 0.051025390625, -0.005279541015625, 0.055908203125, -0.005828857421875, -0.0194091796875, -0.01318359375, -0.0546875, -0.00811767578125, 0.045166015625, -0.050048828125, 0.0181884765625, 0.00872802734375, -0.0107421875, 0.0294189453125, 0.01080322265625, 0.0093994140625, -0.010498046875, 0.037353515625, -0.0166015625, -0.0400390625, 0.0390625, -0.052734375, 0.0027618408203125, -0.0294189453125, 0.031494140625, 0.039794921875, 0.00933837890625, -0.00025177001953125, -0.07177734375, -0.006011962890625, -0.01031494140625, 0.0191650390625, -0.048583984375, -0.0556640625, 0.005157470703125, 0.045654296875, -0.043212890625, -0.0172119140625, -0.003936767578125, -0.00897216796875, -0.03955078125, -0.00848388671875, 0.00037384033203125, 0.00179290771484375, 0.0286865234375, 0.0234375, -0.0069580078125, 0.036865234375, 0.0439453125, 0.06298828125, -0.035400390625, -0.007781982421875, -0.0220947265625, 0.00457763671875, -0.004852294921875, 0.02783203125, -0.0277099609375, 0.0230712890625, -0.057373046875, -0.01434326171875, -0.033935546875, -0.01361083984375, -0.035888671875, 0.01953125, -0.0228271484375, -0.03759765625, -0.0169677734375, 0.00958251953125, -0.0177001953125, -0.035400390625, 0.0186767578125, -0.01068115234375, 0.012451171875, -0.057373046875, -0.058837890625, 0.031494140625, 0.036865234375, -0.012451171875, 0.031494140625, -0.0157470703125, -0.048583984375, -0.01275634765625, -0.005279541015625, 0.048583984375, -0.031494140625, -0.0196533203125, 0.033447265625, -0.0030975341796875, -0.0035858154296875, 0.01470947265625, -0.0191650390625, 0.02783203125, -0.060791015625, 0.0196533203125, 0.0186767578125, -0.005584716796875, -0.0025787353515625, 0.005584716796875, 0.07958984375, 0.0252685546875, -0.0032958984375, -0.02685546875, 0.041748046875, -0.033935546875, -0.014892578125, -0.01055908203125, -0.08837890625, -0.0556640625, 0.0216064453125, 0.0101318359375, 0.03271484375, -0.0024871826171875, -0.01092529296875, -0.0177001953125, -0.0269775390625, 0.00885009765625, 0.0027618408203125, -0.0260009765625, 0.07666015625, -0.046142578125, -0.0264892578125, 0.00830078125, 0.07666015625, 0.00909423828125, 0.041748046875, -0.06591796875, -0.0206298828125, 0.0162353515625, 0.0223388671875, 0.02783203125, 0.02197265625, 0.09423828125, -0.014892578125, -0.013671875, -0.0032958984375, -0.046875, -0.0206298828125, 0.033447265625, -0.00848388671875, -0.0107421875, 0.0286865234375, 