{"movie": "wwdc2025", "offset": 66, "text_offset": 60, "embedding": [0.041015625, 0.03466796875, 0.0693359375, 0.02099609375, -0.0625, 0.01556396484375, 0.033203125, 0.001434326171875, -0.005340576171875, 0.00543212890625, -0.006500244140625, 0.017333984375, 0.01409912109375, -0.0230712890625, -0.01348876953125, -0.0084228515625, 0.048095703125, -0.00128173828125, 0.0137939453125, 0.03271484375, 0.0177001953125, 0.0286865234375, 0.04052734375, -0.1044921875, 0.0234375, 0.00946044921875, -0.04296875, -0.0218505859375, -0.000949859619140625, -0.01123046875, -0.006927490234375, -0.10009765625, 0.0625, 0.0233154296875, -0.0693359375, 0.0281982421875, 0.0269775390625, 0.01458740234375, -0.044921875, 0.02392578125, -0.045166015625, 0.003997802734375, -0.0264892578125, -0.003692626953125, 0.00946044921875, -0.0089111328125, -0.0223388671875, -0.0185546875, -0.01300048828125, 0.011962890625, 0.0208740234375, 0.020263671875, 0.02294921875, -0.03369140625, 0.021728515625, -0.015380859375, 0.01348876953125, -0.00830078125, -0.006378173828125, -0.017333984375, -0.01092529296875, -0.031494140625, -0.037841796875, 0.0162353515625, -0.0018157958984375, 0.0240478515625, 0.004150390625, -0.0400390625, -0.0194091796875, 0.015625, -0.06591796875, -0.0240478515625, 0.025634765625, -0.042724609375, 0.0025482177734375, 0.0038299560546875, 0.05712890625, 0.010009765625, -0.01251220703125, -0.041015625, 0.0213623046875, 0.0272216796875, 0.02294921875, 0.00439453125, 0.00274658203125, -0.048095703125, 0.0030670166015625, -0.018310546875, 0.00179290771484375, -0.0341796875, 0.011962890625, 0.01025390625, -0.029296875, -0.0162353515625, 0.02978515625, 0.038330078125, 0.001617431640625, 0.004058837890625, 0.0126953125, -0.026611328125, -0.018310546875, 0.01416015625, -0.027099609375, -0.0235595703125, -0.062255859375, -0.049072265625, -0.0260009765625, 0.0086669921875, -0.0003032684326171875, 0.002716064453125, -0.01544189453125, -0.03662109375, 0.0233154296875, -0.00518798828125, -0.02587890625, 0.017822265625, 0.026123046875, -0.06005859375, -0.0198974609375, 0.046142578125, 0.00537109375, -0.0164794921875, -0.00689697265625, -0.021240234375, -0.00168609619140625, -0.0012969970703125, 0.0830078125, -0.002777099609375, -0.00665283203125, 0.0186767578125, 0.01116943359375, 0.048583984375, 0.038818359375, -0.01953125, -0.054443359375, -0.030029296875, 0.0159912109375, 0.0311279296875, -0.01409912109375, -0.0103759765625, 0.000457763671875, -0.024658203125, -0.01416015625, -0.0198974609375, -0.048828125, -0.0306396484375, 0.001007080078125, 0.00069427490234375, -0.038818359375, 1.990795135498047e-05, 0.0269775390625, -0.033203125, 0.0225830078125, 0.03369140625, 0.001617431640625, 0.007080078125, -0.00616455078125, 0.00543212890625, 0.00665283203125, -0.025390625, -0.0267333984375, -0.0302734375, -0.0274658203125, -0.041015625, 0.08349609375, 0.026611328125, -0.0162353515625, 0.007171630859375, 0.00421142578125, 0.0022125244140625, 0.01708984375, 0.004119873046875, -0.040771484375, 0.010986328125, -0.0341796875, -0.0224609375, -0.016845703125, 0.010498046875, 0.037841796875, 0.0107421875, -0.00531005859375, -0.002197265625, 0.059326171875, -0.01190185546875, -0.028564453125, -0.021728515625, -0.006927490234375, 0.056396484375, 0.018310546875, -0.00518798828125, 0.00092315673828125, 0.03662109375, -0.0036468505859375, 0.040283203125, 0.037353515625, 0.01397705078125, 0.01129150390625, -0.0225830078125, 0.033203125, 0.01025390625, 0.0189208984375, 0.06640625, -0.021484375, -0.01507568359375, 0.0208740234375, -0.0172119140625, 0.04931640625, 0.035888671875, -0.0712890625, -0.01373291015625, 0.03857421875, -0.00677490234375, -0.01123046875, -0.0419921875, -0.005950927734375, -0.05859375, 0.047119140625, 0.0179443359375, 0.01806640625, 0.01318359375, -0.01434326171875, 0.0059814453125, 0.014404296875, 0.0106201171875, -0.00970458984375, -0.031494140625, -0.00946044921875, -0.0048828125, 0.033935546875, -0.003204345703125, 0.040283203125, -0.03125, -0.02197265625, 0.011474609375, 0.0225830078125, 0.0419921875, 0.0264892578125, -0.01202392578125, -0.0026092529296875, 0.007537841796875, 0.025634765625, -0.0673828125, -0.02294921875, 0.07421875, -0.003997802734375, -0.00927734375, -0.0087890625, 0.0419921875, 0.06884765625, 0.060791015625, -0.0264892578125, 0.0234375, 0.0203857421875, -0.01129150390625, -0.0625, 0.0242919921875, -0.02294921875, 0.03662109375, 0.01043701171875, -0.0186767578125, 0.048095703125, 0.005126953125, 0.0230712890625, 0.003692626953125, 0.00616455078125, -0.027099609375, -0.007415771484375, 0.005706787109375, -0.041015625, 0.047119140625, 0.0234375, 0.007171630859375, -0.0179443359375, 0.0108642578125, -0.034423828125, -0.03125, -0.055419921875, -0.04345703125, -0.037841796875, 0.0172119140625, -0.034423828125, 0.00994873046875, 0.032470703125, -0.01226806640625, -0.0169677734375, 0.033203125, 0.05078125, 0.0177001953125, -0.024658203125, -0.0311279296875, 0.03564453125, 0.0107421875, 0.01300048828125, 0.0234375, -0.04052734375, 0.02880859375, -0.01513671875, -0.031982421875, -0.01531982421875, -0.0296630859375, -0.04150390625, 0.0033111572265625, 0.010986328125, -0.0245361328125, -0.037841796875, 0.055419921875, -0.01190185546875, 0.026123046875, -0.0150146484375, 0.006988525390625, 0.034912109375, -0.03515625, 0.0135498046875, 0.00848388671875, -0.0341796875, 0.0030517578125, -0.035400390625, 0.00958251953125, 0.0255126953125, 0.031982421875, 0.0177001953125, 0.0279541015625, 0.0074462890625, 0.0034942626953125, 0.0185546875, -0.0145263671875, -0.0810546875, -0.039794921875, -0.048095703125, -0.0654296875, -0.0038299560546875, -0.04150390625, 0.007415771484375, -0.028076171875, -0.04931640625, -0.00927734375, -0.05615234375, 0.0004405975341796875, -0.0439453125, 0.0040283203125, 0.01336669921875, -0.00531005859375, -0.0281982421875, -0.0179443359375, -0.038818359375, -0.0016326904296875, -0.028564453125, 0.0169677734375, 0.0076904296875, -0.0078125, 0.00970458984375, -0.07080078125, 0.0103759765625, 0.07763671875, 0.03466796875, -0.007659912109375, -0.0235595703125, 0.03076171875, -0.05078125, -0.0023193359375, -0.00958251953125, -0.052978515625, 0.030029296875, -0.04296875, -0.0089111328125, 0.002593994140625, 0.0015869140625, -0.0198974609375, -0.046630859375, 0.08984375, 0.037109375, -0.00555419921875, -0.0198974609375, 0.01361083984375, -0.054931640625, 0.0361328125, 0.030029296875, -0.00811767578125, -0.0157470703125, -0.0166015625, -0.01519775390625, 0.025390625, 0.0159912109375, -0.048095703125, 0.0010833740234375, 0.010009765625, 0.01190185546875, -0.00616455078125, -0.0272216796875, -0.05322265625, 0.011962890625, -0.03515625, 0.0517578125, -0.054443359375, 0.01123046875, -0.030029296875, 0.0203857421875, 0.0035247802734375, -0.00848388671875, 0.0107421875, -0.025634765625, -0.0006866455078125, -0.007720947265625, -0.0126953125, 0.0050048828125, 0.042724609375, -0.0078125, 0.001007080078125, 0.01397705078125, -0.0062255859375, -0.053955078125, 0.048583984375, -0.03076171875, -0.015625, -0.01123046875, -0.02001953125, 0.037353515625, 0.0301513671875, -0.00079345703125, 0.04150390625, 0.02978515625, 0.0133056640625, -0.0213623046875, 0.0194091796875, -0.017333984375, 0.01214599609375, -0.00885009765625, -0.031982421875, -0.0439453125, -0.00726318359375, -0.01416015625, -0.038330078125, 0.018310546875, -0.047119140625, -0.01361083984375, 0.00372314453125, -0.027587890625, -0.0177001953125, -0.040283203125, 0.0244140625, 0.068359375, -0.004730224609375, -0.0189208984375, 0.029052734375, -0.01171875, 0.045654296875, 0.042724609375, 0.0101318359375, -0.00457763671875, -0.0390625, 0.00933837890625, 0.040283203125, 0.032958984375, 0.00872802734375, 0.00738525390625, -0.017822265625, -0.060791015625, -0.03271484375, -0.006500244140625, 0.0311279296875, -0.00830078125, 0.04052734375, 0.044677734375, -0.04296875, 0.0291748046875, -0.01544189453125, -0.002777099609375, -0.038818359375, -0.0123291015625, -0.0145263671875, -0.00482177734375, 0.0169677734375, 