{"movie": "wwdc2025", "offset": 42, "text_offset": 40, "embedding": [0.025634765625, -0.008544921875, 0.0791015625, 0.01806640625, -0.068359375, 0.004791259765625, 0.0311279296875, 0.0103759765625, 0.023681640625, -0.0250244140625, -0.0380859375, 0.01611328125, -0.0019989013671875, -0.035888671875, -0.01324462890625, -0.02978515625, 0.035400390625, 0.01068115234375, 0.0238037109375, 0.0166015625, -0.0118408203125, 0.0189208984375, 0.041015625, -0.07861328125, 0.00104522705078125, -0.00787353515625, -0.01025390625, 0.00170135498046875, 0.0240478515625, 0.0009002685546875, -0.0157470703125, -0.0693359375, -0.00162506103515625, 0.04345703125, 0.029296875, 0.0225830078125, -0.0040283203125, 0.031494140625, -0.0162353515625, 0.0252685546875, -0.03857421875, 0.01092529296875, 0.019775390625, -0.0048828125, -0.0308837890625, 0.0169677734375, -0.01953125, -0.01507568359375, 0.0035247802734375, 0.0296630859375, 0.0220947265625, -0.007537841796875, -0.02734375, -0.049072265625, 0.00958251953125, 0.028076171875, -0.0146484375, -0.0009918212890625, 0.005859375, 0.01397705078125, -0.0269775390625, 0.0220947265625, 0.0081787109375, 0.003173828125, -0.009765625, 0.04931640625, -0.01123046875, -0.00531005859375, -0.020751953125, -0.05908203125, 0.0028228759765625, -0.00101470947265625, 0.01300048828125, -0.0067138671875, -0.0079345703125, -0.00193023681640625, 0.044677734375, -0.0133056640625, -0.0157470703125, 0.0179443359375, 0.015625, 0.043701171875, 0.0458984375, 6.151199340820312e-05, 0.0177001953125, -0.01953125, 0.01519775390625, -0.044677734375, 0.0252685546875, -0.02685546875, -0.0296630859375, 0.02001953125, -0.060302734375, -0.03759765625, -0.01507568359375, 0.019775390625, -0.0615234375, -0.0400390625, 0.0166015625, 0.01519775390625, 0.00238037109375, 0.032958984375, -0.056884765625, -0.021240234375, -0.006439208984375, -0.04833984375, -0.01904296875, -0.0030517578125, -0.01324462890625, 0.023681640625, -0.06298828125, -0.05615234375, -0.00174713134765625, 0.0380859375, -0.06982421875, 0.033203125, -0.01708984375, -0.0162353515625, 0.03125, -0.0020294189453125, -0.05322265625, 0.0057373046875, 0.004730224609375, -0.033203125, -0.04736328125, -0.0118408203125, 0.0703125, 0.0245361328125, -0.027587890625, 0.039794921875, 0.01226806640625, -0.000293731689453125, 0.05859375, -0.002532958984375, -0.09130859375, -0.03076171875, 0.00885009765625, -0.000461578369140625, -0.036376953125, -0.019287109375, -0.019775390625, 0.00103759765625, -0.053955078125, 0.0244140625, -0.0390625, -0.0252685546875, 0.021728515625, -0.0034027099609375, -0.039306640625, -0.051513671875, 0.01806640625, -0.0133056640625, -0.0252685546875, 0.0272216796875, -0.0030517578125, 0.020263671875, 0.005340576171875, 0.005340576171875, -0.0191650390625, -0.049072265625, -0.01348876953125, -0.00469970703125, -0.0126953125, -0.05322265625, 0.07373046875, 0.04443359375, -0.01300048828125, 0.026123046875, -0.003326416015625, -0.0216064453125, -0.04931640625, -0.0034942626953125, -0.04296875, 0.028076171875, -0.007110595703125, -0.022216796875, -0.00665283203125, -0.03173828125, 0.029296875, 0.00787353515625, -0.01092529296875, 0.031494140625, 0.04248046875, -0.056884765625, -0.029541015625, 0.0120849609375, 0.01165771484375, 0.036865234375, 0.00225830078125, -0.0120849609375, -0.0038909912109375, 0.042724609375, 0.01300048828125, -0.017333984375, 0.046142578125, 0.0142822265625, -0.00148773193359375, -0.01171875, 0.034912109375, 0.023681640625, -0.0240478515625, 0.05908203125, 0.009033203125, -0.0007781982421875, 0.00830078125, -0.008056640625, 0.008544921875, 0.051513671875, -0.11572265625, 0.00135040283203125, -0.03955078125, 0.00714111328125, -0.011474609375, -0.05078125, 0.01251220703125, -0.01953125, 0.020751953125, -0.00738525390625, -0.03369140625, -0.0238037109375, -0.007537841796875, -0.00133514404296875, 0.04052734375, -0.0220947265625, -0.01904296875, -0.032958984375, -0.007720947265625, 0.00921630859375, -0.01141357421875, -0.06494140625, 0.0269775390625, 0.005126953125, -0.052001953125, 0.045654296875, 0.04052734375, 0.00750732421875, 0.039794921875, -0.023681640625, 0.004058837890625, 0.0791015625, 0.0308837890625, 0.0093994140625, 0.0093994140625, 0.03515625, -0.014892578125, -0.050048828125, -0.039794921875, 0.0018463134765625, 0.05322265625, 0.06396484375, -0.027587890625, -0.00665283203125, 0.03662109375, -0.01068115234375, -0.04931640625, 0.01025390625, -0.033203125, 0.01251220703125, -0.013427734375, 0.032958984375, 0.034912109375, 0.04052734375, 0.00433349609375, -0.043701171875, -0.0030670166015625, 0.006134033203125, -0.0250244140625, -0.026611328125, -0.047607421875, 0.0074462890625, 0.032958984375, -0.0361328125, -0.03125, 0.041015625, 0.0079345703125, -0.019287109375, -0.033447265625, 0.01263427734375, -0.03173828125, 0.01025390625, -0.044677734375, 0.0252685546875, -0.00592041015625, -0.04052734375, 0.0186767578125, 0.04052734375, 0.048828125, 0.00054168701171875, 0.0034637451171875, -0.01953125, 0.0311279296875, 0.026123046875, -0.01806640625, -0.0157470703125, -0.023681640625, 0.0098876953125, -0.03662109375, 0.003692626953125, -0.036376953125, -0.0311279296875, -0.06103515625, 0.052734375, 0.0289306640625, -0.04150390625, 0.020751953125, 0.04150390625, 0.04150390625, 0.0167236328125, 0.04736328125, 0.0004863739013671875, 0.01361083984375, -0.0146484375, -0.0034027099609375, -0.021240234375, -0.021484375, -0.0269775390625, -0.006317138671875, -0.0238037109375, 0.01104736328125, 0.019287109375, 0.0615234375, 0.020751953125, 0.058349609375, 0.0126953125, 0.013671875, -0.010498046875, -0.02294921875, -0.033203125, -0.001220703125, -0.0030517578125, 0.0167236328125, -0.03955078125, -0.0308837890625, -0.017578125, -0.022216796875, 0.01300048828125, -0.043701171875, 0.006591796875, -0.0390625, -0.01202392578125, -0.02880859375, 0.01324462890625, 0.0130615234375, -0.01300048828125, 0.00506591796875, -0.007110595703125, 0.0101318359375, -0.033447265625, 0.0020294189453125, -0.048828125, -0.0419921875, -0.04931640625, -0.01116943359375, 0.044189453125, -0.01287841796875, -0.0615234375, 0.020263671875, 0.0081787109375, -0.080078125, 0.0128173828125, 0.043701171875, -0.005828857421875, -0.009033203125, -0.04052734375, -0.0021209716796875, -0.000316619873046875, 0.01422119140625, 0.0052490234375, -0.0272216796875, 0.01226806640625, 0.061767578125, 0.04052734375, -0.0230712890625, -0.0014801025390625, -0.052001953125, 0.00836181640625, -0.007110595703125, 0.01904296875, -0.0303955078125, 0.033935546875, -0.05322265625, -0.00164794921875, 0.00958251953125, -0.0308837890625, -0.01385498046875, -0.0126953125, 0.0118408203125, -0.035400390625, -0.02880859375, -0.033935546875, -0.0322265625, -0.034912109375, 0.0120849609375, 0.015380859375, 0.06787109375, -0.0031585693359375, -0.018310546875, 0.023681640625, -0.0084228515625, -0.0033111572265625, 0.010009765625, -0.0103759765625, -0.0301513671875, 0.0101318359375, -0.0142822265625, 0.06591796875, -0.0303955078125, -0.0052490234375, 0.003814697265625, 0.0167236328125, 0.0012969970703125, 0.013427734375, -0.033203125, -0.0223388671875, -0.06591796875, 0.01458740234375, 0.001800537109375, -0.00933837890625, -0.00592041015625, -0.0118408203125, 0.054443359375, -0.0120849609375, 0.01904296875, 0.0079345703125, -0.02294921875, -0.01806640625, -0.0052490234375, -0.00262451171875, -0.045654296875, -0.000865936279296875, -0.01220703125, -0.048828125, 0.0228271484375, -0.034423828125, -0.0234375, -0.0177001953125, -0.0634765625, -0.0189208984375, 0.01251220703125, 0.0147705078125, 0.048828125, -0.03759765625, -0.03271484375, 0.048828125, 0.00689697265625, 0.064453125, 0.055908203125, 0.0244140625, -0.00396728515625, 0.010009765625, 0.02099609375, 0.01483154296875, 0.07958984375, 0.0595703125, 0.01165771484375, 0.01068115234375, -0.01507568359375, -0.04345703125, 0.004913330078125, 0.03173828125, 0.01458740234375, -0.0260009765625, 0.07568359375, -0.0301513671875, 0.017333984375, -0.039794921875, 0.00836181640625, -0.005584716796875, 