{"movie": "wwdc2025", "offset": 440, "text_offset": 440, "embedding": [-0.0361328125, 0.059326171875, 0.0087890625, 0.00885009765625, -0.03271484375, 0.030029296875, 0.005767822265625, -0.0118408203125, -0.01214599609375, -0.0152587890625, -0.0274658203125, 0.0224609375, 0.0172119140625, -0.0089111328125, 0.042724609375, 0.0107421875, 0.041015625, 0.0289306640625, 0.03955078125, -0.038818359375, -0.00799560546875, -0.047119140625, -0.00592041015625, -0.0281982421875, 0.01177978515625, -0.02685546875, 0.01239013671875, -0.01202392578125, -0.042724609375, -0.04345703125, -0.048095703125, -0.09228515625, 0.056396484375, 0.0118408203125, 0.00151824951171875, -0.023193359375, 0.029296875, 0.0498046875, -0.0400390625, -0.002838134765625, -0.051513671875, -0.0111083984375, 0.0025482177734375, -0.0038299560546875, -0.01531982421875, -0.005035400390625, -0.0238037109375, -0.0054931640625, 0.0118408203125, 0.0081787109375, -0.024169921875, 0.00592041015625, 0.04931640625, -0.0291748046875, -0.07470703125, 0.012451171875, -0.005279541015625, 0.041259765625, 0.0274658203125, -0.044921875, 0.003509521484375, 0.03369140625, -0.030029296875, 0.03369140625, -0.0189208984375, -0.04736328125, 0.015380859375, -0.0712890625, -0.0908203125, 0.002105712890625, 0.0286865234375, 0.01373291015625, -0.00494384765625, -0.0284423828125, -0.033203125, 0.037841796875, 0.052734375, -0.036376953125, -0.03564453125, 0.0010528564453125, 0.051513671875, 0.0159912109375, 0.00396728515625, -0.037109375, 0.0181884765625, -0.03173828125, 0.005401611328125, 0.0108642578125, -0.051025390625, 0.0018157958984375, -0.06494140625, 0.018310546875, -1.7881393432617188e-05, -0.033203125, -0.01409912109375, 0.0240478515625, -0.037353515625, -0.08447265625, -0.01055908203125, 0.080078125, -0.0203857421875, -0.0146484375, 0.012451171875, 0.0252685546875, -0.050537109375, -0.04345703125, -0.013671875, 0.0031890869140625, 0.033203125, 0.00921630859375, 0.0179443359375, -0.0771484375, -0.0439453125, -0.04638671875, 0.01214599609375, 0.09423828125, 0.0174560546875, -0.0255126953125, 0.0140380859375, 0.006317138671875, 0.0108642578125, 0.006195068359375, 0.016845703125, 0.006378173828125, -0.0026092529296875, 0.046142578125, 0.060546875, -0.0166015625, -0.01434326171875, 0.0230712890625, -0.0022735595703125, -0.0118408203125, 0.0390625, 0.017822265625, -0.0084228515625, -0.006011962890625, 0.04736328125, -0.0252685546875, -0.0439453125, -0.025146484375, 0.0064697265625, 0.0286865234375, -0.031494140625, 0.0625, -0.034912109375, -0.024658203125, 0.09765625, 0.01434326171875, -0.0257568359375, -0.0311279296875, -0.0302734375, -0.0224609375, -0.025390625, 0.03466796875, 0.06396484375, 0.033203125, -0.002960205078125, 0.0032806396484375, -0.037109375, -0.009765625, -0.005279541015625, -0.052001953125, -0.03125, -0.01025390625, -0.0286865234375, 0.0086669921875, -0.03466796875, -0.0135498046875, -0.00049591064453125, -0.0247802734375, -0.0067138671875, 0.022705078125, 0.018798828125, -0.001708984375, 0.0089111328125, 0.0096435546875, -0.0238037109375, 0.0025482177734375, 0.016357421875, -0.00811767578125, 0.018310546875, 0.0111083984375, 0.0201416015625, -0.0244140625, -0.00274658203125, -0.002899169921875, -0.016845703125, 0.022705078125, 0.029296875, -0.015625, -0.052490234375, 0.00885009765625, 0.05419921875, 0.028564453125, 0.0257568359375, 0.037109375, 0.027099609375, 0.0029754638671875, 0.0203857421875, 0.0322265625, -0.0002765655517578125, 0.046142578125, 0.0238037109375, 0.0235595703125, 0.005615234375, -0.0228271484375, -0.0054931640625, 0.018310546875, -0.013671875, -0.000537872314453125, -0.061279296875, 0.00090789794921875, -0.02685546875, -0.04736328125, 0.038818359375, -0.0498046875, 0.037841796875, -0.010986328125, -0.0126953125, 0.01483154296875, -0.0115966796875, 0.05078125, 0.035400390625, 0.0023040771484375, 0.0096435546875, 0.0260009765625, -0.0068359375, 0.052978515625, 0.076171875, -0.034423828125, 0.01611328125, 0.032470703125, -0.0262451171875, 0.0152587890625, -0.019775390625, 0.005950927734375, -0.005950927734375, -0.05908203125, -0.0537109375, 0.0400390625, -0.01275634765625, -0.06884765625, -0.01373291015625, 0.0859375, -0.0260009765625, -0.030517578125, -0.056884765625, 0.03857421875, 0.06298828125, 0.0166015625, -0.002227783203125, 0.006195068359375, -0.0018157958984375, -0.032470703125, -0.04833984375, -0.0244140625, -0.03857421875, -0.0228271484375, 0.00579833984375, -0.04296875, -0.0067138671875, -0.002349853515625, 0.038818359375, 0.0146484375, 0.0146484375, 0.005767822265625, -0.00335693359375, 0.0498046875, -0.0673828125, 0.019287109375, -0.037841796875, 0.01190185546875, -0.00909423828125, 0.0264892578125, 0.0224609375, 0.03369140625, -0.01104736328125, 0.00238037109375, 0.00799560546875, 0.010986328125, -0.044921875, -0.040771484375, -0.00164031982421875, 0.007781982421875, 0.0255126953125, -0.004364013671875, -0.01708984375, 0.0284423828125, 0.0242919921875, -0.015625, 0.0260009765625, 0.002227783203125, -0.009765625, -0.03564453125, -0.0289306640625, 0.0242919921875, 0.017578125, 0.0184326171875, -0.037841796875, -0.03515625, -0.0751953125, -0.00058746337890625, -0.02001953125, -0.0135498046875, -0.0220947265625, 0.00421142578125, 0.00152587890625, -0.0220947265625, -0.017333984375, 0.01263427734375, 0.0037078857421875, 0.01556396484375, 0.0311279296875, -0.01434326171875, -6.794929504394531e-06, -0.0166015625, -0.0517578125, -0.005279541015625, 0.0064697265625, 0.0230712890625, 0.006103515625, 0.04345703125, 0.013671875, 0.05810546875, 0.01434326171875, -0.022705078125, -0.055908203125, -0.04296875, -0.0191650390625, -0.022705078125, 0.007568359375, -0.0150146484375, -0.04833984375, 0.0224609375, -0.001708984375, 0.025146484375, -0.04931640625, 0.0186767578125, -0.02490234375, -0.0137939453125, -0.013916015625, -0.0546875, 0.013916015625, 0.04443359375, -0.00970458984375, -0.0107421875, 0.01434326171875, 0.03955078125, 0.01312255859375, 0.0159912109375, 0.0036163330078125, 0.00113677978515625, 0.04443359375, 0.013427734375, -0.05859375, 0.00167083740234375, -0.046142578125, -0.004425048828125, -0.017822265625, 0.0238037109375, 0.03515625, -0.01068115234375, 0.0419921875, 0.0162353515625, -0.01446533203125, 0.0086669921875, -0.0211181640625, -0.018798828125, -0.0244140625, 0.0142822265625, 0.03955078125, 0.0498046875, 0.0267333984375, 0.00830078125, -0.05615234375, -0.021484375, -0.0152587890625, 0.009765625, -0.048583984375, -0.0005645751953125, -0.052490234375, 0.0274658203125, -0.02197265625, 0.0306396484375, -0.0052490234375, 0.01007080078125, -0.036865234375, -0.00128936767578125, -0.0086669921875, -0.0625, -0.07080078125, 0.0194091796875, 0.0166015625, 0.0311279296875, -0.005767822265625, -0.05615234375, -0.00335693359375, -0.006561279296875, 0.0205078125, 0.042724609375, 0.01019287109375, -0.0213623046875, -0.033203125, 0.00084686279296875, -0.02978515625, 0.080078125, -0.0162353515625, -0.0673828125, 0.0014801025390625, -0.02490234375, -0.007720947265625, -0.05029296875, -0.03955078125, 0.0146484375, -0.0390625, 0.019287109375, -0.0038299560546875, 0.052490234375, -0.042236328125, 0.0556640625, 0.01953125, 0.038818359375, -0.01214599609375, 0.0205078125, 0.0556640625, -0.003082275390625, 0.01312255859375, -0.005035400390625, -0.01513671875, 0.021728515625, -0.0135498046875, -0.036865234375, -0.004791259765625, 0.01123046875, 0.0235595703125, 0.00811767578125, -0.02001953125, -0.0615234375, -0.01031494140625, 0.0289306640625, 0.00238037109375, -0.008544921875, -0.09228515625, -0.05859375, -0.01483154296875, 0.0281982421875, -0.0166015625, -0.00970458984375, 0.01409912109375, 0.00157928466796875, 0.03369140625, 0.057373046875, 0.023193359375, 0.024658203125, -0.041015625, 0.0400390625, -0.032470703125, -0.01611328125, -0.0419921875, 0.003997802734375, 0.00811767578125, 0.0162353515625, 0.013671875, -0.01446533203125, 0.040283203125, 0.0172119140625, 0.0400390625, 0.006103515625, -0.0206298828125, -0.042236328125, -0.0537109375, 0.03076171875, -0.0020751953125, 