{"movie": "wwdc2025", "offset": 438, "text_offset": 420, "embedding": [-0.00933837890625, -0.01611328125, 0.0791015625, 0.054931640625, -0.0634765625, -0.009521484375, 0.007049560546875, -0.0076904296875, 0.01513671875, 0.0191650390625, -0.006011962890625, 0.022705078125, 0.0096435546875, -0.0654296875, -0.057861328125, -0.025146484375, 0.0096435546875, 0.000125885009765625, -0.021728515625, -0.056884765625, -0.0022735595703125, -0.0595703125, -0.0087890625, -0.02001953125, 0.02490234375, -0.01806640625, -0.045166015625, -0.035400390625, -0.0419921875, -0.042724609375, -0.01239013671875, -0.05615234375, 0.02587890625, 0.005706787109375, 0.03125, -0.01507568359375, 0.00885009765625, 0.0205078125, -0.0269775390625, 0.0308837890625, -0.00025177001953125, 0.01177978515625, 0.00494384765625, 0.0211181640625, -0.032958984375, -0.03466796875, -0.042724609375, -0.0177001953125, 0.0023040771484375, 0.041015625, -0.000926971435546875, 0.038818359375, 0.01275634765625, -0.006195068359375, -0.01123046875, 0.044921875, -0.002716064453125, 0.0174560546875, -0.005706787109375, -0.0262451171875, 0.006591796875, -0.027099609375, -0.02001953125, 0.034912109375, -0.0269775390625, 0.037353515625, 0.031494140625, -0.044921875, -0.03076171875, -0.0166015625, -0.0252685546875, -0.01507568359375, -0.01239013671875, -0.03369140625, -0.03662109375, 0.034912109375, 0.0120849609375, -0.0252685546875, -0.01348876953125, -0.025390625, 0.003997802734375, 0.0693359375, 0.0194091796875, -0.0263671875, -0.01287841796875, -0.0228271484375, 0.037109375, -0.052001953125, -0.00933837890625, -0.0018157958984375, -0.008056640625, 0.052978515625, -0.0042724609375, -0.019775390625, -0.007659912109375, 0.01544189453125, -0.05810546875, -0.048828125, 0.0177001953125, -0.00011157989501953125, 0.029052734375, 0.027587890625, -0.0306396484375, -0.02099609375, -0.052001953125, -0.053955078125, -0.01287841796875, -0.0341796875, 0.013427734375, 0.050537109375, -0.000213623046875, -0.0224609375, -0.021484375, 0.01318359375, -0.019775390625, 0.061767578125, 0.0220947265625, -0.06005859375, 0.01007080078125, 0.034912109375, 0.0140380859375, 0.01202392578125, -0.0240478515625, -0.0150146484375, -0.01025390625, 0.03955078125, 0.08056640625, 0.01904296875, -0.0257568359375, 0.03857421875, 0.047607421875, 0.02001953125, 0.041015625, 0.06103515625, -0.041015625, -0.007720947265625, 0.03662109375, -0.0001373291015625, -0.01611328125, -0.043212890625, -0.0220947265625, 0.037109375, -0.00421142578125, 0.01611328125, -0.03466796875, -0.03759765625, 0.053955078125, 0.03466796875, 0.005950927734375, -0.057373046875, 0.015869140625, -0.0189208984375, -0.0390625, 0.018798828125, 0.032470703125, -0.010498046875, 0.00811767578125, -0.0079345703125, -0.031494140625, -0.0152587890625, 0.0233154296875, -0.041015625, -0.006744384765625, -0.045166015625, 0.07080078125, -0.0302734375, -0.040771484375, -0.041015625, 0.003448486328125, 0.0145263671875, 0.000640869140625, 0.016357421875, -0.027587890625, 0.04638671875, -0.035888671875, -0.046142578125, 0.0123291015625, -0.03955078125, 0.01336669921875, -0.010009765625, 0.005279541015625, 0.0296630859375, 0.06494140625, 0.00031280517578125, -0.01611328125, 0.006011962890625, -0.01422119140625, 0.0030517578125, 0.012451171875, 0.00384521484375, -0.0274658203125, -0.0004138946533203125, 0.0308837890625, -0.0012054443359375, 0.0152587890625, -0.0087890625, 0.018310546875, 0.0179443359375, 0.038818359375, 0.037109375, 0.051513671875, 0.048828125, -0.00811767578125, 0.06005859375, -0.01287841796875, -0.006378173828125, 0.0284423828125, 0.0211181640625, -0.0673828125, 0.00469970703125, -0.0390625, -0.005126953125, -0.0032958984375, -0.032958984375, 0.0224609375, -0.018310546875, 0.056884765625, 0.007171630859375, 0.0361328125, -0.007232666015625, -0.0002460479736328125, 0.01055908203125, 0.048583984375, 0.0025177001953125, -0.0179443359375, -0.03857421875, -0.002105712890625, 0.037841796875, 0.05810546875, -0.00726318359375, 0.042724609375, -0.007293701171875, -0.032958984375, 0.028076171875, 0.05615234375, 0.0179443359375, 0.046630859375, 0.04296875, -0.029052734375, 0.06298828125, 0.010009765625, -0.01953125, 0.003692626953125, 0.0208740234375, -0.052734375, -0.043212890625, -0.043212890625, 0.0203857421875, 0.059326171875, 0.0361328125, -0.036865234375, 0.040283203125, 0.0205078125, -0.0380859375, -0.0291748046875, 0.0203857421875, -0.030517578125, 0.0205078125, 0.0228271484375, 0.0033721923828125, 0.05712890625, 0.00225830078125, 0.0091552734375, -0.0185546875, 0.007720947265625, 0.00543212890625, 0.00543212890625, -0.00323486328125, -0.0341796875, 0.03759765625, 0.006103515625, 0.031982421875, -0.03857421875, 0.064453125, 0.02587890625, 0.006561279296875, -0.0301513671875, 0.006500244140625, -0.013427734375, 0.0208740234375, -0.0201416015625, -0.0014495849609375, -0.0030975341796875, -0.0235595703125, 0.06396484375, -0.016357421875, 0.00159454345703125, 0.0159912109375, -0.0244140625, -0.01165771484375, 0.0242919921875, -0.0284423828125, -0.00061798095703125, -0.0260009765625, -0.031494140625, 0.0703125, 0.002777099609375, -0.013916015625, -0.0322265625, -0.031982421875, -0.0537109375, -0.01611328125, 0.052734375, -0.0213623046875, -0.0211181640625, 0.0252685546875, 0.031494140625, -0.016845703125, 0.0206298828125, 0.0634765625, -0.0120849609375, -0.0257568359375, -0.00090789794921875, 0.00421142578125, -0.02734375, -0.008544921875, -0.0308837890625, -0.01239013671875, -0.03369140625, -0.02734375, 0.003143310546875, 0.0341796875, 0.045166015625, 0.024658203125, 0.023193359375, 0.004425048828125, -0.0034332275390625, -0.0341796875, -0.0439453125, -0.0615234375, 0.0263671875, -0.01123046875, -0.0166015625, 0.027099609375, -0.0625, 0.01263427734375, -0.0771484375, -0.01806640625, -0.019775390625, -0.019775390625, 0.023193359375, -0.0028228759765625, -0.01300048828125, -0.0238037109375, -0.036865234375, -0.041015625, -0.01275634765625, 0.0157470703125, 0.0145263671875, -0.03173828125, 0.032958984375, -0.024658203125, 0.0150146484375, 0.046142578125, -0.005828857421875, -0.01043701171875, -0.03759765625, 0.05859375, -0.0257568359375, -0.00970458984375, 0.00628662109375, 0.0225830078125, 0.0267333984375, -0.04345703125, -0.005340576171875, 0.0206298828125, -0.01531982421875, -0.03955078125, -0.03466796875, 0.032958984375, 0.09765625, 0.04931640625, -0.00482177734375, -0.00921630859375, -0.0177001953125, 0.01434326171875, 0.019775390625, 0.006439208984375, -0.045166015625, -0.032958984375, -0.07080078125, 0.042236328125, -0.0194091796875, -0.035888671875, 0.0002765655517578125, -0.0311279296875, 0.0025177001953125, -0.006744384765625, 0.005645751953125, -0.042236328125, -0.0296630859375, -0.0341796875, 0.056884765625, -0.02001953125, -0.017578125, -0.035400390625, -0.047119140625, -0.007293701171875, 0.013671875, 0.006622314453125, 0.01458740234375, -0.047607421875, -0.035400390625, -0.00421142578125, -0.03466796875, 0.068359375, -0.0498046875, 0.006500244140625, 0.0174560546875, 0.01318359375, -0.0194091796875, -0.009765625, -0.080078125, 0.016357421875, -0.01190185546875, 0.0098876953125, -0.01806640625, 0.04833984375, -0.005279541015625, 0.01904296875, -0.007720947265625, 0.0108642578125, -0.023193359375, 0.0281982421875, -0.01531982421875, 0.00714111328125, 0.0177001953125, -0.0162353515625, -0.0439453125, 0.021728515625, 0.00177764892578125, -0.047119140625, 0.0279541015625, -0.001953125, -0.021484375, 0.0184326171875, -0.046142578125, -0.00408935546875, -0.00885009765625, 0.00726318359375, 0.030029296875, -0.0211181640625, -0.051513671875, -0.01953125, -0.0135498046875, 0.076171875, 0.00130462646484375, 0.0311279296875, -0.02001953125, -0.027587890625, -0.052734375, 0.05078125, 0.06591796875, 0.0341796875, -0.0281982421875, 0.03271484375, -0.0267333984375, -0.0537109375, -0.03466796875, 0.007781982421875, 0.00726318359375, -0.006103515625, 0.028076171875, -0.06982421875, 0.0308837890625, 0.01239013671875, 0.029052734375, 0.01904296875, -0.0185546875, -0.0269775390625, 