{"movie": "wwdc2025", "offset": 180, "text_offset": 180, "embedding": [0.025146484375, -0.01544189453125, 0.0008392333984375, -0.04248046875, -0.0196533203125, -0.061767578125, 0.037353515625, -0.0517578125, -0.00099945068359375, -0.00180816650390625, 0.00982666015625, -0.021240234375, -0.0302734375, -0.03857421875, -0.050048828125, -0.032958984375, 0.00185394287109375, 0.0289306640625, 0.0172119140625, -0.0208740234375, -0.03271484375, -0.0308837890625, 0.017333984375, -0.061767578125, 0.0654296875, -0.01092529296875, -0.0242919921875, -0.044677734375, -0.0546875, 0.0361328125, 0.0213623046875, -0.049072265625, 0.0380859375, 0.022216796875, -0.03125, -0.0157470703125, 0.041015625, 0.0037994384765625, -0.009521484375, 0.06298828125, -0.0283203125, 0.000713348388671875, 0.0205078125, -0.004364013671875, -0.00921630859375, -0.00372314453125, -0.022705078125, -0.0118408203125, 0.03564453125, 0.03955078125, 0.0208740234375, 0.00555419921875, 0.003662109375, -0.0712890625, -0.0128173828125, -0.01519775390625, 0.039306640625, -0.0130615234375, 0.01104736328125, 0.0174560546875, 0.00168609619140625, -0.001708984375, -0.0228271484375, -0.06298828125, -0.0537109375, 0.0311279296875, 0.01953125, -0.00154876708984375, 0.015625, 0.022705078125, 0.013671875, -0.02001953125, -0.0020599365234375, -0.025634765625, -0.00408935546875, -0.0361328125, 0.036865234375, -0.0096435546875, -0.042724609375, 0.0240478515625, -0.003387451171875, 0.023193359375, -0.01531982421875, -0.036376953125, -0.000926971435546875, -0.045654296875, 0.037353515625, 0.0093994140625, -0.00145721435546875, -0.00531005859375, -0.00836181640625, 0.0130615234375, 0.0634765625, 0.01141357421875, -0.004180908203125, -0.004180908203125, -0.00347900390625, -0.0419921875, -0.0135498046875, 0.044189453125, -0.0123291015625, 0.02783203125, -0.033447265625, -0.0026092529296875, -0.08642578125, -0.0546875, 0.0400390625, 0.01422119140625, -0.0260009765625, -0.0159912109375, -0.03857421875, 0.004974365234375, 0.00848388671875, 0.03759765625, -0.049560546875, 0.059326171875, 0.06787109375, 0.0028533935546875, 0.042724609375, -0.01483154296875, 0.0012054443359375, -0.07275390625, 0.0283203125, -0.057861328125, 0.01031494140625, 0.03759765625, -0.020263671875, 0.0263671875, 0.00640869140625, 0.037353515625, -0.01953125, 0.00164794921875, 0.00592041015625, -0.01214599609375, -0.05322265625, 0.003387451171875, 0.07470703125, 0.0238037109375, -0.046142578125, -0.023193359375, 0.05419921875, 0.03955078125, -0.056884765625, -0.0012359619140625, -0.0172119140625, -0.0164794921875, 0.04638671875, -0.0301513671875, -0.0303955078125, 0.01165771484375, 0.056884765625, 0.004669189453125, -0.0223388671875, 0.10205078125, 0.0169677734375, 0.01953125, -0.024169921875, -0.003143310546875, -0.003143310546875, -0.03857421875, 0.02587890625, -0.0693359375, -0.0294189453125, 0.00518798828125, 0.0213623046875, 0.01129150390625, 0.00689697265625, -0.01446533203125, -0.049560546875, -0.003326416015625, -0.04541015625, 0.0263671875, 0.049072265625, -0.015625, 0.018798828125, -0.0208740234375, 0.003326416015625, 0.03955078125, 0.017333984375, 0.0159912109375, 0.0135498046875, 0.031982421875, -0.00494384765625, -0.0103759765625, 0.003509521484375, -0.017822265625, 0.0185546875, 0.0771484375, -0.08203125, 0.07177734375, -0.015380859375, -0.005340576171875, 0.01214599609375, -0.0673828125, 0.06640625, -0.0135498046875, -0.00081634521484375, 0.00518798828125, -0.0274658203125, 0.029296875, -0.0361328125, -0.0164794921875, -0.031494140625, 0.0537109375, -0.0113525390625, 0.00089263916015625, -0.004119873046875, 0.035400390625, 0.001800537109375, 0.029052734375, -0.029052734375, -0.0240478515625, -0.041748046875, -0.048095703125, 0.02978515625, -0.020263671875, 0.055908203125, 0.01483154296875, 0.007659912109375, -0.019775390625, -0.03857421875, 0.0157470703125, 0.0537109375, 0.006256103515625, -0.0693359375, 0.02001953125, 0.010009765625, -0.0184326171875, 0.04638671875, 0.04248046875, -0.01422119140625, 0.01416015625, -0.0001544952392578125, -0.00885009765625, 0.007415771484375, 0.0172119140625, -0.00927734375, 0.007110595703125, -0.060791015625, 0.0240478515625, 0.0125732421875, -0.048095703125, -0.03857421875, 0.0255126953125, 0.000499725341796875, -0.00823974609375, 0.025146484375, 0.019287109375, -0.029296875, 0.0301513671875, -0.005157470703125, -0.020751953125, 0.06640625, -0.061767578125, 0.0303955078125, 0.043212890625, -0.0115966796875, -0.00592041015625, 0.02587890625, -0.0208740234375, -0.03759765625, 0.020751953125, -0.01141357421875, -0.04248046875, 0.02880859375, 0.0205078125, -0.037109375, 0.001800537109375, -0.052978515625, 0.052734375, -0.0302734375, -0.00909423828125, 0.022705078125, 0.06689453125, 0.00024127960205078125, -0.060546875, -0.055908203125, 0.0196533203125, -0.0252685546875, 0.0146484375, -0.046142578125, 0.006622314453125, -0.025634765625, 0.03173828125, -0.00421142578125, 0.0230712890625, -0.0145263671875, -0.004608154296875, -0.005401611328125, -0.0218505859375, 0.0400390625, -0.05517578125, 0.004150390625, -0.02099609375, -0.0030364990234375, -0.042724609375, -0.00084686279296875, 0.052734375, -0.0166015625, -0.0145263671875, -0.041015625, 0.01043701171875, -0.0086669921875, 0.0130615234375, -0.00185394287109375, 0.05859375, 0.049560546875, 0.0380859375, 0.017333984375, 0.01513671875, 0.01092529296875, -0.031494140625, -0.0284423828125, 0.06640625, -0.04443359375, 0.036865234375, 0.01324462890625, -0.044189453125, -0.00125885009765625, 0.01092529296875, -0.017333984375, -0.0125732421875, -0.0028228759765625, 0.003204345703125, -0.033935546875, -0.0233154296875, -0.05419921875, 0.00213623046875, -0.0084228515625, -0.07421875, 0.05126953125, 0.0311279296875, 0.0089111328125, -0.0228271484375, -0.01470947265625, -0.009521484375, -0.031494140625, -0.005340576171875, 0.032958984375, 0.0113525390625, 0.01190185546875, -0.026611328125, 0.00677490234375, 0.007110595703125, -0.0240478515625, 0.0419921875, 0.0201416015625, 0.04345703125, 0.0390625, 0.0301513671875, -0.0072021484375, -0.0162353515625, 0.0181884765625, -0.0118408203125, -0.01007080078125, -0.05029296875, 0.0264892578125, -0.007781982421875, -0.055908203125, 0.00897216796875, 0.040771484375, -0.0125732421875, 0.00054168701171875, 0.034912109375, 0.034423828125, -0.02685546875, -0.03564453125, -0.00653076171875, -0.043212890625, -0.0086669921875, 0.04541015625, 0.01513671875, 0.001861572265625, 0.040283203125, -0.00927734375, -0.0167236328125, -0.0302734375, 0.0179443359375, -0.0223388671875, 0.00457763671875, -0.0245361328125, 0.006011962890625, -0.002105712890625, 0.020263671875, -0.025146484375, -0.031494140625, 0.016845703125, -0.0172119140625, -0.023193359375, -0.0625, 0.052001953125, 0.0419921875, -0.0031585693359375, -0.0517578125, 0.0164794921875, -0.06396484375, 0.006134033203125, 0.0517578125, -0.005950927734375, -0.0096435546875, -0.0096435546875, -0.0289306640625, -0.042724609375, 0.018310546875, -0.00848388671875, 0.025634765625, 0.00653076171875, 0.045166015625, 0.0245361328125, 0.020751953125, -0.056884765625, 0.0230712890625, -0.06494140625, -0.0269775390625, -0.023193359375, -0.04345703125, 0.015625, 0.03857421875, -0.046142578125, 0.0029754638671875, 0.07275390625, -0.0302734375, 0.0123291015625, -0.0390625, 0.05712890625, -0.031982421875, -0.02587890625, -0.0390625, -0.06689453125, 0.00897216796875, 0.047119140625, 0.0302734375, 0.0002899169921875, -0.0021514892578125, 0.01104736328125, 0.033447265625, -0.03466796875, 8.0108642578125e-05, -0.003448486328125, -0.005645751953125, 0.0380859375, -0.033935546875, -0.0908203125, -0.0169677734375, -0.0306396484375, 0.031494140625, -0.03271484375, 0.0118408203125, -0.052978515625, 0.040771484375, 0.0179443359375, -0.01275634765625, 0.0279541015625, 0.01708984375, -0.01422119140625, 0.013427734375, -0.01263427734375, -0.060302734375, -0.0306396484375, 0.01611328125, -0.033447265625, 0.0091552734375, 0.034912109375, -0.025146484375, 0.0169677734375, -0.022705078125, -0.0263671875, 