{"movie": "wwdc2025", "offset": 20, "text_offset": 20, "embedding": [0.03466796875, 0.0028533935546875, 0.05029296875, -0.0269775390625, -0.03369140625, -0.0361328125, 0.01019287109375, -0.0208740234375, 0.005767822265625, -0.00799560546875, -0.0035552978515625, -0.0009613037109375, -0.0125732421875, -0.052978515625, -0.0230712890625, -0.051513671875, -0.006744384765625, -0.007720947265625, 0.0142822265625, 0.004974365234375, 0.007781982421875, -0.0206298828125, 0.0157470703125, -0.045654296875, -0.006988525390625, -0.0177001953125, -0.06787109375, -0.00147247314453125, -0.00116729736328125, 0.0257568359375, -0.01544189453125, -0.055419921875, 0.07373046875, 0.021728515625, 0.000705718994140625, -0.0299072265625, -0.01409912109375, 0.040283203125, -0.03662109375, 0.017578125, -0.0252685546875, 0.0264892578125, -0.00152587890625, -0.0264892578125, -0.0009307861328125, -0.0177001953125, -0.006561279296875, -0.009765625, -0.0419921875, -0.0164794921875, -0.0299072265625, 0.00177764892578125, -0.003936767578125, -0.028076171875, -0.054443359375, -0.0189208984375, 0.02294921875, -0.00628662109375, 0.0267333984375, 0.03125, 0.0012969970703125, 0.03662109375, -0.00787353515625, -0.0166015625, -0.0262451171875, -0.015869140625, 0.00677490234375, -0.06787109375, -0.01446533203125, 0.00885009765625, -0.031494140625, 0.0086669921875, 0.061767578125, -0.05029296875, 0.0159912109375, 0.056396484375, 0.060791015625, -0.007354736328125, 0.038330078125, 0.003570556640625, 0.01031494140625, -0.0272216796875, 0.0306396484375, -0.029541015625, -0.017578125, -0.046630859375, 0.0130615234375, -0.03564453125, -0.017822265625, -0.0164794921875, -0.0252685546875, 0.04931640625, -0.0189208984375, -0.0096435546875, 0.0005340576171875, -0.0216064453125, 0.018310546875, -0.035400390625, 0.025634765625, 0.02294921875, 0.0203857421875, -0.01531982421875, -0.048828125, 0.0086669921875, -0.05126953125, -0.07275390625, -0.004058837890625, 0.0126953125, -0.017333984375, 0.00823974609375, -0.05419921875, -0.036865234375, -0.0038299560546875, 0.0299072265625, -0.06396484375, 0.0615234375, 0.0086669921875, 0.0036773681640625, 0.0279541015625, 0.0145263671875, -0.032470703125, -0.0198974609375, -0.006622314453125, -0.04931640625, -0.0302734375, 0.048828125, 0.039306640625, 0.00103759765625, -0.01312255859375, -0.0257568359375, 0.03662109375, -0.043212890625, -0.005035400390625, -0.01055908203125, -0.06787109375, -0.02197265625, 0.016845703125, 0.00482177734375, -0.0673828125, 0.0004329681396484375, 0.03564453125, 0.0252685546875, -0.03857421875, 0.0126953125, -0.0184326171875, 0.01446533203125, 0.0238037109375, 0.025634765625, -0.00689697265625, -0.02392578125, 0.000774383544921875, -0.0087890625, -0.0142822265625, 0.008544921875, 0.0208740234375, -0.01495361328125, 0.017822265625, 0.031982421875, -0.01611328125, -0.01153564453125, 0.01348876953125, 0.056884765625, -0.00897216796875, -0.05712890625, 0.1259765625, 0.0179443359375, -0.0157470703125, 0.0013275146484375, 0.00994873046875, 0.01495361328125, -0.05126953125, -0.0029144287109375, -0.009033203125, -0.00125885009765625, -0.012451171875, -0.0201416015625, -0.06494140625, -0.03076171875, 0.0234375, -0.025634765625, -0.0264892578125, 0.005096435546875, 0.044921875, -0.03564453125, -0.046630859375, 0.033447265625, -0.011474609375, 0.0419921875, 0.003753662109375, -0.00286865234375, -0.024658203125, 0.03955078125, 0.0028076171875, 0.0277099609375, 0.0693359375, -0.021728515625, -0.020751953125, -0.0159912109375, 0.05224609375, 0.05419921875, 0.0147705078125, 0.07470703125, -0.01953125, 0.0052490234375, -0.0125732421875, 0.0206298828125, -0.0125732421875, 0.04443359375, -0.05029296875, -0.0016937255859375, -0.03125, 0.01177978515625, -0.01141357421875, -0.0693359375, 0.0233154296875, -0.0267333984375, 0.0264892578125, -0.0179443359375, 0.0004444122314453125, 0.00933837890625, -0.01263427734375, -0.01220703125, -0.0037994384765625, 0.03466796875, 0.0059814453125, 0.0194091796875, 0.0186767578125, 0.058837890625, 0.051513671875, -0.00640869140625, 0.037841796875, -0.001922607421875, 0.03466796875, 0.0274658203125, 0.0361328125, 0.006561279296875, 0.047607421875, 0.0126953125, -0.033203125, 0.022216796875, 0.0257568359375, -0.058837890625, 0.033203125, -0.01129150390625, -0.03955078125, -0.0264892578125, -0.0128173828125, 0.0005340576171875, 0.0419921875, -0.01422119140625, -0.03662109375, 0.05126953125, -0.0284423828125, 0.0208740234375, -0.039794921875, 0.037841796875, -0.055419921875, -0.0125732421875, -0.01361083984375, 0.01214599609375, 0.0673828125, 0.040771484375, 0.01287841796875, -0.01361083984375, 0.031494140625, -0.00787353515625, -0.048828125, -0.0157470703125, -0.04443359375, -0.005615234375, 0.041259765625, 0.026611328125, -0.0194091796875, 0.0264892578125, -0.035400390625, -0.048095703125, -0.0235595703125, 0.03466796875, -0.0303955078125, 0.00177764892578125, -0.0194091796875, 0.01708984375, -0.001617431640625, -0.06005859375, 0.0269775390625, -0.000904083251953125, -0.00537109375, -0.0027618408203125, 0.009033203125, -0.0107421875, 0.0028533935546875, 0.0169677734375, -0.002777099609375, -0.009033203125, 0.0179443359375, 0.0196533203125, -0.0498046875, 0.000965118408203125, -0.05029296875, -0.00020694732666015625, -0.0458984375, 0.0196533203125, 0.0157470703125, 0.040283203125, 0.019287109375, 0.033935546875, 0.0126953125, -0.0034637451171875, 0.00180816650390625, -0.0189208984375, -0.017578125, -0.055419921875, -0.0361328125, -0.02392578125, -0.03125, 0.0419921875, -0.04443359375, -0.0244140625, 0.0277099609375, 0.0419921875, 0.0257568359375, 0.01544189453125, 0.040283203125, 0.006195068359375, -0.037353515625, 0.007720947265625, 0.007720947265625, 0.00131988525390625, -0.017333984375, -0.022216796875, 0.0208740234375, -0.0311279296875, -0.00640869140625, -0.00067138671875, -0.037353515625, 0.0106201171875, -0.0625, -0.0081787109375, 0.01123046875, 0.0220947265625, 0.05419921875, -0.046875, 0.000621795654296875, -0.037353515625, 0.0126953125, -0.0186767578125, 0.01422119140625, 0.0284423828125, -0.0162353515625, 0.01544189453125, -0.09375, -0.004913330078125, -0.02880859375, 0.05029296875, 0.040283203125, -0.0269775390625, 0.0478515625, 0.0277099609375, -0.05419921875, 0.0225830078125, 0.0145263671875, 0.00084686279296875, 0.0224609375, -0.04248046875, -0.01446533203125, 0.0145263671875, 0.01385498046875, -0.0341796875, -0.06787109375, 0.012939453125, 0.048828125, -0.0086669921875, 0.00531005859375, -0.00171661376953125, -0.0419921875, 0.01409912109375, 0.03125, 0.03369140625, 0.005035400390625, -0.0166015625, 0.00238037109375, 0.0458984375, 0.0028076171875, -0.007476806640625, 0.0281982421875, -0.0019683837890625, 0.0086669921875, 0.0242919921875, -0.01446533203125, -0.04443359375, 0.01708984375, -0.027099609375, -0.01019287109375, -0.035888671875, 0.02880859375, -0.044921875, -0.0225830078125, 0.051513671875, -0.005035400390625, 0.041748046875, 0.06298828125, -0.01239013671875, -0.04296875, -0.0262451171875, -0.05029296875, 0.01531982421875, -0.01080322265625, 0.038330078125, 0.0128173828125, 0.0078125, -0.048095703125, 0.0247802734375, 0.009033203125, -0.0303955078125, -0.0284423828125, 0.031982421875, -0.0181884765625, 0.0244140625, -0.006317138671875, 0.0091552734375, 0.02392578125, 0.040283203125, 0.004608154296875, 0.006683349609375, 0.015869140625, -0.0186767578125, 0.01165771484375, -0.0277099609375, -0.0693359375, 0.0306396484375, 0.0458984375, -0.0224609375, 0.019287109375, 0.002716064453125, 0.008544921875, 0.0272216796875, -0.03466796875, 0.018310546875, -0.0361328125, 0.0103759765625, 0.043212890625, -0.039306640625, -0.0262451171875, 0.0198974609375, 0.017578125, 0.060546875, 0.00732421875, -0.04248046875, -0.01904296875, 0.0137939453125, -0.0216064453125, -0.0201416015625, 0.0576171875, 0.0230712890625, 0.0478515625, 0.018310546875, -0.01129150390625, -0.0208740234375, -0.01104736328125, 0.0284423828125, -0.00537109375, 0.0181884765625, 0.05419921875, -0.01104736328125, 0.0281982421875, 