{"movie": "wwdc2025", "offset": 190, "text_offset": 180, "embedding": [0.0361328125, -0.0135498046875, 0.00811767578125, -0.012451171875, -0.04345703125, -0.0615234375, 0.0235595703125, -0.061767578125, 0.0133056640625, 0.01214599609375, 0.00457763671875, -0.0030670166015625, -0.031494140625, -0.029052734375, -0.048828125, -0.021240234375, 0.00390625, 0.0400390625, 0.02099609375, -0.00433349609375, -0.028076171875, -0.03564453125, 0.0235595703125, -0.056396484375, 0.054931640625, 0.01116943359375, -0.033203125, -0.04052734375, -0.04736328125, 0.0302734375, 0.0262451171875, -0.04736328125, 0.037841796875, 0.0294189453125, -0.0341796875, -0.00037384033203125, 0.023193359375, -0.0004405975341796875, -0.02001953125, 0.05810546875, -0.041748046875, -0.01177978515625, 0.0255126953125, 0.01385498046875, -0.03271484375, 0.0004482269287109375, -0.03271484375, -0.01177978515625, 0.042236328125, 0.05859375, 0.037353515625, 0.00384521484375, -0.01025390625, -0.068359375, 0.00063323974609375, -0.01214599609375, 0.038818359375, -0.0113525390625, 0.02001953125, 0.005401611328125, -0.0067138671875, -0.0035552978515625, -0.00567626953125, -0.045166015625, -0.051025390625, 0.04052734375, 0.0023956298828125, 0.00439453125, -0.0042724609375, 0.0189208984375, 0.01470947265625, -0.0255126953125, -0.002960205078125, -0.01025390625, 0.0004291534423828125, -0.0196533203125, 0.033447265625, -0.01220703125, -0.0341796875, 0.01361083984375, 0.0067138671875, 0.017333984375, 0.0028228759765625, -0.044677734375, -0.00982666015625, -0.03955078125, 0.038330078125, 0.0048828125, 0.00439453125, -0.0106201171875, -0.00567626953125, 0.0277099609375, 0.06689453125, 0.0118408203125, -0.012451171875, -0.0142822265625, -0.005584716796875, -0.060791015625, -0.00506591796875, 0.0498046875, -0.005340576171875, 0.017333984375, -0.04052734375, 0.0108642578125, -0.0869140625, -0.068359375, 0.043212890625, 0.01708984375, -0.01104736328125, 0.0003986358642578125, -0.051025390625, -0.0074462890625, 0.0023345947265625, 0.046142578125, -0.0615234375, 0.048583984375, 0.07275390625, 0.00164031982421875, 0.044677734375, -0.01104736328125, 0.00119781494140625, -0.06396484375, 0.0189208984375, -0.060791015625, 0.01544189453125, 0.03466796875, 0.0035552978515625, 0.0252685546875, -0.006195068359375, 0.0286865234375, -0.019775390625, -0.0089111328125, 0.033447265625, -0.00531005859375, -0.05517578125, 0.0220947265625, 0.05615234375, 0.0191650390625, -0.04443359375, 0.00115203857421875, 0.048583984375, 0.045166015625, -0.06005859375, 0.0098876953125, -0.0179443359375, -0.01708984375, 0.0595703125, -0.0400390625, -0.0478515625, 0.01116943359375, 0.03662109375, 0.017333984375, -0.01446533203125, 0.099609375, 0.01422119140625, 0.041015625, -0.030029296875, -0.00531005859375, -0.01116943359375, -0.041748046875, 0.033203125, -0.0498046875, -0.026123046875, 0.0081787109375, 0.038330078125, 0.006866455078125, -8.630752563476562e-05, 0.0038299560546875, -0.048583984375, 0.0081787109375, -0.052490234375, 0.0247802734375, 0.04052734375, -0.0014801025390625, 0.022216796875, -0.029052734375, 0.01129150390625, 0.056396484375, 0.003326416015625, -0.00081634521484375, 0.006072998046875, 0.0272216796875, -0.01202392578125, -0.017822265625, 0.00118255615234375, -0.00689697265625, 0.0223388671875, 0.0693359375, -0.06689453125, 0.0771484375, -0.00555419921875, 0.017578125, 0.00152587890625, -0.0400390625, 0.064453125, -0.03271484375, -0.0020904541015625, 0.01409912109375, -0.012451171875, 0.0213623046875, -0.0281982421875, 0.005767822265625, -0.022705078125, 0.035888671875, -0.0189208984375, -0.01531982421875, 0.01422119140625, 0.056396484375, -0.0181884765625, 0.0311279296875, -0.0279541015625, -0.0166015625, -0.051513671875, -0.054443359375, 0.02001953125, -0.0289306640625, 0.046142578125, -0.0064697265625, 0.00152587890625, -0.0311279296875, -0.04150390625, 0.023681640625, 0.037353515625, 0.0002346038818359375, -0.064453125, 0.0223388671875, -0.00099945068359375, -0.01153564453125, 0.04052734375, 0.039306640625, -0.015380859375, 0.017333984375, -0.01153564453125, -0.01385498046875, 0.00555419921875, 0.01806640625, 0.0032196044921875, 0.0244140625, -0.048583984375, 0.0230712890625, 0.00543212890625, -0.0615234375, -0.03125, 0.0306396484375, -0.007354736328125, -0.026611328125, 0.00153350830078125, 0.0218505859375, 0.00433349609375, 0.044677734375, -0.0308837890625, -0.006591796875, 0.059814453125, -0.06591796875, 0.007568359375, 0.048583984375, -0.0279541015625, -0.020751953125, 0.028076171875, -0.00445556640625, -0.037841796875, 0.0234375, 0.00106048583984375, -0.052734375, 0.010009765625, 0.01251220703125, -0.0115966796875, -0.0002841949462890625, -0.056884765625, 0.048828125, 0.005523681640625, -0.00130462646484375, 0.0096435546875, 0.072265625, 0.0169677734375, -0.062255859375, -0.055908203125, 0.01318359375, -0.005126953125, 0.03857421875, -0.0517578125, 0.01373291015625, -0.0167236328125, 0.01068115234375, 0.0189208984375, 0.0157470703125, -0.00141143798828125, 0.006103515625, 0.00433349609375, -0.0205078125, 0.05517578125, -0.0361328125, -0.00506591796875, -0.0067138671875, -0.0027923583984375, -0.0244140625, -0.007781982421875, 0.0341796875, -0.0145263671875, -0.046142578125, -0.0341796875, 0.0086669921875, 0.005523681640625, -0.0010833740234375, 0.012939453125, 0.07568359375, 0.055908203125, 0.037353515625, 0.0223388671875, 0.0263671875, 0.020751953125, -0.02001953125, -0.04150390625, 0.0615234375, -0.04736328125, 0.01153564453125, -0.01153564453125, -0.041015625, 0.00201416015625, 0.0230712890625, 0.01153564453125, -0.00494384765625, -0.003448486328125, 0.009033203125, -0.021728515625, -0.0213623046875, -0.060791015625, -0.0245361328125, -0.01202392578125, -0.078125, 0.04736328125, 0.0272216796875, 0.004058837890625, -0.023193359375, -0.01226806640625, -0.01409912109375, -0.027099609375, -0.0213623046875, 0.03125, 0.00836181640625, 0.012451171875, -0.0205078125, 0.0255126953125, 0.002960205078125, -0.031494140625, 0.046875, 0.012451171875, 0.02099609375, 0.0458984375, 0.037353515625, -0.00250244140625, -0.0162353515625, 0.031494140625, 0.00836181640625, -0.01470947265625, -0.07666015625, 0.0101318359375, 0.0076904296875, -0.0703125, 0.0244140625, 0.0361328125, -0.00933837890625, 0.00665283203125, 0.0081787109375, 0.036865234375, -0.03515625, -0.04052734375, -0.01214599609375, -0.051025390625, -0.0191650390625, 0.0498046875, 0.019287109375, 0.001251220703125, 0.0159912109375, -0.0252685546875, -0.01422119140625, -0.0255126953125, -0.0013580322265625, -0.0306396484375, -0.0089111328125, -0.033203125, 0.004852294921875, -0.02978515625, 0.03076171875, -0.026123046875, -0.03564453125, 0.006988525390625, -0.0034942626953125, -0.0213623046875, -0.06396484375, 0.04638671875, 0.0615234375, 0.0191650390625, -0.04052734375, 0.016845703125, -0.0732421875, 0.0166015625, 0.04443359375, 0.007720947265625, -0.01068115234375, -0.01275634765625, -0.00433349609375, -0.04345703125, 0.0031890869140625, -0.022216796875, 0.033203125, -0.01422119140625, 0.037353515625, 0.0184326171875, 0.017822265625, -0.0361328125, 0.00180816650390625, -0.06396484375, -0.0242919921875, -0.03662109375, -0.04443359375, 0.027099609375, 0.03466796875, -0.048583984375, 0.00714111328125, 0.0673828125, -0.027099609375, 0.01214599609375, -0.0113525390625, 0.05078125, -0.017578125, -0.0146484375, -0.046875, -0.0595703125, 0.0106201171875, 0.04150390625, 0.0230712890625, 0.0101318359375, -0.006439208984375, 0.0103759765625, 0.015625, -0.0498046875, 0.01556396484375, -0.0255126953125, -0.028564453125, 0.0419921875, -0.044677734375, -0.09033203125, -0.0101318359375, -0.043701171875, 0.0289306640625, -0.0067138671875, 0.0196533203125, -0.0289306640625, 0.05517578125, 0.01544189453125, -0.006927490234375, 0.03369140625, 0.02001953125, -0.02587890625, 0.0211181640625, -0.015380859375, -0.0634765625, -0.0263671875, 0.0299072265625, -0.033203125, 0.022216796875, 0.042236328125, -0.033447265625, 0.0067138671875, -0.0311279296875, -0.03271484375, 0.032470703125, 