{"movie": "wwdc2025", "offset": 30, "text_offset": 20, "embedding": [0.050537109375, 0.00982666015625, 0.04296875, 0.0223388671875, -0.0010223388671875, -0.0400390625, -0.007781982421875, 0.0078125, 0.01904296875, 0.03271484375, 0.007293701171875, 0.006256103515625, 0.042724609375, -0.046630859375, -0.050537109375, -0.0164794921875, 0.0216064453125, -0.00665283203125, -0.0281982421875, 0.007232666015625, 0.0230712890625, -0.01129150390625, -0.00026702880859375, -0.031494140625, 0.0036163330078125, -0.0174560546875, -0.0289306640625, -0.007049560546875, -0.01153564453125, -0.00897216796875, -0.0181884765625, -0.10986328125, 0.06005859375, 0.00921630859375, -0.012939453125, 0.000972747802734375, -0.008544921875, 0.043701171875, -0.041259765625, -0.007110595703125, 0.00341796875, -0.007232666015625, 0.0196533203125, -0.01031494140625, 0.0223388671875, -0.03515625, -0.039794921875, -0.0238037109375, -0.0022735595703125, 0.000949859619140625, -0.0026702880859375, -0.032470703125, -0.00762939453125, -0.0274658203125, -0.025390625, 0.0341796875, 0.039306640625, 0.040771484375, 0.05224609375, -0.010498046875, -0.01019287109375, 0.003662109375, -0.0439453125, -0.0162353515625, 0.01470947265625, 0.013671875, 0.047607421875, -0.0167236328125, -0.0189208984375, -0.012939453125, 0.0064697265625, 0.0289306640625, 0.04541015625, -0.0380859375, -0.0016326904296875, 0.01226806640625, 0.09814453125, -0.001708984375, 0.04931640625, 0.01251220703125, 0.0284423828125, -0.0126953125, 0.01470947265625, -0.0059814453125, -0.032470703125, -0.01507568359375, -0.006317138671875, 0.00012683868408203125, -0.003662109375, 0.0069580078125, -0.035400390625, 0.000522613525390625, -0.0157470703125, 0.004425048828125, 0.010986328125, -0.015869140625, -0.019287109375, 0.00823974609375, -0.01611328125, 0.0284423828125, 0.01409912109375, 0.00762939453125, -0.025390625, -0.01019287109375, -0.004486083984375, -0.0230712890625, 0.003814697265625, 0.0023040771484375, -0.00927734375, 0.0264892578125, -0.01483154296875, -0.01263427734375, -0.028076171875, 0.0289306640625, -0.06640625, 0.006134033203125, -0.013671875, -0.0194091796875, 0.01361083984375, 0.039306640625, -0.0341796875, -0.0238037109375, -0.00160980224609375, -0.0281982421875, 0.026611328125, 0.051025390625, 0.056396484375, 0.015380859375, -0.031494140625, 0.0419921875, -0.0203857421875, -0.016357421875, 0.00555419921875, 0.0291748046875, -0.08935546875, -0.01446533203125, 0.0126953125, -0.022216796875, -0.0693359375, -0.0252685546875, 0.042724609375, 0.000255584716796875, 0.003509521484375, 0.01373291015625, -0.0303955078125, -0.015869140625, 0.059326171875, 0.022705078125, 0.00010347366333007812, -0.01446533203125, -0.005157470703125, -0.0281982421875, -0.0186767578125, 0.037109375, 0.0576171875, 0.004669189453125, -0.01708984375, 0.02197265625, -0.00347900390625, -0.05224609375, 0.012939453125, -0.01055908203125, -0.01165771484375, -0.030029296875, 0.059326171875, 0.000858306884765625, -0.02197265625, 0.005615234375, -0.0235595703125, -0.003570556640625, 0.00958251953125, -0.00909423828125, -0.003326416015625, 0.0203857421875, -0.033447265625, -0.006378173828125, -0.056884765625, -0.034912109375, 0.0194091796875, -0.003997802734375, 0.032470703125, 0.0498046875, 0.00732421875, -0.0022125244140625, -0.05224609375, 0.01275634765625, 0.01373291015625, 0.0303955078125, -0.02001953125, -0.0277099609375, -0.0478515625, 0.0576171875, 0.0284423828125, -0.030517578125, 0.02978515625, -0.035888671875, -0.0206298828125, -0.0238037109375, 0.006134033203125, 0.0498046875, 0.03125, 0.0311279296875, -0.00750732421875, 0.007293701171875, -0.0025482177734375, 0.0264892578125, -0.036376953125, 0.00616455078125, -0.0537109375, 0.003814697265625, 0.015380859375, 0.00897216796875, -0.0113525390625, -0.04443359375, 0.047119140625, -0.08544921875, 0.0223388671875, 0.0213623046875, 0.03369140625, 0.0177001953125, -0.0018768310546875, -0.0166015625, 5.745887756347656e-05, 0.076171875, -0.036865234375, -0.005767822265625, 0.00144195556640625, 0.0235595703125, 0.08251953125, -0.0159912109375, 0.0230712890625, 0.001007080078125, 0.007293701171875, -0.0018768310546875, 0.01373291015625, 0.01031494140625, 0.046142578125, -0.00543212890625, -0.007598876953125, 0.0341796875, 0.0400390625, 0.006317138671875, -0.01275634765625, 0.0126953125, -0.01806640625, -0.01385498046875, 0.007110595703125, 0.013427734375, 0.01544189453125, 0.01031494140625, -0.037841796875, 0.00543212890625, -0.036865234375, 0.0194091796875, -0.044921875, 0.049072265625, -0.0257568359375, 0.0164794921875, -0.0233154296875, 0.0157470703125, 0.10302734375, -0.01092529296875, 0.0245361328125, 0.004486083984375, 0.040771484375, -0.022705078125, -0.035400390625, -0.032470703125, -0.047119140625, 0.01226806640625, 0.0634765625, 0.0123291015625, -0.0250244140625, 0.00872802734375, -0.04541015625, -0.0264892578125, -0.03662109375, 0.00124359130859375, -0.0703125, 0.0211181640625, -0.0174560546875, 0.03662109375, -0.0361328125, -0.02685546875, 0.02490234375, 0.004913330078125, -0.00714111328125, -0.006134033203125, 0.0203857421875, -0.028076171875, 0.0206298828125, -0.0255126953125, 0.0072021484375, -0.00110626220703125, 0.0225830078125, 0.017578125, -0.021728515625, 0.02392578125, -0.054443359375, -0.00021266937255859375, -0.060791015625, 0.034423828125, 0.01055908203125, -0.003082275390625, -0.01129150390625, 0.004180908203125, 0.00946044921875, 0.0216064453125, 0.039306640625, -0.02880859375, -0.01055908203125, -0.01226806640625, -0.0194091796875, 0.011474609375, -0.06884765625, 0.00110626220703125, -0.013427734375, -0.04443359375, 0.0341796875, 0.011962890625, -0.0064697265625, -0.0008087158203125, -0.00811767578125, 0.01263427734375, -0.015625, 0.0016326904296875, -0.01904296875, -0.0277099609375, -0.043701171875, -0.0595703125, 0.031982421875, -0.005615234375, 0.0074462890625, -0.0257568359375, -0.0167236328125, -0.0322265625, -0.0625, 0.0035247802734375, 0.019287109375, -0.0224609375, 0.0216064453125, 0.0341796875, 0.036865234375, -0.00408935546875, 0.009033203125, -0.00830078125, 0.017578125, 0.0296630859375, -0.01165771484375, -0.00823974609375, -0.036865234375, -0.0201416015625, -0.04296875, 0.039306640625, -0.005584716796875, -0.052978515625, 0.047607421875, 0.07373046875, -0.09375, 0.042236328125, -0.00982666015625, -0.034423828125, 0.0245361328125, 0.019287109375, -0.01904296875, 0.0107421875, -0.041259765625, -0.0169677734375, -0.039306640625, 0.028564453125, 0.07080078125, -0.0196533203125, 0.006622314453125, -0.0218505859375, -0.0595703125, -0.0400390625, 0.01263427734375, 0.037353515625, 0.00119781494140625, 0.0186767578125, -0.05224609375, 0.04541015625, -0.01373291015625, -0.043701171875, -0.005096435546875, 0.0150146484375, 0.0233154296875, -0.0123291015625, 0.0177001953125, -0.0186767578125, -0.07275390625, -0.037353515625, 0.013427734375, -0.028564453125, 0.0439453125, -0.0172119140625, -0.0308837890625, 0.00958251953125, 0.008544921875, 0.00921630859375, 0.018310546875, 0.02392578125, -0.026123046875, -0.052490234375, -0.039306640625, 0.02978515625, 0.0164794921875, -0.012939453125, 0.022705078125, 0.0023956298828125, -0.0311279296875, 0.016357421875, -0.005462646484375, -0.01171875, -0.055419921875, 0.00069427490234375, -0.01019287109375, 0.072265625, -0.0012054443359375, 0.02392578125, 0.0206298828125, 0.0308837890625, -0.008056640625, 0.0277099609375, 0.002166748046875, -0.007232666015625, 0.0169677734375, -0.00018405914306640625, -0.0673828125, -0.02197265625, 0.037109375, -0.025390625, -0.0269775390625, -0.02001953125, 0.02880859375, 0.0177001953125, -0.06640625, 0.0130615234375, -0.001556396484375, 0.01373291015625, 0.02587890625, -0.03564453125, -0.031494140625, 0.02978515625, 0.0096435546875, 0.0537109375, 0.026611328125, 0.01214599609375, -0.0185546875, 0.0089111328125, -0.033447265625, 0.01068115234375, 0.08935546875, 0.056396484375, 0.01483154296875, 0.04296875, -0.025390625, -0.03173828125, -0.040771484375, 0.039306640625, 0.00872802734375, 0.03271484375, 