{"movie": "wwdc2025", "offset": 328, "text_offset": 320, "embedding": [0.060791015625, -0.005523681640625, 0.0556640625, 0.0191650390625, -0.03564453125, 0.043701171875, -0.025390625, -0.00970458984375, -0.006683349609375, 0.0255126953125, -0.0177001953125, 0.01434326171875, 0.0096435546875, -0.01385498046875, 0.00131988525390625, -0.015869140625, 0.06787109375, -0.039794921875, -0.007720947265625, -0.005218505859375, -0.01123046875, -0.01361083984375, -0.0079345703125, -0.0203857421875, -0.0203857421875, -0.02099609375, 0.0032958984375, -0.0172119140625, -0.00396728515625, -0.0296630859375, 0.007476806640625, -0.0556640625, 0.06884765625, 0.00860595703125, 0.0306396484375, -0.0240478515625, 0.01239013671875, 0.050048828125, -0.037841796875, 0.01507568359375, -0.06298828125, -0.03955078125, 0.013427734375, -0.01483154296875, -0.06787109375, -0.0238037109375, -0.0272216796875, -0.02490234375, -0.01495361328125, 0.039306640625, 0.01324462890625, -0.01031494140625, -0.013916015625, -0.02197265625, -0.0096435546875, 0.0196533203125, 0.01324462890625, 0.037841796875, 0.0198974609375, 0.046875, -0.041259765625, 0.032958984375, -0.0068359375, 0.031494140625, -0.038818359375, -0.00799560546875, -0.02587890625, -0.0238037109375, -0.00799560546875, -0.0478515625, -0.006988525390625, 0.032958984375, 0.0206298828125, -0.009765625, -0.0034332275390625, -0.0068359375, 0.0203857421875, 0.01519775390625, 0.056640625, 0.00872802734375, 0.0400390625, 0.037353515625, 0.0233154296875, 0.0174560546875, -0.039794921875, -0.0033416748046875, -0.00732421875, -0.0458984375, -0.02783203125, -0.0322265625, -0.005889892578125, 0.06689453125, -0.0272216796875, -0.01190185546875, 0.0086669921875, -0.0281982421875, 0.0240478515625, -0.0625, -0.042236328125, 0.02001953125, 0.01513671875, -0.00897216796875, -0.058837890625, -0.00994873046875, -0.034912109375, -0.0556640625, 0.005340576171875, 0.01470947265625, -0.005340576171875, 0.0284423828125, -0.033935546875, -0.032958984375, -0.01153564453125, 0.052734375, -0.0439453125, -0.01092529296875, 0.0146484375, -0.006683349609375, 0.03955078125, 0.0179443359375, -0.0595703125, -0.0203857421875, 0.018310546875, -0.0089111328125, -0.0033111572265625, 0.01202392578125, 0.058349609375, 0.01300048828125, 0.007110595703125, 0.02685546875, 0.01275634765625, 0.0191650390625, 0.0225830078125, 0.059814453125, -0.05078125, -0.00836181640625, 0.0228271484375, -0.004913330078125, -0.001251220703125, -0.039794921875, 0.031982421875, -0.0020294189453125, -0.036865234375, 0.036376953125, -0.055419921875, 0.01470947265625, 0.037353515625, -0.0167236328125, -0.046630859375, -0.01318359375, -0.0216064453125, -0.0252685546875, -0.038818359375, 0.06787109375, 0.009033203125, 0.0291748046875, -0.01324462890625, -0.016357421875, -0.0595703125, -0.038818359375, 0.0164794921875, -0.01348876953125, 0.007537841796875, -0.036865234375, 0.053466796875, 0.0439453125, -0.038330078125, -0.032958984375, -0.049560546875, -0.018310546875, -0.035888671875, -0.01019287109375, -0.0169677734375, 0.0269775390625, -0.0296630859375, 0.0002498626708984375, 0.005767822265625, 0.01055908203125, -0.0223388671875, 0.013427734375, -0.01177978515625, 0.01129150390625, 0.07177734375, -0.0234375, 0.0027008056640625, -0.0038604736328125, 0.01513671875, 0.06494140625, 0.06396484375, -0.01092529296875, 0.006378173828125, 0.055419921875, 0.004150390625, -0.00933837890625, 0.0174560546875, 0.00921630859375, -0.01092529296875, -0.0032806396484375, 0.10107421875, 0.07568359375, 0.03955078125, 0.040771484375, 0.0028533935546875, 0.01019287109375, -0.0225830078125, -0.02294921875, -0.01336669921875, 0.034423828125, -0.040283203125, 0.036865234375, 0.0234375, 0.0230712890625, 0.0004863739013671875, -0.00787353515625, 0.000576019287109375, -0.019287109375, 0.0157470703125, 0.0263671875, 0.01007080078125, -0.0264892578125, 0.01055908203125, -0.037353515625, 0.02978515625, 0.0186767578125, 0.0230712890625, -0.0234375, 0.038818359375, 0.03515625, 0.0218505859375, -0.0306396484375, -0.01263427734375, 0.017822265625, -0.019775390625, 0.042236328125, 0.042236328125, 0.033447265625, -0.000644683837890625, 0.005157470703125, -0.0224609375, 0.056396484375, -0.012451171875, 0.011962890625, 0.0198974609375, 0.01007080078125, -0.0179443359375, -0.06494140625, -0.0267333984375, 0.0272216796875, 0.01177978515625, 0.07275390625, 0.042236328125, -0.00494384765625, 0.0234375, -0.0732421875, 0.01422119140625, 0.0184326171875, -0.00933837890625, -0.0059814453125, -0.02880859375, 0.017822265625, 0.040771484375, 0.0064697265625, -0.01434326171875, -0.044921875, 0.01513671875, 0.0174560546875, -0.037353515625, -0.0216064453125, -0.037841796875, 0.00994873046875, 0.03564453125, -0.00830078125, 0.00982666015625, 0.014892578125, -0.0252685546875, 0.0240478515625, -0.01458740234375, -0.0045166015625, -0.0022125244140625, 0.0169677734375, -0.018310546875, 0.0208740234375, 0.01153564453125, 0.004364013671875, 0.02783203125, 0.02197265625, 0.005706787109375, 0.0146484375, -0.017578125, -0.01055908203125, 0.046630859375, 0.0289306640625, -0.019775390625, 0.00439453125, -0.037841796875, -0.02001953125, 0.025390625, 0.0299072265625, -0.0234375, -0.06298828125, -0.042236328125, 0.029296875, -0.01275634765625, 0.00994873046875, 0.0179443359375, 0.031982421875, -0.01141357421875, 0.0091552734375, 0.0228271484375, -0.032470703125, 0.0191650390625, -0.0177001953125, 0.0019683837890625, -1.6808509826660156e-05, -0.0498046875, -0.00151824951171875, 0.01519775390625, -0.02587890625, 0.038330078125, -0.015869140625, -0.00836181640625, 0.017822265625, 0.0272216796875, 0.06787109375, 0.0027313232421875, -0.00225830078125, -0.02734375, -0.050537109375, -0.0228271484375, -0.02197265625, -0.0186767578125, -0.0238037109375, -0.034423828125, -0.0242919921875, -0.044921875, 0.01251220703125, -0.0439453125, -0.0179443359375, -0.006988525390625, 0.00482177734375, 0.0390625, -0.060546875, 0.043701171875, -0.0184326171875, 0.0035552978515625, -0.0184326171875, 0.0054931640625, -0.0067138671875, -0.0303955078125, 0.00811767578125, -0.049072265625, -0.03564453125, -0.0233154296875, 0.036376953125, 0.013916015625, -0.0107421875, 0.0201416015625, 0.01336669921875, -0.031494140625, 0.032958984375, 0.005401611328125, -0.048583984375, 0.06640625, -0.0186767578125, -0.0186767578125, 0.015380859375, -0.0162353515625, -0.03466796875, -0.037841796875, -0.0230712890625, 0.036376953125, 0.01226806640625, -0.033447265625, 0.000751495361328125, -0.033935546875, -0.003997802734375, -0.000621795654296875, -0.005218505859375, -0.01202392578125, 0.052001953125, -0.044189453125, 0.01318359375, -0.0146484375, -0.0240478515625, -0.0196533203125, -0.01043701171875, 0.0179443359375, -0.00396728515625, -0.0283203125, -0.036865234375, -0.032470703125, -0.0272216796875, 0.000751495361328125, -0.052978515625, 0.044677734375, 0.01123046875, -0.0263671875, 0.033935546875, 0.0025787353515625, 0.06787109375, 0.046630859375, 0.01239013671875, -0.06884765625, 0.009033203125, -0.0712890625, 0.080078125, -0.01483154296875, 0.01495361328125, 0.034912109375, 0.019287109375, -0.0419921875, -0.0245361328125, -0.01434326171875, -0.01263427734375, -0.0203857421875, -0.005157470703125, -0.013671875, 0.046630859375, -0.01953125, 0.015380859375, -0.004425048828125, -0.0146484375, -0.01373291015625, 0.0439453125, -0.018310546875, -0.0517578125, 0.02685546875, 0.01458740234375, -0.0306396484375, 0.005279541015625, 0.01239013671875, -0.004364013671875, -0.034423828125, -0.01129150390625, 0.0196533203125, 0.035400390625, -0.0242919921875, 0.041748046875, 0.04296875, 0.0361328125, 0.0162353515625, -0.0255126953125, -0.045654296875, 0.037841796875, 0.0263671875, 0.07177734375, -0.006439208984375, -0.041259765625, -0.00140380859375, 0.0247802734375, 0.0311279296875, -0.007049560546875, 0.051513671875, 0.0206298828125, -0.044189453125, -0.03466796875, 0.005462646484375, -0.032958984375, -0.01104736328125, 0.01385498046875, -0.039306640625, -0.00194549560546875, 0.06884765625, -0.0361328125, 