{"movie": "wwdc2025", "offset": 256, "text_offset": 240, "embedding": [0.022705078125, 0.0162353515625, 0.05126953125, 0.01190185546875, -0.012939453125, -0.01446533203125, 0.0311279296875, 0.00555419921875, 0.0255126953125, 0.00836181640625, 0.008544921875, -0.08349609375, -0.00860595703125, -0.0216064453125, -0.0120849609375, -0.0089111328125, 0.0036773681640625, 0.00787353515625, 0.001068115234375, -0.00185394287109375, -0.0198974609375, -0.02685546875, 0.03564453125, -0.042724609375, 0.05859375, -0.03173828125, -0.0712890625, -0.0052490234375, -0.00823974609375, 0.00347900390625, 0.004608154296875, -0.047119140625, 0.04150390625, 0.0301513671875, -0.027099609375, -0.0181884765625, 0.016357421875, 0.052978515625, -0.00927734375, 0.0380859375, 0.01953125, -0.0220947265625, -0.009765625, -0.03955078125, -0.01116943359375, 0.0037078857421875, -0.0390625, -0.01019287109375, -0.0025787353515625, 0.007415771484375, 0.005889892578125, -0.0030059814453125, 0.0233154296875, -0.031494140625, -0.0380859375, -0.0003871917724609375, -0.00154876708984375, 0.00787353515625, 0.048583984375, 0.03955078125, -0.007568359375, -0.025634765625, -0.053955078125, -0.0250244140625, -0.009521484375, -0.0306396484375, 0.0233154296875, -0.02783203125, 0.00872802734375, -0.0289306640625, -0.02587890625, 0.0419921875, 0.0247802734375, 0.00244140625, -0.0128173828125, -0.051025390625, 0.0206298828125, -0.00457763671875, 0.004364013671875, 0.06787109375, 0.045654296875, 0.0023651123046875, -0.0030975341796875, -0.0361328125, 0.01031494140625, -0.028076171875, 0.0169677734375, -0.04052734375, -0.01422119140625, 0.0076904296875, -0.0213623046875, 0.034912109375, -0.0172119140625, -0.00139617919921875, 0.0067138671875, 0.0003910064697265625, -0.002960205078125, -0.0390625, 0.0004444122314453125, 0.041259765625, 0.05810546875, -0.006744384765625, 0.015869140625, -0.02880859375, -0.047119140625, -0.07421875, 0.0072021484375, 0.0123291015625, -0.0216064453125, 0.031982421875, 0.0130615234375, -0.04541015625, -0.0113525390625, 0.0006103515625, -0.031982421875, 0.0157470703125, 0.0361328125, -0.042724609375, 0.05029296875, 0.068359375, -0.0216064453125, -0.01446533203125, -0.006195068359375, -0.0296630859375, -0.0017547607421875, -0.00579833984375, 0.01263427734375, 0.00543212890625, -0.0260009765625, 0.024169921875, -0.064453125, 0.0230712890625, -0.0025482177734375, 0.0299072265625, -0.072265625, -0.0020599365234375, -0.0026092529296875, 0.0208740234375, -0.0537109375, -0.0213623046875, 0.0306396484375, 0.044677734375, -0.0174560546875, -0.01275634765625, -0.03662109375, -0.01513671875, 0.00811767578125, 0.0145263671875, -0.08203125, 0.00090789794921875, -0.02099609375, -0.0283203125, 0.017333984375, 0.07568359375, 0.0238037109375, 0.0033721923828125, 0.01068115234375, 0.007232666015625, -0.01495361328125, -0.04443359375, 0.049560546875, -0.052001953125, 0.00848388671875, 0.012939453125, 0.033447265625, 0.00075531005859375, 0.04248046875, 0.0002002716064453125, 0.037841796875, -0.0201416015625, -0.0576171875, -0.01068115234375, 0.05615234375, 0.02685546875, 0.024658203125, 0.01904296875, -0.051025390625, 0.042724609375, 0.017822265625, 0.04833984375, 0.00811767578125, 0.009765625, 0.034423828125, 0.0208740234375, -0.005218505859375, -0.01324462890625, -0.002838134765625, 0.00921630859375, -0.03857421875, 0.049072265625, -0.043701171875, 0.042724609375, 0.0205078125, -0.0306396484375, 0.0220947265625, -0.0255126953125, 0.023193359375, 0.028076171875, 0.003265380859375, 0.060546875, -0.02880859375, 0.0213623046875, 0.0108642578125, 0.014404296875, -0.0264892578125, -0.0390625, 0.034423828125, 0.0164794921875, -0.0067138671875, -0.002166748046875, -0.0308837890625, 0.00457763671875, -0.01177978515625, -0.040283203125, -0.0028839111328125, -0.059814453125, 0.0654296875, -0.0047607421875, 0.014404296875, -0.0003452301025390625, -0.03955078125, -0.0299072265625, 0.056884765625, 0.0235595703125, 0.019287109375, -0.017578125, 0.01483154296875, 0.01513671875, 0.047607421875, 0.0299072265625, 0.0220947265625, 0.00860595703125, -0.07470703125, 0.002777099609375, 0.0274658203125, 0.04248046875, -0.0235595703125, 0.00994873046875, 0.002227783203125, 0.043701171875, -0.0072021484375, -0.0595703125, -0.04541015625, 0.0308837890625, -0.06298828125, -0.0400390625, -0.0113525390625, 0.00946044921875, 0.08154296875, 0.0181884765625, -0.05322265625, -0.00119781494140625, 0.0167236328125, -0.0308837890625, 6.818771362304688e-05, 0.052001953125, -0.0130615234375, 0.01031494140625, -0.0361328125, -0.041748046875, 0.00115203857421875, -0.000408172607421875, 0.00154876708984375, 0.0040283203125, 0.032958984375, -0.00836181640625, -0.00836181640625, 0.023681640625, -0.013916015625, 0.0089111328125, -0.034423828125, 0.005462646484375, -0.00830078125, 0.01092529296875, -0.0242919921875, -0.054931640625, -0.0299072265625, -0.000125885009765625, -0.00150299072265625, -0.0030364990234375, 0.005096435546875, -0.024658203125, 0.0031585693359375, 0.0108642578125, 0.02880859375, 0.037353515625, -0.0037841796875, 0.006866455078125, 0.01373291015625, -0.006866455078125, 0.048095703125, -0.022216796875, 0.0184326171875, 0.0302734375, -0.00051116943359375, 0.0019683837890625, 0.02978515625, -0.002838134765625, -0.0308837890625, -0.03564453125, -0.01116943359375, 0.01324462890625, -0.0098876953125, -0.0208740234375, -0.0299072265625, 0.045654296875, 0.036865234375, -0.00014972686767578125, -0.007720947265625, 0.01068115234375, 0.0142822265625, -0.059814453125, -0.017578125, 0.0023956298828125, -0.036376953125, 0.006072998046875, -0.017578125, -0.0225830078125, 0.061767578125, 0.0517578125, -0.03564453125, 0.043701171875, 0.00994873046875, 0.049560546875, -0.003997802734375, -0.0031890869140625, -0.02880859375, 0.01007080078125, -0.046630859375, -0.0220947265625, 0.00836181640625, -0.0240478515625, -0.00191497802734375, -0.0242919921875, -0.045654296875, 0.0019989013671875, 0.031494140625, 0.0023956298828125, 0.01513671875, 0.000637054443359375, -0.0284423828125, -0.0089111328125, 0.00130462646484375, 0.0003185272216796875, -0.032470703125, 0.0220947265625, 0.0011138916015625, 0.00482177734375, 0.022216796875, -0.01025390625, -0.021728515625, -0.0301513671875, -0.027587890625, 0.046630859375, 0.052978515625, 0.0037689208984375, 0.003936767578125, -0.000514984130859375, -0.0185546875, 0.0247802734375, 0.03515625, -0.02880859375, 0.047119140625, 0.00701904296875, 0.09130859375, -0.0026092529296875, 0.0284423828125, 0.01397705078125, -0.0206298828125, 0.0296630859375, -0.0035400390625, -0.01153564453125, -0.029296875, -0.005889892578125, -0.0230712890625, -0.01226806640625, 0.01708984375, 0.00933837890625, 0.00860595703125, 7.343292236328125e-05, -0.0595703125, 0.031494140625, -0.031494140625, 0.040283203125, -0.0206298828125, -0.057861328125, 0.02734375, -0.002105712890625, 0.00653076171875, -0.057861328125, -0.0380859375, -0.0174560546875, 0.0223388671875, 0.0201416015625, -0.022216796875, -0.0537109375, -0.000682830810546875, 0.05615234375, -0.01153564453125, 0.01953125, 0.01275634765625, 0.007080078125, -0.00138092041015625, 0.032470703125, -0.05615234375, 0.01007080078125, 0.00933837890625, 0.045654296875, 0.0284423828125, -0.0042724609375, -0.00244140625, 0.004791259765625, 0.00567626953125, -0.0091552734375, -0.07666015625, 0.0213623046875, -0.043701171875, 0.0269775390625, -0.004974365234375, -0.01239013671875, 0.0751953125, -0.0068359375, -0.006256103515625, 0.039794921875, -0.01348876953125, -0.0203857421875, 0.009765625, 0.0079345703125, -0.05517578125, -0.0133056640625, 0.07470703125, -0.0164794921875, 0.031494140625, 0.0093994140625, 0.0712890625, 0.06591796875, -0.052001953125, 0.000385284423828125, 0.0133056640625, 0.03564453125, 0.04638671875, -0.044189453125, -0.0400390625, 8.404254913330078e-06, -0.00054931640625, 0.04150390625, -0.0240478515625, 0.04638671875, -0.0101318359375, 0.0322265625, 0.00156402587890625, 0.017333984375, 0.09130859375, 0.0302734375, 0.018310546875, 0.024169921875, -0.00653076171875, 