{"movie": "wwdc2025", "offset": 508, "text_offset": 500, "embedding": [0.020751953125, 0.0244140625, 0.0257568359375, 0.01519775390625, -0.091796875, -0.015625, 0.01483154296875, -0.0023193359375, 0.0198974609375, -0.0264892578125, -0.00762939453125, 0.01300048828125, 0.00518798828125, -0.06689453125, -0.0208740234375, -0.02197265625, 0.013671875, -0.030029296875, -0.013671875, 0.0177001953125, -0.03759765625, -0.043212890625, 0.03662109375, -0.028564453125, 0.020751953125, -0.025146484375, -0.0732421875, -0.008544921875, -0.0118408203125, -0.016357421875, -0.046630859375, -0.06591796875, 0.06298828125, 0.005401611328125, 0.03857421875, 0.0081787109375, 0.0198974609375, 0.036376953125, -0.0296630859375, 0.048828125, 0.006683349609375, 0.01300048828125, 0.0245361328125, -0.00188446044921875, -0.0103759765625, 0.0179443359375, -0.01519775390625, -0.013671875, -0.0023651123046875, 0.0283203125, 0.015869140625, 0.0098876953125, 0.0032501220703125, -0.0703125, 0.005279541015625, 0.003265380859375, 0.00147247314453125, 0.052734375, 0.024169921875, -0.041748046875, 0.0252685546875, 0.03173828125, 0.049560546875, 0.0264892578125, -0.033935546875, 0.0260009765625, -0.0216064453125, -0.05908203125, 0.0022430419921875, -0.055419921875, -0.045654296875, 0.015625, 0.0439453125, -0.022216796875, 0.01324462890625, 0.0026397705078125, 0.08056640625, 0.00396728515625, 0.021484375, 0.0311279296875, 0.0140380859375, -0.0113525390625, 0.05224609375, 0.001373291015625, -0.00927734375, -0.030029296875, 0.01055908203125, -0.0004062652587890625, -0.03271484375, -0.00103759765625, -0.0244140625, 0.0322265625, 0.00592041015625, -0.0439453125, 0.01025390625, 0.033447265625, 0.00848388671875, -0.047119140625, 0.022216796875, 0.043212890625, 0.023193359375, 0.00701904296875, -0.01556396484375, -0.00341796875, -0.08203125, -0.0908203125, -0.006622314453125, -0.006134033203125, -0.03857421875, 0.0267333984375, 0.004150390625, -0.055419921875, -0.016357421875, 0.04638671875, -0.0016326904296875, 0.050537109375, 0.03515625, -0.001861572265625, 0.0264892578125, 0.01483154296875, -0.037109375, -0.0439453125, 0.010986328125, -0.0089111328125, 0.0213623046875, 0.076171875, 0.07275390625, 0.028076171875, -0.0198974609375, 0.0546875, 0.001556396484375, 0.0022430419921875, 0.004638671875, 0.0439453125, -0.08447265625, 0.033447265625, 0.0341796875, -0.01177978515625, 0.0033721923828125, 0.01287841796875, 0.017333984375, 0.050537109375, -0.0203857421875, 0.029541015625, 0.008544921875, -0.002410888671875, 0.0257568359375, -0.036376953125, -0.003570556640625, -0.0264892578125, 0.0264892578125, -0.045654296875, -0.060791015625, 0.0400390625, -0.00067138671875, 0.033935546875, 0.0189208984375, 0.0020904541015625, -0.017333984375, -0.037841796875, 0.005401611328125, -0.04541015625, 0.016845703125, -0.01336669921875, 0.057861328125, -0.005279541015625, -0.056884765625, 0.042236328125, 0.00860595703125, -0.031982421875, -0.0267333984375, 0.045654296875, -0.0198974609375, -0.01519775390625, 0.00457763671875, 0.0023193359375, -0.037841796875, -0.003143310546875, -0.017822265625, -0.03076171875, -0.0252685546875, 0.049072265625, 0.08544921875, -0.06298828125, -0.0167236328125, -0.010009765625, 0.0289306640625, 0.03857421875, 0.0125732421875, 0.00147247314453125, 0.00537109375, -0.00482177734375, 0.0269775390625, -0.0211181640625, 0.04736328125, -0.043212890625, -0.01068115234375, -0.01361083984375, 0.017822265625, 0.0625, 0.0257568359375, 0.05126953125, 0.0189208984375, 0.0002651214599609375, -0.01806640625, 0.05029296875, 0.01348876953125, 0.00189971923828125, -0.0625, 0.031494140625, 0.0185546875, -0.046630859375, -0.029296875, -0.0380859375, 0.057861328125, -0.0157470703125, 0.03466796875, 0.044921875, 0.01202392578125, -0.0189208984375, -0.04638671875, 0.006744384765625, -0.00177001953125, 0.025634765625, -0.01025390625, 0.010986328125, -0.006103515625, -0.011962890625, 0.047119140625, -0.03125, 0.00762939453125, 0.014404296875, -0.0576171875, 0.018310546875, 0.04443359375, 0.04345703125, 0.003662109375, 0.0015716552734375, -0.08251953125, 0.052978515625, 0.00162506103515625, -0.04443359375, 0.00579833984375, 0.030029296875, -0.01239013671875, -0.0654296875, -0.01611328125, -0.027587890625, 0.037109375, -0.01361083984375, -0.02734375, 0.00897216796875, 0.0654296875, -0.045654296875, -0.0498046875, -0.0120849609375, -0.00433349609375, -0.0125732421875, 0.0185546875, 0.000640869140625, 0.029541015625, -0.00762939453125, 0.025634765625, -0.058349609375, 0.01361083984375, -0.01220703125, -0.0244140625, 0.0245361328125, -0.0576171875, 0.00860595703125, 0.07275390625, 0.0257568359375, -0.008056640625, 0.07080078125, -0.01025390625, -0.00689697265625, -0.03369140625, 0.00799560546875, -0.0291748046875, -0.0086669921875, 0.0016021728515625, 0.013671875, 0.0084228515625, -0.0118408203125, 0.0019073486328125, -9.393692016601562e-05, 0.002777099609375, -0.048828125, -0.0272216796875, 0.00457763671875, 0.0004520416259765625, 0.006500244140625, -0.000843048095703125, -0.027587890625, -0.0201416015625, 0.03271484375, 0.0185546875, -0.0010223388671875, -0.0078125, -0.0546875, -0.03564453125, 0.0211181640625, 0.0244140625, 0.007415771484375, 0.0021820068359375, 0.051513671875, 0.006378173828125, 0.0036468505859375, -0.0047607421875, 0.02978515625, 0.0107421875, -0.0390625, 0.00439453125, 0.035888671875, -0.0478515625, 0.022705078125, 0.008056640625, 0.011962890625, 0.0439453125, -0.02734375, -0.013671875, -0.0263671875, 0.053955078125, 0.0341796875, 0.0634765625, -0.027587890625, 0.00927734375, -0.0712890625, -0.01385498046875, -0.0033721923828125, 0.0062255859375, -0.041748046875, 0.0032501220703125, 0.035888671875, -0.0257568359375, 0.0125732421875, -0.00194549560546875, 0.0012359619140625, 0.041015625, -0.00537109375, 0.01226806640625, 0.0162353515625, 0.007598876953125, 0.00958251953125, 0.006591796875, 0.03125, -0.0023651123046875, 0.03759765625, -0.006011962890625, 0.0086669921875, -0.034423828125, -0.018310546875, -0.00579833984375, 0.05517578125, 0.00592041015625, -0.032958984375, -0.006134033203125, 0.0211181640625, -0.064453125, 0.0211181640625, 0.00927734375, 0.002044677734375, 0.01904296875, -0.0128173828125, 0.02294921875, -0.00408935546875, 0.0390625, -0.008544921875, -0.0283203125, 0.01025390625, 0.05517578125, -0.00147247314453125, 0.051513671875, -0.01202392578125, -0.052978515625, -0.033447265625, -0.00537109375, 0.051513671875, -0.0159912109375, 0.0458984375, 0.00274658203125, 0.02685546875, -0.0283203125, -0.0269775390625, -0.0311279296875, 0.00225830078125, 0.0032196044921875, -0.0037994384765625, -0.028564453125, -0.0177001953125, -0.0004825592041015625, -0.017822265625, 0.009521484375, -0.017822265625, 0.068359375, -0.036376953125, -0.062255859375, 0.0576171875, 0.048095703125, -0.00628662109375, 0.03955078125, 0.00567626953125, -0.09619140625, -0.0159912109375, -0.0380859375, 0.054443359375, 0.01708984375, 0.025634765625, 0.0283203125, -0.00372314453125, -0.02978515625, 0.00010967254638671875, -0.02197265625, 0.0009918212890625, -0.0272216796875, 0.0201416015625, -0.007232666015625, 0.045654296875, 0.00168609619140625, 0.039306640625, 0.07958984375, 0.028076171875, 0.052978515625, -0.0074462890625, -0.020751953125, -0.0595703125, -0.0068359375, -0.0179443359375, -0.064453125, -0.04833984375, -0.006744384765625, -0.0245361328125, 0.01177978515625, -0.0341796875, 0.010986328125, -0.0036163330078125, -0.034912109375, -0.01556396484375, -0.0004177093505859375, -0.016357421875, 0.04345703125, -0.02001953125, -0.068359375, -0.017333984375, 0.04638671875, 0.0303955078125, -0.002410888671875, -0.0380859375, -0.0072021484375, 0.052978515625, -0.0260009765625, 0.0203857421875, 0.0771484375, 0.07421875, -0.03271484375, 0.0264892578125, -0.031494140625, -0.042724609375, -0.02490234375, 0.0005645751953125, 0.0012969970703125, 0.00982666015625, 0.047119140625, 0.0185546875, 0.0093994140625, -0.056640625, 0.00640869140625, -0.0091552734375, -0.0654296875, -0.041259765625, -0.0654296875, 