{"movie": "wwdc2025", "offset": 420, "text_offset": 420, "embedding": [-0.0169677734375, -0.0174560546875, 0.0732421875, 0.046630859375, -0.062255859375, -0.0184326171875, 0.005950927734375, -0.04443359375, 0.01422119140625, -0.01031494140625, 0.0015869140625, 0.0108642578125, 0.01507568359375, -0.0849609375, -0.0390625, -0.020263671875, -0.00335693359375, -0.0076904296875, -0.0361328125, -0.0498046875, 0.004669189453125, -0.0732421875, -0.0038604736328125, -0.03955078125, 0.0264892578125, -0.021484375, -0.0225830078125, -0.01031494140625, -0.0673828125, -0.0223388671875, -0.02685546875, -0.059326171875, 0.05078125, -0.0037384033203125, 0.00848388671875, -0.01611328125, 0.048828125, 0.0299072265625, -0.0228271484375, 0.059326171875, -0.0174560546875, 0.01275634765625, -4.696846008300781e-05, 0.0262451171875, -0.021728515625, -0.01953125, -0.03564453125, -0.041748046875, 0.00201416015625, 0.036865234375, -0.01611328125, 0.01019287109375, 0.004241943359375, -0.002685546875, -0.0145263671875, 0.0081787109375, 0.003692626953125, 0.01611328125, -0.00174713134765625, -0.01214599609375, 0.0113525390625, -0.0091552734375, -0.035400390625, 0.0189208984375, -0.000469207763671875, 0.00052642822265625, 0.04248046875, -0.060546875, -0.0400390625, -0.006072998046875, -0.0380859375, 0.01422119140625, 0.01300048828125, -0.01507568359375, -0.0260009765625, 0.019775390625, 0.0113525390625, -0.055908203125, 0.01611328125, -0.0089111328125, 0.01031494140625, 0.046630859375, 0.01806640625, -0.04296875, 0.00101470947265625, -0.0257568359375, 0.0166015625, -0.0751953125, -0.045654296875, 0.00885009765625, -0.018310546875, 0.03955078125, 0.0220947265625, -0.0277099609375, 0.00049591064453125, 0.00714111328125, -0.07666015625, -0.03955078125, 0.0133056640625, 0.00885009765625, 0.013671875, 0.026611328125, -0.015625, -0.01239013671875, -0.06396484375, -0.06787109375, -0.01336669921875, -0.0091552734375, 0.0206298828125, 0.01416015625, 0.036865234375, -0.0220947265625, -0.02001953125, 0.0032806396484375, -0.0205078125, 0.05908203125, -0.0107421875, -0.03564453125, -0.016845703125, 0.02685546875, 1.4960765838623047e-05, -0.010986328125, 0.00762939453125, -0.0281982421875, 0.00201416015625, 0.049560546875, 0.0869140625, -0.0029296875, -0.0020751953125, 0.06787109375, 0.05419921875, -0.0084228515625, 0.03564453125, 0.058349609375, -0.06494140625, -0.0012664794921875, 0.0203857421875, 0.009033203125, -0.058349609375, -0.038330078125, -0.06884765625, 0.04345703125, -0.026611328125, -0.002105712890625, -0.0145263671875, -0.056396484375, 0.04296875, 0.044677734375, 0.0247802734375, -0.04052734375, 0.009033203125, -0.034912109375, -0.0272216796875, -0.00177764892578125, 0.0079345703125, -0.0172119140625, 0.0240478515625, 0.010498046875, -0.0166015625, -0.0054931640625, 0.0439453125, -0.06884765625, -0.00714111328125, -0.0147705078125, 0.06005859375, 0.013671875, -0.016357421875, -0.031982421875, -0.002227783203125, 0.026123046875, -0.0011749267578125, 0.04248046875, -0.0145263671875, 0.0272216796875, -0.04541015625, -0.035400390625, -0.00445556640625, -0.0260009765625, 0.006805419921875, -0.042236328125, 0.007537841796875, 0.03857421875, 0.091796875, -0.0294189453125, -0.008056640625, 0.006927490234375, -0.0205078125, 0.00421142578125, 0.0030364990234375, 0.0242919921875, -0.03662109375, -0.0498046875, 0.02197265625, 0.025390625, 0.013916015625, -0.01531982421875, 0.00860595703125, 0.0026397705078125, 0.038330078125, 0.058349609375, 0.0380859375, 0.056396484375, -0.03759765625, 0.0322265625, 0.0277099609375, 0.039306640625, 0.017822265625, 0.0021514892578125, -0.062255859375, -0.0036468505859375, -0.0234375, 0.01495361328125, 0.01043701171875, -0.04248046875, 0.016357421875, -0.03564453125, 0.055908203125, 0.00138092041015625, 0.0712890625, 0.02099609375, -0.0059814453125, 0.015380859375, 0.03369140625, 0.0234375, -0.0284423828125, -0.0067138671875, -0.0030517578125, 0.049072265625, 0.039306640625, -0.013916015625, 0.06982421875, 0.0142822265625, -0.033203125, 0.034423828125, 0.04541015625, 0.02490234375, 0.04443359375, 0.006256103515625, -0.042236328125, 0.056884765625, 0.013427734375, -0.051513671875, 0.00958251953125, -0.0024566650390625, -0.051025390625, -0.0166015625, -0.0498046875, 0.029052734375, 0.044677734375, 0.0194091796875, -0.06298828125, 0.051513671875, 0.02294921875, -0.041748046875, -0.02490234375, 0.018798828125, -0.027099609375, 0.0177001953125, 0.025146484375, 0.0029144287109375, 0.0673828125, -0.05322265625, -0.0240478515625, -0.01141357421875, 0.022705078125, -0.01904296875, -0.020263671875, 0.00714111328125, -0.03076171875, 0.034912109375, 0.034423828125, 0.029052734375, -0.06005859375, 0.04345703125, -0.00445556640625, 0.01275634765625, -0.0238037109375, -0.00860595703125, -0.0174560546875, 0.0093994140625, -0.0101318359375, 0.004852294921875, 0.001983642578125, -0.01373291015625, 0.046875, -0.01251220703125, 0.002716064453125, 0.00244140625, -0.031982421875, -0.053466796875, 0.006561279296875, -0.026123046875, 0.0021820068359375, -0.01953125, -0.0228271484375, 0.07666015625, -0.0072021484375, -0.03369140625, -0.0301513671875, -0.025634765625, -0.04541015625, -0.02294921875, 0.052978515625, 0.01214599609375, -0.0107421875, 0.021484375, 0.05224609375, -0.00099945068359375, -0.007354736328125, 0.08203125, -0.0034942626953125, -0.031494140625, 0.00021266937255859375, -0.000530242919921875, -0.01446533203125, 0.0069580078125, -0.015869140625, -0.021728515625, -0.006011962890625, -0.0084228515625, -0.0234375, 0.013916015625, 0.044189453125, -0.00665283203125, 0.034912109375, 0.0174560546875, -0.0184326171875, -0.0135498046875, -0.01611328125, -0.06640625, 0.01385498046875, -0.0390625, -0.004364013671875, 0.034423828125, -0.059814453125, 0.036865234375, -0.04345703125, -0.0296630859375, 0.01031494140625, -0.005126953125, 0.0208740234375, 0.00063323974609375, 0.004302978515625, -0.00183868408203125, -0.055908203125, 0.0081787109375, -0.033203125, 0.021484375, 0.01470947265625, -0.017822265625, 0.0478515625, -0.01226806640625, 0.01531982421875, 0.04052734375, -0.01171875, -0.01373291015625, -0.0380859375, 0.05810546875, -0.013916015625, -0.03173828125, -0.007781982421875, 0.041259765625, -0.0003871917724609375, -0.031494140625, -0.0098876953125, 0.011474609375, -0.0220947265625, -0.008056640625, -0.026611328125, 0.031982421875, 0.1025390625, 0.025146484375, 0.028564453125, 0.000873565673828125, 0.003326416015625, 0.0002002716064453125, 0.0220947265625, 0.01397705078125, -0.04248046875, -0.0673828125, -0.0751953125, 0.048583984375, 0.0211181640625, -0.07763671875, -0.006011962890625, -0.02099609375, -0.00860595703125, -0.0185546875, -0.0311279296875, 0.00170135498046875, -0.043212890625, -0.058837890625, 0.036865234375, -0.0322265625, -0.0234375, -0.043212890625, -0.0654296875, 0.0128173828125, 0.021240234375, -0.004730224609375, 0.003173828125, -0.05810546875, -0.026611328125, -0.033203125, -0.031982421875, 0.0311279296875, -0.0177001953125, 0.0034027099609375, 0.006927490234375, 0.019775390625, -0.020263671875, 0.03271484375, -0.06640625, 0.0021514892578125, -0.006805419921875, 0.0250244140625, -0.0400390625, 0.06103515625, -0.0274658203125, 0.01611328125, 0.00946044921875, 0.02880859375, 0.0130615234375, 0.032470703125, -0.025390625, -0.00494384765625, 0.004150390625, -0.0272216796875, -0.046875, -0.00762939453125, -0.007781982421875, -0.0240478515625, 0.0272216796875, -0.0106201171875, -0.01300048828125, -0.00537109375, -0.01904296875, -0.00830078125, -0.016845703125, -0.01409912109375, 0.009521484375, -0.0240478515625, -0.041259765625, -0.00128936767578125, 0.00872802734375, 0.08349609375, -0.0260009765625, 0.0299072265625, -0.0311279296875, 0.0013885498046875, -0.0712890625, 0.0673828125, 0.03955078125, 0.017822265625, -0.0361328125, 0.0634765625, -0.042236328125, -0.032470703125, -0.038330078125, -0.006500244140625, 0.0113525390625, 0.0184326171875, 0.0240478515625, -0.026123046875, 0.046630859375, 0.002899169921875, 0.049560546875, 0.01300048828125, 