{"movie": "wwdc2025", "offset": 488, "text_offset": 480, "embedding": [0.015869140625, 0.03369140625, 0.01312255859375, 0.0157470703125, -0.03955078125, 0.0322265625, -0.002288818359375, -0.0107421875, 0.01953125, 0.048828125, 0.004669189453125, 0.03125, -7.82012939453125e-05, -0.050537109375, 0.035400390625, -0.03759765625, 0.00885009765625, -0.03271484375, -0.01190185546875, -0.040771484375, -0.006317138671875, -0.037109375, 0.0244140625, -0.042236328125, 0.05029296875, 0.00885009765625, -0.056884765625, -0.006683349609375, 0.0284423828125, -0.00714111328125, 0.00885009765625, -0.038330078125, -0.00787353515625, 0.0419921875, 0.041259765625, 0.029052734375, 0.018798828125, 0.053466796875, 0.025390625, 0.01220703125, -0.04541015625, -0.01904296875, 0.06298828125, -0.0927734375, 0.010009765625, -0.0281982421875, 0.0025787353515625, -0.0279541015625, 0.028564453125, 0.016357421875, 0.006500244140625, -0.0308837890625, 0.050537109375, -0.06396484375, -0.02734375, 0.01287841796875, 0.021728515625, -0.006317138671875, 0.040283203125, -0.0242919921875, 0.0260009765625, 0.007415771484375, 0.01031494140625, -0.00885009765625, -0.0093994140625, 0.00616455078125, 0.004119873046875, -0.01611328125, 0.012939453125, -0.0162353515625, -0.00555419921875, -0.010009765625, 0.05029296875, -0.03369140625, -0.032958984375, 0.031494140625, -0.013427734375, -0.06396484375, 0.00897216796875, 0.006103515625, -0.051513671875, 0.1005859375, -0.01300048828125, -0.0021209716796875, -0.05859375, -0.0213623046875, -0.004669189453125, -0.0169677734375, -0.0026092529296875, -0.0302734375, -0.022216796875, 0.0274658203125, -0.00164794921875, -0.05615234375, 0.0284423828125, -0.0025482177734375, -0.021728515625, 0.0230712890625, 0.0244140625, 0.00848388671875, 0.0159912109375, -0.003509521484375, -0.002471923828125, -0.0947265625, -0.047607421875, -0.04345703125, -0.032958984375, 0.0150146484375, -0.00238037109375, 0.0159912109375, -0.028564453125, 0.042236328125, 0.0140380859375, 0.0238037109375, -0.0108642578125, 0.0211181640625, 0.0517578125, 0.01287841796875, 0.038818359375, 0.0390625, -0.035400390625, -0.045166015625, 0.042724609375, -0.0546875, 0.0322265625, 0.0390625, 0.06396484375, 0.0111083984375, 0.0108642578125, 0.041015625, -0.0002231597900390625, 0.01080322265625, 0.035400390625, 0.00543212890625, -0.038818359375, -0.0093994140625, 0.06396484375, 0.0166015625, -0.0255126953125, 0.01025390625, 0.06396484375, 0.00726318359375, -0.04931640625, 0.0014801025390625, 0.01275634765625, -0.003662109375, 0.01446533203125, -0.016357421875, -0.052490234375, -0.01531982421875, -0.0177001953125, -0.01141357421875, -0.07666015625, 0.02587890625, -0.0169677734375, 0.05712890625, -0.00174713134765625, -0.000579833984375, -0.0003719329833984375, -0.015625, -0.0189208984375, -0.03662109375, 0.010986328125, -0.04443359375, 0.02197265625, -0.02587890625, 0.029052734375, 0.0191650390625, -0.0142822265625, -0.08203125, -0.01458740234375, 0.01220703125, -0.05029296875, 0.01318359375, 0.019287109375, -0.02587890625, -0.006988525390625, 0.0186767578125, -0.0225830078125, 0.02587890625, -0.0166015625, 0.048095703125, 0.03662109375, 0.006866455078125, -0.017333984375, 0.0026397705078125, 0.0181884765625, 0.016357421875, -0.00154876708984375, 0.023193359375, -0.035400390625, 0.02587890625, 0.00616455078125, -0.0166015625, 0.0341796875, -0.0115966796875, -0.006103515625, -0.0093994140625, 0.05615234375, 0.09521484375, 0.01214599609375, 0.03955078125, -0.04931640625, 0.0020294189453125, 0.0257568359375, 0.0203857421875, -0.040283203125, -0.0081787109375, -0.07177734375, 0.045166015625, -0.036865234375, 0.01513671875, 0.00616455078125, -0.00823974609375, 0.0213623046875, -0.04931640625, -0.03515625, 0.04443359375, 0.030029296875, 0.037353515625, 0.00089263916015625, -0.0186767578125, 0.07177734375, 0.032958984375, -0.00799560546875, 0.0230712890625, 0.0159912109375, -0.01190185546875, 0.00634765625, -0.0225830078125, 0.037353515625, 0.029296875, -0.0211181640625, 0.050537109375, 0.0296630859375, 0.02001953125, -0.0107421875, -0.00885009765625, -0.08154296875, -0.022705078125, 0.053466796875, -0.0216064453125, -0.07666015625, 0.0166015625, -0.04296875, 0.0034942626953125, 0.016845703125, 0.02783203125, 0.000843048095703125, -0.004058837890625, 0.0252685546875, -0.0279541015625, 0.022216796875, -0.0380859375, -0.0150146484375, 0.02197265625, -0.03369140625, -0.035888671875, -0.006378173828125, 0.02783203125, 0.036865234375, 0.0625, -0.0517578125, -0.03125, -0.01513671875, 0.010009765625, -0.04638671875, -0.000812530517578125, -0.0517578125, 0.0267333984375, 0.04931640625, -0.028564453125, -0.01068115234375, 0.038818359375, -0.06103515625, -0.0281982421875, -0.03759765625, -0.0264892578125, -0.0341796875, 0.038330078125, 0.004638671875, -0.042236328125, -0.03076171875, 0.0208740234375, 0.0732421875, 0.0042724609375, -0.016357421875, -0.005218505859375, -0.031982421875, -0.003662109375, 0.08349609375, 0.048095703125, -0.002838134765625, -0.0291748046875, 0.0189208984375, 0.001708984375, 0.0115966796875, -0.057861328125, -0.01263427734375, -0.035888671875, -0.036376953125, 0.040283203125, -0.05810546875, 0.045166015625, -0.008544921875, 0.03369140625, 0.00086212158203125, -0.038818359375, 0.032958984375, -0.030029296875, 0.00054168701171875, 0.010498046875, 0.045654296875, 0.02099609375, -0.062255859375, 0.014892578125, 0.0439453125, 0.008544921875, -0.035888671875, -0.06396484375, -0.0026397705078125, 0.01019287109375, 0.053466796875, -0.02783203125, 0.052001953125, -0.031982421875, -0.0380859375, -0.002899169921875, -0.0216064453125, -0.02197265625, 0.0205078125, -0.0169677734375, -0.0191650390625, 0.0013580322265625, -0.0184326171875, -0.0031890869140625, 0.00115966796875, -0.01177978515625, -0.04833984375, -0.00238037109375, -0.031982421875, 0.01031494140625, -0.032470703125, 0.0269775390625, -0.03857421875, 0.003387451171875, 0.038330078125, 0.07080078125, 0.0054931640625, 0.0189208984375, -0.003753662109375, -0.03662109375, -0.01275634765625, 0.024658203125, 0.03076171875, 0.0025634765625, 0.040283203125, -0.000942230224609375, -0.052490234375, 0.000553131103515625, -0.0026702880859375, 0.035888671875, -0.0157470703125, 0.0022125244140625, -0.000843048095703125, -0.03271484375, -0.037353515625, -0.00823974609375, -0.0225830078125, 0.0068359375, 0.051513671875, 0.028076171875, -0.01531982421875, -0.025390625, -0.01953125, -0.004180908203125, -0.02197265625, 0.04638671875, -0.010009765625, 0.00390625, -0.035888671875, -0.04345703125, -0.00191497802734375, -0.0185546875, -0.017333984375, 0.007568359375, -0.0263671875, -0.00616455078125, -0.045166015625, -0.0177001953125, -0.035400390625, -0.01220703125, -0.00152587890625, -0.005615234375, 0.0137939453125, -0.04638671875, -0.01458740234375, 0.0086669921875, 0.003997802734375, 0.012939453125, -0.0216064453125, -0.0005950927734375, -0.041015625, -0.00112152099609375, 0.0205078125, 0.0010833740234375, -0.0302734375, -0.0201416015625, -0.017333984375, 0.015380859375, -0.036865234375, 0.03662109375, 0.009765625, 0.0034942626953125, -0.00127410888671875, -0.00701904296875, -0.03369140625, 0.0419921875, -0.02197265625, 0.07421875, 0.02001953125, 0.03466796875, 0.015380859375, -0.0216064453125, 0.02587890625, -0.01904296875, 0.029296875, -0.0086669921875, -0.00823974609375, -0.00732421875, 0.031982421875, -0.0010833740234375, -0.0203857421875, -0.00830078125, -0.0169677734375, 0.0257568359375, -0.02197265625, 0.0067138671875, 0.03515625, -0.0400390625, 0.0289306640625, -0.03662109375, -0.029541015625, 0.004791259765625, 0.0164794921875, -0.0242919921875, 0.00628662109375, -0.0164794921875, 0.0164794921875, 0.03369140625, 0.0296630859375, -0.0211181640625, 0.00958251953125, 0.02001953125, 0.0159912109375, -0.00101470947265625, -0.06640625, -0.0390625, -0.05859375, 0.01373291015625, 0.0169677734375, 0.00093841552734375, 0.07177734375, 0.000972747802734375, 0.007049560546875, -0.052490234375, 0.02490234375, 0.05419921875, -0.06640625, -0.01190185546875, 