{"movie": "wwdc2025", "offset": 496, "text_offset": 480, "embedding": [0.016845703125, 0.0223388671875, 0.0234375, 0.0269775390625, -0.05712890625, 0.0257568359375, 0.0019989013671875, -0.01953125, 0.002716064453125, 0.0322265625, -0.0130615234375, 0.0089111328125, -0.008056640625, -0.046142578125, 0.0234375, -0.029052734375, 0.0035400390625, -0.034912109375, -0.008056640625, -0.032958984375, -0.0140380859375, -0.0250244140625, 0.029541015625, -0.0576171875, 0.049072265625, 0.0191650390625, -0.0703125, 0.001922607421875, 0.02490234375, -0.004241943359375, 0.016845703125, -0.039306640625, 0.01116943359375, 0.04150390625, 0.04833984375, 0.02587890625, 0.01611328125, 0.044677734375, 0.0498046875, 0.01361083984375, -0.044677734375, -0.0224609375, 0.07080078125, -0.0888671875, 0.004302978515625, -0.0233154296875, -0.006744384765625, -0.03369140625, 0.0111083984375, -0.002288818359375, 0.0052490234375, -0.047119140625, 0.039794921875, -0.049072265625, -0.036376953125, 0.0216064453125, 0.0164794921875, -0.00750732421875, 0.04833984375, -0.0224609375, 0.0093994140625, 0.018798828125, 0.0250244140625, 0.01348876953125, -0.004638671875, 0.004547119140625, -0.0040283203125, -0.0079345703125, 0.000179290771484375, -0.0218505859375, -0.01080322265625, -0.0181884765625, 0.0673828125, -0.06298828125, -0.03759765625, 0.03271484375, -0.0016632080078125, -0.056640625, 0.009033203125, 0.0235595703125, -0.060302734375, 0.09228515625, -0.0159912109375, 0.008056640625, -0.047119140625, -0.0230712890625, -0.0177001953125, -0.01123046875, 0.0191650390625, -0.03271484375, -0.022216796875, 0.0322265625, -0.01708984375, -0.049072265625, 0.007080078125, -0.01116943359375, 0.0054931640625, 0.0166015625, 0.034423828125, 0.00726318359375, -0.006927490234375, -0.0084228515625, -0.00335693359375, -0.0791015625, -0.05029296875, -0.0308837890625, -0.03662109375, 0.00848388671875, -0.00836181640625, 0.0045166015625, -0.03955078125, 0.031982421875, 0.020263671875, 0.0283203125, -0.0205078125, 0.025634765625, 0.053466796875, 0.0098876953125, 0.0169677734375, 0.0341796875, -0.03662109375, -0.041015625, 0.04443359375, -0.03662109375, 0.034912109375, 0.03173828125, 0.055419921875, 0.017578125, 0.00860595703125, 0.029052734375, 0.004180908203125, -0.00016498565673828125, 0.02978515625, 0.006103515625, -0.030517578125, -0.0027923583984375, 0.06298828125, 0.04345703125, -0.00958251953125, 0.0021820068359375, 0.060546875, 0.0235595703125, -0.0296630859375, 0.01226806640625, -4.649162292480469e-06, -0.0142822265625, -0.004974365234375, -0.00604248046875, -0.0595703125, -0.03173828125, -0.007080078125, -0.02392578125, -0.0693359375, 0.034423828125, -0.0311279296875, 0.060546875, 0.002105712890625, 0.0004024505615234375, 0.00970458984375, -0.018798828125, -0.01116943359375, -0.031494140625, 0.016357421875, -0.0458984375, 0.04052734375, -0.0216064453125, 0.00958251953125, 0.016845703125, -0.0230712890625, -0.08056640625, -0.01446533203125, -0.00124359130859375, -0.04541015625, 0.043701171875, 0.0087890625, -0.0235595703125, 0.00616455078125, 0.0233154296875, -0.0052490234375, 0.0218505859375, -0.0164794921875, 0.03759765625, 0.0556640625, 0.00872802734375, -0.02197265625, -0.0120849609375, 0.01165771484375, 0.018798828125, 0.00762939453125, 0.022216796875, -0.025634765625, 0.038330078125, 0.01318359375, 5.030632019042969e-05, 0.02001953125, -0.026611328125, 0.012451171875, -0.0103759765625, 0.058837890625, 0.09326171875, 0.0147705078125, 0.0081787109375, -0.0223388671875, 0.01385498046875, 0.01092529296875, 0.0206298828125, -0.0498046875, -0.004791259765625, -0.072265625, 0.049072265625, -0.050048828125, 0.0185546875, 0.00119781494140625, -0.029052734375, 0.0113525390625, -0.04931640625, -0.0322265625, 0.0341796875, 0.039306640625, 0.049072265625, -0.006591796875, -0.0057373046875, 0.078125, 0.0174560546875, -0.01458740234375, 0.00799560546875, 0.0294189453125, -0.013916015625, 0.0167236328125, -0.0302734375, 0.04345703125, 0.046630859375, -0.0003337860107421875, 0.05029296875, 0.0218505859375, 0.0341796875, -0.0108642578125, 0.0030517578125, -0.0849609375, -0.01904296875, 0.03662109375, -0.012939453125, -0.0595703125, 0.026123046875, -0.055908203125, -0.0255126953125, 0.0277099609375, 0.0308837890625, -0.01385498046875, -0.007080078125, 0.01397705078125, -0.0216064453125, 0.01556396484375, -0.047119140625, -0.0294189453125, 0.0262451171875, -0.039306640625, -0.03173828125, -0.006134033203125, 0.0284423828125, 0.0419921875, 0.06787109375, -0.047119140625, -0.0301513671875, -0.0230712890625, 0.0089111328125, -0.051025390625, 0.012939453125, -0.059326171875, 0.0291748046875, 0.044677734375, -0.01318359375, -0.030517578125, 0.033447265625, -0.050048828125, -0.03759765625, -0.048828125, -0.0211181640625, -0.0257568359375, 0.0341796875, -0.010498046875, -0.053955078125, -0.0257568359375, 0.004547119140625, 0.07177734375, 0.0185546875, -0.01251220703125, -0.034423828125, -0.046142578125, -0.0089111328125, 0.09521484375, 0.053955078125, 0.000667572021484375, -0.03564453125, 0.0030670166015625, 0.02099609375, 0.0185546875, -0.05908203125, -0.034912109375, -0.0294189453125, -0.0257568359375, 0.0308837890625, -0.04443359375, 0.050537109375, -0.004638671875, 0.033447265625, 0.0123291015625, -0.0380859375, 0.045654296875, -0.031982421875, 0.003997802734375, 0.0024566650390625, 0.05615234375, 0.007110595703125, -0.060302734375, 0.017578125, 0.056640625, -0.007415771484375, -0.0308837890625, -0.056640625, 0.017822265625, 0.0196533203125, 0.056640625, -0.0308837890625, 0.03271484375, -0.01544189453125, -0.0252685546875, -0.0185546875, -0.012939453125, -0.0267333984375, 0.0047607421875, -0.033447265625, -0.020263671875, -0.0037841796875, -0.03759765625, -0.0021209716796875, -0.016357421875, -0.011474609375, -0.04345703125, 0.00567626953125, -0.0272216796875, 0.0191650390625, -0.044921875, 0.029052734375, -0.0211181640625, 0.010498046875, 0.030029296875, 0.048828125, 0.00445556640625, 0.01287841796875, -0.0036468505859375, -0.050048828125, -0.016357421875, 0.0322265625, 0.048828125, 0.0098876953125, 0.045654296875, 0.004913330078125, -0.06103515625, 0.00927734375, -0.003570556640625, 0.020263671875, -0.0294189453125, 0.000904083251953125, 0.013916015625, -0.0250244140625, -0.035400390625, -0.02783203125, -0.0234375, 0.024658203125, 0.0311279296875, 0.01556396484375, -0.017822265625, -0.0235595703125, -0.02587890625, 0.01708984375, 0.01251220703125, 0.0322265625, -0.0233154296875, 0.00433349609375, -0.0419921875, -0.026611328125, 0.0007476806640625, -0.03466796875, -0.025634765625, 0.0098876953125, -0.01544189453125, 0.003509521484375, -0.04443359375, -0.0130615234375, -0.038330078125, -0.025146484375, 0.006988525390625, 0.003997802734375, -0.0091552734375, -0.050048828125, 0.0164794921875, -0.0003414154052734375, -0.00927734375, 0.0074462890625, -0.016357421875, 0.00225830078125, -0.037109375, 5.91278076171875e-05, 0.00970458984375, 0.005615234375, -0.03564453125, -0.006561279296875, -0.0272216796875, 0.0234375, -0.0284423828125, 0.043212890625, 0.0177001953125, 0.00347900390625, -0.00799560546875, -0.00201416015625, -0.016357421875, 0.03955078125, -0.0380859375, 0.062255859375, 0.0166015625, 0.017578125, 0.0023193359375, -0.0272216796875, 0.0164794921875, -0.005340576171875, 0.034912109375, -0.000453948974609375, -0.00136566162109375, -0.01544189453125, 0.022216796875, -0.00799560546875, -0.0147705078125, -0.016357421875, -0.00860595703125, 0.0322265625, -0.006103515625, -0.0108642578125, 0.0390625, -0.035888671875, 0.0458984375, -0.017333984375, -0.039794921875, -9.012222290039062e-05, 0.010009765625, 0.001312255859375, 0.01483154296875, -0.0081787109375, -0.002349853515625, 0.0390625, 0.051025390625, -0.010498046875, 0.029052734375, 0.0269775390625, 0.02001953125, -0.0177001953125, -0.0654296875, -0.0380859375, -0.055419921875, 0.0289306640625, 0.0296630859375, 0.00390625, 0.0615234375, 0.0108642578125, 0.0177001953125, -0.056884765625, 0.00494384765625, 0.0478515625, -0.056640625, -0.02294921875, 