{"movie": "wwdc2025", "offset": 416, "text_offset": 400, "embedding": [0.00095367431640625, -0.005615234375, 0.0615234375, 0.039306640625, -0.068359375, -0.03271484375, -0.01251220703125, -0.0181884765625, 0.0101318359375, 0.00982666015625, -0.0177001953125, -0.022705078125, -0.0040283203125, -0.0174560546875, 0.02392578125, 0.00933837890625, 0.03955078125, 0.04931640625, 0.0107421875, 0.0048828125, 0.0018463134765625, -0.056396484375, 0.0031890869140625, -0.0294189453125, 0.040283203125, -0.03662109375, -0.0380859375, -0.00830078125, -0.0272216796875, -0.0322265625, -0.01483154296875, -0.09716796875, 0.0517578125, -0.011962890625, 0.006927490234375, 0.0390625, 0.055419921875, 0.002593994140625, -0.019775390625, 0.0111083984375, -0.0035552978515625, 0.02197265625, 0.00836181640625, 0.0264892578125, -0.0115966796875, 0.01080322265625, -0.04833984375, -0.02783203125, 0.00897216796875, 0.004547119140625, -0.0064697265625, 0.06005859375, 0.015625, -0.0341796875, -0.023681640625, 0.0302734375, -0.012451171875, 0.00145721435546875, 0.0306396484375, 0.01409912109375, -0.0172119140625, 0.00433349609375, -0.00634765625, 0.029296875, -0.01324462890625, 0.0322265625, 0.04736328125, -0.0279541015625, -0.0208740234375, -0.00075531005859375, -0.0184326171875, -0.01470947265625, 0.01324462890625, -0.0198974609375, -0.0556640625, -0.064453125, 0.037109375, -0.0098876953125, 0.0213623046875, -0.0186767578125, 0.053466796875, 0.031494140625, 0.007720947265625, -0.00579833984375, 0.00098419189453125, 0.012451171875, 0.0042724609375, -0.0478515625, -0.025390625, -0.023193359375, -0.0220947265625, 0.040283203125, -0.015380859375, -0.0269775390625, 0.0038604736328125, 0.0238037109375, -0.060546875, -0.031494140625, 0.013916015625, 0.005035400390625, 0.015380859375, 0.04052734375, -0.0498046875, -0.01068115234375, -0.034912109375, -0.0986328125, -0.00506591796875, 0.0213623046875, 0.0103759765625, 0.02783203125, -0.005889892578125, -0.021240234375, -0.0235595703125, 0.011962890625, -0.02197265625, 0.0147705078125, -0.02099609375, -0.043212890625, 0.01953125, 0.029541015625, -0.00726318359375, -0.0238037109375, 0.038330078125, 0.01068115234375, 0.0220947265625, 0.00185394287109375, 0.059326171875, -0.01385498046875, -0.0203857421875, 0.05322265625, -0.01275634765625, 0.0079345703125, 0.0213623046875, 0.0213623046875, -0.0576171875, -0.0191650390625, 0.0458984375, 0.0159912109375, -0.03759765625, -0.00555419921875, -0.047119140625, 0.05126953125, -0.01397705078125, 0.0015411376953125, -0.047607421875, -0.0703125, 0.0296630859375, -0.0028076171875, -0.03173828125, -0.06884765625, -0.00927734375, -0.040283203125, -0.038330078125, 0.05224609375, 0.056884765625, -0.0242919921875, -0.053955078125, 0.006561279296875, -0.0004138946533203125, -0.0184326171875, 0.0625, -0.052001953125, -0.03515625, -0.01422119140625, 0.062255859375, 0.017578125, -0.01220703125, -0.0556640625, -0.0242919921875, -0.00147247314453125, -0.053466796875, 0.0015411376953125, 0.02783203125, 0.003936767578125, -0.029052734375, -0.056884765625, -0.0184326171875, -0.017822265625, 0.040283203125, -7.581710815429688e-05, -0.0030975341796875, 0.058837890625, 0.0103759765625, -0.0279541015625, -0.037109375, -0.0390625, 0.012939453125, 0.018798828125, -0.0052490234375, 0.07421875, 0.01513671875, -0.01611328125, 0.0281982421875, 0.0419921875, 0.02197265625, -0.036376953125, -0.0244140625, 0.04931640625, 0.01483154296875, 0.0478515625, -0.0157470703125, 0.03857421875, -0.038818359375, 0.0218505859375, 0.033935546875, -0.003692626953125, -0.0224609375, -0.0093994140625, -0.07177734375, 0.00921630859375, -0.0201416015625, 0.03466796875, -0.013916015625, -0.0751953125, 0.0191650390625, -0.07373046875, 0.04736328125, 0.03759765625, 0.029296875, -0.033203125, -0.0306396484375, 0.0322265625, 0.020263671875, 0.03564453125, 0.004180908203125, -0.0238037109375, -0.02197265625, 0.00787353515625, 0.05419921875, -0.0308837890625, -0.00433349609375, 0.01495361328125, -0.061279296875, -0.0201416015625, 0.0296630859375, 0.05126953125, -0.000518798828125, -0.005462646484375, 0.005340576171875, 0.04541015625, -0.0201416015625, -0.0103759765625, 0.0172119140625, 0.0264892578125, -0.064453125, -0.08056640625, -0.040283203125, -0.005340576171875, 0.0277099609375, 0.031494140625, -0.06591796875, 0.02490234375, -0.01263427734375, -0.019775390625, -0.0269775390625, -0.006317138671875, -0.03271484375, 0.01409912109375, 0.027099609375, -0.0020751953125, 0.06298828125, -0.03271484375, -0.0213623046875, -0.0194091796875, -0.00958251953125, -0.0361328125, -0.00138092041015625, -0.0101318359375, -0.033935546875, 0.055419921875, -0.04443359375, -0.002410888671875, -0.040283203125, 0.039794921875, -0.00555419921875, 0.0308837890625, -0.027587890625, -0.0031280517578125, -0.01312255859375, 0.02392578125, 0.03466796875, 0.00518798828125, -0.0002613067626953125, 0.00885009765625, 0.040771484375, -0.00347900390625, -0.0091552734375, 0.00109100341796875, 0.005157470703125, -0.0390625, 0.05908203125, -0.00946044921875, 0.012939453125, 0.0196533203125, -0.026123046875, 0.053466796875, 0.025634765625, -0.0272216796875, 0.004364013671875, -0.034912109375, -0.0225830078125, 0.0115966796875, 0.01123046875, -0.00958251953125, 0.02197265625, 0.029296875, 0.087890625, -0.01556396484375, 0.00799560546875, 0.0216064453125, 0.036865234375, -0.041259765625, 0.0037078857421875, 0.01123046875, -0.0054931640625, 0.013671875, 0.00077056884765625, -0.00860595703125, 0.041259765625, 0.0166015625, -0.01422119140625, -0.022216796875, 0.04833984375, 0.03173828125, 0.01507568359375, 0.00732421875, -0.0296630859375, -0.01019287109375, -0.00177764892578125, -0.049560546875, 0.02880859375, -0.0181884765625, -0.02783203125, 0.0201416015625, -0.07275390625, 0.0296630859375, 0.000835418701171875, 0.0244140625, -0.05224609375, -0.04248046875, 0.023681640625, 0.01385498046875, -0.001190185546875, -0.0031280517578125, -0.007720947265625, 0.0262451171875, -0.032958984375, 0.029541015625, -0.000957489013671875, -0.026611328125, -0.0126953125, -0.022705078125, -0.0096435546875, 0.0439453125, 0.007415771484375, -0.0244140625, -0.0018768310546875, 0.03955078125, -0.0252685546875, 0.003936767578125, -0.0103759765625, 0.017822265625, 0.00933837890625, -0.005950927734375, 0.03955078125, 0.00994873046875, -0.019775390625, -0.03955078125, -0.053955078125, 0.09033203125, 0.042724609375, 0.0113525390625, 0.025634765625, -0.0478515625, -0.005950927734375, -0.01336669921875, 0.01904296875, 0.03662109375, -0.016357421875, -0.0011138916015625, -0.0478515625, 0.056884765625, 0.01544189453125, -0.00726318359375, 0.016845703125, 0.005462646484375, 0.0014495849609375, 0.008056640625, 0.01531982421875, -0.013916015625, -0.0064697265625, -0.04541015625, 0.05078125, 0.021240234375, -0.03271484375, -0.0029754638671875, -0.0306396484375, 0.03271484375, -0.0281982421875, 0.0289306640625, -0.0038604736328125, 0.005340576171875, 0.001190185546875, -0.02587890625, -0.042724609375, 0.0003414154052734375, 0.0269775390625, -0.00689697265625, 0.020263671875, 0.029052734375, 0.00848388671875, 0.0014801025390625, -0.0311279296875, 0.02392578125, -0.003753662109375, 0.02392578125, 0.0054931640625, 0.0693359375, -0.0152587890625, 0.00084686279296875, 0.0341796875, 0.011962890625, 0.021484375, 0.06640625, -0.0262451171875, 0.01104736328125, 0.023193359375, -0.00634765625, -0.0289306640625, 0.01177978515625, -0.010498046875, -0.038818359375, 0.03173828125, 0.00555419921875, 0.04443359375, 0.01092529296875, -0.05810546875, 0.0174560546875, -0.04150390625, -0.0113525390625, 0.033935546875, -0.0167236328125, -0.052001953125, 0.0264892578125, -0.02587890625, 0.10498046875, -0.046630859375, 0.011474609375, -0.0247802734375, 0.0224609375, -0.008544921875, 0.035400390625, 0.061279296875, 0.0004634857177734375, -0.008056640625, 0.0213623046875, -0.00860595703125, 0.00909423828125, -0.0299072265625, -0.03369140625, -0.0157470703125, 0.01513671875, 0.03271484375, 0.007080078125, 0.0322265625, -0.01239013671875, 0.0439453125, 