{"movie": "wwdc2025", "offset": 480, "text_offset": 480, "embedding": [0.00921630859375, 0.0380859375, 0.0361328125, 0.041015625, -0.06298828125, 0.013671875, 0.0024871826171875, -0.01031494140625, 0.0017547607421875, 0.0269775390625, -0.00433349609375, 0.0245361328125, 0.01171875, -0.043701171875, 0.019775390625, -0.0361328125, 0.003021240234375, -0.02490234375, -0.0067138671875, -0.047607421875, -0.022705078125, -0.033447265625, 0.0264892578125, -0.052978515625, 0.04248046875, 0.017822265625, -0.07275390625, -0.0286865234375, 0.0250244140625, 0.002349853515625, 0.02490234375, -0.0234375, 0.01092529296875, 0.040283203125, 0.039306640625, 0.030517578125, 0.0034332275390625, 0.030029296875, 0.0458984375, 0.0322265625, -0.05224609375, -0.01373291015625, 0.0546875, -0.08544921875, 0.006500244140625, -0.01318359375, -0.0189208984375, -0.045166015625, 0.001190185546875, 0.00750732421875, 0.02001953125, -0.036376953125, 0.0341796875, -0.054931640625, -0.027587890625, 0.0233154296875, 0.013671875, 0.00038909912109375, 0.031982421875, -0.0147705078125, 0.0196533203125, 0.003814697265625, 0.015625, 0.00738525390625, 0.0089111328125, 0.0027618408203125, -0.009521484375, -0.01409912109375, 0.01031494140625, -0.0279541015625, 2.6226043701171875e-05, -0.0022430419921875, 0.060302734375, -0.03466796875, -0.047607421875, 0.028076171875, 0.011474609375, -0.06103515625, 0.003997802734375, 0.01275634765625, -0.03466796875, 0.09130859375, -0.00933837890625, 0.00396728515625, -0.05615234375, -0.01806640625, 0.0035552978515625, -0.0098876953125, 0.013427734375, -0.039794921875, -0.019775390625, 0.036865234375, -0.000690460205078125, -0.04638671875, 0.01708984375, -0.00555419921875, -0.0040283203125, 0.01190185546875, 0.0111083984375, 0.0140380859375, 0.0145263671875, -0.00445556640625, -0.011962890625, -0.07763671875, -0.046630859375, -0.036865234375, -0.0274658203125, 0.0159912109375, -0.00897216796875, 0.0189208984375, -0.03076171875, 0.027099609375, 0.0296630859375, 0.034423828125, -0.017578125, 0.022216796875, 0.046875, 0.01300048828125, 0.017333984375, 0.046630859375, -0.03857421875, -0.036865234375, 0.03955078125, -0.04443359375, 0.02490234375, 0.025390625, 0.056396484375, 0.031494140625, 0.0186767578125, 0.04248046875, 0.0002956390380859375, 0.01092529296875, 0.031494140625, 0.00909423828125, -0.03857421875, 0.00445556640625, 0.04541015625, 0.03515625, -0.00982666015625, -0.01031494140625, 0.043212890625, 0.0301513671875, -0.0277099609375, 0.013427734375, -0.00128936767578125, -0.00213623046875, 0.01025390625, -0.0244140625, -0.0517578125, -0.024169921875, 0.00933837890625, -0.021728515625, -0.064453125, 0.030517578125, -0.05224609375, 0.054931640625, -0.003692626953125, 0.004150390625, 0.00482177734375, -0.021240234375, -0.000728607177734375, -0.042236328125, 0.00439453125, -0.0517578125, 0.035888671875, -0.034423828125, 0.0341796875, 0.0234375, -0.015625, -0.0849609375, -0.0162353515625, 0.01031494140625, -0.052001953125, 0.05078125, 0.00042724609375, -0.0390625, 0.0064697265625, 0.015380859375, -0.002593994140625, 0.036865234375, -0.00909423828125, 0.039306640625, 0.040283203125, 0.0186767578125, -0.01068115234375, 0.0021820068359375, 0.00014591217041015625, 0.033935546875, -0.0012054443359375, 0.038818359375, -0.022705078125, 0.03173828125, 0.0250244140625, 0.005523681640625, 0.0184326171875, -0.02490234375, 0.029541015625, -0.0189208984375, 0.048583984375, 0.08544921875, -0.0029144287109375, 0.0152587890625, -0.01708984375, 0.0206298828125, 0.0159912109375, 0.021240234375, -0.03515625, 0.007171630859375, -0.041259765625, 0.030029296875, -0.054931640625, 0.031494140625, -0.0084228515625, -0.0184326171875, 0.00159454345703125, -0.049560546875, -0.0252685546875, 0.028076171875, 0.044189453125, 0.059326171875, 0.00579833984375, -0.02099609375, 0.07177734375, 0.0028533935546875, -0.01458740234375, -0.01055908203125, 0.0279541015625, -0.0111083984375, 0.00897216796875, -0.0162353515625, 0.0174560546875, 0.047607421875, -0.02294921875, 0.06982421875, 0.0206298828125, 0.0169677734375, -0.006927490234375, -0.00982666015625, -0.07763671875, -0.007720947265625, 0.0390625, -0.005706787109375, -0.06396484375, 0.007293701171875, -0.0517578125, -0.01446533203125, 0.006866455078125, 0.016845703125, -0.0179443359375, -0.000762939453125, 0.0380859375, -0.0189208984375, 0.0284423828125, -0.044189453125, -0.022705078125, 0.03564453125, -0.0302734375, -0.0166015625, -0.0213623046875, 0.034912109375, 0.04248046875, 0.050537109375, -0.036865234375, -0.0306396484375, -0.01544189453125, 0.00909423828125, -0.04541015625, 0.017333984375, -0.04736328125, 0.039306640625, 0.055419921875, -0.01953125, -0.0400390625, 0.03955078125, -0.057861328125, -0.03857421875, -0.04443359375, -0.027099609375, -0.025390625, 0.022705078125, -0.0238037109375, -0.045166015625, -0.0194091796875, -0.000522613525390625, 0.08251953125, 0.031982421875, -0.0137939453125, -0.045654296875, -0.044189453125, -0.00555419921875, 0.0830078125, 0.055908203125, 0.005401611328125, -0.020263671875, 0.015625, 0.0242919921875, 0.010009765625, -0.055908203125, -0.017822265625, -0.0218505859375, -0.015869140625, 0.032470703125, -0.0194091796875, 0.0537109375, -0.02490234375, 0.03515625, 0.0172119140625, -0.031494140625, 0.047607421875, -0.026611328125, -0.00017261505126953125, 0.0067138671875, 0.061767578125, 0.00726318359375, -0.06298828125, 0.01422119140625, 0.041015625, -0.007659912109375, -0.0274658203125, -0.050537109375, 0.007537841796875, 0.046630859375, 0.033447265625, -0.0274658203125, 0.048828125, -0.0263671875, -0.02001953125, -0.0152587890625, -0.0264892578125, -0.01190185546875, 0.0106201171875, -0.033447265625, -0.022705078125, 0.0079345703125, -0.0169677734375, 0.00238037109375, -0.00058746337890625, -0.000438690185546875, -0.043212890625, 0.01031494140625, -0.011962890625, 0.0301513671875, -0.033935546875, 0.0260009765625, -0.020751953125, 0.00015163421630859375, 0.0234375, 0.036865234375, 0.000469207763671875, -0.0020904541015625, -0.004486083984375, -0.06494140625, -0.005523681640625, 0.03271484375, 0.0390625, 0.032470703125, 0.050048828125, -0.01055908203125, -0.05419921875, -0.0037841796875, -0.0074462890625, 0.0277099609375, -0.022705078125, -0.0032958984375, 0.0196533203125, -0.01904296875, -0.030029296875, -0.03076171875, -0.00897216796875, 0.034912109375, 0.0260009765625, 0.0201416015625, -0.0238037109375, -0.01483154296875, -0.0228271484375, 0.00958251953125, 0.0081787109375, 0.0322265625, -0.0291748046875, 0.01507568359375, -0.05078125, -0.0174560546875, 0.00958251953125, -0.05615234375, -0.035888671875, -0.0004215240478515625, -0.012451171875, 0.0106201171875, -0.049560546875, -0.00970458984375, -0.05615234375, -0.03564453125, -0.00738525390625, -0.00113677978515625, -0.015625, -0.064453125, 0.0162353515625, 0.01483154296875, -0.0220947265625, 0.001190185546875, -0.03173828125, 0.01214599609375, -0.0181884765625, -0.0057373046875, 0.0301513671875, 0.021240234375, -0.038330078125, -0.000774383544921875, -0.018798828125, 0.0380859375, -0.03076171875, 0.0390625, 0.022705078125, 0.0216064453125, -0.02294921875, 5.793571472167969e-05, -0.0260009765625, 0.04345703125, -0.03271484375, 0.06396484375, 0.045166015625, 0.01263427734375, 0.00750732421875, -0.01806640625, 0.01373291015625, -0.005279541015625, 0.0306396484375, -0.00994873046875, -0.011474609375, -0.0277099609375, 0.00390625, -0.015380859375, -0.003997802734375, -0.024169921875, -0.002105712890625, 0.026123046875, 0.000438690185546875, -0.006500244140625, 0.041259765625, -0.043212890625, 0.0615234375, -0.03173828125, -0.0301513671875, 0.0027923583984375, 0.0140380859375, -0.010009765625, 0.002838134765625, 0.0028228759765625, 0.00153350830078125, 0.049560546875, 0.043212890625, -0.00092315673828125, 0.01104736328125, 0.0191650390625, 0.00982666015625, -0.0096435546875, -0.06640625, -0.05615234375, -0.06396484375, 0.0306396484375, 0.033203125, 0.0205078125, 0.040283203125, 0.0062255859375, 0.00897216796875, -0.06298828125, 0.017822265625, 