{"movie": "wwdc2025", "offset": 444, "text_offset": 440, "embedding": [-0.006927490234375, 0.0286865234375, 0.0279541015625, 0.022216796875, -0.041015625, 0.06396484375, 0.0189208984375, -0.001129150390625, -0.0272216796875, -0.006317138671875, -0.017822265625, 0.025390625, -2.3484230041503906e-05, -0.0400390625, -0.006927490234375, -0.0281982421875, 0.037109375, 0.061279296875, -0.0038909912109375, -0.0213623046875, 0.0037994384765625, -0.041015625, -0.00119781494140625, -0.009033203125, 0.007171630859375, -0.0059814453125, 0.0220947265625, -0.02490234375, -0.025390625, -0.06396484375, -0.060546875, -0.09228515625, 0.038330078125, -0.01153564453125, 0.0167236328125, -0.0267333984375, 0.00164794921875, 0.06298828125, -0.0308837890625, 0.0159912109375, -0.046142578125, -0.01251220703125, -0.01251220703125, -0.01092529296875, -0.0341796875, 0.0013885498046875, -0.037841796875, 0.0048828125, -0.0172119140625, 0.02685546875, -0.00139617919921875, -0.0211181640625, 0.039794921875, -0.007354736328125, -0.0625, 0.021240234375, -0.00250244140625, 0.02685546875, 0.0196533203125, -0.044677734375, 0.002105712890625, 0.048583984375, -0.0303955078125, 0.0220947265625, -0.043701171875, -0.00909423828125, 0.0198974609375, -0.078125, -0.0712890625, 0.006195068359375, 0.0400390625, 0.0191650390625, 0.0230712890625, -0.0240478515625, -0.03076171875, 0.03466796875, 0.044189453125, -0.048828125, -0.0308837890625, 0.0294189453125, 0.0091552734375, 0.0181884765625, 0.0198974609375, -0.048828125, 0.017822265625, -0.04052734375, 0.01611328125, -0.01171875, -0.000957489013671875, 0.050048828125, -0.05859375, 0.050537109375, -0.01116943359375, 0.00139617919921875, -0.04052734375, -0.01806640625, -0.04638671875, -0.05419921875, -0.0211181640625, 0.037841796875, -0.00750732421875, -0.0242919921875, 0.0194091796875, -0.00119781494140625, -0.05322265625, -0.00994873046875, -0.00494384765625, -0.04345703125, -0.00909423828125, 0.00090789794921875, 0.005218505859375, -0.057861328125, -0.037353515625, 0.01318359375, -0.0191650390625, 0.10546875, 0.01080322265625, 0.0142822265625, -0.01495361328125, -0.000640869140625, -0.01116943359375, -0.0084228515625, -0.0194091796875, 0.0281982421875, 0.029296875, 0.055419921875, 0.036376953125, -0.0211181640625, -0.01422119140625, 0.0284423828125, 0.0037994384765625, -0.027099609375, 0.044677734375, 0.017578125, -0.01708984375, 0.022705078125, 0.038330078125, -0.0205078125, -0.03515625, -0.05615234375, 0.0306396484375, 0.04052734375, -0.0311279296875, 0.057373046875, -0.0284423828125, -0.01806640625, 0.09912109375, 0.0220947265625, -0.039794921875, -0.0279541015625, -0.004669189453125, -0.01318359375, -0.032470703125, 0.05517578125, 0.00927734375, 0.0595703125, 0.00262451171875, 0.0267333984375, -0.06591796875, -0.01287841796875, -0.00701904296875, -0.07568359375, -0.0205078125, -0.0084228515625, 0.0341796875, 0.0279541015625, -0.017578125, -0.01202392578125, -0.003753662109375, 0.01177978515625, 0.015625, 0.030029296875, -0.0245361328125, 0.0263671875, 0.0032196044921875, -0.037841796875, -0.0147705078125, -0.030029296875, 0.01373291015625, 0.01025390625, 0.0390625, -0.0028228759765625, 0.033203125, -0.044189453125, -0.031982421875, -0.0279541015625, -0.0272216796875, 0.017822265625, 0.036865234375, -0.003326416015625, -0.0205078125, 0.010498046875, 0.04150390625, -0.00506591796875, 0.0035552978515625, 0.0106201171875, 0.0185546875, -0.005218505859375, 0.015380859375, 0.020263671875, 0.044677734375, 0.07763671875, 0.0145263671875, 0.0279541015625, 0.007781982421875, 0.020751953125, 0.0263671875, 0.056884765625, -0.002777099609375, -0.0167236328125, -0.033203125, -0.004791259765625, -0.015869140625, -0.006439208984375, 0.01318359375, -0.037841796875, 0.038330078125, 0.01519775390625, 0.00946044921875, 0.026123046875, -0.0108642578125, 0.004638671875, -0.0010833740234375, -0.0003376007080078125, -0.01251220703125, 0.006378173828125, 0.023681640625, 0.061279296875, 0.09765625, -0.0306396484375, -0.0074462890625, 0.0185546875, -0.036865234375, 0.0247802734375, -0.0303955078125, 0.005126953125, -0.01251220703125, -0.049560546875, -0.044677734375, 0.053466796875, 0.00506591796875, -0.053466796875, -0.0013580322265625, 0.04541015625, -0.02294921875, -0.0196533203125, -0.042236328125, 0.0196533203125, 0.049560546875, 0.016357421875, 0.0133056640625, 0.0059814453125, -0.0098876953125, -0.03955078125, -0.0419921875, -0.01513671875, -0.017333984375, -0.026611328125, 0.0098876953125, -0.0159912109375, -0.00799560546875, -0.00958251953125, 0.039794921875, -0.0164794921875, 0.0478515625, 0.0220947265625, -0.0024566650390625, 0.041015625, -0.05517578125, -0.0130615234375, -0.0245361328125, 0.006103515625, -0.021240234375, 0.0595703125, -0.01336669921875, 0.03466796875, -0.009765625, -0.000278472900390625, -0.0247802734375, 0.03466796875, -0.014892578125, 0.0101318359375, -0.0191650390625, 0.0021514892578125, 0.0255126953125, -0.01434326171875, -0.0245361328125, 0.0079345703125, 0.023681640625, -0.0101318359375, 0.04345703125, -0.0052490234375, 0.0244140625, -0.04345703125, -0.00543212890625, -0.01251220703125, 0.0244140625, 0.039306640625, -0.0086669921875, -0.01519775390625, -0.04150390625, -0.0191650390625, 0.0106201171875, -0.0118408203125, -0.01708984375, 0.0223388671875, 0.042236328125, -0.029052734375, -0.02490234375, 0.002593994140625, -0.00665283203125, -0.0050048828125, -0.0164794921875, -0.0126953125, -0.031982421875, -0.034423828125, -0.0208740234375, -0.00946044921875, -0.006988525390625, 0.00225830078125, 0.00113677978515625, 0.039306640625, 0.0142822265625, 0.027099609375, 0.043701171875, -0.0032958984375, -0.05908203125, -0.031982421875, -0.007781982421875, -0.046142578125, -0.00067901611328125, -0.0205078125, 0.0166015625, 0.023681640625, 0.006805419921875, -0.00159454345703125, -0.06298828125, 0.021728515625, 0.0133056640625, -0.017333984375, 0.0079345703125, -0.0478515625, 0.0244140625, 0.00439453125, -0.0108642578125, -0.03125, 0.0245361328125, 0.0277099609375, 0.0244140625, -0.00299072265625, -0.0086669921875, -0.01336669921875, 0.01116943359375, 0.048095703125, -0.062255859375, -0.000186920166015625, -0.044189453125, 0.060791015625, -0.044189453125, 0.01025390625, 0.015625, -0.0037384033203125, 0.031494140625, 0.0150146484375, -0.0244140625, 0.04345703125, -0.01446533203125, 4.172325134277344e-05, -0.0024261474609375, -0.0115966796875, 0.07666015625, 0.052734375, 0.0361328125, 0.026611328125, -0.01312255859375, -0.036376953125, 0.0079345703125, 0.030029296875, -0.0279541015625, -0.0018157958984375, -0.051513671875, 0.033203125, -0.03173828125, 0.01104736328125, -0.00732421875, 0.000782012939453125, -0.05908203125, -0.052734375, -0.0030364990234375, -0.05810546875, -0.032470703125, 0.01470947265625, 0.028564453125, -0.016357421875, 0.020751953125, -0.043701171875, -0.0279541015625, 0.0186767578125, 0.056396484375, 0.037353515625, 0.00124359130859375, -0.028076171875, -0.032470703125, 0.0032196044921875, -0.022705078125, 0.06689453125, 0.0211181640625, -0.057373046875, 0.01220703125, -0.014892578125, 0.0230712890625, -0.027099609375, -0.05517578125, -0.012939453125, -0.0712890625, 0.0306396484375, -0.0198974609375, 0.0673828125, -0.039794921875, 0.044189453125, 0.02001953125, 0.0245361328125, 0.0030670166015625, 0.0135498046875, 0.04248046875, -0.01080322265625, 0.0205078125, -0.0037994384765625, -0.0213623046875, 0.011474609375, 0.012451171875, -0.0198974609375, -0.004180908203125, -0.06494140625, -0.01092529296875, 0.021728515625, -0.03515625, -0.05615234375, 0.0087890625, -0.003631591796875, -0.0172119140625, -0.0186767578125, -0.08642578125, -0.0263671875, -0.03173828125, 0.0286865234375, 0.0020294189453125, -0.0118408203125, 0.0213623046875, 0.0184326171875, -0.0140380859375, 0.04638671875, 0.015869140625, 0.0308837890625, -0.042236328125, 0.011962890625, 0.005645751953125, -0.04541015625, -0.036865234375, 0.0037841796875, 0.00093841552734375, 0.03955078125, 0.007354736328125, -0.037109375, 0.01708984375, 0.0023651123046875, 