{"movie": "wwdc2025", "offset": 134, "text_offset": 120, "embedding": [0.01611328125, -0.01177978515625, 0.00482177734375, 0.007080078125, -0.0306396484375, 0.01556396484375, 0.080078125, 0.01092529296875, -0.0027313232421875, 0.045654296875, -0.0230712890625, 0.00933837890625, -0.0107421875, -0.061767578125, -0.01531982421875, 0.0025482177734375, -0.01422119140625, -0.0023956298828125, 0.047607421875, -0.011962890625, -0.006317138671875, -0.034423828125, -0.0027923583984375, -0.0159912109375, 0.046142578125, -0.0036773681640625, -0.080078125, -0.0174560546875, -0.01409912109375, -0.0303955078125, -0.0301513671875, -0.055908203125, 0.01153564453125, 0.032958984375, -0.037841796875, -0.006805419921875, 0.0439453125, 0.0257568359375, -0.006439208984375, 0.0086669921875, -0.00848388671875, 0.0517578125, 0.003662109375, -0.0556640625, 0.0281982421875, 0.01422119140625, -0.06396484375, -0.0050048828125, 0.0235595703125, 0.0186767578125, 0.01495361328125, 0.02099609375, 0.0537109375, -0.056396484375, -0.0625, -0.03271484375, 0.00909423828125, 0.0224609375, 0.033203125, -0.0201416015625, -0.015625, -0.03955078125, 0.0224609375, -0.00311279296875, -0.006805419921875, -0.02978515625, 0.06884765625, -0.0301513671875, -0.03955078125, 0.000652313232421875, -0.078125, -0.01019287109375, 0.0264892578125, -0.0458984375, -0.004669189453125, -0.0062255859375, 0.03466796875, -0.0400390625, 0.033203125, 0.03466796875, -0.06884765625, 0.043701171875, -0.014404296875, -0.0179443359375, -0.0244140625, -0.03662109375, -0.041259765625, -0.0162353515625, -0.0703125, -0.0224609375, -0.0230712890625, -0.000782012939453125, -0.01531982421875, -0.072265625, 0.01312255859375, -0.0045166015625, -0.017333984375, -0.0272216796875, -0.01104736328125, 0.010986328125, 0.033203125, 0.015869140625, -0.036865234375, -0.042236328125, -0.0361328125, -0.044921875, 0.02880859375, -0.080078125, 0.0098876953125, 0.03662109375, 0.0208740234375, -0.06591796875, -0.031494140625, -0.0255126953125, 0.005950927734375, 0.062255859375, 0.033935546875, -0.042724609375, 0.034912109375, -0.0240478515625, -0.003997802734375, -0.044921875, -0.033935546875, -0.0272216796875, 0.00994873046875, 0.0576171875, 0.0216064453125, 0.03662109375, 0.0027618408203125, 0.0203857421875, -0.03125, -0.007080078125, -0.0026092529296875, 0.033447265625, -0.047119140625, 0.01055908203125, -0.02099609375, 0.0206298828125, -0.059814453125, -0.005462646484375, 0.0035247802734375, -0.001220703125, -0.049072265625, 0.0157470703125, 0.010498046875, -0.0284423828125, 0.0032958984375, 0.01611328125, -0.046630859375, -0.0247802734375, -0.00872802734375, -0.050537109375, -0.039794921875, 0.039306640625, -0.01361083984375, 0.007171630859375, 0.0260009765625, -0.0230712890625, -0.000659942626953125, -0.01446533203125, 0.032470703125, -0.01055908203125, 0.019287109375, 0.0296630859375, 0.048095703125, 0.00109100341796875, -0.040283203125, 0.032470703125, 0.01275634765625, -0.04296875, -0.042724609375, 0.0274658203125, 0.01214599609375, 0.016357421875, 0.0086669921875, 0.061279296875, 0.01446533203125, -0.042236328125, 0.013427734375, -0.0289306640625, -0.034423828125, -0.0098876953125, 0.045166015625, -0.0162353515625, 0.038330078125, 0.0181884765625, 0.006988525390625, 0.0238037109375, -0.015869140625, 0.045654296875, -0.02490234375, 0.0167236328125, 0.0498046875, 0.0203857421875, 0.019287109375, -0.018310546875, 0.0166015625, -0.0240478515625, 0.050048828125, 0.06787109375, -0.052001953125, 0.03662109375, -0.00933837890625, 0.02783203125, 0.0206298828125, 0.043701171875, 0.0034942626953125, -0.01251220703125, -0.045654296875, 0.059814453125, -0.0299072265625, -0.0196533203125, -0.03466796875, -0.042724609375, 0.0169677734375, -0.049072265625, 0.0244140625, 0.014892578125, 0.02392578125, 0.013916015625, -0.0274658203125, -0.0186767578125, 0.01153564453125, -0.0274658203125, -0.0595703125, -0.017578125, -0.0279541015625, 0.021484375, 0.0179443359375, 0.038818359375, 0.0159912109375, 0.036376953125, -0.0167236328125, -0.01104736328125, 0.00537109375, 0.032958984375, 0.0303955078125, 0.0166015625, -0.0625, 0.01361083984375, 0.01361083984375, -0.045654296875, -0.062255859375, 0.056396484375, -0.0263671875, -0.042724609375, -0.038818359375, 0.00159454345703125, 0.00157928466796875, 0.01190185546875, -0.0458984375, -0.00921630859375, 0.0245361328125, -0.031982421875, -0.01348876953125, 0.044921875, 0.02734375, 0.0299072265625, -0.0029296875, 0.01446533203125, 0.0019683837890625, 0.045654296875, -0.01043701171875, 0.006256103515625, -0.0167236328125, 0.00153350830078125, -0.014892578125, -0.0064697265625, -0.0181884765625, 0.02587890625, 0.0027313232421875, -0.032470703125, -0.01348876953125, 0.0498046875, -0.052001953125, 0.01361083984375, -0.0189208984375, -0.0272216796875, -0.01806640625, 0.035888671875, -0.0203857421875, -0.06396484375, 0.0306396484375, 0.004608154296875, 0.0179443359375, -0.02783203125, 0.00848388671875, -0.01513671875, -0.058837890625, -0.004364013671875, 0.049560546875, -0.062255859375, 0.007659912109375, -0.0283203125, -0.0308837890625, 0.0252685546875, 0.0208740234375, 0.033935546875, -0.0361328125, -0.048095703125, -0.046630859375, -0.005157470703125, -0.0306396484375, -0.0189208984375, 0.0311279296875, 0.00048065185546875, -0.0419921875, 0.0272216796875, 0.01104736328125, 0.0224609375, 0.005828857421875, -0.0284423828125, 0.0196533203125, 0.041259765625, -0.043701171875, 0.00433349609375, 0.00140380859375, -0.049072265625, 0.02587890625, -0.0050048828125, -0.037841796875, 0.01806640625, 0.013916015625, -0.01263427734375, 0.0191650390625, -0.055419921875, -0.07763671875, -0.0277099609375, -0.061767578125, -0.0030059814453125, 0.01226806640625, 0.046142578125, 0.005859375, -0.0032196044921875, -0.047119140625, -0.0224609375, -0.036376953125, -0.007781982421875, 0.015380859375, -0.006011962890625, -0.00811767578125, 0.011474609375, -0.03125, -0.003997802734375, -0.0294189453125, 0.01409912109375, 0.0289306640625, 0.01031494140625, 0.0296630859375, -0.005218505859375, -0.0068359375, -0.033203125, -0.00048065185546875, 0.052734375, 0.00433349609375, -0.048095703125, 0.034423828125, -0.004547119140625, -0.039306640625, -0.0076904296875, -0.0164794921875, -0.0189208984375, -0.0186767578125, -0.0059814453125, 0.00811767578125, -0.02001953125, 0.005279541015625, -0.0004634857177734375, -0.046875, -0.00335693359375, -0.0302734375, 0.01336669921875, -0.025390625, 0.033203125, 0.0233154296875, 0.018310546875, -0.0186767578125, -0.01806640625, -0.036865234375, -0.0208740234375, -0.042236328125, 0.0299072265625, -0.006439208984375, -0.038330078125, 0.0007781982421875, -0.019775390625, 0.00396728515625, 0.004486083984375, -0.0081787109375, -0.056640625, 0.00372314453125, 0.0306396484375, -0.01806640625, -0.07080078125, -0.01434326171875, -0.045654296875, -0.014892578125, 0.01251220703125, -0.005279541015625, 0.014404296875, 0.0177001953125, -0.0208740234375, -0.037841796875, -0.029296875, 0.0057373046875, 0.05078125, 0.0311279296875, 0.036376953125, -0.01513671875, -0.050048828125, -0.037841796875, 0.032470703125, -0.061767578125, -0.00183868408203125, -0.004730224609375, 0.0283203125, 0.0306396484375, 0.00970458984375, -0.047119140625, 0.033935546875, 0.06591796875, 0.03515625, 0.0257568359375, -0.006011962890625, 0.0252685546875, -0.0262451171875, -0.0247802734375, -0.043212890625, -0.042724609375, -0.0166015625, -0.0030364990234375, 0.049072265625, 0.056884765625, 0.01092529296875, -0.0146484375, 0.0301513671875, -0.0400390625, 0.02734375, 0.00457763671875, 0.00860595703125, -0.052734375, 0.0274658203125, -0.0272216796875, -0.0206298828125, -0.02099609375, 0.040283203125, -0.037841796875, 0.0098876953125, -0.0098876953125, -0.0025177001953125, -0.01531982421875, -0.043701171875, 0.032470703125, 0.061279296875, 0.0035552978515625, 0.0250244140625, -0.012451171875, 0.005859375, -0.0625, -0.0247802734375, 0.0498046875, -0.00946044921875, 0.021484375, -0.0230712890625, 0.02001953125, 0.00946044921875, -0.0299072265625, 