{"movie": "wwdc2025", "offset": 320, "text_offset": 320, "embedding": [0.060791015625, 0.00162506103515625, 0.05859375, 0.019775390625, -0.03076171875, 0.050048828125, -0.0301513671875, -0.013671875, -0.0081787109375, 0.0263671875, -0.01129150390625, 0.01202392578125, 0.00732421875, -0.01263427734375, -0.003997802734375, -0.018310546875, 0.07373046875, -0.048095703125, -0.01422119140625, -0.00933837890625, -0.01171875, -0.0218505859375, -0.00946044921875, -0.02392578125, -0.017578125, -0.01806640625, -0.0035858154296875, -0.015625, -0.00145721435546875, -0.0311279296875, 0.012939453125, -0.056884765625, 0.07568359375, 0.0098876953125, 0.035888671875, -0.02392578125, 0.01324462890625, 0.044921875, -0.039794921875, 0.014892578125, -0.062255859375, -0.03857421875, 0.00946044921875, -0.025390625, -0.06787109375, -0.02294921875, -0.029296875, -0.0263671875, -0.012451171875, 0.035400390625, 0.0079345703125, -0.01300048828125, -0.01202392578125, -0.02392578125, -0.01324462890625, 0.0194091796875, 0.01361083984375, 0.0439453125, 0.0240478515625, 0.044677734375, -0.0390625, 0.029296875, -0.006683349609375, 0.033935546875, -0.0390625, -0.01220703125, -0.02490234375, -0.0257568359375, -0.00970458984375, -0.0419921875, -0.007659912109375, 0.037353515625, 0.016357421875, -0.004791259765625, -0.00136566162109375, -0.0032501220703125, 0.0184326171875, 0.01220703125, 0.061767578125, 0.01055908203125, 0.03466796875, 0.0361328125, 0.0242919921875, 0.01123046875, -0.037353515625, -0.00982666015625, -0.0194091796875, -0.0419921875, -0.0296630859375, -0.0260009765625, -0.0030517578125, 0.06494140625, -0.01446533203125, -0.010498046875, 0.01055908203125, -0.032958984375, 0.0186767578125, -0.051513671875, -0.043701171875, 0.0223388671875, 0.01226806640625, -0.006561279296875, -0.056396484375, -0.005035400390625, -0.033935546875, -0.0517578125, 0.005279541015625, 0.0220947265625, -0.00144195556640625, 0.02392578125, -0.03466796875, -0.0262451171875, -0.01385498046875, 0.048095703125, -0.042724609375, -0.00860595703125, 0.01397705078125, -0.007537841796875, 0.033447265625, 0.01123046875, -0.060546875, -0.02294921875, 0.0198974609375, -0.01019287109375, -0.006622314453125, 0.0218505859375, 0.054931640625, 0.01513671875, 0.004669189453125, 0.0283203125, 0.01495361328125, 0.01080322265625, 0.0224609375, 0.057861328125, -0.043701171875, -0.0002460479736328125, 0.02685546875, -0.002197265625, -0.006988525390625, -0.041259765625, 0.032470703125, -0.003997802734375, -0.033447265625, 0.03857421875, -0.050537109375, 0.01531982421875, 0.0478515625, -0.0169677734375, -0.043212890625, -0.00860595703125, -0.0281982421875, -0.0260009765625, -0.03955078125, 0.06787109375, 0.006988525390625, 0.0233154296875, -0.006683349609375, -0.0159912109375, -0.0517578125, -0.037841796875, 0.01275634765625, -0.0186767578125, 0.01422119140625, -0.033935546875, 0.045654296875, 0.05078125, -0.043701171875, -0.0203857421875, -0.052978515625, -0.01361083984375, -0.040283203125, -0.00494384765625, -0.01446533203125, 0.02685546875, -0.0308837890625, 0.001708984375, 0.0021514892578125, 0.00830078125, -0.02490234375, 0.009765625, -0.00933837890625, 0.017822265625, 0.07373046875, -0.02490234375, 0.004913330078125, -0.00860595703125, 0.01068115234375, 0.06396484375, 0.06689453125, -0.01300048828125, 0.000926971435546875, 0.056640625, 0.00732421875, -0.01104736328125, 0.0218505859375, 0.01385498046875, -0.01068115234375, -0.006195068359375, 0.10009765625, 0.07568359375, 0.046142578125, 0.042236328125, -0.0012359619140625, 0.0169677734375, -0.0169677734375, -0.0216064453125, -0.01422119140625, 0.02392578125, -0.033935546875, 0.044921875, 0.0274658203125, 0.0230712890625, 0.0012054443359375, -0.0064697265625, 0.005523681640625, -0.019287109375, 0.0167236328125, 0.0306396484375, 0.01263427734375, -0.0216064453125, 0.007537841796875, -0.036865234375, 0.021484375, 0.0224609375, 0.0201416015625, -0.0191650390625, 0.033935546875, 0.036865234375, 0.0196533203125, -0.031982421875, -0.01422119140625, 0.01312255859375, -0.0201416015625, 0.038818359375, 0.041748046875, 0.03564453125, -0.004058837890625, 0.0024566650390625, -0.0263671875, 0.0546875, -0.013671875, 0.0079345703125, 0.0172119140625, 0.01483154296875, -0.00933837890625, -0.06982421875, -0.0201416015625, 0.034912109375, 0.00994873046875, 0.07470703125, 0.0478515625, -0.005615234375, 0.0189208984375, -0.06787109375, 0.01104736328125, 0.0203857421875, -0.01324462890625, -0.00836181640625, -0.03955078125, 0.0174560546875, 0.046875, -0.0023345947265625, -0.0162353515625, -0.048095703125, 0.0201416015625, 0.01556396484375, -0.041259765625, -0.0191650390625, -0.036376953125, 0.005584716796875, 0.035888671875, -0.006378173828125, 0.005462646484375, 0.01348876953125, -0.0245361328125, 0.025390625, -0.0167236328125, -0.00994873046875, 0.00299072265625, 0.00982666015625, -0.0223388671875, 0.01361083984375, 0.00836181640625, 0.0048828125, 0.0181884765625, 0.0189208984375, 0.005035400390625, 0.01556396484375, -0.0169677734375, -0.0096435546875, 0.047119140625, 0.0296630859375, -0.0169677734375, 0.01190185546875, -0.0311279296875, -0.0203857421875, 0.0269775390625, 0.02294921875, -0.02587890625, -0.06787109375, -0.043701171875, 0.02734375, -0.0172119140625, 0.01470947265625, 0.017822265625, 0.02587890625, -0.0146484375, 0.0087890625, 0.017578125, -0.031982421875, 0.0169677734375, -0.0107421875, 0.0062255859375, 0.00457763671875, -0.052978515625, -0.00153350830078125, 0.0191650390625, -0.0250244140625, 0.0390625, -0.01513671875, -0.012451171875, 0.0107421875, 0.0250244140625, 0.06689453125, 0.01092529296875, 0.004669189453125, -0.0242919921875, -0.051513671875, -0.02880859375, -0.0284423828125, -0.0272216796875, -0.0264892578125, -0.0303955078125, -0.02099609375, -0.049072265625, 0.01251220703125, -0.042724609375, -0.02587890625, -0.001312255859375, 0.00130462646484375, 0.041259765625, -0.058349609375, 0.045654296875, -0.0177001953125, 0.006744384765625, -0.019287109375, 0.013916015625, -0.006256103515625, -0.02587890625, 0.01611328125, -0.049072265625, -0.0303955078125, -0.0308837890625, 0.03857421875, 0.01043701171875, -0.0126953125, 0.0179443359375, 0.01519775390625, -0.035400390625, 0.0245361328125, 0.0002803802490234375, -0.05078125, 0.06640625, -0.00933837890625, -0.0213623046875, 0.01318359375, -0.01324462890625, -0.0289306640625, -0.041748046875, -0.0306396484375, 0.037353515625, 0.009033203125, -0.031982421875, -0.000213623046875, -0.032470703125, -0.005645751953125, 0.0033111572265625, -0.005828857421875, -0.01055908203125, 0.049072265625, -0.044921875, 0.01422119140625, -0.01336669921875, -0.0252685546875, -0.021484375, -0.00836181640625, 0.0052490234375, -0.00112152099609375, -0.0302734375, -0.036865234375, -0.038330078125, -0.0283203125, 0.0031585693359375, -0.051025390625, 0.0517578125, 0.006622314453125, -0.0306396484375, 0.0299072265625, -0.0001087188720703125, 0.06494140625, 0.047607421875, 0.0174560546875, -0.07275390625, 0.00118255615234375, -0.06396484375, 0.08154296875, -0.01434326171875, 0.01141357421875, 0.035888671875, 0.0211181640625, -0.046630859375, -0.0245361328125, -0.011474609375, -0.01104736328125, -0.0189208984375, -0.00933837890625, -0.0159912109375, 0.044921875, -0.02001953125, 0.01953125, -0.0037689208984375, -0.011474609375, -0.00830078125, 0.03857421875, -0.0213623046875, -0.05078125, 0.0264892578125, 0.00970458984375, -0.039306640625, 0.0027618408203125, 0.006988525390625, -0.0023651123046875, -0.042236328125, -0.012451171875, 0.0252685546875, 0.0361328125, -0.0230712890625, 0.0419921875, 0.0439453125, 0.029296875, 0.01318359375, -0.029296875, -0.050048828125, 0.031982421875, 0.0186767578125, 0.07373046875, -0.009765625, -0.043701171875, 0.00131988525390625, 0.021484375, 0.0299072265625, -0.00439453125, 0.056884765625, 0.0225830078125, -0.052001953125, -0.031982421875, 0.0126953125, -0.031982421875, -0.00921630859375, 0.01385498046875, -0.0439453125, -0.0037689208984375, 0.07373046875, -0.0303955078125, 0.012939453125, -0.033935546875, 