{"movie": "wwdc2025", "offset": 250, "text_offset": 240, "embedding": [0.02587890625, 0.0255126953125, 0.052001953125, 0.00909423828125, -0.0101318359375, -0.013427734375, 0.03076171875, 0.0128173828125, 0.0303955078125, 0.018310546875, 0.0130615234375, -0.0751953125, -0.000316619873046875, -0.0198974609375, -0.0174560546875, -0.01025390625, -0.0028228759765625, -0.0011444091796875, 0.0021820068359375, -0.007568359375, -0.0169677734375, -0.0294189453125, 0.036376953125, -0.04150390625, 0.05419921875, -0.031982421875, -0.07275390625, -0.0107421875, -0.007659912109375, 0.008544921875, 0.0069580078125, -0.0419921875, 0.038818359375, 0.033935546875, -0.0245361328125, -0.01513671875, 0.0181884765625, 0.0478515625, -0.00927734375, 0.035400390625, 0.0167236328125, -0.0260009765625, -0.010986328125, -0.0439453125, -0.0234375, -0.007537841796875, -0.03173828125, -0.0115966796875, -0.001434326171875, 0.00408935546875, 0.0133056640625, 0.004852294921875, 0.023681640625, -0.0283203125, -0.033447265625, -0.0037384033203125, 0.0027008056640625, 0.0106201171875, 0.0546875, 0.03955078125, -0.01025390625, -0.0205078125, -0.0546875, -0.033447265625, -0.006591796875, -0.0302734375, 0.023193359375, -0.036865234375, 0.0118408203125, -0.0301513671875, -0.024658203125, 0.052001953125, 0.02587890625, -0.00121307373046875, -0.0205078125, -0.04931640625, 0.0194091796875, -0.004058837890625, 0.00408935546875, 0.062255859375, 0.04150390625, -0.00174713134765625, 0.003936767578125, -0.033203125, 0.00885009765625, -0.026611328125, 0.0194091796875, -0.040283203125, -0.0167236328125, 0.004730224609375, -0.02587890625, 0.0235595703125, -0.01507568359375, -0.002593994140625, 0.0054931640625, -0.0035858154296875, 0.0013427734375, -0.04052734375, -0.003265380859375, 0.044921875, 0.05419921875, -0.002960205078125, 0.01220703125, -0.03076171875, -0.04931640625, -0.07568359375, 0.0101318359375, 0.01080322265625, -0.02197265625, 0.03125, 0.0167236328125, -0.0458984375, -0.0113525390625, 0.00799560546875, -0.031494140625, 0.0113525390625, 0.0283203125, -0.03759765625, 0.052978515625, 0.06494140625, -0.0211181640625, -0.01220703125, -0.007568359375, -0.038330078125, -0.0020751953125, -0.0107421875, 0.0169677734375, 0.0052490234375, -0.02685546875, 0.025634765625, -0.06298828125, 0.0225830078125, 0.0019989013671875, 0.0341796875, -0.07373046875, 0.00099945068359375, 0.000690460205078125, 0.025390625, -0.04638671875, -0.0289306640625, 0.031494140625, 0.0380859375, -0.023193359375, -0.00732421875, -0.039306640625, -0.01409912109375, 0.0106201171875, 0.022705078125, -0.07763671875, 0.005767822265625, -0.02197265625, -0.029296875, 0.0177001953125, 0.07958984375, 0.0166015625, 0.007415771484375, 0.015625, 0.006500244140625, -0.01080322265625, -0.0439453125, 0.04736328125, -0.049072265625, 0.00144195556640625, 0.007720947265625, 0.02978515625, -0.0025177001953125, 0.054931640625, 0.00118255615234375, 0.03662109375, -0.01470947265625, -0.052734375, -0.0106201171875, 0.0576171875, 0.0255126953125, 0.021240234375, 0.0244140625, -0.05078125, 0.04052734375, 0.02099609375, 0.051025390625, 0.0006561279296875, 0.0108642578125, 0.034912109375, 0.018310546875, -0.015869140625, -0.01422119140625, -0.00958251953125, 0.01348876953125, -0.03076171875, 0.04443359375, -0.03955078125, 0.04296875, 0.015380859375, -0.032958984375, 0.01422119140625, -0.02294921875, 0.020751953125, 0.02734375, 0.001922607421875, 0.058837890625, -0.034423828125, 0.0185546875, -0.003143310546875, 0.0118408203125, -0.026123046875, -0.0400390625, 0.02587890625, 0.020751953125, -0.004119873046875, 0.0010528564453125, -0.0291748046875, 0.014404296875, -0.0159912109375, -0.0279541015625, -0.004974365234375, -0.056884765625, 0.0625, -0.0091552734375, 0.0123291015625, 0.004608154296875, -0.0380859375, -0.0322265625, 0.057861328125, 0.032470703125, 0.019775390625, -0.02294921875, 0.01544189453125, 0.01513671875, 0.045166015625, 0.026611328125, 0.0186767578125, -0.0034637451171875, -0.06884765625, 0.00860595703125, 0.02490234375, 0.037353515625, -0.0281982421875, 0.005401611328125, -0.0003662109375, 0.04638671875, -0.00848388671875, -0.0634765625, -0.04443359375, 0.03125, -0.0595703125, -0.039794921875, -0.0115966796875, 0.01220703125, 0.07958984375, 0.016357421875, -0.056640625, 0.00013828277587890625, 0.02392578125, -0.03076171875, -0.005889892578125, 0.0546875, -0.0166015625, 0.0123291015625, -0.034423828125, -0.03369140625, -0.000896453857421875, -0.00390625, 0.0072021484375, 0.007568359375, 0.036376953125, -0.013671875, -0.00872802734375, 0.032470703125, -0.01385498046875, 0.0093994140625, -0.04150390625, 0.003021240234375, -0.0111083984375, 0.00970458984375, -0.0255126953125, -0.052734375, -0.0302734375, 0.0014801025390625, -0.00146484375, -0.001129150390625, 0.0028076171875, -0.0225830078125, 0.00396728515625, 0.00836181640625, 0.025390625, 0.036865234375, -0.00616455078125, 0.00567626953125, 0.0115966796875, -0.00897216796875, 0.046875, -0.01422119140625, 0.021240234375, 0.0294189453125, -0.00141143798828125, -0.002685546875, 0.0211181640625, -0.0038299560546875, -0.031494140625, -0.03662109375, -0.01409912109375, 0.01470947265625, -0.00799560546875, -0.0123291015625, -0.0302734375, 0.05078125, 0.03369140625, 0.0023193359375, -0.0093994140625, 0.009521484375, 0.0135498046875, -0.061279296875, -0.01385498046875, -0.001556396484375, -0.045166015625, 0.0120849609375, -0.01531982421875, -0.0220947265625, 0.059814453125, 0.05078125, -0.04150390625, 0.05322265625, 0.00634765625, 0.04931640625, -0.00110626220703125, -0.00194549560546875, -0.016845703125, 0.01556396484375, -0.04541015625, -0.0220947265625, 0.006011962890625, -0.031494140625, -0.004913330078125, -0.0263671875, -0.044921875, -0.00555419921875, 0.0284423828125, 0.0034332275390625, 0.0159912109375, 0.006011962890625, -0.032470703125, -0.007781982421875, 0.0037841796875, -0.007080078125, -0.02392578125, 0.0184326171875, 0.00927734375, 0.0022125244140625, 0.0194091796875, -0.0069580078125, -0.0264892578125, -0.0240478515625, -0.0277099609375, 0.04638671875, 0.05078125, 0.002532958984375, 0.0157470703125, 0.00506591796875, -0.01055908203125, 0.0263671875, 0.038330078125, -0.03125, 0.046875, 0.0067138671875, 0.0908203125, 0.001800537109375, 0.0294189453125, 0.01318359375, -0.0159912109375, 0.031494140625, 0.004608154296875, -0.01025390625, -0.025390625, -0.00174713134765625, -0.0281982421875, -0.006500244140625, 0.020751953125, 0.00970458984375, 0.01025390625, -0.00185394287109375, -0.060546875, 0.032958984375, -0.0294189453125, 0.042236328125, -0.025390625, -0.056396484375, 0.0279541015625, -0.004425048828125, 0.012451171875, -0.0498046875, -0.039306640625, -0.0177001953125, 0.0196533203125, 0.019775390625, -0.0269775390625, -0.05029296875, -0.005645751953125, 0.051025390625, -0.006134033203125, 0.026611328125, 0.0057373046875, 0.006866455078125, 0.0054931640625, 0.031982421875, -0.06298828125, 0.010986328125, 0.005767822265625, 0.051025390625, 0.025634765625, -0.00860595703125, -0.007568359375, 0.006134033203125, 0.006500244140625, -0.0016937255859375, -0.06591796875, 0.0191650390625, -0.0419921875, 0.02490234375, -0.00183868408203125, -0.0091552734375, 0.07568359375, -0.005126953125, -0.0093994140625, 0.037109375, -0.01025390625, -0.0189208984375, 0.00787353515625, 0.01129150390625, -0.051025390625, -0.0115966796875, 0.0830078125, -0.0159912109375, 0.02978515625, 0.01275634765625, 0.07861328125, 0.06298828125, -0.04931640625, -0.005035400390625, 0.0125732421875, 0.032958984375, 0.0400390625, -0.044921875, -0.035400390625, -0.0019989013671875, 0.00457763671875, 0.04541015625, -0.01220703125, 0.048095703125, -0.0103759765625, 0.0255126953125, -0.00021648406982421875, 0.00970458984375, 0.08984375, 0.0269775390625, 0.0184326171875, 0.021240234375, -0.00836181640625, 0.0107421875, -0.07763671875, -0.0126953125, -0.013427734375, 0.046875, -0.00640869140625, -0.026611328125, -0.04296875, -0.013671875, -0.031494140625, -0.0291748046875, -0.039794921875, -0.05078125, -0.072265625, 