{"movie": "wwdc2025", "offset": 520, "text_offset": 520, "embedding": [0.017333984375, 0.0185546875, -0.015380859375, -0.02001953125, -0.056884765625, -0.010986328125, -0.0191650390625, -0.0272216796875, 0.00830078125, 0.01953125, -0.011962890625, 0.04296875, 0.017822265625, -0.0537109375, 0.00201416015625, -0.003448486328125, 0.0126953125, -0.02783203125, 0.00421142578125, 0.0035400390625, -0.01336669921875, -0.036865234375, 0.0147705078125, -0.0703125, 0.0361328125, 0.0191650390625, -0.05517578125, 0.005859375, 0.0255126953125, -0.01068115234375, -0.03466796875, -0.050048828125, 0.0111083984375, 0.03564453125, 0.0069580078125, 0.00762939453125, -0.0026092529296875, 0.01043701171875, -0.004150390625, 0.025390625, -0.0255126953125, 0.0145263671875, -0.0059814453125, 0.017333984375, -0.04345703125, 0.01275634765625, -0.0673828125, 0.0159912109375, -0.016357421875, 0.01434326171875, -0.0308837890625, 0.022216796875, 0.0030364990234375, -0.0537109375, 0.0230712890625, -0.029052734375, -0.0093994140625, 0.004547119140625, 0.00885009765625, -0.0019073486328125, -0.03271484375, 0.024169921875, 0.0390625, 0.0419921875, -0.01434326171875, 0.021484375, -0.017333984375, -0.044189453125, 0.0032958984375, -0.0185546875, 0.0308837890625, 0.0235595703125, 0.052490234375, -0.042724609375, 0.007415771484375, -0.00732421875, 0.038818359375, -0.0035552978515625, 0.0048828125, 0.0191650390625, -0.00244140625, 0.038330078125, 0.06298828125, -0.01806640625, 0.0020599365234375, -0.03076171875, 0.00885009765625, -0.00921630859375, -0.0106201171875, -0.007598876953125, -0.0272216796875, 0.0169677734375, -0.0206298828125, -0.0296630859375, 0.007415771484375, 0.0220947265625, -0.01007080078125, -0.06298828125, 0.007293701171875, 0.0311279296875, -0.0262451171875, 0.03564453125, -0.049072265625, -0.0177001953125, -0.06298828125, -0.078125, 0.00421142578125, 0.0015411376953125, -0.025390625, 0.0247802734375, -0.01483154296875, -0.02783203125, -0.05322265625, 0.033447265625, -0.05322265625, 0.0537109375, 0.056640625, -0.057373046875, 0.007720947265625, 0.018798828125, -0.0267333984375, -0.033447265625, -0.012939453125, 0.0025482177734375, -0.017578125, 0.046875, 0.0322265625, 0.05810546875, -0.03466796875, 0.005828857421875, 0.0291748046875, -0.041259765625, -0.011474609375, 0.0537109375, -0.06396484375, -0.01318359375, 0.029052734375, 0.0012054443359375, -0.01165771484375, -0.00170135498046875, 0.0233154296875, 0.036865234375, -0.054931640625, 0.026611328125, 0.024658203125, -0.035400390625, -0.011962890625, -0.0279541015625, -0.03271484375, -0.02099609375, -0.00823974609375, -0.017333984375, 0.0128173828125, 0.00127410888671875, 0.033447265625, 0.03564453125, 0.01226806640625, 0.0146484375, -0.05322265625, -0.00799560546875, 0.0108642578125, -0.042236328125, 0.04345703125, 0.005279541015625, 0.038330078125, 0.01953125, -0.021728515625, 0.03173828125, -0.01177978515625, -0.0279541015625, -0.03369140625, 0.0400390625, -0.046630859375, 0.0145263671875, 0.03271484375, 0.002532958984375, -0.025634765625, 0.0028839111328125, -0.0031280517578125, -0.006256103515625, -0.01611328125, 0.0032958984375, 0.0751953125, -0.07666015625, 0.01116943359375, 0.0147705078125, 0.000522613525390625, 0.00164031982421875, -0.0052490234375, 0.0234375, -0.0037078857421875, 0.029052734375, -0.00113677978515625, 0.03271484375, 0.1083984375, 0.015625, 0.0203857421875, -0.015869140625, -0.01519775390625, 0.05859375, 0.00225830078125, 0.05029296875, 0.029541015625, -0.0145263671875, -0.01519775390625, 0.0262451171875, 0.0140380859375, 0.046630859375, -0.09814453125, -0.045166015625, -0.0213623046875, -0.033935546875, 0.0045166015625, -0.04052734375, 0.041259765625, -0.0286865234375, 0.0137939453125, 0.00128936767578125, 0.0084228515625, -0.0140380859375, -0.056640625, 0.0208740234375, 0.01422119140625, 0.04541015625, 0.0010223388671875, 0.041748046875, -0.009033203125, -0.0164794921875, 0.08349609375, -0.0174560546875, 0.0147705078125, 0.01171875, -0.04248046875, 0.00179290771484375, 0.0235595703125, 0.0712890625, -0.0022125244140625, -0.006195068359375, -0.01165771484375, 0.0654296875, 0.0145263671875, -0.046875, -0.020263671875, 0.060302734375, -0.04541015625, -0.059326171875, -0.0011138916015625, -0.0125732421875, 0.0225830078125, 0.041259765625, -0.0206298828125, -0.025146484375, -0.000942230224609375, -0.03271484375, -0.044189453125, 0.0283203125, -0.0732421875, -0.04248046875, 0.011962890625, -0.004241943359375, 0.060302734375, -0.011474609375, 0.047607421875, -0.046630859375, -0.01275634765625, -0.015869140625, -0.0108642578125, -0.01373291015625, -0.049072265625, -0.03662109375, 0.022705078125, 0.0262451171875, -0.02783203125, 0.058349609375, -0.00677490234375, -0.0047607421875, -0.07958984375, 0.01556396484375, -0.0296630859375, -0.041259765625, -0.021484375, -0.01361083984375, 0.010498046875, -0.0274658203125, 0.042236328125, -0.0267333984375, 0.0059814453125, -0.0157470703125, -0.0164794921875, 0.01318359375, -0.00640869140625, 0.036865234375, -0.005645751953125, -0.034423828125, 0.01416015625, 0.039306640625, 0.01397705078125, -0.04833984375, -0.006561279296875, -0.060302734375, -0.003936767578125, -0.029052734375, -0.015380859375, 0.0238037109375, -0.00909423828125, 0.044677734375, 0.0020904541015625, 0.01226806640625, 0.0303955078125, 0.0147705078125, 0.0181884765625, 0.01312255859375, -0.02197265625, 0.041748046875, -0.051025390625, 0.0439453125, 0.016357421875, -0.03125, 0.033447265625, -0.0166015625, 0.0145263671875, 0.013916015625, 0.0517578125, 0.04833984375, 0.0537109375, -0.002655029296875, -0.02587890625, -0.046142578125, -0.0091552734375, -0.046142578125, 0.04345703125, -0.03564453125, -0.004913330078125, 0.0137939453125, -0.006561279296875, 0.027587890625, -0.02392578125, -0.018798828125, 0.007720947265625, 0.0283203125, -0.01116943359375, -0.007476806640625, 0.00567626953125, 0.00250244140625, -0.02685546875, -0.0220947265625, 0.0400390625, 0.035400390625, 0.0015106201171875, 0.0208740234375, -0.0751953125, -0.0120849609375, -0.0380859375, 0.0245361328125, -0.004302978515625, -0.048583984375, 0.008056640625, 0.0712890625, -0.0712890625, -0.01251220703125, 0.0191650390625, 0.00994873046875, 0.02099609375, 0.0225830078125, -0.0008697509765625, -0.01416015625, 0.0255126953125, -0.01416015625, -0.031982421875, 0.01239013671875, 0.049560546875, 0.0712890625, -0.0213623046875, -0.01129150390625, -0.040771484375, 0.005828857421875, 0.01904296875, 0.0223388671875, -0.02880859375, 0.01318359375, -0.072265625, -0.00052642822265625, -0.039306640625, -0.034423828125, -0.00408935546875, 0.036376953125, 0.005523681640625, -0.06103515625, -0.024169921875, -0.004241943359375, -0.0234375, -0.0262451171875, 0.026611328125, -0.021484375, -0.00726318359375, -0.031494140625, -0.0169677734375, 0.01275634765625, 0.0537109375, 0.0140380859375, 0.0255126953125, 0.000274658203125, -0.07763671875, -0.0023040771484375, -0.02392578125, 0.056884765625, -0.02001953125, -0.03125, 0.033447265625, 0.0233154296875, -0.0048828125, 0.0225830078125, -0.033935546875, 0.05908203125, -0.07275390625, 0.0091552734375, 0.01019287109375, 0.0203857421875, -0.030517578125, 0.0002765655517578125, 0.059326171875, 0.01495361328125, 0.0245361328125, 0.000885009765625, 0.006256103515625, 0.0045166015625, -0.017822265625, -0.026611328125, -0.068359375, -0.038818359375, -3.790855407714844e-05, -0.0001316070556640625, 0.0198974609375, 0.017822265625, 0.029296875, -0.013427734375, -0.0234375, -0.01165771484375, 0.0019989013671875, -0.032470703125, 0.056640625, -0.0308837890625, -0.02197265625, 0.0164794921875, 0.030517578125, 0.030517578125, 0.051025390625, -0.038330078125, -0.0576171875, -0.031982421875, -0.005584716796875, -0.006561279296875, 0.040771484375, 0.07861328125, -0.0123291015625, -0.033447265625, -0.056884765625, -0.04296875, -0.0439453125, 0.051025390625, -0.010009765625, 0.0164794921875, 0.0177001953125, -0.039306640625, 0.033203125, -0.0654296875, 0.04052734375, 8.20159912109375e-05, -0.0654296875, -0.06640625, 