{"movie": "wwdc2025", "offset": 498, "text_offset": 480, "embedding": [0.0111083984375, 0.028564453125, 0.033447265625, 0.0341796875, -0.05078125, 0.038818359375, -0.00079345703125, -0.0306396484375, -0.0019683837890625, 0.0223388671875, -0.01544189453125, 0.0002117156982421875, -0.0111083984375, -0.061279296875, 0.0289306640625, -0.017822265625, 0.005828857421875, -0.04150390625, 0.005645751953125, -0.04052734375, -0.0225830078125, -0.03466796875, 0.041259765625, -0.057861328125, 0.0361328125, 0.0152587890625, -0.07373046875, -0.0036468505859375, 0.033447265625, 0.006500244140625, -0.0108642578125, -0.045654296875, 0.01287841796875, 0.045166015625, 0.046630859375, 0.01104736328125, 0.021240234375, 0.0458984375, 0.04150390625, 0.0167236328125, -0.044189453125, -0.01165771484375, 0.06640625, -0.09326171875, 0.00439453125, -0.022216796875, 0.00665283203125, -0.022216796875, 0.0277099609375, 0.00634765625, -0.001617431640625, -0.0390625, 0.0242919921875, -0.038818359375, -0.0159912109375, 0.00701904296875, 0.00323486328125, -0.0179443359375, 0.0400390625, -0.019775390625, 0.0106201171875, 0.0250244140625, 0.028076171875, 0.004608154296875, -0.004180908203125, -0.00689697265625, -0.00128936767578125, -0.01068115234375, -0.006256103515625, -0.0390625, -0.024169921875, -0.036376953125, 0.057373046875, -0.06982421875, -0.032470703125, 0.0159912109375, 0.00066375732421875, -0.06298828125, 0.01287841796875, 0.01904296875, -0.06298828125, 0.09521484375, -0.016845703125, 0.000545501708984375, -0.046875, -0.0184326171875, -0.004730224609375, -0.0181884765625, 0.017578125, -0.0205078125, -0.024169921875, 0.03076171875, -0.0179443359375, -0.048828125, 0.0096435546875, -0.0093994140625, -0.00396728515625, 0.0113525390625, 0.03564453125, -0.00162506103515625, -0.0157470703125, -0.0086669921875, -0.0284423828125, -0.0693359375, -0.046630859375, -0.03857421875, -0.034912109375, -7.200241088867188e-05, -0.0038299560546875, 0.00921630859375, -0.046630859375, 0.0301513671875, 0.0234375, 0.01611328125, -0.0198974609375, 0.0302734375, 0.0478515625, 0.029296875, 0.01165771484375, 0.02392578125, -0.05908203125, -0.04052734375, 0.03466796875, -0.0361328125, 0.031982421875, 0.0322265625, 0.05078125, 0.0120849609375, -0.012939453125, 0.043212890625, 0.004852294921875, 0.003387451171875, 0.022216796875, -0.000904083251953125, -0.0181884765625, -0.0059814453125, 0.048828125, 0.032470703125, -0.0252685546875, -0.006195068359375, 0.054931640625, 0.020263671875, -0.0234375, 0.01507568359375, 0.01513671875, -0.0172119140625, 0.00799560546875, -0.020263671875, -0.036865234375, -0.028076171875, -0.01104736328125, -0.015869140625, -0.0595703125, 0.0242919921875, -0.02490234375, 0.05615234375, 0.0189208984375, 0.0081787109375, 0.0196533203125, -0.01031494140625, -0.006927490234375, -0.029541015625, 0.023193359375, -0.032470703125, 0.05322265625, -0.0194091796875, 0.0013580322265625, 0.01507568359375, -0.0145263671875, -0.0693359375, -0.0140380859375, -0.00109100341796875, -0.0537109375, 0.04248046875, 0.00732421875, -0.0260009765625, -0.0023651123046875, 0.0263671875, -0.00970458984375, 0.006622314453125, -0.00482177734375, 0.04443359375, 0.05810546875, 0.0025634765625, -0.020263671875, -0.0029754638671875, -0.00848388671875, 0.0157470703125, -0.003662109375, 0.013427734375, -0.0233154296875, 0.04248046875, 0.007232666015625, 0.01068115234375, 0.01806640625, -0.03515625, 0.0234375, -0.0032196044921875, 0.05859375, 0.1015625, 0.00701904296875, 0.01373291015625, -0.01446533203125, -0.003387451171875, 0.0086669921875, 0.012939453125, -0.048583984375, -0.004852294921875, -0.0703125, 0.053955078125, -0.055908203125, -0.00531005859375, 0.0115966796875, -0.02734375, -0.0020751953125, -0.050537109375, -0.03076171875, 0.03564453125, 0.035888671875, 0.0517578125, -0.0126953125, 0.00531005859375, 0.0703125, 0.0279541015625, 0.007415771484375, 0.0014801025390625, 0.0301513671875, -0.01263427734375, 0.0242919921875, -0.0242919921875, 0.0361328125, 0.04541015625, -0.0018157958984375, 0.049560546875, 0.007537841796875, 0.02685546875, 0.009521484375, 0.00958251953125, -0.0849609375, -0.02392578125, 0.037841796875, -0.0205078125, -0.042236328125, 0.023193359375, -0.0615234375, -0.0167236328125, 0.0281982421875, 0.029541015625, -0.0322265625, -0.0169677734375, 0.0098876953125, -0.0244140625, 0.01806640625, -0.03515625, -0.0216064453125, 0.0252685546875, -0.04541015625, -0.02587890625, -0.0216064453125, 0.0478515625, 0.03515625, 0.07177734375, -0.034912109375, -0.0147705078125, -0.011962890625, -0.009033203125, -0.049072265625, 0.0306396484375, -0.048583984375, 0.0322265625, 0.06396484375, -0.0142822265625, -0.0108642578125, 0.033203125, -0.05615234375, -0.0289306640625, -0.0595703125, -0.016845703125, -0.041259765625, 0.03271484375, -0.01483154296875, -0.047607421875, -0.0238037109375, 0.004547119140625, 0.054931640625, 0.0162353515625, -0.02392578125, -0.0498046875, -0.031494140625, -0.0030975341796875, 0.0869140625, 0.04736328125, 0.00286865234375, -0.033203125, 0.00086212158203125, 0.0213623046875, 0.004364013671875, -0.041259765625, -0.033447265625, -0.0233154296875, -0.03076171875, 0.04541015625, -0.031982421875, 0.05224609375, 0.00173187255859375, 0.0147705078125, 0.0081787109375, -0.0390625, 0.0380859375, -0.020751953125, 0.006072998046875, -0.004486083984375, 0.0595703125, 0.005828857421875, -0.06103515625, 0.00946044921875, 0.046630859375, -0.02734375, -0.03076171875, -0.04345703125, 0.0233154296875, 0.0159912109375, 0.057373046875, -0.02490234375, 0.0247802734375, -0.0150146484375, -0.022216796875, -0.0147705078125, 0.00063323974609375, -0.03271484375, 0.00372314453125, -0.029541015625, -0.016357421875, -0.0093994140625, -0.054931640625, 0.015380859375, -0.017578125, -0.020751953125, -0.04833984375, 0.01239013671875, -0.0223388671875, 0.00518798828125, -0.039794921875, 0.040283203125, -0.0147705078125, 0.00836181640625, 0.02685546875, 0.04541015625, 0.00177764892578125, 0.0045166015625, 0.0096435546875, -0.055419921875, -0.00494384765625, 0.04443359375, 0.0478515625, 0.0111083984375, 0.047607421875, 0.00023555755615234375, -0.0458984375, -0.005340576171875, 0.0024871826171875, 0.0311279296875, -0.0301513671875, 0.0103759765625, 0.01104736328125, -0.0162353515625, -0.02978515625, -0.037841796875, -0.03564453125, 0.0277099609375, 0.033935546875, 0.00634765625, -0.0137939453125, -0.0286865234375, -0.00897216796875, 0.017822265625, 0.025390625, 0.01446533203125, -0.00567626953125, 0.0137939453125, -0.0306396484375, -0.042236328125, -0.00701904296875, -0.05419921875, -0.0301513671875, 0.00811767578125, -0.0260009765625, -0.0137939453125, -0.03857421875, -0.0096435546875, -0.041259765625, -0.016357421875, 0.00848388671875, 0.0019683837890625, -0.0260009765625, -0.05615234375, 0.005828857421875, -0.0096435546875, -0.01055908203125, 0.01092529296875, -0.01953125, 0.022705078125, -0.034423828125, -0.00738525390625, 0.0135498046875, 0.0045166015625, -0.0242919921875, 0.0078125, -0.042236328125, 0.0260009765625, -0.041259765625, 0.04052734375, 0.0220947265625, 0.01708984375, -0.00787353515625, 0.0037689208984375, -0.0157470703125, 0.043212890625, -0.03173828125, 0.06298828125, 0.0257568359375, 0.0184326171875, -0.00726318359375, -0.03271484375, 0.0189208984375, -0.00115203857421875, 0.044189453125, 0.005645751953125, 0.00213623046875, -0.029541015625, 0.0166015625, -0.000728607177734375, -0.00933837890625, -0.000644683837890625, 0.00136566162109375, 0.0211181640625, -0.01611328125, -0.002105712890625, 0.031982421875, -0.049560546875, 0.034912109375, -0.0027618408203125, -0.044189453125, 0.01104736328125, 0.003509521484375, 0.015380859375, 0.0159912109375, 0.002197265625, -0.0169677734375, 0.05419921875, 0.030029296875, -0.01165771484375, 0.0264892578125, 0.01129150390625, 0.0264892578125, -0.0172119140625, -0.0537109375, -0.02587890625, -0.057373046875, 0.037841796875, 0.0174560546875, 0.00848388671875, 0.055419921875, 0.01104736328125, 0.0250244140625, -0.06103515625, -0.0003948211669921875, 