{"movie": "wwdc2025", "offset": 310, "text_offset": 300, "embedding": [0.0252685546875, 0.011962890625, 0.0030670166015625, 0.04248046875, -0.0108642578125, 0.028076171875, -0.013671875, -0.03515625, -0.0004291534423828125, 0.03955078125, -0.00994873046875, 0.013671875, -0.0255126953125, -0.07177734375, -0.012939453125, 0.06298828125, 0.00909423828125, -0.01220703125, 0.01263427734375, -0.01507568359375, -0.0023651123046875, -0.039794921875, -0.041259765625, -0.00262451171875, 0.004150390625, -0.0167236328125, -0.001678466796875, 0.00958251953125, -0.032958984375, -0.0306396484375, -0.0205078125, -0.068359375, 0.00421142578125, -0.00933837890625, 0.01165771484375, -0.047607421875, 0.051025390625, 0.032470703125, -0.027099609375, 0.05419921875, -0.048828125, 0.013671875, 0.0458984375, -0.046630859375, 0.0108642578125, 0.006500244140625, -0.042724609375, -0.07958984375, 0.036865234375, 0.048583984375, -0.0191650390625, 0.0169677734375, -0.0108642578125, 0.01190185546875, -0.06494140625, 0.033203125, -0.0225830078125, 0.01055908203125, -0.02490234375, 0.01092529296875, 0.002716064453125, -0.017822265625, -0.023681640625, -0.0034942626953125, -0.0390625, -0.0191650390625, 0.0191650390625, 0.013671875, -0.017333984375, -0.0245361328125, -0.012451171875, -0.055908203125, 0.01708984375, -0.039306640625, 0.003814697265625, 0.038818359375, -0.0277099609375, -0.05419921875, 0.0218505859375, 0.042236328125, 0.00787353515625, 0.004241943359375, -0.00701904296875, 0.026611328125, -0.010009765625, -0.0137939453125, 0.0380859375, 0.0157470703125, -0.01263427734375, -0.0047607421875, -0.01507568359375, 0.04443359375, -0.0191650390625, 0.01611328125, -0.04052734375, 0.0152587890625, 0.0033111572265625, -0.0703125, -0.0289306640625, 0.003173828125, -0.0264892578125, -0.00714111328125, -0.0302734375, -0.0101318359375, -0.0252685546875, -0.062255859375, 0.0198974609375, 0.0142822265625, 0.0311279296875, 0.06396484375, 0.01092529296875, -0.05859375, -0.044189453125, 0.0205078125, 0.00165557861328125, -0.00518798828125, 0.109375, -0.035888671875, -0.005950927734375, 0.000873565673828125, 0.0036163330078125, 0.02490234375, 0.0031280517578125, -0.0238037109375, -0.004669189453125, 0.01422119140625, -0.006744384765625, 0.0233154296875, -0.017578125, 0.03515625, 0.01385498046875, 0.0225830078125, 0.0302734375, 0.028076171875, -0.06494140625, -0.00469970703125, 0.0218505859375, -0.0245361328125, -0.0047607421875, -0.018798828125, -0.061279296875, 0.01129150390625, -0.036376953125, -0.005828857421875, -0.032470703125, -0.03515625, -0.006744384765625, 0.0206298828125, -0.01104736328125, -0.000324249267578125, 0.055908203125, -0.01708984375, -0.06884765625, 0.06591796875, 0.022705078125, 0.0311279296875, -0.038818359375, -0.03759765625, -0.043701171875, -0.052978515625, 0.01055908203125, -0.0216064453125, 0.019775390625, -0.014892578125, 0.051513671875, 0.01031494140625, -0.051025390625, 0.0007476806640625, -0.0206298828125, -0.015625, -0.028076171875, 0.021240234375, -0.0184326171875, 0.028076171875, -0.06787109375, 0.0130615234375, -0.0126953125, -0.0023956298828125, 0.00445556640625, 0.0281982421875, 0.010498046875, 0.0115966796875, 0.04833984375, 0.0252685546875, 0.0001163482666015625, -0.0198974609375, -0.017822265625, 0.0257568359375, -0.03955078125, 0.03515625, -0.020751953125, -0.024169921875, 0.00689697265625, 0.041015625, 0.006927490234375, -0.035888671875, 0.07275390625, 0.01611328125, 0.05859375, 0.06103515625, -0.019775390625, 0.05908203125, 0.0191650390625, 0.0478515625, -0.060546875, -0.0169677734375, 0.005462646484375, 0.0220947265625, -0.04052734375, 0.054931640625, 0.00909423828125, -0.0218505859375, 0.038330078125, -0.0274658203125, -0.037841796875, -0.056396484375, 0.0004119873046875, -0.0106201171875, 0.099609375, -0.03515625, -0.05712890625, -0.0186767578125, 0.0037689208984375, 0.0164794921875, 0.0126953125, -0.00714111328125, 0.0206298828125, 0.0341796875, 0.0888671875, -0.00469970703125, 0.030517578125, 0.02587890625, 0.00701904296875, -0.01129150390625, -0.0223388671875, 0.00543212890625, -0.0284423828125, 0.015380859375, -0.0191650390625, 0.0478515625, 0.017578125, -0.023681640625, -0.0198974609375, -0.0234375, -0.035888671875, -0.053955078125, -0.02587890625, 0.00811767578125, 0.029541015625, 0.03564453125, 0.014892578125, -0.032470703125, -0.01556396484375, -0.052978515625, -0.00174713134765625, 0.0478515625, 0.0255126953125, 0.021240234375, 0.0059814453125, -0.023681640625, 0.0169677734375, 0.004852294921875, 0.0234375, 0.007720947265625, 0.00112152099609375, -0.061279296875, -0.01055908203125, 0.0274658203125, -0.050537109375, 0.00921630859375, 0.03271484375, -0.01251220703125, -0.029052734375, -0.0194091796875, 0.03564453125, 0.0341796875, -0.046875, -0.0166015625, -0.00113677978515625, 0.02294921875, 0.00244140625, -0.00010585784912109375, 0.01556396484375, 0.01324462890625, 0.021240234375, 0.0233154296875, 0.0244140625, -0.03271484375, -0.04248046875, 0.0140380859375, 0.05224609375, -0.030517578125, 0.0206298828125, 0.004608154296875, -0.0546875, 0.0019073486328125, 0.0269775390625, -0.0130615234375, -0.046875, -0.029541015625, -0.047607421875, -0.0458984375, -0.03955078125, 0.0400390625, 0.00897216796875, 0.036376953125, 0.031494140625, 0.00994873046875, 0.0074462890625, 0.02490234375, 0.006988525390625, -0.036376953125, -0.0205078125, 0.036376953125, -0.049560546875, -0.022705078125, -0.0162353515625, -0.080078125, 0.0074462890625, -0.0277099609375, -0.00921630859375, -0.0179443359375, 0.045654296875, 0.05419921875, -0.0289306640625, -0.080078125, -0.049072265625, 0.01055908203125, -0.021240234375, -0.0546875, -0.0030517578125, -0.0081787109375, -0.05078125, -0.043701171875, -0.050537109375, 0.0025634765625, -0.0133056640625, -0.017822265625, 0.032470703125, -0.01458740234375, 0.0306396484375, -0.04541015625, 0.056884765625, -0.03515625, -0.006134033203125, -0.043212890625, 0.0218505859375, 0.031494140625, -0.03466796875, 0.042724609375, -0.01385498046875, -0.03173828125, -0.0308837890625, 0.03759765625, -0.0615234375, -0.0252685546875, -0.062255859375, 0.033447265625, -0.04150390625, 0.0517578125, 0.046630859375, -0.0238037109375, 0.050537109375, -0.023681640625, 0.0284423828125, 0.0162353515625, -0.03515625, -0.006378173828125, 0.004791259765625, -0.014892578125, 0.0242919921875, -0.024169921875, 0.04150390625, -0.0302734375, -0.015380859375, -0.0400390625, 0.038330078125, -0.039794921875, -0.0341796875, -0.0016632080078125, 0.004241943359375, 0.03564453125, 0.027099609375, -0.0286865234375, -0.022705078125, 0.0157470703125, 0.00634765625, -0.0145263671875, 0.0179443359375, -0.032470703125, -0.0289306640625, 0.0269775390625, 0.00139617919921875, -0.0419921875, 0.020751953125, -0.026611328125, -0.0162353515625, -0.007171630859375, -0.036865234375, -0.016845703125, 0.030517578125, 0.0279541015625, -0.09326171875, 0.0252685546875, -0.0242919921875, 0.047607421875, 0.037353515625, -0.00396728515625, 0.02587890625, -0.017578125, -0.042236328125, 0.036376953125, -0.0308837890625, -0.0047607421875, -0.0133056640625, -0.0164794921875, -0.004119873046875, 0.004852294921875, -0.007720947265625, 0.0322265625, 0.00101470947265625, 0.0478515625, -0.01031494140625, 0.0242919921875, 0.03173828125, 0.036376953125, 0.0233154296875, -0.005828857421875, -0.0126953125, 0.0228271484375, 0.045166015625, 0.010009765625, -0.0191650390625, -0.02294921875, 0.01129150390625, 0.03857421875, -0.01141357421875, 0.015380859375, -0.0164794921875, -0.000667572021484375, -0.005157470703125, -0.00921630859375, -0.08642578125, -0.0162353515625, -0.03515625, 0.03564453125, -0.01904296875, 0.05859375, -0.0247802734375, 0.015869140625, -0.017578125, -0.00098419189453125, 0.036865234375, 0.01220703125, -0.0255126953125, 0.006500244140625, -0.029296875, 0.01226806640625, -0.0849609375, 0.0184326171875, -0.0142822265625, 0.0245361328125, 0.0169677734375, -0.003997802734375, -0.0478515625, -0.0252685546875, 0.031982421875, -0.025390625, -0.054931640625, -0.005523681640625, 