{"movie": "wwdc2025", "offset": 0, "text_offset": 0, "embedding": [0.037109375, 0.033447265625, 0.025634765625, -0.0003757476806640625, -0.03955078125, 0.00836181640625, 0.01611328125, -0.037841796875, 0.02001953125, 0.031982421875, 0.0010986328125, -0.0098876953125, 0.044677734375, -0.02734375, -0.059326171875, -0.0308837890625, 0.022705078125, 0.0267333984375, -0.016845703125, -0.020751953125, -0.0048828125, 0.01251220703125, -0.0361328125, -0.06982421875, -0.00946044921875, -0.0252685546875, -0.010498046875, -0.01190185546875, -0.0263671875, -0.0107421875, -0.006439208984375, -0.06494140625, 0.051513671875, 0.006256103515625, 0.005889892578125, -0.01153564453125, -0.01708984375, 0.041015625, -0.06396484375, -0.01434326171875, -0.000659942626953125, 0.0230712890625, -0.006011962890625, -0.00592041015625, -0.023681640625, -0.0322265625, -0.035400390625, -0.037353515625, 0.007568359375, 0.031494140625, 0.041259765625, -0.01336669921875, 0.0250244140625, -0.028076171875, -0.0072021484375, 0.01708984375, -0.001983642578125, 0.0201416015625, -0.00604248046875, 0.034423828125, -0.037841796875, 0.019775390625, 0.02099609375, 0.01953125, -0.03662109375, 0.0703125, -0.0235595703125, -0.0223388671875, -0.0174560546875, -0.03662109375, -0.051513671875, -0.005126953125, 0.02783203125, -0.033447265625, 0.0267333984375, 0.058349609375, 0.0380859375, 0.02099609375, 0.0159912109375, 0.045654296875, 0.0103759765625, 0.050048828125, 0.044677734375, -0.0001964569091796875, 0.03515625, -0.0361328125, 0.0162353515625, -0.029052734375, 0.03369140625, -0.0172119140625, -0.0419921875, 0.0272216796875, -0.02685546875, 0.02880859375, 0.0027008056640625, 0.000774383544921875, -0.0341796875, -0.04736328125, 0.0238037109375, 0.01287841796875, 0.0029449462890625, 0.042236328125, -0.016845703125, 0.0164794921875, -0.052734375, -0.005157470703125, -0.043701171875, 0.00885009765625, 0.004791259765625, 0.033935546875, -0.037841796875, -0.06591796875, 0.005767822265625, -0.00665283203125, -0.03955078125, 0.035400390625, -0.004791259765625, -0.022705078125, 0.0108642578125, 0.001220703125, -0.0230712890625, 0.000152587890625, 0.04541015625, -0.0390625, 0.02734375, 0.061279296875, 0.048583984375, 0.025634765625, -0.0294189453125, 0.025146484375, -0.01556396484375, -0.007171630859375, 0.0517578125, 0.00592041015625, -0.03369140625, -0.00946044921875, 0.0235595703125, 0.00262451171875, 0.0003032684326171875, -0.025634765625, 0.0272216796875, -0.00823974609375, -0.0242919921875, 0.03564453125, -0.01361083984375, 0.034423828125, -0.00262451171875, 0.005096435546875, -0.0277099609375, -0.00439453125, 0.00946044921875, -0.043212890625, -0.0257568359375, 0.0091552734375, 0.004180908203125, -0.00958251953125, 0.009033203125, 0.004180908203125, -0.026123046875, -0.005889892578125, -0.0011138916015625, -0.05029296875, 0.005401611328125, -0.04248046875, 0.04833984375, 0.03662109375, -0.028564453125, -0.000705718994140625, -0.034423828125, -0.02099609375, -0.001861572265625, 0.0206298828125, -0.0225830078125, 0.05712890625, -0.03857421875, -0.021728515625, -0.037353515625, -0.03564453125, 0.009521484375, -0.01806640625, -0.0283203125, 0.014892578125, 0.023681640625, -0.02783203125, 0.0036468505859375, 0.043701171875, -0.01434326171875, 0.0277099609375, 0.007049560546875, 0.031494140625, -0.008544921875, 0.048583984375, 0.03125, 0.00836181640625, 0.034912109375, 0.0240478515625, 0.01007080078125, -0.014892578125, 0.05419921875, 0.0185546875, 0.031982421875, 0.061279296875, 0.013427734375, 0.021728515625, -0.00201416015625, -0.037841796875, 0.01361083984375, -0.0157470703125, -0.06396484375, 0.005401611328125, -0.034912109375, -0.01214599609375, -0.01287841796875, -0.041259765625, 0.02099609375, -0.0537109375, 0.017578125, 0.00433349609375, -0.0220947265625, -0.034423828125, -0.0223388671875, 0.0206298828125, 0.056396484375, -0.01519775390625, 0.01470947265625, -0.006072998046875, 0.00787353515625, 0.05224609375, 0.01055908203125, -0.05810546875, 0.0186767578125, -0.0223388671875, -0.0230712890625, 0.028076171875, 0.032470703125, 0.034423828125, 0.02880859375, -0.0034027099609375, -0.0242919921875, 0.06298828125, -0.0001239776611328125, -0.000522613525390625, -0.0004673004150390625, 0.0625, -0.006072998046875, -0.01080322265625, -0.03662109375, -0.0004596710205078125, 0.05029296875, 0.03759765625, -0.0142822265625, 0.0380859375, 0.0076904296875, -0.043212890625, -0.05615234375, 0.02587890625, -0.045166015625, 0.007049560546875, 0.015625, 0.0045166015625, 0.02099609375, -0.0098876953125, 0.037841796875, -0.068359375, 0.00238037109375, 0.0211181640625, 0.01263427734375, -0.00064849853515625, -0.01153564453125, -4.5299530029296875e-05, 0.006805419921875, -0.0233154296875, -0.06494140625, 0.038330078125, 0.003570556640625, -0.035400390625, -0.0238037109375, -0.01806640625, -0.0250244140625, 0.014404296875, -0.0419921875, 0.020263671875, -0.017822265625, -0.041259765625, -0.0034637451171875, 0.0036773681640625, 0.0037384033203125, -0.0087890625, -0.0159912109375, 0.00531005859375, 0.0291748046875, 0.0142822265625, -0.0361328125, -0.033447265625, -0.061767578125, 0.054443359375, 0.003997802734375, -0.00848388671875, -0.04296875, -0.06787109375, -0.0703125, 0.00933837890625, -0.072265625, 0.0137939453125, -0.016357421875, 0.013916015625, 0.03271484375, 0.0164794921875, -0.0556640625, 0.0228271484375, -0.01611328125, -0.00860595703125, -0.022705078125, 0.007476806640625, -0.0673828125, -0.031982421875, 0.0012969970703125, 6.103515625e-05, 0.032470703125, 0.04345703125, 0.01507568359375, 0.00579833984375, 0.00335693359375, -0.01806640625, 0.0296630859375, 0.023193359375, -0.005706787109375, -0.0419921875, -0.01806640625, -0.046142578125, 0.0302734375, -0.03369140625, -0.01202392578125, 0.01708984375, -0.032958984375, -0.004669189453125, -0.064453125, -0.050048828125, -0.05029296875, -0.005096435546875, 0.0341796875, -0.009033203125, 0.00958251953125, -0.0230712890625, -0.05078125, -0.019775390625, 0.01055908203125, -0.006439208984375, -0.009033203125, -0.015625, -0.043212890625, -0.0263671875, -0.022216796875, 0.0228271484375, -0.000530242919921875, -0.05810546875, -0.042236328125, 0.04248046875, -0.040771484375, 0.03466796875, -0.0052490234375, -0.0556640625, -0.0301513671875, -0.0233154296875, -0.01080322265625, -0.0091552734375, -0.0159912109375, -0.05029296875, -0.055419921875, 0.013916015625, 0.037353515625, 0.00469970703125, -0.0118408203125, -0.04541015625, -0.09814453125, -0.020263671875, 0.025634765625, 0.016845703125, -0.0137939453125, 0.0111083984375, -0.003143310546875, 0.0252685546875, -0.0133056640625, 0.0025177001953125, -0.00665283203125, -0.009033203125, 0.010498046875, -0.0177001953125, -0.018798828125, -0.0047607421875, -0.0654296875, -0.050048828125, 0.041015625, -0.01611328125, 0.031982421875, -0.01953125, 0.01953125, -0.003936767578125, 0.00628662109375, -0.007598876953125, 0.01416015625, 0.0257568359375, 0.0019989013671875, 0.0225830078125, -0.04638671875, 0.058837890625, -0.000553131103515625, -0.021240234375, -0.0078125, -0.01531982421875, -0.0203857421875, 0.0086669921875, -0.006683349609375, 0.0230712890625, -0.033447265625, 0.023681640625, 0.005126953125, -0.0045166015625, -0.03955078125, 0.0128173828125, 0.03662109375, -0.013916015625, 0.0252685546875, 0.01507568359375, -0.015625, -0.051513671875, -0.0123291015625, -0.01556396484375, -0.046142578125, 0.00390625, 0.005645751953125, -0.04541015625, -0.00057220458984375, -0.00176239013671875, -0.0272216796875, 0.024169921875, -0.0218505859375, -0.00116729736328125, -0.01495361328125, 0.0162353515625, 0.047607421875, -0.01904296875, -0.06787109375, 0.0025177001953125, 0.0211181640625, 0.0615234375, 0.04443359375, -0.010498046875, -0.0185546875, -0.019775390625, -0.03955078125, -0.001312255859375, 0.111328125, 0.0194091796875, -0.01495361328125, -0.013916015625, -0.0306396484375, -0.0673828125, 0.01483154296875, -0.00872802734375, -0.0225830078125, 0.044677734375, 0.04931640625, -0.0361328125, 0.04638671875, 0.0008697509765625, 