{"movie": "wwdc2025", "offset": 514, "text_offset": 500, "embedding": [0.01092529296875, 0.02099609375, 0.0145263671875, 0.01312255859375, -0.10205078125, -0.03125, 0.0211181640625, 0.0277099609375, 0.03125, 0.002960205078125, 0.005615234375, 0.01043701171875, -0.00244140625, -0.072265625, -0.04296875, -0.042724609375, 0.035888671875, -0.01708984375, -0.044921875, 0.001861572265625, -0.01043701171875, -0.04638671875, 0.052490234375, -0.022705078125, 0.05078125, -0.02734375, -0.058837890625, -0.025146484375, -0.01470947265625, -0.0240478515625, -0.00958251953125, -0.076171875, 0.05078125, -0.0054931640625, 0.022705078125, 0.033935546875, -0.00182342529296875, 0.036376953125, 0.007598876953125, 0.025390625, -0.0286865234375, 0.00098419189453125, 0.0098876953125, 0.00823974609375, -0.029541015625, 0.01953125, -0.0211181640625, -0.01544189453125, -0.0025482177734375, 0.0286865234375, 0.030029296875, -0.0123291015625, 0.0179443359375, -0.0986328125, 3.4332275390625e-05, 0.0029754638671875, 0.0244140625, 0.06396484375, 0.0341796875, -0.046630859375, -0.01092529296875, -0.000331878662109375, 0.0303955078125, 0.00885009765625, -0.030029296875, 0.0208740234375, -0.01556396484375, -0.03955078125, 0.01251220703125, -0.041748046875, -0.03125, 0.0537109375, 0.017822265625, 0.010009765625, -0.0166015625, 0.00128936767578125, 0.078125, 0.00994873046875, 0.04296875, 0.00537109375, 0.009521484375, 0.00186920166015625, 0.0537109375, 0.010009765625, -0.033935546875, -0.01953125, 0.00787353515625, -0.021728515625, -0.045654296875, -0.0281982421875, -0.0206298828125, 0.060546875, 0.0262451171875, -0.044677734375, 0.01043701171875, 0.010986328125, -0.024169921875, -0.037353515625, 0.009765625, 0.0263671875, 0.0546875, 0.04833984375, -0.018798828125, -0.0093994140625, -0.055419921875, -0.06640625, -0.017822265625, 0.0034027099609375, 0.00262451171875, 0.031982421875, -0.005767822265625, -0.019775390625, 0.0035858154296875, 0.048828125, -0.0167236328125, 0.05517578125, 0.03369140625, -0.0164794921875, 0.0238037109375, 0.0238037109375, -0.0263671875, -0.03564453125, 0.004425048828125, 0.024169921875, 0.0145263671875, 0.038330078125, 0.07373046875, 0.016845703125, -0.01385498046875, 0.058349609375, 0.000568389892578125, 0.005828857421875, 0.027099609375, 0.043701171875, -0.07373046875, 0.00933837890625, 0.03564453125, 0.01953125, 0.0213623046875, 0.010986328125, 0.044921875, 0.033447265625, -0.07373046875, 0.014892578125, 0.013427734375, -0.01220703125, 0.0211181640625, -0.01434326171875, -0.0240478515625, -0.030517578125, 0.012451171875, -0.049072265625, -0.0712890625, 0.0654296875, -0.0023956298828125, 0.0390625, 0.00921630859375, 0.0157470703125, -0.004547119140625, -0.0615234375, 0.01177978515625, -0.04052734375, 0.003570556640625, -0.025146484375, 0.0537109375, 0.0213623046875, -0.0240478515625, 0.02978515625, -0.0079345703125, -0.0203857421875, -0.017333984375, 0.047119140625, -0.023193359375, 0.0159912109375, 0.01806640625, -0.002685546875, -0.0086669921875, -0.00946044921875, -0.01116943359375, 0.007476806640625, 0.0032196044921875, 0.038330078125, 0.078125, -0.0849609375, -0.01409912109375, -0.006011962890625, 0.02978515625, 0.0286865234375, 0.0145263671875, 0.0113525390625, 0.0198974609375, 0.01953125, 0.045654296875, -0.04736328125, 0.042724609375, -0.023681640625, -0.043701171875, -0.0150146484375, 0.031494140625, 0.051513671875, 0.03466796875, 0.06396484375, 0.0029144287109375, 0.00616455078125, -0.0179443359375, 0.0191650390625, 0.0098876953125, 0.039794921875, -0.06494140625, 0.0093994140625, 0.01031494140625, 2.574920654296875e-05, -0.041259765625, -0.037353515625, 0.027587890625, -0.031982421875, 0.025390625, 0.03759765625, 0.0123291015625, -0.0036468505859375, -0.015869140625, -0.0166015625, 0.0218505859375, 0.00433349609375, -0.0213623046875, -0.00848388671875, -0.00634765625, -0.0162353515625, 0.0341796875, -0.029052734375, -0.00145721435546875, 0.01409912109375, -0.030517578125, 0.047119140625, 0.07275390625, 0.08251953125, -0.005157470703125, -0.0015869140625, -0.08740234375, 0.048828125, 0.01806640625, -0.0213623046875, 0.0035552978515625, 0.044677734375, -0.0115966796875, -0.03857421875, -0.029052734375, -0.01361083984375, 0.0230712890625, 0.025146484375, 0.01165771484375, 0.01806640625, 0.051025390625, -0.040283203125, -0.0228271484375, 0.006500244140625, -0.01251220703125, -0.00604248046875, -0.00531005859375, 0.006683349609375, 0.041259765625, 0.00433349609375, 0.0277099609375, -0.0595703125, 0.01068115234375, 0.005462646484375, -0.0498046875, 0.01544189453125, -0.048095703125, 0.01806640625, 0.0556640625, 0.0098876953125, -0.0076904296875, 0.078125, 0.00933837890625, -0.027587890625, -0.01446533203125, -0.0093994140625, -0.014892578125, -0.021484375, 0.0142822265625, -0.01092529296875, 0.00799560546875, 0.0028839111328125, 0.018798828125, -0.0026702880859375, 0.019775390625, -0.023681640625, -0.040771484375, -3.4809112548828125e-05, 0.04345703125, 0.02587890625, -0.00726318359375, -0.0107421875, -0.028076171875, 0.047119140625, -0.00482177734375, -0.01123046875, -0.0240478515625, -0.043701171875, -0.044921875, 0.01458740234375, 0.00787353515625, 0.00946044921875, -0.00119781494140625, 0.08984375, 0.021240234375, 0.000270843505859375, 0.0118408203125, 0.0081787109375, 0.01806640625, -0.024169921875, 0.04443359375, 0.0166015625, -0.0308837890625, 0.04736328125, 0.0036163330078125, 0.01708984375, 0.029052734375, -0.0286865234375, -0.009033203125, -0.005218505859375, 0.0284423828125, 0.04248046875, 0.07568359375, -0.0390625, 0.0159912109375, -0.062255859375, -0.03466796875, -0.00714111328125, -0.00177764892578125, -0.060546875, -0.01556396484375, 0.0277099609375, -0.0098876953125, 0.0145263671875, -0.017333984375, -0.0052490234375, 0.0257568359375, -0.002532958984375, 0.00225830078125, 0.027587890625, 0.0067138671875, 0.005950927734375, -0.002899169921875, -0.00390625, -0.0067138671875, 0.0311279296875, -0.01318359375, -0.00090789794921875, -0.0361328125, -0.04052734375, -0.01153564453125, 0.06640625, 0.0184326171875, -0.04541015625, 0.01055908203125, 0.03466796875, -0.08349609375, 0.036865234375, 0.007293701171875, -0.037841796875, 0.033203125, -2.872943878173828e-05, 0.005615234375, 0.01953125, -0.00579833984375, 0.0233154296875, -0.0286865234375, -0.00811767578125, 0.037841796875, 0.0224609375, 0.037841796875, -0.0189208984375, -0.0439453125, -0.033935546875, 0.00726318359375, 0.060791015625, -0.036865234375, 0.01470947265625, -0.032470703125, 0.015625, -0.0311279296875, -0.00762939453125, -0.031982421875, 0.017578125, -0.00616455078125, 0.0218505859375, -0.042236328125, -0.007293701171875, -0.036865234375, -0.041259765625, 0.023681640625, -0.0206298828125, 0.048095703125, -0.01953125, -0.02734375, 0.022216796875, 0.03173828125, -0.0189208984375, 0.047119140625, -0.0147705078125, -0.057861328125, -0.03955078125, -0.030517578125, 0.048095703125, -0.0211181640625, 0.004241943359375, 0.01409912109375, 0.01422119140625, -0.022705078125, -0.001556396484375, -0.0257568359375, -0.007171630859375, -0.0250244140625, 0.0179443359375, 0.00439453125, 0.0262451171875, -0.0037994384765625, 0.03857421875, 0.052490234375, 0.028564453125, 0.0498046875, -0.00113677978515625, -0.036865234375, -0.06591796875, -0.0120849609375, -0.02685546875, -0.08349609375, -0.043701171875, -0.01275634765625, -0.005584716796875, -0.0008544921875, -0.03857421875, -0.002227783203125, 0.025390625, -0.0286865234375, 0.012451171875, -0.01495361328125, -0.0299072265625, 0.03271484375, -0.036865234375, -0.0262451171875, -0.007568359375, 0.017333984375, 0.0771484375, 0.0191650390625, -0.03515625, 0.016357421875, 0.01953125, -0.00799560546875, 0.01904296875, 0.057861328125, 0.0517578125, -0.0380859375, 0.01165771484375, -0.0299072265625, -0.037353515625, -0.003448486328125, 0.0118408203125, 0.0262451171875, 0.021240234375, 0.057373046875, -0.00738525390625, 0.01422119140625, -0.06103515625, 0.01556396484375, -0.0027923583984375, -0.035888671875, -0.060791015625, -0.045654296875, 