{"movie": "wwdc2025", "offset": 446, "text_offset": 440, "embedding": [-0.018798828125, 0.023681640625, -0.00927734375, 0.0198974609375, -0.046630859375, 0.01446533203125, 0.017333984375, -0.006134033203125, -0.029541015625, 0.0069580078125, -0.0286865234375, 0.0263671875, -0.0022735595703125, -0.039794921875, 0.001922607421875, -0.0228271484375, 0.0213623046875, 0.01458740234375, 0.0033111572265625, -0.057861328125, 0.005218505859375, -0.02685546875, -0.01495361328125, -0.0084228515625, -0.009765625, -0.033935546875, 0.000736236572265625, -0.0213623046875, -0.048828125, -0.044677734375, -0.059814453125, -0.06689453125, 0.04736328125, 0.009521484375, 0.00628662109375, -0.0076904296875, 0.021240234375, 0.0673828125, -0.03955078125, -0.0166015625, -0.025146484375, -0.012939453125, -0.0108642578125, 0.0021820068359375, -0.02001953125, -0.01434326171875, -0.041259765625, 0.0166015625, -0.0267333984375, 0.01312255859375, 0.0012054443359375, -0.003936767578125, 0.046630859375, 0.005462646484375, -0.06005859375, 0.033203125, -0.040771484375, 0.030029296875, 0.04345703125, -0.05517578125, -0.0106201171875, 0.0308837890625, -0.0213623046875, 0.00848388671875, -0.051513671875, -0.00019550323486328125, 0.029541015625, -0.0546875, -0.07421875, -0.0022430419921875, 0.0177001953125, 0.0277099609375, 0.00836181640625, -0.0260009765625, -0.0281982421875, 0.0303955078125, 0.05078125, -0.0135498046875, -0.0255126953125, 0.0224609375, 0.005767822265625, 0.0198974609375, 0.0012359619140625, -0.048828125, -0.0147705078125, -0.006805419921875, 0.02001953125, -0.033935546875, -0.0159912109375, -0.007293701171875, -0.049072265625, 0.059814453125, -0.0213623046875, -0.0186767578125, -0.033935546875, 0.0025482177734375, -0.0208740234375, -0.052978515625, -0.01446533203125, 0.034912109375, -0.00872802734375, -0.027587890625, 0.0203857421875, 0.00897216796875, -0.0556640625, -0.0419921875, -0.00482177734375, -0.01019287109375, 0.02685546875, -0.0166015625, 0.0179443359375, -0.044921875, -0.06396484375, 0.00567626953125, -0.00726318359375, 0.08740234375, -0.00186920166015625, 0.0145263671875, -0.0286865234375, 0.0135498046875, -0.0177001953125, 0.00830078125, -0.01165771484375, 0.006622314453125, -0.012939453125, 0.041259765625, 0.043701171875, -0.01092529296875, -0.01275634765625, 0.052490234375, -0.0107421875, -0.01953125, 0.02099609375, 0.03857421875, -0.00909423828125, 0.02099609375, 0.0303955078125, -0.035888671875, -0.044921875, -0.035400390625, 0.03125, 0.01220703125, -0.037109375, 0.03857421875, -0.0400390625, -0.006134033203125, 0.0859375, 0.0233154296875, -0.045654296875, 0.00164794921875, -0.016845703125, -0.040283203125, -0.0303955078125, 0.0400390625, 0.060546875, 0.052001953125, 0.008544921875, 0.015625, -0.07177734375, -0.0218505859375, -0.001739501953125, -0.06640625, -0.02197265625, 0.001617431640625, 0.00933837890625, -0.002655029296875, 0.01165771484375, -0.003997802734375, 0.0137939453125, -0.00066375732421875, -6.4849853515625e-05, 0.0245361328125, 0.006500244140625, 0.0032501220703125, -0.01116943359375, -0.01409912109375, -0.0157470703125, -0.0064697265625, 0.00994873046875, -0.0380859375, 0.008056640625, -0.00848388671875, 0.04833984375, -0.0262451171875, -0.019287109375, 0.00103759765625, -0.000896453857421875, 0.02685546875, 0.02099609375, -0.01446533203125, -0.04931640625, 0.012939453125, 0.05615234375, 0.00762939453125, 0.00115203857421875, 0.0069580078125, 0.01226806640625, -0.02587890625, 0.0106201171875, 0.04736328125, 0.03173828125, 0.0546875, -0.01519775390625, 0.01422119140625, -0.00408935546875, 0.0245361328125, 0.043701171875, 0.04833984375, -0.03173828125, -0.004638671875, -0.0546875, -0.013916015625, -0.0299072265625, 0.0107421875, 0.0230712890625, -0.0380859375, 0.032470703125, -0.0029754638671875, -0.0185546875, 0.033203125, -0.0048828125, 0.0164794921875, 0.03271484375, 0.01275634765625, -0.001312255859375, -0.02099609375, 0.00897216796875, 0.05712890625, 0.06640625, -0.028076171875, 0.018798828125, 0.0115966796875, 0.005096435546875, 0.02783203125, -0.044677734375, 0.019287109375, -0.007598876953125, -0.059814453125, -0.0556640625, 0.049072265625, 0.0238037109375, -0.06640625, -0.030517578125, 0.057861328125, 0.00335693359375, -0.03857421875, -0.0238037109375, 0.0308837890625, 0.0615234375, 0.0206298828125, -0.000766754150390625, 0.025146484375, -0.01141357421875, -0.04296875, -0.05029296875, -0.004974365234375, -0.04443359375, -0.00823974609375, 0.0069580078125, -0.057861328125, -0.005615234375, 0.0218505859375, 0.04345703125, 0.007476806640625, 0.0498046875, 0.0020294189453125, -0.02783203125, 0.04296875, -0.05908203125, -0.008056640625, -0.01953125, 0.0115966796875, -0.0341796875, 0.0625, -0.01312255859375, 0.034912109375, -0.019287109375, -0.01904296875, -0.044677734375, 0.00927734375, -0.0166015625, 0.004486083984375, 0.0030059814453125, 0.013916015625, 0.019287109375, -0.0135498046875, -0.036376953125, 0.0050048828125, 0.0174560546875, -0.01116943359375, 0.049072265625, -0.039306640625, 0.008544921875, -0.076171875, 0.0033111572265625, -0.029541015625, 0.0157470703125, 0.0341796875, -0.03857421875, -0.024169921875, -0.08349609375, -0.006622314453125, 0.00933837890625, -0.00457763671875, 0.0037384033203125, 0.036865234375, 0.0177001953125, -0.0078125, -0.0390625, -0.01495361328125, -0.00494384765625, -0.01446533203125, 0.0238037109375, -0.0164794921875, -0.044677734375, -0.00714111328125, -0.033935546875, -0.01153564453125, 0.0064697265625, -0.006103515625, -0.028564453125, 0.0179443359375, 0.017333984375, 0.0185546875, 0.0625, -0.0201416015625, -0.04541015625, -0.0184326171875, -0.02099609375, -0.056884765625, -0.0033111572265625, -0.03662109375, -0.00982666015625, 0.018798828125, -0.01434326171875, 0.00897216796875, -0.0654296875, 0.0125732421875, 0.0198974609375, 0.00848388671875, 0.0064697265625, -0.05908203125, 0.0108642578125, 0.0390625, -0.0162353515625, -0.0135498046875, 0.0238037109375, 0.0218505859375, 0.025390625, 0.009521484375, 0.0034027099609375, 0.0029754638671875, 0.0245361328125, 0.0126953125, -0.056396484375, -0.0179443359375, -0.0380859375, 0.0284423828125, -0.01202392578125, 0.01153564453125, 0.040283203125, -0.006500244140625, 0.030517578125, 0.005096435546875, -0.0235595703125, 0.021484375, -0.01385498046875, -0.0157470703125, -0.0235595703125, -0.01904296875, 0.050048828125, 0.03662109375, 0.051025390625, 0.043701171875, -0.02587890625, -0.0159912109375, 0.0230712890625, 0.016357421875, -0.00714111328125, -0.00701904296875, -0.05810546875, 0.048095703125, -0.0233154296875, 0.0107421875, -0.033935546875, -0.01434326171875, -0.024658203125, -0.052978515625, 0.00136566162109375, -0.05029296875, -0.03271484375, -0.004425048828125, 0.02734375, 0.00701904296875, 0.0218505859375, -0.0654296875, -0.0179443359375, -0.0074462890625, 0.02978515625, 0.021240234375, 0.0238037109375, -0.052734375, -0.05810546875, 0.00738525390625, -0.00897216796875, 0.08984375, 0.015625, -0.034912109375, 0.01287841796875, -0.028564453125, -0.000244140625, -0.044677734375, -0.068359375, 0.002899169921875, -0.06103515625, 0.0230712890625, -0.03173828125, 0.040771484375, -0.0311279296875, 0.040771484375, 0.0272216796875, 0.03466796875, 0.0120849609375, -0.01165771484375, 0.03955078125, -0.00482177734375, 0.02490234375, -0.0126953125, -0.0238037109375, 0.00885009765625, 0.0230712890625, -0.031982421875, -0.0010528564453125, -0.046630859375, -0.022216796875, 0.0302734375, -0.03173828125, -0.054443359375, 0.0037384033203125, 0.0179443359375, 0.00885009765625, -0.0064697265625, -0.083984375, -0.0172119140625, -0.0224609375, 0.03125, 0.0152587890625, -0.01318359375, 0.0166015625, 0.01324462890625, -0.01495361328125, 0.068359375, 0.03759765625, 0.048095703125, -0.0263671875, 0.048095703125, -0.0245361328125, -0.03662109375, -0.035400390625, 0.01068115234375, 0.0390625, 0.01165771484375, 0.030029296875, -0.03369140625, 0.0238037109375, 0.01226806640625, 0.0625, 0.0208740234375, -0.021240234375, -0.0150146484375, -0.0849609375, 0.01953125, 0.03125, 