{"movie": "wwdc2025", "offset": 372, "text_offset": 360, "embedding": [0.026123046875, -0.01409912109375, 0.009765625, -0.000637054443359375, -0.04296875, -0.016357421875, 0.0009002685546875, 0.01556396484375, 0.043701171875, 0.0028839111328125, 0.008056640625, 0.026611328125, -0.00927734375, -0.0400390625, -0.0301513671875, 0.0096435546875, -0.0140380859375, 0.0079345703125, 0.006500244140625, -0.05908203125, -0.020263671875, -0.07275390625, 0.0093994140625, 0.0184326171875, 0.036865234375, -0.044921875, 0.009521484375, -0.026611328125, -0.02880859375, 0.0120849609375, -0.0400390625, -0.08837890625, 0.028076171875, -0.0123291015625, -0.018798828125, 0.01708984375, 0.032958984375, 0.0157470703125, -0.0015106201171875, 0.0184326171875, 0.011962890625, -0.00982666015625, -0.02099609375, -0.03076171875, 0.00135040283203125, -0.002166748046875, -0.061279296875, -0.0125732421875, -0.0025482177734375, -0.0015106201171875, -0.006134033203125, 0.00130462646484375, 0.0390625, -0.0208740234375, -0.051513671875, -0.0264892578125, 0.01336669921875, 0.0458984375, 0.033935546875, -0.018310546875, -0.0888671875, -0.0013427734375, -0.0069580078125, -0.0262451171875, -0.0026397705078125, 0.004058837890625, 0.032958984375, -0.025634765625, -0.0546875, -0.008544921875, -0.025146484375, 0.017333984375, 0.0245361328125, -0.008544921875, -0.006011962890625, -0.0017242431640625, 0.0400390625, -0.036376953125, 0.00933837890625, 0.02294921875, 0.01904296875, 0.0311279296875, 0.05126953125, -0.033447265625, -0.040771484375, -0.043701171875, -0.003997802734375, -0.0311279296875, -0.0177001953125, -0.0002307891845703125, -0.0291748046875, 0.014404296875, 0.033447265625, -0.01092529296875, 0.02099609375, 0.01519775390625, -0.01361083984375, -0.0301513671875, -0.03662109375, 0.0281982421875, 0.040283203125, -0.016357421875, -0.004425048828125, -0.0235595703125, -0.017333984375, -0.0771484375, 0.023681640625, 0.00787353515625, 0.053955078125, 0.00116729736328125, 0.02783203125, -0.041748046875, -0.0478515625, -0.0137939453125, -0.0260009765625, 0.01300048828125, 0.00689697265625, -0.023193359375, -0.0277099609375, 0.03857421875, -0.0087890625, -0.0027618408203125, 0.0054931640625, 0.0074462890625, -0.000732421875, 0.0118408203125, 0.0341796875, 0.010498046875, -0.0177001953125, 0.060546875, 0.004547119140625, -0.05810546875, 0.037109375, -0.00159454345703125, -0.062255859375, 0.00640869140625, -0.0206298828125, 0.0096435546875, -0.053466796875, -0.0245361328125, -0.02001953125, 0.006317138671875, -0.068359375, 0.05029296875, -0.042236328125, -0.04931640625, 0.0205078125, 0.037353515625, -0.08203125, -0.017822265625, -0.01312255859375, -0.061767578125, -0.031494140625, 0.029296875, 0.0262451171875, 0.022216796875, 0.013671875, -0.0341796875, -0.0260009765625, 0.018310546875, 0.048095703125, -0.0264892578125, 0.03662109375, -0.004547119140625, 0.04638671875, 0.006103515625, -0.041748046875, 0.0142822265625, 0.01708984375, -0.033935546875, -0.027099609375, 0.053466796875, -0.020263671875, 0.026123046875, 0.0211181640625, -0.0007476806640625, 0.000762939453125, -0.0341796875, 0.01483154296875, 0.0169677734375, -0.015869140625, 0.039306640625, 0.013916015625, -0.0380859375, 0.00885009765625, 0.0257568359375, 0.01031494140625, -0.027587890625, -0.004547119140625, 0.0252685546875, -0.027099609375, 0.0277099609375, 0.05908203125, -0.0115966796875, 0.01275634765625, -0.04833984375, 0.018310546875, 0.0390625, 0.028076171875, 0.032470703125, 0.0198974609375, 0.0286865234375, -0.00469970703125, -0.00469970703125, 0.00897216796875, 0.00191497802734375, 0.0341796875, 0.0257568359375, -0.0693359375, -0.0157470703125, -0.0225830078125, 0.008544921875, -0.01153564453125, -0.049072265625, 0.0213623046875, -0.04052734375, 0.03515625, 0.028076171875, 0.033447265625, 0.00408935546875, -0.06298828125, -0.01708984375, -0.0018310546875, 0.0218505859375, 0.00836181640625, -0.023193359375, 0.00604248046875, 0.0016326904296875, 0.09912109375, -0.0025634765625, 0.03271484375, 0.00445556640625, 0.01104736328125, -0.01275634765625, 0.0257568359375, 0.0703125, 0.0087890625, -0.007598876953125, -0.014404296875, 0.0308837890625, 0.027587890625, -0.02734375, 0.042236328125, 0.044189453125, -0.0244140625, -0.040771484375, -0.039306640625, 0.06298828125, 0.06298828125, 0.0299072265625, -0.007476806640625, 0.0245361328125, 0.068359375, -0.0003871917724609375, -0.0194091796875, 0.0380859375, -0.008544921875, -0.0159912109375, -0.0306396484375, -0.0142822265625, 0.0037841796875, -0.013671875, -0.01708984375, -0.010498046875, -0.0264892578125, -0.00933837890625, 0.002838134765625, -0.022705078125, -0.060302734375, 0.0400390625, -0.0196533203125, 0.01556396484375, -0.0157470703125, 0.06396484375, -0.005218505859375, 0.06298828125, -0.041748046875, 0.001312255859375, -0.008544921875, -0.00173187255859375, -0.01177978515625, 0.015625, -0.005645751953125, -0.021484375, 0.03076171875, -0.0196533203125, 0.02197265625, 0.006683349609375, -0.053955078125, -0.005218505859375, 0.078125, -0.0390625, 0.035888671875, 0.0022430419921875, 0.01336669921875, 0.041259765625, -0.042236328125, 0.0086669921875, -0.0130615234375, -0.02734375, -0.04296875, 0.01519775390625, 0.051025390625, -0.00384521484375, 0.0032196044921875, 0.008544921875, 0.026123046875, -0.037109375, 0.0177001953125, -0.01409912109375, 0.039794921875, -0.0208740234375, 0.0111083984375, 0.01226806640625, -0.033447265625, 0.05126953125, -0.0269775390625, -0.005218505859375, -0.0052490234375, -0.0296630859375, -0.04541015625, 0.0196533203125, 0.01531982421875, 0.0185546875, 0.004425048828125, 0.002899169921875, -0.053466796875, -0.01239013671875, -0.060302734375, -0.01611328125, 0.0220947265625, -0.0299072265625, -0.0021209716796875, 0.02392578125, -0.0439453125, -0.0225830078125, -0.040283203125, 0.0322265625, -0.058349609375, -0.00738525390625, -0.01904296875, -0.0147705078125, 0.0235595703125, -0.01019287109375, -0.000568389892578125, -0.0250244140625, -0.00933837890625, 0.01953125, -0.01275634765625, -0.028076171875, 0.008544921875, 0.0257568359375, -0.02978515625, -0.004241943359375, -0.03515625, 0.0002574920654296875, -0.017822265625, 0.022216796875, -0.0196533203125, 0.0157470703125, 0.0167236328125, -0.00147247314453125, 0.0089111328125, 0.0157470703125, 0.03466796875, 0.002288818359375, 0.0025482177734375, 0.017822265625, -0.0157470703125, -0.0023040771484375, 0.039794921875, 0.0047607421875, -0.0146484375, -0.0181884765625, -0.0002899169921875, 0.0167236328125, 0.051513671875, 0.0308837890625, -0.017578125, -0.015380859375, -0.04541015625, 0.0859375, -0.05224609375, -0.028076171875, -0.0157470703125, -0.01043701171875, 0.024169921875, -0.01153564453125, 0.01226806640625, -0.05224609375, -0.0615234375, 0.00714111328125, 0.02880859375, -0.00147247314453125, -0.040771484375, -0.0001201629638671875, -0.060302734375, 0.0031280517578125, 0.00836181640625, 0.0015106201171875, -0.01312255859375, 0.0225830078125, -0.068359375, -0.01904296875, -0.052978515625, 0.01287841796875, 0.009033203125, -0.00982666015625, -0.00921630859375, -0.0133056640625, -0.0218505859375, 0.00128173828125, -0.07861328125, 0.033447265625, -0.0576171875, 0.0159912109375, 0.007537841796875, 0.05029296875, 0.004119873046875, 0.0390625, 0.076171875, 0.02880859375, -0.00122833251953125, 0.03466796875, 0.0047607421875, -0.0184326171875, 0.006378173828125, -0.0118408203125, -0.05419921875, -0.0033721923828125, 0.040283203125, -0.005767822265625, 0.013916015625, 0.0322265625, 0.051025390625, 0.02392578125, -0.0198974609375, 0.0016632080078125, -0.01287841796875, -0.009765625, 0.028076171875, 0.0211181640625, -0.051025390625, 0.02392578125, 0.00439453125, 0.083984375, -0.060791015625, 0.0047607421875, 0.0111083984375, -0.007659912109375, -0.00921630859375, 0.0380859375, 0.04736328125, 0.0123291015625, -0.021484375, 0.03466796875, 0.023681640625, -0.033447265625, -0.04833984375, -0.0162353515625, 0.0135498046875, 0.0159912109375, 0.0206298828125, -0.060302734375, 0.00921630859375, 0.007171630859375, 