{"movie": "wwdc2025", "offset": 526, "text_offset": 520, "embedding": [0.0284423828125, 0.031494140625, -0.0211181640625, -0.0260009765625, -0.050537109375, -0.0185546875, -0.0081787109375, -0.031982421875, 0.01483154296875, 0.034423828125, 0.0087890625, 0.040771484375, 0.005462646484375, -0.05908203125, -0.0164794921875, -0.0081787109375, 0.01385498046875, -0.0218505859375, -0.002593994140625, -0.017822265625, -0.00482177734375, -0.03369140625, 0.01458740234375, -0.0673828125, 0.037841796875, 0.01397705078125, -0.040771484375, 0.0030059814453125, 0.0264892578125, 0.005126953125, -0.0322265625, -0.047119140625, 0.0205078125, 0.0284423828125, 0.00860595703125, 0.007537841796875, 0.0022735595703125, 0.0009765625, -0.0033416748046875, 0.01092529296875, -0.048583984375, 0.0115966796875, -0.0087890625, 0.000591278076171875, -0.0400390625, 0.0181884765625, -0.06298828125, 0.017578125, -0.0174560546875, 0.0167236328125, -0.0284423828125, 0.01312255859375, 0.0252685546875, -0.059814453125, 0.01300048828125, -0.0220947265625, -0.025634765625, 0.0081787109375, 0.0177001953125, -0.0111083984375, -0.031494140625, 0.003997802734375, 0.0252685546875, 0.031494140625, -0.01416015625, 0.028076171875, -0.01434326171875, -0.033447265625, 0.01275634765625, -0.0284423828125, 0.042724609375, 0.01171875, 0.05126953125, -0.0263671875, -0.0081787109375, -0.008056640625, 0.032958984375, -0.0064697265625, 0.0025482177734375, 0.01324462890625, -0.003997802734375, 0.03369140625, 0.048828125, -0.006805419921875, -0.00909423828125, -0.0517578125, -0.0027008056640625, -0.0189208984375, -0.03125, -0.007537841796875, -0.027099609375, 0.0181884765625, -0.0218505859375, -0.0390625, 0.0103759765625, 0.0081787109375, -0.031494140625, -0.07177734375, 0.01031494140625, 0.02001953125, -0.01336669921875, 0.043212890625, -0.047607421875, -0.0240478515625, -0.059814453125, -0.07177734375, 0.002349853515625, 0.01953125, -0.0052490234375, 0.02001953125, -0.0181884765625, -0.027099609375, -0.06103515625, 0.036376953125, -0.058349609375, 0.059814453125, 0.048828125, -0.055908203125, 0.0135498046875, 0.01544189453125, -0.0308837890625, -0.0308837890625, -0.0020904541015625, 0.0027923583984375, -0.0181884765625, 0.043212890625, 0.043212890625, 0.06298828125, -0.040771484375, 0.0203857421875, 0.03759765625, -0.048828125, -0.00933837890625, 0.030517578125, -0.05419921875, -0.01275634765625, 0.04052734375, -0.01153564453125, -0.0128173828125, -0.0164794921875, 0.0264892578125, 0.0206298828125, -0.0517578125, 0.019775390625, -0.0096435546875, -0.03271484375, -0.00787353515625, -0.0150146484375, -0.030029296875, -0.01507568359375, -0.020751953125, -0.0296630859375, 0.00946044921875, 0.0034332275390625, 0.037841796875, 0.0400390625, 0.00677490234375, 0.0096435546875, -0.055908203125, -0.004547119140625, -0.0020751953125, -0.044677734375, 0.04541015625, -0.00640869140625, 0.031494140625, 0.0113525390625, -0.016357421875, 0.0238037109375, -0.0024261474609375, -0.04296875, -0.032958984375, 0.04296875, -0.044677734375, 0.02685546875, 0.0228271484375, 0.00830078125, -0.031494140625, -0.006561279296875, -0.014404296875, 0.00787353515625, -0.00098419189453125, 0.01123046875, 0.06689453125, -0.07080078125, 0.004852294921875, 0.0218505859375, -0.00555419921875, 0.017333984375, -0.00982666015625, 0.00640869140625, -0.0081787109375, 0.036865234375, 0.01068115234375, 0.0235595703125, 0.08984375, 0.007537841796875, 0.0098876953125, -0.0283203125, -0.02392578125, 0.055419921875, 0.01080322265625, 0.061767578125, 0.0230712890625, -0.03173828125, -0.006561279296875, 0.0146484375, 0.01324462890625, 0.04248046875, -0.0908203125, -0.0284423828125, -0.0157470703125, -0.027587890625, 0.0223388671875, -0.04541015625, 0.03564453125, -0.0164794921875, 0.0128173828125, 0.00946044921875, 0.014404296875, -0.009765625, -0.048583984375, 0.00921630859375, 0.0030059814453125, 0.033447265625, 0.0019683837890625, 0.054443359375, -0.0050048828125, -0.01708984375, 0.078125, -0.0128173828125, 0.00958251953125, -0.00051116943359375, -0.03271484375, -0.017822265625, 0.033935546875, 0.06884765625, 0.0040283203125, -0.004638671875, -0.01153564453125, 0.057861328125, 0.030517578125, -0.05126953125, -0.0235595703125, 0.048583984375, -0.040771484375, -0.06298828125, 0.002838134765625, -0.006683349609375, 0.0111083984375, 0.054931640625, -0.01458740234375, -0.004608154296875, -0.00015354156494140625, -0.037841796875, -0.047119140625, 0.030517578125, -0.0654296875, -0.041259765625, 0.01458740234375, 0.002166748046875, 0.06982421875, 0.01141357421875, 0.040771484375, -0.052734375, -0.0181884765625, -0.038330078125, -0.01202392578125, -0.00921630859375, -0.043701171875, -0.01434326171875, 0.011962890625, 0.021484375, -0.033447265625, 0.0576171875, -0.00970458984375, 0.00982666015625, -0.080078125, -0.0086669921875, -0.0419921875, -0.03515625, -0.0234375, -0.0167236328125, 0.000598907470703125, -0.022216796875, 0.0341796875, -0.037109375, 0.01177978515625, -0.00933837890625, -0.00958251953125, 0.01055908203125, -0.01434326171875, 0.0284423828125, -0.00396728515625, -0.0289306640625, 0.0223388671875, 0.0341796875, 0.002105712890625, -0.046142578125, -0.0196533203125, -0.060791015625, -0.019287109375, -0.022216796875, -0.005950927734375, 0.02587890625, -0.0185546875, 0.041015625, -0.00188446044921875, 0.002838134765625, 0.03125, -0.0021820068359375, 0.02001953125, -0.003936767578125, 0.0024261474609375, 0.0296630859375, -0.0625, 0.060791015625, 0.00848388671875, -0.0517578125, 0.02001953125, -0.022705078125, 0.01104736328125, 0.01055908203125, 0.037841796875, 0.052978515625, 0.06689453125, 0.01446533203125, -0.0220947265625, -0.05126953125, -0.01611328125, -0.04931640625, 0.048828125, -0.03125, -0.01031494140625, 0.017822265625, -0.01025390625, 0.0167236328125, -0.01953125, -0.0167236328125, 0.005859375, 0.0224609375, -0.007720947265625, -0.013427734375, 0.00738525390625, -0.00958251953125, -0.03466796875, -0.0167236328125, 0.0341796875, 0.037353515625, -0.011962890625, 0.006011962890625, -0.06982421875, -0.015380859375, -0.0400390625, 0.038818359375, -0.01483154296875, -0.0400390625, 0.02587890625, 0.06005859375, -0.078125, -0.005279541015625, 0.02099609375, -0.01416015625, 0.015869140625, 0.019775390625, 0.0113525390625, -0.0064697265625, 0.020263671875, 0.00762939453125, -0.0308837890625, 0.020263671875, 0.060302734375, 0.0693359375, -0.0303955078125, 0.0002880096435546875, -0.033447265625, -0.00946044921875, 0.01092529296875, 0.0234375, -0.01611328125, 0.0189208984375, -0.07373046875, 0.0023651123046875, -0.044677734375, -0.0240478515625, -0.0096435546875, 0.031982421875, -0.0037384033203125, -0.051025390625, -0.025146484375, -0.006378173828125, -0.0255126953125, -0.034912109375, 0.036865234375, -0.0113525390625, -0.01519775390625, -0.01495361328125, -0.038330078125, 0.01263427734375, 0.05419921875, 0.0223388671875, 0.0169677734375, -0.024658203125, -0.0712890625, -0.021484375, -0.0284423828125, 0.050048828125, -0.0203857421875, -0.0311279296875, 0.027587890625, 0.027099609375, -0.00860595703125, 0.021484375, -0.04541015625, 0.0277099609375, -0.068359375, -0.000885009765625, 0.02001953125, 0.01495361328125, -0.016357421875, 0.01495361328125, 0.059814453125, 0.01953125, 0.01611328125, 0.00186920166015625, 0.01202392578125, -0.01141357421875, -0.01611328125, -0.035400390625, -0.08740234375, -0.054443359375, 0.0205078125, 0.00640869140625, 0.0035858154296875, 0.007720947265625, 0.0211181640625, -0.000690460205078125, -0.0255126953125, -0.0025482177734375, 0.0003204345703125, -0.0283203125, 0.06396484375, -0.044189453125, -0.0286865234375, 0.0135498046875, 0.03857421875, 0.03955078125, 0.0517578125, -0.054443359375, -0.058349609375, -0.0284423828125, -0.00860595703125, 0.00970458984375, 0.03515625, 0.08544921875, -0.02001953125, -0.0238037109375, -0.068359375, -0.035400390625, -0.04052734375, 0.03564453125, -0.01483154296875, 0.0042724609375, 0.0255126953125, -0.047119140625, 0.0322265625, -0.05419921875, 0.042236328125, 0.0128173828125, 