{"movie": "wwdc2025", "offset": 478, "text_offset": 460, "embedding": [-0.021728515625, 0.0439453125, 0.0179443359375, 0.0194091796875, -0.0634765625, -0.00543212890625, 0.00823974609375, 0.006317138671875, 0.03271484375, 0.06396484375, 0.0022125244140625, 0.00787353515625, 0.0081787109375, -0.0927734375, -0.0322265625, -0.0242919921875, 0.0208740234375, -0.000743865966796875, -0.056640625, -0.034912109375, -0.0098876953125, -0.0625, 0.0252685546875, -0.05224609375, 0.06396484375, 0.0223388671875, -0.057861328125, -0.04052734375, 0.01416015625, -0.0267333984375, 0.0262451171875, -0.0224609375, 0.004547119140625, 0.0279541015625, 0.01116943359375, 0.06298828125, 0.024169921875, 0.04931640625, 0.03076171875, 0.005859375, -0.032958984375, -0.0037689208984375, 0.0037994384765625, -0.032958984375, 0.0003490447998046875, 0.006195068359375, -0.038330078125, -0.04541015625, 0.0223388671875, -0.000762939453125, 0.010009765625, -0.0223388671875, 0.003204345703125, -0.057373046875, -0.036376953125, 0.0159912109375, -0.01397705078125, 0.0177001953125, 0.0224609375, -0.007080078125, -0.0003032684326171875, -0.03466796875, 0.0123291015625, -0.0111083984375, -0.0213623046875, 0.04443359375, -0.023193359375, -0.0218505859375, 0.0263671875, -0.0072021484375, -0.02587890625, 0.02734375, 0.0284423828125, -0.0113525390625, -0.00823974609375, 0.005828857421875, 0.043701171875, -0.044677734375, -0.01123046875, 0.051513671875, -0.015625, 0.06591796875, -0.017822265625, 0.0157470703125, -0.04638671875, -0.0703125, 0.02587890625, -0.002777099609375, -0.026611328125, -0.0028076171875, -0.033935546875, 0.019287109375, 0.0028533935546875, 0.01141357421875, 0.0177001953125, -0.0244140625, -0.02587890625, 0.010986328125, -0.01123046875, 0.0101318359375, 0.032470703125, 0.0311279296875, -0.0294189453125, -0.07177734375, -0.051513671875, -0.010498046875, -0.03271484375, 0.00323486328125, 0.0167236328125, 0.02587890625, 0.00982666015625, -0.006805419921875, 0.0101318359375, 0.060302734375, -0.0157470703125, 0.055908203125, 0.041015625, -0.005126953125, -0.005615234375, 0.056884765625, -0.01043701171875, -0.062255859375, 0.02783203125, -0.005615234375, 0.021484375, 0.017822265625, 0.0303955078125, 0.057861328125, 0.00160980224609375, 0.048583984375, 0.00445556640625, -0.002227783203125, 0.0537109375, 0.0303955078125, -0.068359375, 0.00555419921875, 0.015380859375, 0.0208740234375, -0.007659912109375, 0.000965118408203125, -0.0069580078125, 0.039794921875, -0.06787109375, 0.0174560546875, -0.033203125, -0.011962890625, -0.0028076171875, -0.0133056640625, -0.04443359375, -0.019287109375, 0.036376953125, -0.0556640625, -0.050537109375, 0.050537109375, -0.01220703125, 0.0263671875, 0.025634765625, -0.032958984375, -0.02734375, 0.0057373046875, -0.023193359375, -0.06298828125, 0.022216796875, -0.0162353515625, 0.07177734375, -0.0289306640625, 0.025146484375, 0.050537109375, -0.0478515625, -0.08203125, -0.0252685546875, 0.037841796875, -0.0380859375, 0.0159912109375, -0.0008087158203125, -0.041748046875, 0.007537841796875, 0.017578125, 0.00616455078125, 0.0400390625, 0.0020294189453125, 0.041748046875, 0.036865234375, -0.03125, -0.01220703125, -0.00494384765625, 0.025390625, 0.0615234375, -0.020263671875, 0.04931640625, -0.03515625, 0.0238037109375, 0.032958984375, 0.010498046875, 0.00732421875, -0.0301513671875, 0.000576019287109375, -0.0296630859375, 0.0205078125, 0.08203125, -0.01611328125, 0.01385498046875, -0.00167083740234375, 0.0274658203125, 0.038818359375, 0.0167236328125, -0.04150390625, 0.00799560546875, -0.04541015625, 0.019775390625, -0.04931640625, 0.04296875, -0.03076171875, -0.04296875, 0.013671875, -0.03857421875, -0.002685546875, 0.0167236328125, 0.0419921875, 0.0419921875, 0.02197265625, -0.043701171875, 0.07373046875, -0.00909423828125, 0.02099609375, -0.00069427490234375, 0.04052734375, -0.014892578125, -0.0181884765625, -0.0004730224609375, 0.005950927734375, 0.060302734375, -0.02294921875, 0.083984375, 0.047607421875, 0.044677734375, -0.017333984375, 0.00567626953125, -0.04443359375, 0.0157470703125, 0.04638671875, -0.042724609375, -0.0546875, 0.0277099609375, -0.0038299560546875, -0.021728515625, -0.01483154296875, 0.002197265625, -0.022216796875, 0.0086669921875, 0.0263671875, 0.011474609375, 0.035888671875, -0.047607421875, -0.00836181640625, 0.0517578125, -0.04248046875, 0.001617431640625, -0.025146484375, 0.03564453125, 0.0458984375, 0.00909423828125, -0.036376953125, -0.06396484375, 0.004730224609375, -0.000713348388671875, -0.04443359375, -0.01287841796875, -0.02880859375, 0.0419921875, 0.036865234375, -0.060302734375, -0.06884765625, 0.033447265625, -0.0196533203125, -0.053466796875, -0.06689453125, 0.0181884765625, -0.012939453125, 0.0517578125, -0.0286865234375, -0.04541015625, -0.0172119140625, 0.006195068359375, 0.0791015625, 0.0002288818359375, 0.00665283203125, -0.0174560546875, -0.0478515625, 0.01495361328125, 0.0306396484375, 0.0272216796875, 0.020751953125, -0.03564453125, -0.0013580322265625, 0.0299072265625, 0.00063323974609375, -0.0213623046875, -0.0311279296875, -0.01385498046875, -0.057373046875, 0.038818359375, -0.02978515625, 0.0419921875, -0.007110595703125, 0.06298828125, 0.00909423828125, -0.004119873046875, 0.035888671875, -0.0108642578125, -0.007476806640625, -0.00909423828125, 0.013671875, 0.031494140625, -0.0478515625, 0.01361083984375, 0.0419921875, -0.0052490234375, -0.031982421875, -0.02783203125, -0.0177001953125, 0.0223388671875, 0.00604248046875, -0.010986328125, 0.05126953125, -0.003997802734375, -0.0101318359375, -0.04345703125, -0.0291748046875, -0.0517578125, 0.0189208984375, -0.0244140625, -0.0081787109375, 0.032958984375, -0.03515625, -0.019287109375, 0.00079345703125, 0.00872802734375, -0.04052734375, -0.004791259765625, 0.00157928466796875, 0.007110595703125, -0.03466796875, -0.0146484375, -0.050537109375, 0.01025390625, 0.0191650390625, 0.022216796875, -0.004119873046875, 0.036865234375, 0.02685546875, -0.036865234375, -0.0296630859375, 0.0810546875, 0.033447265625, -0.033447265625, 0.017822265625, 0.0458984375, -0.060546875, 0.0252685546875, -0.022216796875, -0.00060272216796875, -0.0218505859375, -0.00506591796875, 0.0380859375, -0.031982421875, -0.01263427734375, -0.0128173828125, -0.0081787109375, 0.00921630859375, 0.006591796875, 0.010498046875, -0.01556396484375, -0.007476806640625, -0.04443359375, 0.0208740234375, 0.0111083984375, 0.0205078125, -0.033935546875, 0.0014190673828125, -0.03759765625, -0.0159912109375, 0.0087890625, -0.0181884765625, -0.0267333984375, -0.0157470703125, -0.004913330078125, 0.0125732421875, -0.055419921875, 0.01263427734375, -0.0291748046875, -0.0167236328125, 0.0057373046875, -0.0286865234375, -0.0103759765625, -0.0262451171875, 0.0096435546875, 0.0400390625, -0.0130615234375, -0.0167236328125, -0.000545501708984375, -0.021728515625, -0.035888671875, -0.01239013671875, 0.0034027099609375, 0.036865234375, -0.0400390625, -0.00933837890625, 0.0186767578125, 0.00848388671875, -0.02294921875, 0.0498046875, -0.0157470703125, -0.02099609375, -0.020751953125, 0.01336669921875, -0.012451171875, 0.050537109375, -0.02978515625, 0.05419921875, 0.042724609375, 0.0224609375, 0.051513671875, 0.0126953125, 0.0196533203125, -0.0242919921875, 0.0020599365234375, -0.00128173828125, -0.04736328125, -0.012939453125, 0.0223388671875, -0.0089111328125, 0.0311279296875, -0.0400390625, -0.021728515625, 0.059814453125, -0.0279541015625, -0.000583648681640625, 0.01214599609375, -0.0050048828125, 0.047607421875, -0.027099609375, -0.02099609375, 0.009521484375, 0.0242919921875, 0.0157470703125, 0.017578125, -0.000919342041015625, 0.0177001953125, -0.00732421875, 0.0157470703125, -0.0224609375, 0.058349609375, 0.068359375, 0.0164794921875, -0.02880859375, -0.06787109375, -0.035888671875, -0.06591796875, 0.043701171875, 0.0011749267578125, 0.0106201171875, 0.023193359375, -0.01953125, 0.04345703125, -0.058837890625, 0.023193359375, 0.0244140625, -0.057861328125, -0.043701171875, -0.01495361328125, -0.0286865234375, 