{"movie": "wwdc2025", "offset": 304, "text_offset": 300, "embedding": [0.0274658203125, 0.01953125, 0.0147705078125, 0.04931640625, -0.0133056640625, 0.0267333984375, -0.03125, -0.0238037109375, -0.0096435546875, 0.056884765625, -0.0059814453125, -0.01153564453125, -0.003692626953125, -0.048583984375, -0.021240234375, 0.039794921875, 0.0322265625, -0.01165771484375, 0.01519775390625, -0.01153564453125, 0.0135498046875, -0.025390625, -0.0302734375, -0.003387451171875, -0.0035552978515625, -0.0142822265625, -0.000637054443359375, 0.000972747802734375, -0.019287109375, -0.035888671875, -0.009521484375, -0.05517578125, 0.0004673004150390625, 0.001129150390625, 0.03466796875, -0.040283203125, 0.039306640625, 0.0361328125, -0.0390625, 0.05810546875, -0.0458984375, -0.0023345947265625, 0.03369140625, -0.02392578125, -0.0196533203125, 0.00274658203125, -0.043212890625, -0.06494140625, 0.0322265625, 0.048583984375, 0.0123291015625, 0.01708984375, -0.002593994140625, 0.01324462890625, -0.045166015625, 0.03466796875, -0.0380859375, 0.0228271484375, -0.00909423828125, 0.041259765625, 0.007110595703125, -0.0166015625, -0.02197265625, 0.01708984375, -0.01361083984375, -6.341934204101562e-05, 0.0252685546875, -0.000858306884765625, -0.007232666015625, -0.030029296875, 0.016357421875, -0.0419921875, -0.004852294921875, -0.0272216796875, 0.0181884765625, 0.0203857421875, -0.01495361328125, -0.017333984375, 0.03857421875, 0.0279541015625, 0.017822265625, -0.0059814453125, 0.0086669921875, 0.0419921875, 0.0145263671875, -0.01019287109375, 0.05224609375, -0.004852294921875, -0.0091552734375, -0.01080322265625, -0.02294921875, 0.05419921875, -0.017333984375, 0.0103759765625, -0.01904296875, 0.006317138671875, 0.0196533203125, -0.0791015625, -0.017578125, -0.0037384033203125, -0.0166015625, -0.0150146484375, -0.043212890625, -0.004913330078125, -0.0235595703125, -0.048828125, 0.00616455078125, 0.017333984375, 0.029296875, 0.0712890625, -0.01708984375, -0.0625, -0.047119140625, 0.0269775390625, -0.0103759765625, -0.004119873046875, 0.1142578125, -0.0361328125, 0.020751953125, 0.022216796875, -0.01708984375, 0.053955078125, 0.006866455078125, -0.03564453125, -0.01104736328125, 0.0130615234375, 0.0029449462890625, -0.004547119140625, -0.0281982421875, 0.0284423828125, 0.0029449462890625, 0.0289306640625, 0.0225830078125, 0.04931640625, -0.068359375, -0.025146484375, 0.0203857421875, -0.0247802734375, 0.0306396484375, -0.0111083984375, -0.055419921875, -0.0079345703125, -0.0299072265625, 0.01446533203125, -0.052978515625, -0.0257568359375, -0.0025482177734375, 0.02490234375, -0.006805419921875, -0.0191650390625, 0.044189453125, 0.0086669921875, -0.051513671875, 0.072265625, 0.037353515625, 0.040771484375, -0.054443359375, -0.0123291015625, -0.061767578125, -0.048828125, 0.0264892578125, -0.0076904296875, 0.01080322265625, -0.0086669921875, 0.058837890625, 0.0306396484375, -0.059814453125, -0.01361083984375, -0.0216064453125, -0.000438690185546875, -0.032958984375, 0.00046539306640625, -0.031494140625, 0.039794921875, -0.061767578125, 0.0294189453125, 0.005096435546875, -0.0203857421875, 0.00982666015625, 0.046875, 0.007110595703125, 0.01177978515625, 0.03173828125, 0.01031494140625, -0.01324462890625, 0.003143310546875, -0.025146484375, 0.026611328125, -0.024658203125, 0.033203125, -0.01544189453125, -0.010986328125, 0.0135498046875, 0.037841796875, -0.00244140625, -0.0284423828125, 0.05126953125, 0.0010986328125, 0.0703125, 0.0419921875, -0.005706787109375, 0.062255859375, 0.026123046875, 0.029296875, -0.059814453125, -0.031982421875, 0.01080322265625, 0.017333984375, -0.04443359375, 0.046875, -0.004913330078125, -0.0177001953125, 0.01806640625, -0.008056640625, -0.0167236328125, -0.037841796875, 0.0026397705078125, -0.01043701171875, 0.052978515625, -0.0693359375, -0.05029296875, -0.0194091796875, -0.00191497802734375, 0.007110595703125, 0.003082275390625, -0.0162353515625, 0.0181884765625, 0.03173828125, 0.076171875, 0.0020294189453125, 0.029541015625, 0.026123046875, -0.0032196044921875, -0.004852294921875, 0.01104736328125, 0.00628662109375, -0.033203125, 0.037841796875, -0.01519775390625, 0.06494140625, -0.003631591796875, -0.010498046875, -0.0284423828125, -0.02197265625, -0.048583984375, -0.07080078125, -0.04443359375, 0.003082275390625, 0.0235595703125, 0.07763671875, 0.01556396484375, -0.019287109375, 0.0048828125, -0.04443359375, -0.0107421875, 0.0478515625, 0.0289306640625, 0.03466796875, 0.00653076171875, -0.01177978515625, 0.0225830078125, 0.0166015625, 0.0167236328125, 0.00457763671875, 0.005035400390625, -0.040771484375, 0.0186767578125, 0.0169677734375, -0.040283203125, 0.0201416015625, 0.035400390625, -0.0306396484375, -0.020751953125, -0.0203857421875, 0.026611328125, 0.01531982421875, -0.055419921875, -0.01019287109375, -0.00098419189453125, 0.031982421875, -0.0037994384765625, 0.0048828125, 0.0264892578125, -0.01153564453125, 0.0299072265625, 0.030029296875, 0.030029296875, -0.0159912109375, -0.0208740234375, 0.01708984375, 0.043212890625, -0.0089111328125, -0.01055908203125, -0.00311279296875, -0.047607421875, -0.00165557861328125, 0.0252685546875, -0.008544921875, -0.039306640625, -0.04296875, -0.037353515625, -0.033935546875, -0.03271484375, 0.004486083984375, 0.01544189453125, 0.015625, 0.02392578125, -0.00555419921875, 0.0108642578125, -0.015625, -0.0111083984375, -0.0498046875, -0.047119140625, 0.0216064453125, -0.05029296875, -0.028564453125, -0.0211181640625, -0.06689453125, 0.015869140625, -0.03125, 0.0084228515625, -0.0177001953125, 0.04150390625, 0.0693359375, -0.0191650390625, -0.07958984375, -0.038330078125, 0.00653076171875, -0.029052734375, -0.052490234375, -0.000457763671875, 0.01287841796875, -0.04150390625, -0.044189453125, -0.032958984375, 0.005218505859375, -0.041748046875, -0.0177001953125, 0.0145263671875, -0.0086669921875, 0.029541015625, -0.051513671875, 0.053466796875, -0.05859375, -0.00787353515625, -0.0634765625, 0.0123291015625, 0.021728515625, -0.025390625, 0.029296875, -0.0228271484375, -0.03564453125, -0.039306640625, 0.022216796875, -0.057861328125, -0.0264892578125, -0.05322265625, 0.036865234375, -0.052978515625, 0.043212890625, 0.035400390625, -0.0220947265625, 0.053466796875, -0.035888671875, 0.0157470703125, 0.02294921875, -0.0274658203125, -0.00933837890625, 0.029052734375, -0.00555419921875, 0.0294189453125, -0.02294921875, 0.02294921875, -0.01177978515625, -0.0252685546875, -0.044921875, 0.0306396484375, -0.037353515625, -0.025146484375, 0.028076171875, -0.004486083984375, 0.033203125, 0.01177978515625, -0.0257568359375, -0.0198974609375, 0.040283203125, 0.01007080078125, -0.0042724609375, 0.032958984375, -0.038818359375, -0.03955078125, 0.01611328125, 0.00970458984375, -0.05322265625, 0.02099609375, -0.0262451171875, -0.0125732421875, -9.5367431640625e-05, -0.0233154296875, -0.004547119140625, 0.040283203125, 0.032470703125, -0.07373046875, 0.049560546875, -0.029541015625, 0.08154296875, 0.0126953125, -0.004058837890625, 0.027099609375, -0.01708984375, -0.035400390625, 0.014404296875, -0.022216796875, 0.01336669921875, -0.021240234375, -0.021484375, 0.00994873046875, 0.00384521484375, -0.00054168701171875, 0.01007080078125, -0.012939453125, 0.05029296875, -0.0233154296875, 0.0517578125, 0.00897216796875, 0.035888671875, 0.03857421875, 0.0030517578125, -0.0189208984375, 0.031982421875, 0.053466796875, -0.006622314453125, -0.0087890625, -0.0257568359375, -0.00933837890625, 0.043212890625, -0.0380859375, 0.021240234375, -0.0208740234375, -0.005401611328125, 0.01446533203125, -0.006317138671875, -0.08056640625, -0.0026397705078125, -0.043212890625, 0.061279296875, 0.0002880096435546875, 0.048828125, -0.03173828125, -0.00946044921875, -0.0189208984375, -0.0203857421875, 0.040771484375, 0.031494140625, -0.01263427734375, -0.0015411376953125, -0.03662109375, 0.002716064453125, -0.07568359375, 0.0216064453125, -0.0130615234375, 0.016357421875, 0.0284423828125, -0.01361083984375, -0.05517578125, -0.045654296875, 