{"movie": "wwdc2025", "offset": 386, "text_offset": 380, "embedding": [0.042236328125, -0.006622314453125, 0.01068115234375, 0.0213623046875, -0.09326171875, -0.052001953125, 0.01116943359375, -0.001953125, 0.030029296875, -0.010498046875, -0.006683349609375, 0.0166015625, 0.0240478515625, -0.0025177001953125, 0.004547119140625, 0.00213623046875, 0.055419921875, 0.005279541015625, -0.007568359375, 0.002777099609375, -0.006683349609375, -0.035888671875, 0.0179443359375, -0.00750732421875, 0.0703125, 0.00213623046875, -0.02587890625, -0.023681640625, -0.041748046875, -0.0019683837890625, -0.0302734375, -0.08056640625, 0.03466796875, -0.00109100341796875, 0.0123291015625, 0.0166015625, 0.04833984375, 0.032958984375, 0.007171630859375, 0.0257568359375, 0.007354736328125, 0.0390625, 0.007171630859375, -0.0537109375, 0.02001953125, -0.031982421875, -0.031982421875, -0.042724609375, 0.00118255615234375, 0.051513671875, -0.03857421875, 0.0027313232421875, -0.00634765625, -0.028076171875, -0.047607421875, -0.008544921875, -0.0284423828125, 0.0245361328125, 0.078125, -0.00634765625, -0.01470947265625, -0.00494384765625, -0.0032806396484375, 0.00147247314453125, -0.035888671875, -0.0140380859375, 0.004547119140625, -0.03271484375, -0.0054931640625, -0.0004253387451171875, -0.0030059814453125, -0.01190185546875, -0.00194549560546875, -0.01708984375, -0.04833984375, -0.003753662109375, 0.060546875, -0.04443359375, -0.01043701171875, 0.022216796875, -0.00482177734375, 0.0289306640625, -0.0096435546875, 0.009765625, 0.01336669921875, -0.03369140625, -0.009765625, -0.07421875, -0.004150390625, -0.0120849609375, 0.0142822265625, -0.00787353515625, -0.041748046875, -0.0281982421875, 0.01220703125, -0.018798828125, -0.050048828125, -0.02099609375, 0.01446533203125, 0.04443359375, 0.036376953125, 0.013671875, -0.0037994384765625, 0.0208740234375, -0.0498046875, -0.1015625, -0.018798828125, -0.01043701171875, 0.0118408203125, -0.00616455078125, 0.00180816650390625, 0.02734375, -0.02587890625, 0.0286865234375, -0.034912109375, 0.034912109375, -0.004974365234375, -0.034423828125, 0.0235595703125, 0.0048828125, 0.01116943359375, -0.0223388671875, 0.07275390625, -0.016357421875, -0.042236328125, 0.036376953125, 0.029052734375, 0.000797271728515625, -0.064453125, 0.0703125, 0.0238037109375, -0.00104522705078125, 0.035400390625, 0.053466796875, -0.055419921875, -0.0016937255859375, 0.0654296875, 0.01275634765625, -0.0634765625, -0.0181884765625, -0.0230712890625, 0.02587890625, -0.043701171875, 0.0118408203125, 0.013671875, -0.035400390625, 0.0267333984375, 0.00067901611328125, -0.08740234375, 0.01434326171875, 0.036865234375, -0.06591796875, 0.007476806640625, 0.01068115234375, 0.032958984375, 0.01446533203125, -0.0019989013671875, 0.0068359375, -0.0291748046875, -0.01068115234375, 0.05078125, -0.04248046875, 0.030517578125, -0.027587890625, 0.059814453125, 0.052734375, -0.01324462890625, -0.01300048828125, -0.01092529296875, -0.00153350830078125, -0.0302734375, 0.0140380859375, -0.00860595703125, -0.019775390625, 0.00909423828125, -0.0419921875, -0.015869140625, 0.01153564453125, 0.06689453125, -0.050048828125, -0.0224609375, -0.0028076171875, 0.01434326171875, -0.040771484375, 0.0064697265625, -0.01953125, 0.06005859375, 0.0113525390625, -0.033203125, 0.0791015625, -0.00787353515625, 0.0224609375, 0.01190185546875, -0.007171630859375, 0.0400390625, 0.019287109375, -0.0185546875, 0.01470947265625, 0.0162353515625, 0.057373046875, -0.006256103515625, 0.00933837890625, 0.00384521484375, 0.035888671875, 0.0189208984375, -0.0308837890625, 0.0157470703125, -0.0098876953125, -0.05078125, -0.031982421875, -0.03857421875, -0.001251220703125, -0.035888671875, -0.036376953125, -0.02734375, -0.041259765625, 0.083984375, 0.0038604736328125, 0.061767578125, -0.018798828125, -0.033203125, 0.02734375, 0.0223388671875, 0.0281982421875, 0.022216796875, -0.03271484375, 0.03125, 0.0189208984375, 0.031494140625, -0.02490234375, 0.046142578125, -0.0240478515625, -0.062255859375, -0.01495361328125, -0.01141357421875, 0.05908203125, -0.036376953125, 0.0026397705078125, 8.392333984375e-05, 0.01458740234375, 0.043701171875, -0.0390625, -0.044921875, 0.078125, -0.01495361328125, -0.02783203125, -0.005828857421875, 0.00592041015625, 0.0341796875, 0.01470947265625, -0.07080078125, -0.0164794921875, 0.05615234375, 0.00189208984375, -0.03076171875, 0.044921875, -0.03955078125, -0.0869140625, 0.00634765625, -0.04345703125, 0.000820159912109375, -0.0654296875, 0.01092529296875, -0.0224609375, 0.03271484375, -0.023193359375, -0.001708984375, -0.02490234375, -0.0634765625, 0.040771484375, 0.025146484375, -0.03466796875, -0.01556396484375, 0.0272216796875, -0.00482177734375, 0.03466796875, -0.054443359375, -0.0206298828125, -0.036376953125, 0.029541015625, -0.031982421875, 0.0380859375, -0.030517578125, -0.006622314453125, 0.0537109375, 0.00482177734375, 0.02734375, -0.01611328125, 0.024658203125, -0.0005950927734375, 0.0040283203125, 0.00017833709716796875, -0.004547119140625, -0.01220703125, -0.056884765625, 0.01324462890625, 0.01611328125, 0.0390625, 0.01708984375, -0.02001953125, 0.00897216796875, 0.0303955078125, 0.040771484375, -0.0029754638671875, 0.0027313232421875, 0.0634765625, 0.047119140625, -0.0281982421875, 0.00848388671875, 0.01318359375, -0.0036773681640625, -0.0035552978515625, -0.0201416015625, -0.004425048828125, -0.052490234375, 0.01287841796875, 0.013427734375, 0.01495361328125, 0.0791015625, -0.00567626953125, -0.060791015625, 0.003936767578125, 0.025146484375, -0.019287109375, 0.040771484375, -0.0028839111328125, -0.06494140625, -0.0517578125, -0.041748046875, -0.04833984375, 0.0400390625, -0.047607421875, 0.025390625, 0.0294189453125, -0.060546875, 0.03369140625, -0.017578125, 0.0228271484375, -0.0123291015625, -0.01708984375, -0.0203857421875, 0.023193359375, -0.01953125, -0.0303955078125, 0.041748046875, -0.007171630859375, -0.034912109375, 0.0272216796875, 0.03857421875, -0.0179443359375, 0.043701171875, -0.00144195556640625, 0.0113525390625, 0.028564453125, -0.0164794921875, -0.06591796875, -0.010498046875, -0.0213623046875, -0.035888671875, -0.0166015625, 0.05419921875, -0.0250244140625, -0.01409912109375, 0.045654296875, 0.0771484375, -0.03125, -0.01220703125, -0.0181884765625, -0.03466796875, 0.0264892578125, 0.0029754638671875, -0.007293701171875, -0.00860595703125, -0.015625, 0.02685546875, 0.008056640625, 0.01300048828125, 0.032958984375, -0.00408935546875, -0.0308837890625, -0.0302734375, 0.0615234375, -0.01470947265625, 0.0084228515625, -0.0284423828125, -0.002899169921875, 0.0206298828125, -0.0174560546875, -0.0546875, -0.0263671875, -0.019287109375, -0.01123046875, 0.0263671875, 0.003997802734375, 0.0096435546875, 0.022705078125, -0.07373046875, 0.037353515625, 0.0033111572265625, 0.0012359619140625, -0.003692626953125, 0.0257568359375, -0.0693359375, -0.03759765625, -0.013671875, -0.00799560546875, 0.0203857421875, -0.0341796875, -0.01611328125, 0.021240234375, 0.0228271484375, -0.01123046875, -0.03466796875, 0.047607421875, -0.07080078125, 0.0223388671875, -0.0001544952392578125, -0.006927490234375, -0.0294189453125, 0.0380859375, 0.058837890625, -0.008544921875, -0.00994873046875, 0.007720947265625, 0.02001953125, -0.0147705078125, 0.00762939453125, -0.021484375, -0.052978515625, -0.006561279296875, 0.0240478515625, -0.0074462890625, 0.0228271484375, -0.003082275390625, 0.07177734375, 0.00482177734375, -0.01055908203125, -0.043701171875, 0.040771484375, -0.00823974609375, 0.02734375, -0.0179443359375, -0.05029296875, 0.0615234375, -0.042236328125, -0.02001953125, -0.0125732421875, -0.00274658203125, -0.035888671875, 0.039794921875, -0.03369140625, 0.01611328125, 0.04638671875, 0.07373046875, -0.0245361328125, 0.07568359375, 0.0166015625, -0.040283203125, -0.035400390625, -0.0003814697265625, -0.05615234375, -0.036376953125, 0.0255126953125, 0.0025787353515625, 0.01300048828125, -0.0257568359375, 0.041259765625, -0.04248046875, -0.0302734375, -0.06103515625, 