{"movie": "wwdc2025", "offset": 570, "text_offset": 560, "embedding": [0.0179443359375, 0.004669189453125, -0.0296630859375, -0.0159912109375, -0.034423828125, -0.027099609375, -0.0111083984375, -0.0289306640625, -0.005615234375, 0.050537109375, -0.013916015625, 0.0361328125, -0.006988525390625, -0.07470703125, -0.0135498046875, -0.0146484375, 0.0247802734375, -0.0223388671875, -0.0284423828125, -0.037353515625, -0.0400390625, -0.005615234375, 0.044921875, -0.04833984375, 0.039306640625, 0.014892578125, -0.025390625, -0.00335693359375, 0.023681640625, 0.01025390625, 0.010498046875, -0.049560546875, 0.004180908203125, 0.01239013671875, 0.026611328125, -0.0159912109375, 0.0048828125, -0.0027313232421875, -0.033935546875, 0.0179443359375, -0.00445556640625, 0.037353515625, 0.0174560546875, -0.0201416015625, -0.033447265625, 0.033935546875, -0.000568389892578125, -0.0177001953125, 0.00958251953125, 0.04052734375, 0.00982666015625, -0.0172119140625, 0.0189208984375, -0.02978515625, -0.0054931640625, 0.0223388671875, -0.0302734375, 0.00933837890625, -0.0191650390625, 0.0233154296875, -0.025634765625, -0.015380859375, 0.025634765625, 0.0247802734375, -0.00994873046875, 0.0213623046875, 0.00142669677734375, -0.006072998046875, -0.0233154296875, -0.0283203125, -0.0128173828125, 0.0040283203125, 0.052490234375, -0.024658203125, 0.005584716796875, -0.03564453125, 0.020263671875, -0.02587890625, 0.03271484375, 0.014892578125, 0.00079345703125, 0.005828857421875, -0.011962890625, -0.010986328125, -0.0037384033203125, -0.0791015625, -0.035400390625, -0.027099609375, -0.0031585693359375, -0.016845703125, -0.0289306640625, 0.0167236328125, -0.0244140625, -0.0400390625, 0.0128173828125, 0.02783203125, -0.061767578125, -0.057373046875, -0.00148773193359375, 0.046630859375, -0.013916015625, 0.02392578125, -0.039306640625, -0.0181884765625, -0.06494140625, -0.059326171875, -0.0308837890625, 0.0084228515625, -0.004791259765625, 0.060791015625, -0.04638671875, -0.058349609375, -0.010498046875, 0.0172119140625, -0.057373046875, 0.026123046875, 0.041015625, -0.0106201171875, -0.01165771484375, -0.007415771484375, 0.0057373046875, -0.04541015625, 0.0537109375, -0.0311279296875, -0.005462646484375, 0.055419921875, 0.044677734375, 0.04150390625, -0.025390625, 0.01409912109375, 0.0301513671875, -0.036376953125, 0.0311279296875, -0.0076904296875, -0.057861328125, 0.0299072265625, 0.01806640625, -0.025634765625, -0.00872802734375, 0.0284423828125, 0.0167236328125, 0.027099609375, -0.054931640625, 0.00201416015625, -0.0291748046875, 0.00640869140625, 0.004730224609375, 0.04443359375, -0.0233154296875, -0.0284423828125, -0.0157470703125, -0.0257568359375, -0.019775390625, 0.0064697265625, 0.0223388671875, -0.000507354736328125, 0.0228271484375, 0.03076171875, -0.0595703125, -0.032470703125, -0.01806640625, -0.058349609375, -0.01513671875, -0.0242919921875, 0.06689453125, 0.041015625, 0.0223388671875, 0.0380859375, 0.024169921875, -0.0283203125, -0.031494140625, 0.023681640625, -0.06787109375, 0.0091552734375, -0.01434326171875, -0.0233154296875, -0.0098876953125, 0.01904296875, -0.01904296875, -0.0034637451171875, -0.034912109375, 0.0284423828125, 0.0244140625, -0.036376953125, 0.0128173828125, 0.0291748046875, -0.01422119140625, 0.01068115234375, -0.025146484375, 0.03125, -0.023193359375, 0.031494140625, 0.00262451171875, 0.05029296875, 0.09375, -0.008056640625, 0.00897216796875, -0.01611328125, 0.01068115234375, 0.02587890625, 0.00555419921875, 0.044677734375, 0.0118408203125, -0.044677734375, 0.0186767578125, -0.039794921875, -0.01495361328125, 0.036376953125, -0.06591796875, -0.0233154296875, -0.0296630859375, -0.0184326171875, 0.00174713134765625, -0.055908203125, 0.0361328125, -0.03369140625, 0.049560546875, -0.007171630859375, 0.003204345703125, -0.002288818359375, -0.041015625, 0.0189208984375, 0.0101318359375, 0.0184326171875, -0.02978515625, 0.0247802734375, -0.0059814453125, -0.006988525390625, 0.044677734375, -0.01495361328125, 0.034423828125, 0.0263671875, -0.027099609375, -0.000621795654296875, 0.0284423828125, 0.033203125, -0.005615234375, -0.01495361328125, -0.04638671875, 0.061279296875, 0.035888671875, -0.058837890625, 0.00579833984375, 0.04833984375, 0.01043701171875, -0.07763671875, 0.01190185546875, 0.0205078125, 0.037353515625, 0.0037994384765625, -0.01123046875, 0.0067138671875, 0.0299072265625, 0.00836181640625, -0.01806640625, 0.044677734375, -0.004608154296875, -0.026123046875, 0.013671875, 0.004302978515625, 0.0810546875, 0.040283203125, 0.0087890625, -0.0052490234375, 0.01007080078125, -0.0517578125, -0.036376953125, 0.02734375, -0.0306396484375, -0.020751953125, 0.01953125, -0.0233154296875, -0.0263671875, 0.0478515625, -0.0159912109375, 0.0186767578125, -0.0966796875, -0.007659912109375, -0.03955078125, -0.046630859375, -0.034423828125, -0.039306640625, 0.0030364990234375, 0.002532958984375, 0.033447265625, -0.04052734375, 0.00885009765625, 0.0302734375, -0.055419921875, 0.004608154296875, 0.013671875, 0.0159912109375, 0.022216796875, 0.007110595703125, -0.0120849609375, 0.056396484375, -0.0546875, 0.0111083984375, -0.07177734375, -0.044921875, -0.039306640625, 0.006988525390625, -0.0172119140625, 0.02783203125, -0.0283203125, 0.072265625, 0.005126953125, 0.015869140625, 0.035400390625, 0.0016021728515625, 0.019287109375, -0.022216796875, -0.014892578125, 0.0289306640625, -0.034423828125, 0.060546875, -0.0123291015625, -0.038818359375, 0.0025177001953125, 0.0177001953125, -0.006927490234375, -0.0458984375, 0.0189208984375, 0.002410888671875, 0.023681640625, -0.0296630859375, -0.0311279296875, -0.048583984375, -0.0673828125, -0.03369140625, 0.0191650390625, -0.0179443359375, -0.004547119140625, -0.0057373046875, -0.04541015625, 0.044921875, -0.006591796875, 0.002838134765625, -0.021240234375, 0.0146484375, 0.01611328125, -0.0400390625, 0.006927490234375, -0.0284423828125, -0.019287109375, -0.009521484375, 0.0162353515625, 0.0194091796875, -0.011474609375, 0.00946044921875, -0.041748046875, -0.0157470703125, -0.037353515625, 0.04931640625, 0.0128173828125, -0.034423828125, 0.00823974609375, 0.03515625, -0.06591796875, 0.007293701171875, -0.00634765625, 0.041748046875, -0.053466796875, -0.0306396484375, 0.0162353515625, -0.0037994384765625, 0.044677734375, -0.005706787109375, -0.00897216796875, 0.0576171875, 0.0177001953125, 0.04833984375, 0.02294921875, 0.0135498046875, -0.03369140625, 0.038818359375, 0.02685546875, 0.05078125, -0.03564453125, 0.01171875, -0.026123046875, 0.004425048828125, -0.0174560546875, -0.0218505859375, -0.03271484375, -0.00909423828125, -0.0262451171875, -0.056884765625, -0.03662109375, -0.0294189453125, -0.022705078125, -0.01025390625, 0.0084228515625, -0.0263671875, 0.00787353515625, -0.056884765625, -0.052490234375, 0.01312255859375, 0.0022125244140625, 0.013671875, -0.00360107421875, -0.049560546875, -0.056640625, 0.002227783203125, -0.0028076171875, 0.050537109375, -0.004913330078125, -0.01312255859375, 0.037353515625, -0.0089111328125, -0.0034637451171875, 0.0247802734375, 0.0008544921875, 0.0036468505859375, -0.055419921875, 0.0120849609375, 0.010498046875, -0.0233154296875, -0.0179443359375, 0.00732421875, 0.057861328125, 0.033935546875, -0.0213623046875, -0.01116943359375, 0.032470703125, -0.00101470947265625, 0.026123046875, -0.02587890625, -0.09326171875, -0.0172119140625, 0.0274658203125, -0.013427734375, 0.033447265625, -0.007476806640625, -0.01422119140625, 0.02294921875, -0.027099609375, 0.01092529296875, -0.019287109375, 0.01263427734375, 0.0390625, -0.06298828125, -0.04638671875, 0.010498046875, 0.03662109375, -0.00946044921875, 0.0238037109375, -0.0517578125, -0.0174560546875, 0.03955078125, 0.006805419921875, 8.940696716308594e-06, 0.0517578125, 0.0098876953125, -0.037353515625, -0.01953125, -0.00799560546875, -0.03857421875, -0.046630859375, 0.04248046875, -0.01611328125, 0.02490234375, 0.055419921875, 0.004974365234375, 0.0390625, 0.018310546875, 0.01422119140625, 0.007659912109375, -0.07470703125, 