{"movie": "wwdc2025", "offset": 376, "text_offset": 360, "embedding": [0.034423828125, 0.0003147125244140625, 0.02197265625, 0.0050048828125, -0.05126953125, -0.01953125, 0.0263671875, 0.01556396484375, 0.046875, 0.00811767578125, 0.0225830078125, 0.0400390625, -0.00830078125, -0.03564453125, -0.0213623046875, 0.005218505859375, 9.1552734375e-05, 0.0213623046875, -0.00811767578125, -0.043701171875, -0.021728515625, -0.05078125, 0.0036468505859375, -0.016845703125, 0.045166015625, -0.054443359375, -0.0089111328125, -0.0286865234375, -0.027587890625, 0.0103759765625, -0.01177978515625, -0.0830078125, 0.037841796875, -0.00148773193359375, -0.01171875, 0.0400390625, 0.029541015625, 0.01171875, -0.0086669921875, -0.004150390625, 0.0255126953125, 0.01025390625, -0.0240478515625, 0.0042724609375, -0.0128173828125, 0.002288818359375, -0.04150390625, -0.0228271484375, -0.00188446044921875, 0.030029296875, 0.04150390625, 0.0045166015625, 0.033935546875, -0.033203125, -0.042724609375, -0.0218505859375, 0.00136566162109375, 0.049072265625, 0.0189208984375, -0.0128173828125, -0.0810546875, -0.007415771484375, 0.00640869140625, -0.0169677734375, -0.0191650390625, 0.0159912109375, 0.017822265625, -0.030029296875, -0.0498046875, -0.0185546875, 0.000896453857421875, 0.0098876953125, 0.0191650390625, 0.00885009765625, -0.0150146484375, -0.005859375, 0.0361328125, -0.01129150390625, 0.01007080078125, -0.0087890625, 0.037109375, 0.0439453125, 0.039794921875, -0.0272216796875, -0.0269775390625, -0.03125, 0.00933837890625, -0.0308837890625, 0.00994873046875, -0.018310546875, -0.0272216796875, 0.0186767578125, 0.03662109375, -0.01483154296875, 0.0218505859375, 0.0230712890625, -0.026611328125, -0.028564453125, -0.0267333984375, 0.05712890625, 0.042724609375, -0.01519775390625, 0.0189208984375, -0.014404296875, -0.00994873046875, -0.07470703125, 0.040283203125, 0.0015869140625, 0.045654296875, 0.0062255859375, 0.0166015625, -0.04345703125, -0.039306640625, 0.005096435546875, -0.0301513671875, 0.01300048828125, 0.00750732421875, -0.01220703125, -0.01611328125, 0.048095703125, -0.01068115234375, -0.01171875, 0.007598876953125, 0.0026702880859375, 0.01214599609375, 0.0185546875, 0.034912109375, 0.006256103515625, -0.03076171875, 0.061767578125, -0.01171875, -0.053955078125, 0.0400390625, 0.006927490234375, -0.054931640625, -0.00421142578125, -0.00034332275390625, 0.00142669677734375, -0.042724609375, 0.00063323974609375, -0.00830078125, -0.0034942626953125, -0.06591796875, 0.06787109375, -0.03369140625, -0.048828125, 0.041015625, 0.038330078125, -0.07470703125, -0.025634765625, -0.0233154296875, -0.0673828125, -0.0250244140625, 0.035888671875, 0.046142578125, 0.035400390625, 0.0025177001953125, -0.0361328125, -0.02197265625, 0.019775390625, 0.046875, -0.0277099609375, 0.0272216796875, -0.024658203125, 0.047607421875, 0.00616455078125, -0.03564453125, 0.0281982421875, 0.00494384765625, -0.0296630859375, -0.016845703125, 0.054443359375, -0.006866455078125, 0.0361328125, 0.00787353515625, -0.003173828125, -0.01214599609375, -0.046875, 0.0159912109375, 0.02294921875, -0.000629425048828125, 0.031982421875, 0.00518798828125, -0.032470703125, 0.008544921875, 0.01214599609375, 8.96453857421875e-05, -0.01519775390625, -0.0164794921875, 0.02978515625, -0.01348876953125, 0.034423828125, 0.034912109375, -0.003662109375, 0.0250244140625, -0.0274658203125, 0.00665283203125, 0.0303955078125, 0.0361328125, -0.004669189453125, 0.0213623046875, 0.04248046875, -0.0234375, -0.00628662109375, -0.00150299072265625, -0.03466796875, 0.04150390625, 0.047119140625, -0.08056640625, -0.0101318359375, -0.01806640625, 0.01171875, -0.0189208984375, -0.052734375, 0.03564453125, -0.044921875, 0.031982421875, 0.0303955078125, 0.01153564453125, 0.00457763671875, -0.05322265625, 0.005584716796875, -0.01434326171875, 0.0361328125, 0.00970458984375, -0.03564453125, 0.00168609619140625, 0.0205078125, 0.083984375, -0.003753662109375, 0.0213623046875, -0.004486083984375, -0.028564453125, -0.0123291015625, 0.055419921875, 0.04150390625, -0.0010986328125, 0.00897216796875, -0.00994873046875, 0.03125, 0.01336669921875, -0.0203857421875, 0.0311279296875, 0.031982421875, -0.001983642578125, -0.050048828125, -0.0625, 0.04150390625, 0.06884765625, 0.044677734375, -0.00958251953125, 0.037841796875, 0.053955078125, -0.00634765625, -0.034912109375, 0.0267333984375, -0.01361083984375, -0.014404296875, 0.01202392578125, -0.0133056640625, -0.0002498626708984375, -0.01708984375, -0.029052734375, -0.02197265625, -0.0260009765625, -0.01141357421875, -0.005859375, -0.01300048828125, -0.0654296875, 0.03076171875, -0.019775390625, 0.02294921875, -0.014404296875, 0.08154296875, -0.0166015625, 0.04931640625, -0.0400390625, 0.0123291015625, -0.007781982421875, -0.0135498046875, -0.0277099609375, 0.028564453125, -0.004913330078125, -0.012451171875, 0.0225830078125, -0.0281982421875, 0.020751953125, 0.0194091796875, -0.05078125, 0.01129150390625, 0.0615234375, -0.0189208984375, 0.046875, -0.0048828125, 0.0185546875, 0.01531982421875, -0.0250244140625, -0.01953125, -0.00182342529296875, -0.035888671875, -0.055908203125, 0.018310546875, 0.05517578125, -0.024658203125, -0.0024871826171875, 0.011474609375, 0.03564453125, -0.033935546875, 0.0198974609375, -0.00665283203125, 0.0390625, 0.000942230224609375, 0.00799560546875, 0.02197265625, -0.0419921875, 0.03857421875, -0.048828125, -0.000560760498046875, 0.005126953125, -0.026123046875, -0.03076171875, 0.0089111328125, 0.0125732421875, 0.030029296875, 0.0098876953125, 0.002471923828125, -0.054443359375, -0.03662109375, -0.042724609375, -0.000896453857421875, 0.0311279296875, -0.027587890625, -0.0003108978271484375, 0.02978515625, -0.042724609375, -0.004669189453125, -0.044677734375, 0.05029296875, -0.0712890625, -0.0123291015625, -0.016357421875, -0.0016937255859375, 0.0283203125, -0.0279541015625, -0.010498046875, -0.044921875, -0.025390625, 0.0189208984375, -0.030029296875, -0.03076171875, 0.01202392578125, 0.01324462890625, -0.007293701171875, -0.00860595703125, -0.037109375, -0.0228271484375, -0.0108642578125, 0.0159912109375, -0.034912109375, 0.0111083984375, 0.0166015625, -0.01434326171875, 0.0126953125, 0.00787353515625, 0.0283203125, 0.00506591796875, 0.0162353515625, 0.00811767578125, -0.0038299560546875, 0.0020294189453125, 0.03271484375, 0.04150390625, -0.0133056640625, -0.02587890625, -0.020751953125, 0.002288818359375, 0.0478515625, 0.0279541015625, -0.034423828125, 0.017578125, -0.044921875, 0.052734375, -0.05126953125, -0.00701904296875, -0.02001953125, -0.00823974609375, 0.017333984375, -0.0225830078125, 0.0301513671875, -0.045166015625, -0.048095703125, 0.0189208984375, 0.0458984375, 0.006866455078125, -0.01068115234375, 0.0030670166015625, -0.07421875, -0.01531982421875, 0.004974365234375, 0.02001953125, -0.0150146484375, 0.0159912109375, -0.08203125, -0.025390625, -0.042724609375, 0.01251220703125, -0.01190185546875, -0.0037994384765625, -0.01416015625, -0.003692626953125, -0.014892578125, -0.0244140625, -0.053955078125, 0.0419921875, -0.04345703125, 0.03662109375, 0.0126953125, 0.04150390625, 0.0224609375, 0.05078125, 0.07861328125, 0.005828857421875, -0.000629425048828125, 0.0159912109375, 0.003387451171875, -0.02197265625, 0.004638671875, -0.024658203125, -0.04931640625, -0.005035400390625, 0.03564453125, -0.0198974609375, 0.0191650390625, 0.01129150390625, 0.044921875, 0.0005645751953125, -0.0234375, 0.00439453125, -0.015625, -0.020751953125, 0.0439453125, 0.004669189453125, -0.057373046875, 0.038330078125, 0.003326416015625, 0.07568359375, -0.04345703125, 0.026611328125, 0.010009765625, -0.0040283203125, -0.01708984375, 0.03125, 0.04443359375, 0.01409912109375, -0.021240234375, 0.03564453125, -0.00032806396484375, -0.047119140625, -0.029052734375, -0.03662109375, 0.01416015625, -0.0025482177734375, 0.04443359375, -0.032958984375, 0.00066375732421875, -0.0028228759765625, -0.03857421875, -0.0189208984375, -0.06591796875, -0.029052734375, -0.0250244140625, 