{"movie": "wwdc2025", "offset": 324, "text_offset": 320, "embedding": [0.05615234375, 0.00016117095947265625, 0.05322265625, 0.021240234375, -0.034423828125, 0.04638671875, -0.0205078125, -0.002777099609375, -0.003509521484375, 0.0247802734375, -0.015625, 0.00628662109375, 0.0103759765625, -0.01373291015625, -0.002777099609375, -0.017822265625, 0.0703125, -0.039794921875, -0.01104736328125, -0.0026702880859375, -0.01263427734375, -0.0140380859375, -0.005401611328125, -0.023681640625, -0.0186767578125, -0.0201416015625, 0.000438690185546875, -0.0167236328125, -0.00023937225341796875, -0.03515625, 0.01177978515625, -0.06298828125, 0.0673828125, 0.014404296875, 0.032958984375, -0.02001953125, 0.0048828125, 0.045166015625, -0.0400390625, 0.013427734375, -0.06298828125, -0.040283203125, 0.01165771484375, -0.01483154296875, -0.0712890625, -0.022705078125, -0.03369140625, -0.0233154296875, -0.009765625, 0.033447265625, 0.01239013671875, -0.0087890625, -0.01019287109375, -0.0208740234375, -0.007781982421875, 0.0220947265625, 0.01806640625, 0.0380859375, 0.01806640625, 0.041748046875, -0.0390625, 0.0306396484375, -0.00360107421875, 0.032958984375, -0.040283203125, -0.00130462646484375, -0.0240478515625, -0.0255126953125, -0.004180908203125, -0.046630859375, -0.004302978515625, 0.03173828125, 0.026123046875, 9.298324584960938e-05, -0.00567626953125, -0.00061798095703125, 0.022705078125, 0.0189208984375, 0.047119140625, 0.003631591796875, 0.0380859375, 0.03857421875, 0.0263671875, 0.0142822265625, -0.0341796875, -0.0052490234375, -0.0034332275390625, -0.04345703125, -0.0247802734375, -0.032470703125, -0.00077056884765625, 0.0703125, -0.0263671875, -0.01483154296875, 0.008056640625, -0.0263671875, 0.020751953125, -0.060546875, -0.041259765625, 0.0233154296875, 0.0162353515625, -0.004974365234375, -0.05859375, -0.008056640625, -0.033935546875, -0.057861328125, 0.003936767578125, 0.0186767578125, -0.0042724609375, 0.0308837890625, -0.031982421875, -0.034912109375, -0.0128173828125, 0.05126953125, -0.042724609375, -0.012939453125, 0.01275634765625, -0.00482177734375, 0.044189453125, 0.015625, -0.055908203125, -0.020751953125, 0.00909423828125, -0.014404296875, -0.0020904541015625, 0.013671875, 0.0615234375, 0.0145263671875, 0.00640869140625, 0.0216064453125, 0.0101318359375, 0.017822265625, 0.0274658203125, 0.054931640625, -0.0517578125, -0.00579833984375, 0.0228271484375, -0.00836181640625, -0.00439453125, -0.037353515625, 0.03173828125, 0.00177764892578125, -0.032958984375, 0.040771484375, -0.05029296875, 0.01544189453125, 0.044189453125, -0.0167236328125, -0.045654296875, -0.0174560546875, -0.020751953125, -0.0247802734375, -0.03515625, 0.0703125, 0.0128173828125, 0.0245361328125, -0.00860595703125, -0.017333984375, -0.062255859375, -0.04345703125, 0.01007080078125, -0.01165771484375, 0.00653076171875, -0.0341796875, 0.05615234375, 0.04736328125, -0.04052734375, -0.02734375, -0.051025390625, -0.0245361328125, -0.04541015625, -0.005767822265625, -0.01483154296875, 0.0247802734375, -0.02587890625, 0.0010986328125, 0.01068115234375, 0.005950927734375, -0.0169677734375, 0.017822265625, -0.008056640625, 0.01116943359375, 0.0732421875, -0.0238037109375, 0.0025482177734375, -0.00579833984375, 0.014404296875, 0.060791015625, 0.0712890625, -0.01251220703125, 0.002838134765625, 0.05810546875, 0.00933837890625, -0.0074462890625, 0.0220947265625, 0.009765625, -0.008544921875, -0.0067138671875, 0.10205078125, 0.07275390625, 0.042724609375, 0.0380859375, 0.0021514892578125, 0.01190185546875, -0.0233154296875, -0.0201416015625, -0.010009765625, 0.033935546875, -0.039794921875, 0.044189453125, 0.0264892578125, 0.0230712890625, -0.0011749267578125, -0.00579833984375, 0.00193023681640625, -0.017578125, 0.0123291015625, 0.0230712890625, 0.007415771484375, -0.0264892578125, 0.00958251953125, -0.033203125, 0.0274658203125, 0.01495361328125, 0.0162353515625, -0.0201416015625, 0.034423828125, 0.03955078125, 0.01904296875, -0.032470703125, -0.01092529296875, 0.0133056640625, -0.02099609375, 0.040283203125, 0.046142578125, 0.03662109375, 0.000873565673828125, 0.003997802734375, -0.026611328125, 0.05419921875, -0.0113525390625, 0.0113525390625, 0.0164794921875, 0.0078125, -0.0213623046875, -0.06982421875, -0.026123046875, 0.032958984375, 0.01318359375, 0.0751953125, 0.041748046875, -0.00390625, 0.029052734375, -0.07275390625, 0.01275634765625, 0.019775390625, -0.007476806640625, -0.0023193359375, -0.032958984375, 0.0133056640625, 0.04248046875, 0.0027923583984375, -0.01300048828125, -0.042724609375, 0.0159912109375, 0.01531982421875, -0.036865234375, -0.015380859375, -0.039794921875, 0.0146484375, 0.0380859375, -0.0030364990234375, 0.007598876953125, 0.018310546875, -0.0247802734375, 0.0213623046875, -0.0174560546875, -0.00799560546875, -0.0072021484375, 0.01019287109375, -0.020751953125, 0.01953125, 0.0125732421875, -0.004058837890625, 0.0296630859375, 0.0220947265625, 0.00592041015625, 0.017578125, -0.01513671875, -0.00836181640625, 0.04345703125, 0.025146484375, -0.023193359375, 0.010009765625, -0.03955078125, -0.0189208984375, 0.024169921875, 0.0302734375, -0.0274658203125, -0.062255859375, -0.03955078125, 0.0260009765625, -0.00506591796875, 0.00921630859375, 0.023193359375, 0.0341796875, -0.00872802734375, 0.00653076171875, 0.0172119140625, -0.0301513671875, 0.01519775390625, -0.0240478515625, -0.000576019287109375, 0.004638671875, -0.04541015625, -0.002166748046875, 0.01348876953125, -0.0264892578125, 0.0390625, -0.01190185546875, -0.002410888671875, 0.0225830078125, 0.025634765625, 0.072265625, 0.0113525390625, 0.00083160400390625, -0.026123046875, -0.050537109375, -0.0205078125, -0.0225830078125, -0.017822265625, -0.02734375, -0.03271484375, -0.024658203125, -0.04541015625, 0.008056640625, -0.04833984375, -0.0185546875, -0.00592041015625, 0.00018405914306640625, 0.039794921875, -0.0537109375, 0.043701171875, -0.0208740234375, 0.0027618408203125, -0.0205078125, 0.0098876953125, -0.0072021484375, -0.028564453125, 0.01019287109375, -0.04833984375, -0.03369140625, -0.0260009765625, 0.0361328125, 0.01470947265625, -0.01556396484375, 0.014404296875, 0.01226806640625, -0.03466796875, 0.02880859375, 0.00107574462890625, -0.049072265625, 0.0703125, -0.0198974609375, -0.0255126953125, 0.01318359375, -0.0167236328125, -0.0306396484375, -0.03857421875, -0.022705078125, 0.0390625, 0.01324462890625, -0.0341796875, -0.005828857421875, -0.031494140625, -0.006378173828125, 0.002349853515625, -0.00616455078125, -0.01348876953125, 0.049072265625, -0.04443359375, 0.01397705078125, -0.015380859375, -0.0198974609375, -0.0198974609375, -0.00927734375, 0.018310546875, -0.003082275390625, -0.024658203125, -0.044189453125, -0.038330078125, -0.027587890625, 0.006011962890625, -0.05224609375, 0.04248046875, 0.01007080078125, -0.0289306640625, 0.0361328125, 0.005706787109375, 0.06298828125, 0.041015625, 0.017578125, -0.06689453125, 0.00848388671875, -0.06787109375, 0.08740234375, -0.01263427734375, 0.0146484375, 0.034912109375, 0.01373291015625, -0.044189453125, -0.0240478515625, -0.017333984375, -0.01031494140625, -0.0255126953125, -0.003265380859375, -0.010009765625, 0.04833984375, -0.0181884765625, 0.01556396484375, -0.004669189453125, -0.01275634765625, -0.00823974609375, 0.04833984375, -0.0242919921875, -0.0546875, 0.032958984375, 0.0108642578125, -0.034423828125, 0.000827789306640625, 0.0115966796875, -0.00421142578125, -0.0289306640625, -0.0172119140625, 0.0216064453125, 0.0311279296875, -0.026611328125, 0.04345703125, 0.041015625, 0.0341796875, 0.0213623046875, -0.02783203125, -0.042724609375, 0.033447265625, 0.024169921875, 0.0771484375, -0.00188446044921875, -0.043212890625, 0.0015411376953125, 0.0228271484375, 0.02783203125, -0.0030975341796875, 0.059326171875, 0.021728515625, -0.042724609375, -0.031494140625, 0.005950927734375, -0.03564453125, -0.0091552734375, 0.0137939453125, -0.038330078125, 0.0048828125, 0.07275390625, -0.034423828125, 0.017333984375, -0.034423828125, 0.024658203125, 