{"movie": "wwdc2025", "offset": 510, "text_offset": 500, "embedding": [0.0228271484375, 0.0159912109375, 0.0174560546875, 0.0019683837890625, -0.10107421875, -0.0206298828125, 0.023681640625, 0.006988525390625, 0.017822265625, -0.019287109375, 0.004364013671875, 0.0145263671875, 0.005035400390625, -0.08056640625, -0.036865234375, -0.0262451171875, 0.0174560546875, -0.016357421875, -0.0274658203125, 0.00848388671875, -0.034423828125, -0.04638671875, 0.0400390625, -0.0250244140625, 0.03759765625, -0.0361328125, -0.07373046875, -0.006256103515625, -0.008544921875, -0.0108642578125, -0.031982421875, -0.07373046875, 0.0380859375, 0.00482177734375, 0.034423828125, 0.019287109375, 0.01031494140625, 0.0390625, -0.0206298828125, 0.045654296875, -0.003936767578125, 0.012939453125, 0.0244140625, -0.0035400390625, -0.0198974609375, 0.02197265625, -0.01202392578125, -0.007415771484375, -0.0113525390625, 0.0184326171875, 0.021240234375, 0.00634765625, 0.017333984375, -0.08447265625, 0.00994873046875, 0.0098876953125, 0.0126953125, 0.049072265625, 0.027099609375, -0.0458984375, 0.01953125, 0.0224609375, 0.036865234375, 0.03515625, -0.031982421875, 0.024169921875, -0.01519775390625, -0.053466796875, 0.003021240234375, -0.0654296875, -0.04736328125, 0.01611328125, 0.037353515625, -0.0181884765625, -0.0001850128173828125, 0.00090789794921875, 0.08251953125, 0.009033203125, 0.037841796875, 0.0296630859375, 0.01019287109375, -0.0028076171875, 0.0517578125, -0.001373291015625, -0.0166015625, -0.0284423828125, 0.01239013671875, -0.01031494140625, -0.03369140625, -0.0179443359375, -0.0247802734375, 0.047119140625, 0.01239013671875, -0.0439453125, 0.0093994140625, 0.02587890625, -0.0189208984375, -0.03857421875, 0.027587890625, 0.0308837890625, 0.0380859375, 0.0174560546875, -0.02001953125, -0.00860595703125, -0.07470703125, -0.0859375, -0.00848388671875, -0.004547119140625, -0.0274658203125, 0.01953125, 0.00189971923828125, -0.044189453125, -0.002197265625, 0.037353515625, -0.00994873046875, 0.0478515625, 0.0390625, -0.01519775390625, 0.0283203125, 0.02099609375, -0.036865234375, -0.049072265625, 0.0087890625, -0.00848388671875, 0.0286865234375, 0.07470703125, 0.0859375, 0.01470947265625, -0.02734375, 0.050537109375, 0.005889892578125, -0.00579833984375, 0.0159912109375, 0.040771484375, -0.07373046875, 0.0106201171875, 0.029541015625, -0.0093994140625, 0.00762939453125, 0.000186920166015625, 0.0206298828125, 0.0458984375, -0.037841796875, 0.007080078125, 0.0118408203125, -0.0001010894775390625, 0.0172119140625, -0.02587890625, -0.0201416015625, -0.03271484375, 0.0203857421875, -0.050048828125, -0.060791015625, 0.053955078125, -0.00726318359375, 0.036376953125, 0.0169677734375, 0.0201416015625, -0.01611328125, -0.054931640625, 0.01251220703125, -0.0458984375, 0.006988525390625, -0.019775390625, 0.06640625, -0.00040435791015625, -0.036865234375, 0.0390625, 0.01226806640625, -0.0341796875, -0.0206298828125, 0.03955078125, -0.034912109375, 0.00494384765625, 0.00848388671875, -0.00738525390625, -0.037353515625, -0.000675201416015625, -0.0224609375, -0.0244140625, -0.0198974609375, 0.053466796875, 0.0869140625, -0.08349609375, -0.01019287109375, -0.01007080078125, 0.03759765625, 0.0380859375, -0.004364013671875, 0.012451171875, 0.011962890625, 0.0004634857177734375, 0.026123046875, -0.031982421875, 0.046630859375, -0.0302734375, -0.0218505859375, -0.00830078125, 0.021484375, 0.0556640625, 0.0216064453125, 0.055908203125, 0.0311279296875, -0.0106201171875, -0.0322265625, 0.04833984375, 0.01239013671875, 0.0208740234375, -0.0634765625, 0.0283203125, 0.00787353515625, -0.02392578125, -0.04248046875, -0.03564453125, 0.046630859375, -0.01434326171875, 0.040771484375, 0.05322265625, 0.022705078125, -0.0181884765625, -0.048095703125, -0.01239013671875, 0.01104736328125, 0.0181884765625, -0.004547119140625, 0.007598876953125, -0.006744384765625, -0.0137939453125, 0.033203125, -0.0286865234375, 0.0026092529296875, 0.0216064453125, -0.051513671875, 0.0223388671875, 0.056640625, 0.0576171875, 0.0003185272216796875, 0.00011920928955078125, -0.09130859375, 0.050048828125, 0.00543212890625, -0.04345703125, 2.9325485229492188e-05, 0.03955078125, -0.019287109375, -0.05908203125, -0.01544189453125, -0.036376953125, 0.0341796875, 0.00112152099609375, -0.0257568359375, 0.0250244140625, 0.06982421875, -0.041748046875, -0.0576171875, -0.0028076171875, -0.004241943359375, -0.0145263671875, 0.01336669921875, 0.005706787109375, 0.0252685546875, -0.0020751953125, 0.029541015625, -0.05810546875, 0.0137939453125, -0.0216064453125, -0.0308837890625, 0.0118408203125, -0.05517578125, 0.004730224609375, 0.0712890625, 0.01080322265625, -0.0130615234375, 0.06787109375, -0.01104736328125, -0.026123046875, -0.037353515625, 0.0096435546875, -0.048828125, -0.0145263671875, 0.004425048828125, 0.0022430419921875, 0.012451171875, -0.02099609375, 0.0166015625, 0.0008087158203125, -0.003204345703125, -0.044921875, -0.0240478515625, 2.8759241104125977e-06, 0.0203857421875, 0.00067901611328125, 0.0008544921875, -0.02392578125, -0.0245361328125, 0.0291748046875, 0.01116943359375, -0.0177001953125, -0.0218505859375, -0.04833984375, -0.03759765625, 0.01458740234375, 0.0228271484375, 0.0184326171875, 0.003997802734375, 0.064453125, 0.0152587890625, 0.00909423828125, 0.001434326171875, 0.034912109375, 0.01226806640625, -0.033203125, 0.01031494140625, 0.0235595703125, -0.0419921875, 0.0419921875, -0.0016937255859375, 0.01348876953125, 0.035888671875, -0.01336669921875, 0.00083160400390625, -0.0150146484375, 0.0458984375, 0.040771484375, 0.07568359375, -0.02734375, 0.0203857421875, -0.060791015625, -0.008056640625, -0.004241943359375, 0.0174560546875, -0.04638671875, -0.0035858154296875, 0.0296630859375, -0.01904296875, 0.0235595703125, -0.002655029296875, -0.004425048828125, 0.0341796875, 0.0011138916015625, 0.0081787109375, 0.0159912109375, 0.01495361328125, 0.00787353515625, 0.002227783203125, 0.024169921875, -0.006744384765625, 0.0361328125, -0.0047607421875, -0.00174713134765625, -0.033935546875, -0.0228271484375, -0.00112152099609375, 0.05224609375, 0.018798828125, -0.040283203125, 0.006744384765625, 0.0390625, -0.080078125, 0.0252685546875, 0.006866455078125, -0.00579833984375, 0.01953125, -0.006195068359375, 0.01165771484375, 0.011474609375, 0.047119140625, 0.00482177734375, -0.0228271484375, 0.0166015625, 0.0576171875, 0.0169677734375, 0.041259765625, -0.021484375, -0.06640625, -0.03271484375, -0.005157470703125, 0.0654296875, -0.01226806640625, 0.0308837890625, -0.00823974609375, 0.0220947265625, -0.0380859375, -0.0150146484375, -0.02587890625, 0.0203857421875, -0.0086669921875, -0.0167236328125, -0.0308837890625, -0.0137939453125, -0.01116943359375, -0.034912109375, 0.01544189453125, -0.0172119140625, 0.056640625, -0.0390625, -0.054931640625, 0.050537109375, 0.040771484375, -0.003753662109375, 0.04638671875, -9.584426879882812e-05, -0.08447265625, -0.03369140625, -0.0281982421875, 0.049072265625, 0.01336669921875, 0.00921630859375, 0.0303955078125, -9.238719940185547e-06, -0.0252685546875, -0.00567626953125, -0.0181884765625, -0.00421142578125, -0.0291748046875, 0.0262451171875, -0.00830078125, 0.0311279296875, -0.002227783203125, 0.02880859375, 0.08154296875, 0.0284423828125, 0.05322265625, 7.62939453125e-05, -0.015869140625, -0.0498046875, -0.00738525390625, -0.0250244140625, -0.06396484375, -0.0556640625, -0.00897216796875, -0.022705078125, 0.011474609375, -0.033203125, -0.0033416748046875, 0.007415771484375, -0.035888671875, -0.005035400390625, -0.002166748046875, -0.0220947265625, 0.0390625, -0.02099609375, -0.057373046875, 0.00112152099609375, 0.040771484375, 0.042236328125, 0.004608154296875, -0.03857421875, -0.0126953125, 0.05322265625, -0.017578125, 0.01953125, 0.07177734375, 0.0615234375, -0.026611328125, 0.025634765625, -0.034912109375, -0.041748046875, -0.018798828125, 0.01019287109375, 0.007476806640625, 0.011474609375, 0.04736328125, 0.004425048828125, 0.0147705078125, -0.06005859375, 