{"movie": "wwdc2025", "offset": 362, "text_offset": 360, "embedding": [0.0439453125, -0.01397705078125, 0.040283203125, 0.01531982421875, -0.038330078125, 0.008544921875, 0.01025390625, 0.033447265625, 0.035400390625, 0.01190185546875, 0.008056640625, 0.01385498046875, 0.000545501708984375, -0.013671875, -0.01055908203125, 0.0262451171875, -0.00081634521484375, 0.02294921875, -0.0031890869140625, -0.06640625, -0.019775390625, -0.053955078125, 0.005401611328125, 0.0010528564453125, 0.041015625, -0.06689453125, -0.01177978515625, -0.0322265625, -0.01141357421875, 0.002166748046875, -0.0028839111328125, -0.076171875, 0.035888671875, 0.0038909912109375, -0.0228271484375, 0.009765625, 0.029052734375, 0.0159912109375, -0.01348876953125, -0.000682830810546875, 0.021240234375, 0.0028839111328125, -0.0306396484375, -0.00048828125, 0.0024566650390625, -0.01904296875, -0.035888671875, -0.0250244140625, -0.01025390625, 0.0142822265625, 0.0308837890625, -0.009033203125, 0.033935546875, -0.0201416015625, -0.061767578125, -0.022216796875, -0.01007080078125, 0.05126953125, 0.007293701171875, 0.00823974609375, -0.07177734375, 0.004547119140625, 0.00185394287109375, -0.004364013671875, -0.0235595703125, 0.0181884765625, 0.0016326904296875, -0.054443359375, -0.054931640625, -0.01092529296875, -0.00311279296875, 0.006378173828125, 0.0245361328125, 0.0012969970703125, -0.02294921875, 0.0185546875, 0.052490234375, -0.0361328125, 0.004486083984375, -6.67572021484375e-05, 0.035400390625, 0.024169921875, 0.037109375, -0.03955078125, -0.0150146484375, -0.02734375, 0.00970458984375, -0.0322265625, -0.00970458984375, 0.000560760498046875, -0.01953125, 0.033203125, 0.02490234375, 0.02294921875, 0.020263671875, 0.0140380859375, -0.033447265625, -0.02587890625, -0.0162353515625, 0.04052734375, 0.0306396484375, -0.0185546875, 0.01513671875, -0.01348876953125, -0.018310546875, -0.06298828125, 0.055908203125, -0.001434326171875, 0.058837890625, 0.00927734375, 0.02490234375, -0.056640625, -0.049072265625, -0.00360107421875, -0.01470947265625, 0.038330078125, 0.032958984375, -0.025634765625, -0.020263671875, 0.05224609375, -0.0005645751953125, 0.006561279296875, 0.010009765625, -0.0162353515625, 0.004180908203125, 0.006378173828125, 0.061279296875, -0.005401611328125, -0.0301513671875, 0.0341796875, -0.0185546875, -0.08056640625, 0.032470703125, -0.0068359375, -0.05712890625, 0.003143310546875, -0.0004787445068359375, 0.01275634765625, -0.04150390625, -0.0296630859375, -0.0101318359375, -0.01318359375, -0.051513671875, 0.0654296875, -0.051025390625, -0.054931640625, 0.04541015625, 0.0517578125, -0.0419921875, -0.005584716796875, -0.007354736328125, -0.06787109375, -0.035888671875, 0.020263671875, 0.051513671875, 0.035888671875, 0.011474609375, -0.01446533203125, -0.0025177001953125, 0.02490234375, 0.04052734375, -0.0302734375, 0.0196533203125, -0.02783203125, 0.03173828125, -0.0040283203125, -0.035400390625, 0.0194091796875, 0.01708984375, -0.03515625, -0.02490234375, 0.0380859375, -0.007110595703125, 0.0341796875, -0.01507568359375, 0.007232666015625, -0.018798828125, -0.046630859375, 0.008056640625, 0.0140380859375, -0.004791259765625, 0.0419921875, 0.0052490234375, 0.0101318359375, 0.01177978515625, 0.0036773681640625, 0.00347900390625, -0.0216064453125, 0.0018768310546875, 0.01458740234375, -0.01007080078125, 0.0267333984375, 0.0302734375, -0.009765625, 0.0130615234375, -0.01953125, -0.0052490234375, 0.047119140625, 0.029052734375, -0.00518798828125, 0.02099609375, 0.0277099609375, -0.01397705078125, -0.00147247314453125, 0.01397705078125, -0.0177001953125, 0.05712890625, 0.052734375, -0.06689453125, -0.000244140625, -0.00982666015625, 0.0289306640625, -0.02294921875, -0.051025390625, 0.0361328125, -0.046875, 0.01611328125, 0.0255126953125, -0.01068115234375, -0.004913330078125, -0.05224609375, 0.0023193359375, -0.00897216796875, 0.0390625, 0.0130615234375, -0.01470947265625, 0.0302734375, 0.0267333984375, 0.080078125, 0.00872802734375, 0.0252685546875, 0.0023651123046875, -0.02099609375, -0.013427734375, 0.046630859375, 0.04150390625, 0.0021514892578125, 0.0036163330078125, -0.000522613525390625, 0.0419921875, -0.0001277923583984375, 0.000499725341796875, 0.0439453125, 0.029541015625, -0.01263427734375, -0.0576171875, -0.0625, 0.0556640625, 0.072265625, 0.036376953125, -0.00897216796875, 0.033935546875, 0.043212890625, -0.00750732421875, -0.0361328125, 0.0294189453125, -0.028076171875, -0.01171875, -0.0283203125, -0.008544921875, 0.0012359619140625, -0.0245361328125, 0.01141357421875, -0.0274658203125, -0.01080322265625, -0.005706787109375, -0.000560760498046875, -0.01361083984375, -0.04443359375, 0.033935546875, -0.004913330078125, 0.02734375, -0.018798828125, 0.061279296875, -0.0108642578125, 0.03662109375, -0.043212890625, 0.01141357421875, 0.0025634765625, -0.01904296875, -0.0322265625, 0.0179443359375, -0.0169677734375, -0.0224609375, 0.0262451171875, 0.000629425048828125, 0.02001953125, -0.012451171875, -0.04833984375, 0.0269775390625, 0.08447265625, -0.038818359375, 0.038818359375, -0.0010986328125, 0.029541015625, 0.0152587890625, -0.038330078125, -0.03125, -0.022216796875, -0.033935546875, -0.053466796875, 0.0106201171875, 0.0673828125, 0.00063323974609375, -0.005401611328125, -0.0185546875, 0.032958984375, -0.0157470703125, -0.00836181640625, -0.02880859375, 0.0308837890625, -0.020751953125, 0.000614166259765625, 0.00860595703125, -0.04833984375, 0.0301513671875, -0.05029296875, -0.0036773681640625, 0.001220703125, -0.018798828125, -0.054931640625, 0.020751953125, 0.011474609375, 0.0235595703125, 0.019775390625, 0.00113677978515625, -0.038330078125, -0.0111083984375, -0.042724609375, 0.00897216796875, 0.010009765625, -0.0341796875, 0.0140380859375, 0.0301513671875, -0.0498046875, -0.003997802734375, -0.0693359375, 0.025146484375, -0.0537109375, -0.025634765625, -0.00262451171875, -0.0101318359375, 0.01165771484375, -0.020263671875, 0.00083160400390625, -0.038818359375, -0.01513671875, 0.006256103515625, -0.036376953125, -0.02880859375, 0.01177978515625, 0.0361328125, -0.01226806640625, -0.00152587890625, -0.04931640625, -0.013427734375, -0.01165771484375, 0.00714111328125, -0.04345703125, 0.01251220703125, 0.0257568359375, -0.00762939453125, 0.021240234375, 0.005401611328125, 0.034423828125, 0.004241943359375, 0.0234375, 0.00124359130859375, -0.022216796875, -0.0167236328125, 0.039794921875, 0.0252685546875, -0.00653076171875, 0.003997802734375, -0.0194091796875, 0.00885009765625, 0.026123046875, 0.046142578125, -0.045654296875, 0.0267333984375, -0.042724609375, 0.06884765625, -0.0341796875, -0.0211181640625, -0.00152587890625, -0.01507568359375, 0.0419921875, -0.0201416015625, 0.0177001953125, -0.037841796875, -0.06689453125, 0.01361083984375, 0.041015625, -0.009521484375, 0.0059814453125, 0.004486083984375, -0.07177734375, -0.0120849609375, -0.006134033203125, 0.01470947265625, -0.006103515625, 0.0306396484375, -0.07958984375, -0.005615234375, -0.06640625, 0.01165771484375, -0.00103759765625, 0.01336669921875, -0.01397705078125, -0.014892578125, -0.0177001953125, -0.0235595703125, -0.0703125, 0.049072265625, -0.04833984375, 0.028564453125, 0.01025390625, 0.02734375, 0.0294189453125, 0.054931640625, 0.07177734375, -0.01385498046875, -0.007415771484375, 0.000858306884765625, 0.006439208984375, -0.0223388671875, 0.041259765625, -0.004547119140625, -0.0419921875, -0.008544921875, 0.03466796875, -0.03759765625, 0.0177001953125, 0.03173828125, 0.055419921875, 0.009765625, -0.017333984375, 0.005706787109375, -0.0177001953125, 0.00408935546875, 0.041015625, -2.0712614059448242e-06, -0.05712890625, 0.0274658203125, -0.007415771484375, 0.099609375, -0.03369140625, 0.0291748046875, 0.00927734375, -0.00897216796875, -0.0250244140625, 0.04052734375, 0.055419921875, 0.009521484375, -0.0037689208984375, 0.0223388671875, 0.0269775390625, -0.043212890625, -0.0101318359375, -0.0277099609375, 0.00022792816162109375, -0.003143310546875, 0.055419921875, -0.038818359375, 