{"movie": "wwdc2025", "offset": 308, "text_offset": 300, "embedding": [0.03662109375, 0.00506591796875, 0.010986328125, 0.038330078125, -0.015625, 0.03759765625, -0.022216796875, -0.037841796875, -0.0014190673828125, 0.053466796875, -0.01202392578125, -0.0057373046875, -0.00830078125, -0.053466796875, -0.01300048828125, 0.049560546875, 0.0301513671875, -0.021240234375, 0.00848388671875, -0.01220703125, 0.010009765625, -0.052001953125, -0.04638671875, 0.01397705078125, 0.0031280517578125, -0.01373291015625, 0.01336669921875, 0.0108642578125, -0.0191650390625, -0.0301513671875, -0.02880859375, -0.064453125, -0.003173828125, 0.0023040771484375, 0.025634765625, -0.05322265625, 0.038330078125, 0.05712890625, -0.01531982421875, 0.0771484375, -0.03662109375, 0.01361083984375, 0.045654296875, -0.062255859375, 0.01141357421875, 0.00274658203125, -0.031494140625, -0.07568359375, 0.0240478515625, 0.0380859375, -0.015869140625, 0.016845703125, -0.00408935546875, 0.005706787109375, -0.055908203125, 0.03076171875, -0.03564453125, 0.01312255859375, -0.00567626953125, 0.034912109375, 0.0084228515625, -0.0166015625, -0.0233154296875, -0.0111083984375, -0.008056640625, -0.0084228515625, 0.03173828125, -0.00567626953125, -0.008056640625, -0.0220947265625, -0.0147705078125, -0.033203125, 0.0284423828125, -0.045654296875, 0.0032501220703125, 0.031982421875, -0.0289306640625, -0.044189453125, 0.0673828125, 0.03662109375, -0.005584716796875, -0.0093994140625, -0.0032196044921875, 0.03076171875, -0.0027923583984375, -0.0390625, 0.03173828125, 0.0115966796875, -0.0172119140625, 0.001708984375, -0.029052734375, 0.0284423828125, -0.010986328125, 0.005828857421875, -0.0247802734375, 0.00494384765625, 0.00811767578125, -0.058349609375, -0.01361083984375, -0.00640869140625, -0.01953125, -0.02783203125, -0.0262451171875, -0.00421142578125, -0.028564453125, -0.04296875, 0.026611328125, -0.00299072265625, 0.048828125, 0.057861328125, -0.002777099609375, -0.052978515625, -0.057861328125, 0.006500244140625, -0.00482177734375, 0.006256103515625, 0.11962890625, -0.03271484375, 0.0023040771484375, 0.0186767578125, 0.00029754638671875, 0.033203125, 0.00958251953125, -0.0291748046875, -0.000850677490234375, 0.0272216796875, -0.006683349609375, -0.00159454345703125, -0.037353515625, 0.019287109375, -0.00025177001953125, 0.0240478515625, 0.021240234375, 0.034423828125, -0.0732421875, -0.013916015625, 0.0478515625, -0.023193359375, 0.0247802734375, -0.023193359375, -0.045654296875, 0.018798828125, -0.043212890625, 0.01190185546875, -0.036865234375, -0.0240478515625, -0.001312255859375, 0.0142822265625, -0.0189208984375, 0.00653076171875, 0.03369140625, 0.01141357421875, -0.059326171875, 0.054443359375, 0.041259765625, 0.04052734375, -0.055908203125, -0.006622314453125, -0.04345703125, -0.03857421875, 0.0255126953125, -0.0152587890625, 0.0157470703125, 0.009765625, 0.0712890625, 0.0277099609375, -0.05224609375, -0.01361083984375, -0.006683349609375, -0.02197265625, -0.01251220703125, 0.00408935546875, -0.029052734375, 0.0185546875, -0.054931640625, 0.03759765625, -0.01495361328125, 0.0004425048828125, 0.00469970703125, 0.0196533203125, -0.0045166015625, 0.01397705078125, 0.044189453125, 0.010986328125, 0.007110595703125, 0.0166015625, -0.0020751953125, 0.01806640625, -0.048583984375, 0.039794921875, -0.01300048828125, -0.0240478515625, 0.009033203125, 0.0306396484375, 0.025390625, -0.039794921875, 0.05712890625, 0.0019073486328125, 0.058837890625, 0.049560546875, -0.0172119140625, 0.061279296875, 0.0205078125, 0.0272216796875, -0.046875, -0.00090789794921875, 0.01507568359375, -0.0113525390625, -0.053466796875, 0.07080078125, 0.013671875, -0.0281982421875, 0.0250244140625, -0.005523681640625, -0.00665283203125, -0.04345703125, 0.0361328125, -0.0128173828125, 0.0654296875, -0.0615234375, -0.054443359375, -0.0299072265625, -0.001739501953125, 0.0279541015625, -0.01251220703125, 0.007659912109375, 0.0203857421875, 0.037841796875, 0.10009765625, 0.01141357421875, 0.045654296875, 0.0272216796875, -0.0023345947265625, -0.01031494140625, -0.01544189453125, 0.00150299072265625, -0.046875, 0.020263671875, -0.0128173828125, 0.045166015625, -0.004852294921875, -0.0279541015625, -0.0238037109375, -0.00860595703125, -0.05419921875, -0.06787109375, -0.034912109375, -0.0135498046875, 0.0306396484375, 0.05078125, -0.00445556640625, -0.021240234375, 0.00186920166015625, -0.038818359375, 0.003326416015625, 0.06884765625, 0.01422119140625, 0.015869140625, 0.010498046875, -0.0203857421875, 0.021240234375, 0.01239013671875, 0.0147705078125, 0.026123046875, 0.016845703125, -0.0361328125, 0.013671875, 0.00872802734375, -0.033203125, 0.00494384765625, 0.03955078125, -0.044677734375, -0.0186767578125, -0.02880859375, 0.0172119140625, 0.0196533203125, -0.05078125, -0.01446533203125, -0.006622314453125, 0.03564453125, -0.0016632080078125, 0.011474609375, 0.0284423828125, 0.007415771484375, 0.0302734375, 0.0247802734375, 0.01055908203125, -0.033203125, -0.027099609375, 0.0045166015625, 0.05078125, -0.0244140625, 0.0205078125, 0.01507568359375, -0.027099609375, 0.00506591796875, 0.014404296875, -0.021484375, -0.03955078125, -0.03076171875, -0.037109375, -0.038818359375, -0.054443359375, 0.01507568359375, 0.0172119140625, 0.022705078125, 0.032470703125, 0.00421142578125, 0.0032501220703125, -0.007720947265625, -0.0299072265625, -0.041748046875, -0.02392578125, 0.035400390625, -0.045654296875, -0.0194091796875, -0.01275634765625, -0.059814453125, 0.002655029296875, -0.026611328125, -0.00634765625, -0.0032806396484375, 0.055419921875, 0.042236328125, -0.01806640625, -0.072265625, -0.052978515625, 0.020263671875, -0.0291748046875, -0.056640625, -0.00408935546875, 0.0067138671875, -0.04052734375, -0.039306640625, -0.04736328125, -0.01385498046875, -0.033203125, -0.01531982421875, 0.049560546875, -0.0054931640625, 0.01361083984375, -0.053466796875, 0.05712890625, -0.043212890625, 0.0017852783203125, -0.06298828125, 0.0208740234375, 0.00885009765625, -0.011474609375, 0.04296875, -0.033935546875, -0.0257568359375, -0.03955078125, 0.044189453125, -0.058349609375, -0.0172119140625, -0.037353515625, 0.02099609375, -0.03271484375, 0.04443359375, 0.03662109375, -0.0036773681640625, 0.04345703125, -0.013916015625, 0.05126953125, 0.01531982421875, -0.0220947265625, -0.0198974609375, 0.028564453125, -0.0203857421875, 0.029541015625, -0.023193359375, 0.041259765625, -0.0118408203125, 0.0220947265625, -0.0302734375, 0.051513671875, -0.01483154296875, -0.0255126953125, -0.00494384765625, 0.006988525390625, 0.051025390625, 0.0034027099609375, -0.04052734375, 0.006683349609375, 0.025390625, 0.0025482177734375, -0.0166015625, 0.034423828125, -0.0260009765625, -0.02099609375, 0.02294921875, -0.006011962890625, -0.051513671875, 0.0050048828125, -0.040771484375, -0.007293701171875, 0.00537109375, -0.031982421875, -0.010009765625, 0.034912109375, 0.0279541015625, -0.091796875, 0.03369140625, -0.030517578125, 0.04345703125, 0.04296875, -0.01458740234375, 0.03662109375, -0.0184326171875, -0.019287109375, 0.016845703125, -0.0091552734375, 0.01239013671875, -0.0089111328125, -0.016845703125, 0.013671875, 0.01416015625, -0.0133056640625, 0.0157470703125, 0.0015869140625, 0.06884765625, -0.00115966796875, 0.021240234375, 0.0198974609375, 0.039306640625, 0.01397705078125, -0.01373291015625, -0.01507568359375, 0.021484375, 0.06298828125, 0.0205078125, -0.0205078125, -0.0133056640625, -0.0036163330078125, 0.046630859375, -0.010498046875, 0.01953125, -0.01531982421875, 0.0023040771484375, -0.01953125, -0.013916015625, -0.08154296875, 0.00634765625, -0.037353515625, 0.01300048828125, -0.026611328125, 0.058349609375, -0.05224609375, -0.01129150390625, -0.0284423828125, -0.0107421875, 0.0184326171875, 0.021484375, -0.0277099609375, 0.007232666015625, -0.04248046875, 0.0172119140625, -0.08837890625, 0.019287109375, -0.0126953125, 0.0247802734375, 0.02294921875, -0.01397705078125, -0.060302734375, -0.01806640625, 0.03173828125, -0.0228271484375, 