{"movie": "wwdc2025", "offset": 164, "text_offset": 160, "embedding": [0.036376953125, -0.0027008056640625, 0.07275390625, -0.0419921875, -0.031982421875, 0.00909423828125, 0.0191650390625, -0.0283203125, 0.04345703125, 0.041259765625, 0.0238037109375, -0.0036773681640625, 0.004547119140625, -0.0269775390625, -0.0181884765625, -0.00909423828125, 0.0281982421875, -0.0194091796875, 0.039794921875, -0.0245361328125, -0.02880859375, -0.0032501220703125, -0.00146484375, -0.006134033203125, 0.0277099609375, -0.028076171875, -0.0262451171875, -0.0289306640625, -0.010498046875, 0.046142578125, 0.0032958984375, -0.0537109375, 0.025146484375, 0.041748046875, -0.02783203125, -0.038330078125, 0.0296630859375, 0.014404296875, -0.01220703125, 0.03759765625, 0.0194091796875, -0.004302978515625, -0.036376953125, 0.005706787109375, 0.00616455078125, -0.0244140625, -0.058837890625, 0.0167236328125, 0.07421875, 0.044921875, 0.00113677978515625, 0.003448486328125, 0.00762939453125, -0.00787353515625, -0.044677734375, -0.0250244140625, -0.00665283203125, 0.029052734375, 0.0032501220703125, 0.00017547607421875, -0.01153564453125, -0.0172119140625, 0.033447265625, 0.01177978515625, -0.03271484375, 0.0010986328125, -0.0262451171875, -0.0537109375, 0.033935546875, -0.0208740234375, 0.00439453125, 0.030517578125, -0.020263671875, -0.0286865234375, 0.0169677734375, 0.0244140625, 0.04052734375, -0.0220947265625, -0.0033721923828125, 0.08447265625, -0.041015625, -0.004150390625, -0.0031585693359375, 0.0194091796875, -0.01080322265625, -0.017333984375, 0.0150146484375, -0.022216796875, -0.01287841796875, -0.0087890625, 0.00201416015625, 0.036376953125, 0.025634765625, -0.0211181640625, -0.029052734375, -0.0206298828125, 0.004608154296875, -0.03564453125, -0.024169921875, 0.030517578125, 0.015380859375, 0.017822265625, -0.0311279296875, -0.007354736328125, -0.058837890625, -0.038330078125, -0.0169677734375, 0.01409912109375, -0.0458984375, -0.00970458984375, 0.0216064453125, -0.076171875, 0.016357421875, 0.01904296875, 0.0035858154296875, 0.033447265625, 0.044677734375, -0.041748046875, 0.042236328125, -0.01611328125, -0.0159912109375, -0.01470947265625, 0.027587890625, -0.033447265625, -0.0301513671875, 0.0196533203125, 0.0191650390625, 0.00799560546875, -0.01318359375, 0.022705078125, -0.0076904296875, -0.0019989013671875, 0.0299072265625, -0.0024566650390625, -0.033447265625, 0.0087890625, 0.052734375, 0.03076171875, -0.0576171875, -0.0322265625, -0.02880859375, 0.0081787109375, -0.04248046875, 0.043212890625, -0.06884765625, -0.01043701171875, 0.03515625, -0.036865234375, -0.06005859375, 0.0206298828125, 0.060302734375, -0.016357421875, -0.07763671875, 0.05078125, 0.006134033203125, 0.0159912109375, -0.01483154296875, 0.0289306640625, -0.017578125, -0.029052734375, 0.0067138671875, -0.056396484375, -0.005859375, 0.041259765625, 0.01611328125, -0.0250244140625, 0.01025390625, 0.010498046875, -0.00191497802734375, -0.000812530517578125, -0.09814453125, -0.006103515625, 0.006805419921875, -0.020263671875, -0.00830078125, 0.021240234375, 0.0224609375, 0.027587890625, -0.037109375, -0.00543212890625, -0.006011962890625, 0.0191650390625, 0.047607421875, -0.01324462890625, -0.00860595703125, 0.0029144287109375, -0.005859375, 0.0625, -0.03125, 0.0224609375, 0.007171630859375, 0.0072021484375, -0.003997802734375, -0.004913330078125, 0.046630859375, -0.004547119140625, 0.03564453125, -0.036865234375, 0.0274658203125, 0.02587890625, -0.006439208984375, 0.00830078125, -0.00164794921875, 0.0205078125, 0.04931640625, -0.005950927734375, -0.0034027099609375, 0.0615234375, -0.0113525390625, 0.0294189453125, -0.031982421875, 0.01312255859375, -0.064453125, -0.058837890625, 0.00144195556640625, -0.0625, 0.0250244140625, 0.003662109375, 0.004791259765625, 0.004302978515625, -0.0108642578125, -0.0128173828125, 0.029541015625, 0.00408935546875, -0.03515625, -0.01141357421875, 0.000530242919921875, 0.033935546875, 0.0274658203125, 0.00732421875, 0.0228271484375, 0.02294921875, -0.042236328125, 0.03564453125, -0.027099609375, 0.001190185546875, 0.017578125, 0.00119781494140625, -0.07958984375, 0.050537109375, 0.06103515625, -0.049072265625, -0.0038604736328125, 0.0281982421875, -0.01092529296875, -0.061279296875, -0.00689697265625, 0.038818359375, 0.026611328125, 0.039794921875, -0.040771484375, 0.04248046875, 0.03466796875, -0.039794921875, -0.0169677734375, 0.047119140625, 0.01055908203125, 0.0035247802734375, -0.013916015625, 0.046142578125, 0.0205078125, 0.025634765625, 0.06298828125, -0.0869140625, 0.01019287109375, -0.061279296875, -0.00830078125, -0.0135498046875, -0.027099609375, 0.03076171875, 0.07666015625, -0.051513671875, -0.055419921875, 0.059326171875, -0.03271484375, -0.0286865234375, -0.0247802734375, -3.743171691894531e-05, -0.058837890625, 0.006500244140625, -0.08154296875, 0.030029296875, -0.0218505859375, -0.0101318359375, 0.030517578125, 0.0147705078125, 0.03271484375, -0.0191650390625, -0.0277099609375, -0.01153564453125, 0.040771484375, -0.041748046875, -0.0159912109375, 0.01141357421875, -0.017578125, -0.0198974609375, -0.042236328125, 0.0211181640625, 0.004791259765625, 0.00347900390625, -0.076171875, 0.036865234375, 0.00927734375, 0.03759765625, -0.01055908203125, -0.01025390625, 0.01251220703125, 0.003997802734375, 0.03759765625, 0.017333984375, -0.0281982421875, -0.045654296875, -0.0252685546875, 0.038330078125, -0.027587890625, 0.050537109375, 0.0196533203125, -0.0245361328125, 0.06787109375, 0.007232666015625, -0.048828125, 0.038818359375, 0.00830078125, -0.00201416015625, 0.00927734375, -0.000881195068359375, -0.052001953125, -0.01251220703125, -0.0032806396484375, -0.05615234375, 0.028076171875, -0.058837890625, 0.01513671875, -0.049560546875, -0.052490234375, -0.025146484375, -0.07421875, -0.05859375, 0.0009002685546875, 0.0184326171875, 0.036376953125, -0.0308837890625, -0.05419921875, -0.037109375, -0.033935546875, -0.0016632080078125, 0.048828125, 0.0299072265625, 0.005889892578125, 0.03271484375, 0.017822265625, 0.0205078125, 0.0264892578125, 0.03125, -0.0185546875, -0.01495361328125, -0.00830078125, 0.0244140625, -0.061279296875, 0.05029296875, -0.00531005859375, -0.05078125, 0.029296875, -0.0306396484375, 0.08154296875, -0.01318359375, 0.0146484375, -0.04052734375, -0.0235595703125, -0.021240234375, 0.041259765625, -0.0294189453125, -0.0252685546875, 0.0167236328125, -0.049560546875, -0.005126953125, -0.044921875, 0.0157470703125, -0.046142578125, 0.03564453125, -0.01025390625, 0.03759765625, 0.0111083984375, -0.0296630859375, 0.0238037109375, -0.0218505859375, 0.0224609375, 0.056884765625, -0.051513671875, -0.046630859375, 0.039306640625, 0.01031494140625, -0.00994873046875, -0.06640625, 0.01495361328125, -0.031982421875, -0.00640869140625, 0.0252685546875, -0.0257568359375, 0.00909423828125, 0.0028076171875, -0.018798828125, -0.030029296875, 0.005950927734375, -0.020263671875, 0.02587890625, -0.0281982421875, 0.033203125, -0.0024871826171875, -0.01171875, -0.05126953125, 0.00750732421875, -0.0654296875, 0.038330078125, -0.00750732421875, 0.0135498046875, -0.00104522705078125, 0.0576171875, 0.01055908203125, 0.014404296875, 0.052978515625, 0.005523681640625, 0.030517578125, 0.005462646484375, 0.00909423828125, -0.0556640625, 0.00201416015625, -0.02685546875, -0.062255859375, -0.0205078125, 0.000644683837890625, -0.00122833251953125, 0.029541015625, 0.06640625, 0.0230712890625, 0.06396484375, -0.033447265625, -0.017578125, 0.0072021484375, -0.0072021484375, 0.038330078125, 0.0223388671875, -0.08203125, 0.03125, -0.021728515625, 0.0250244140625, 0.03759765625, -0.00640869140625, -0.00958251953125, 0.052490234375, 0.0238037109375, -0.043212890625, 0.01080322265625, 0.044189453125, -0.0224609375, 0.014404296875, -0.0240478515625, -0.064453125, -0.0172119140625, 0.043212890625, 0.006866455078125, 0.0537109375, 0.07373046875, -0.0133056640625, 0.0126953125, 0.0019683837890625, 0.02880859375, 0.01190185546875, -0.036376953125, -0.0257568359375, -0.036865234375, 