{"movie": "wwdc2025", "offset": 54, "text_offset": 40, "embedding": [0.0306396484375, -0.0283203125, 0.0458984375, -0.0026702880859375, -0.0634765625, 0.026611328125, 0.050537109375, -0.004486083984375, 0.0250244140625, 0.0218505859375, 0.026611328125, 0.01055908203125, 0.0093994140625, -0.068359375, -0.0118408203125, -0.00146484375, 0.029541015625, -0.011962890625, -0.00164031982421875, 0.0167236328125, -0.07275390625, -0.002166748046875, 0.0159912109375, -0.06591796875, 0.0181884765625, -0.00885009765625, -0.04638671875, -0.01275634765625, 0.00186920166015625, 0.0302734375, -0.048828125, -0.061279296875, 0.029296875, 0.0233154296875, 0.01348876953125, 0.042236328125, 0.01416015625, 0.037353515625, 0.002227783203125, 0.005096435546875, -0.029296875, 0.022216796875, -0.009765625, -0.0162353515625, -0.00176239013671875, 0.0196533203125, -0.03369140625, -0.0194091796875, 0.0194091796875, 0.058349609375, -0.041015625, -0.01141357421875, -0.050048828125, -0.0693359375, -0.007537841796875, 0.023681640625, -0.00885009765625, -0.0283203125, 0.0289306640625, 0.01123046875, 0.0022125244140625, 0.04638671875, 0.0296630859375, -0.02685546875, -0.01458740234375, 0.0262451171875, -0.0185546875, -0.03125, 0.006988525390625, -0.041748046875, -0.03466796875, 0.03369140625, 0.037841796875, 0.007537841796875, -0.02294921875, -0.00049591064453125, 0.07861328125, -0.044189453125, -0.0211181640625, 0.039794921875, 0.01068115234375, 0.01251220703125, 0.0201416015625, -0.0252685546875, 0.02294921875, -0.0211181640625, 0.001495361328125, -0.0157470703125, -0.031005859375, 0.00145721435546875, -0.05322265625, 0.035400390625, -0.049072265625, -0.00909423828125, -1.2814998626708984e-05, 0.040283203125, -0.03515625, -0.00811767578125, -0.00347900390625, 0.044921875, -0.0205078125, 0.056640625, -0.08056640625, 0.005218505859375, -0.05517578125, -0.0654296875, -0.000263214111328125, -0.00823974609375, -0.0181884765625, -0.0262451171875, -0.050537109375, -0.03173828125, -0.006317138671875, 0.043212890625, -0.041748046875, 0.0537109375, -0.0272216796875, -0.00579833984375, 0.0517578125, -0.0169677734375, -0.0260009765625, -0.0634765625, 0.0181884765625, -0.07421875, -0.005157470703125, -0.004058837890625, 0.01806640625, 0.041748046875, -0.021728515625, 0.0556640625, 0.01007080078125, 0.00836181640625, 0.02734375, 0.0004367828369140625, -0.08447265625, 0.002410888671875, -0.0137939453125, -0.0022125244140625, -0.021728515625, -0.00909423828125, -0.01220703125, 0.013671875, -0.04931640625, -0.0206298828125, 0.01458740234375, -0.013427734375, 0.0213623046875, -0.006256103515625, -0.05322265625, -0.05517578125, 0.078125, -0.05517578125, -0.0299072265625, 0.0206298828125, -0.01531982421875, -0.01513671875, 0.01531982421875, 0.00604248046875, -0.05908203125, -0.04638671875, -0.01904296875, -0.00665283203125, 0.005218505859375, -0.04736328125, 0.0546875, -0.006500244140625, 0.006744384765625, 0.0196533203125, -0.01806640625, -0.030517578125, -0.045654296875, 0.0146484375, -0.004364013671875, 0.01483154296875, 0.0189208984375, -0.0211181640625, -0.0244140625, 0.002410888671875, 0.0281982421875, -0.04638671875, -0.0252685546875, 0.04931640625, 0.057373046875, -0.052734375, 0.00823974609375, 0.0234375, 0.017822265625, 0.052001953125, -0.0400390625, 0.005706787109375, -0.011962890625, 0.0244140625, 0.01123046875, -0.04541015625, 0.07080078125, -0.00051116943359375, -0.005035400390625, -0.01458740234375, 0.037109375, 0.03662109375, -0.04443359375, 0.0181884765625, 0.02294921875, 0.0223388671875, 0.0142822265625, 0.0390625, -0.007476806640625, 0.054443359375, -0.07763671875, 0.00390625, -0.0517578125, -8.726119995117188e-05, -0.005126953125, -0.045654296875, 0.0223388671875, -0.045654296875, 0.042724609375, 0.0272216796875, 0.0031890869140625, 0.03125, 0.00168609619140625, 0.004180908203125, 0.033203125, 0.01123046875, -0.0286865234375, 0.00616455078125, 0.01251220703125, 0.0206298828125, 0.0025177001953125, -0.0546875, 0.0245361328125, 0.008056640625, -0.05859375, 0.01953125, 0.04736328125, 0.03564453125, 0.0272216796875, 0.00872802734375, -0.0269775390625, 0.050048828125, 0.03369140625, -0.0478515625, 0.00689697265625, 0.034423828125, -0.01263427734375, -0.042724609375, -0.007415771484375, 0.0157470703125, 0.04541015625, 0.0042724609375, -0.0216064453125, 0.0262451171875, 0.059326171875, -0.042236328125, -0.064453125, 0.0191650390625, -0.027587890625, -0.00604248046875, -0.048828125, 0.0224609375, 0.0223388671875, 0.01141357421875, 0.006103515625, -0.0517578125, 0.043212890625, 0.01806640625, -0.024658203125, -0.004547119140625, -0.037109375, -0.037841796875, 0.061767578125, -0.021728515625, -0.01300048828125, 0.0380859375, -0.0064697265625, -0.013671875, -0.040283203125, 0.00182342529296875, -0.026611328125, -0.006744384765625, -0.0517578125, -0.0159912109375, -0.0654296875, -0.01251220703125, 0.04638671875, 0.036376953125, 0.0308837890625, -0.0322265625, -0.0120849609375, -0.0113525390625, 0.0208740234375, 0.0208740234375, 0.0218505859375, -0.018798828125, -0.0306396484375, 0.0118408203125, -0.052490234375, -0.00250244140625, -0.0390625, -0.0390625, -0.048828125, 0.02734375, 0.0177001953125, -0.01611328125, -0.00457763671875, 0.07421875, 0.0306396484375, 0.019775390625, 0.03857421875, 0.0458984375, 0.00077056884765625, -0.015869140625, -0.01434326171875, -0.002960205078125, -0.0390625, -0.0155029296875, -0.0120849609375, -0.042724609375, 0.00110626220703125, -0.007080078125, -0.0166015625, 0.023681640625, 0.06982421875, 0.01171875, 0.0220947265625, 0.003448486328125, 0.00457763671875, -0.0159912109375, 0.000850677490234375, 0.02587890625, 0.0306396484375, -0.056640625, -0.000255584716796875, -0.01611328125, -0.038818359375, 0.0213623046875, -0.0167236328125, 0.0322265625, -0.01611328125, 0.0208740234375, 0.00299072265625, 0.005828857421875, 0.0079345703125, 0.0010986328125, 0.00075531005859375, 0.061279296875, 0.06103515625, 0.029541015625, 0.0390625, -0.0128173828125, -0.053955078125, 0.0185546875, 0.007537841796875, 0.050537109375, -0.042724609375, -0.025634765625, 0.0047607421875, -0.002960205078125, -0.05517578125, -0.044921875, 0.03466796875, 0.0400390625, 0.0098876953125, -0.023193359375, 0.05517578125, -0.025634765625, 0.0213623046875, 0.012939453125, -0.04931640625, 0.01446533203125, 0.050048828125, 0.0458984375, 0.0120849609375, 0.02001953125, -0.037841796875, -0.0040283203125, -0.0361328125, 0.00347900390625, -0.00665283203125, 0.04541015625, -0.02294921875, 0.00738525390625, -0.006500244140625, 0.006805419921875, -0.038818359375, -0.035400390625, -0.03271484375, -0.042236328125, -0.055908203125, -0.0301513671875, 0.006744384765625, -0.019287109375, -0.016845703125, -0.0186767578125, 0.02587890625, -0.025634765625, -0.0673828125, 0.059326171875, 0.011474609375, -0.024658203125, 0.026611328125, 0.0172119140625, -0.058349609375, 0.01495361328125, -0.006591796875, 0.03466796875, 0.0250244140625, -0.0027008056640625, 0.0172119140625, 0.023681640625, 0.0004405975341796875, 0.01483154296875, -0.036865234375, -0.007232666015625, -0.078125, 0.0260009765625, -0.037109375, 0.0084228515625, -0.05322265625, 0.004791259765625, 0.061767578125, -0.0181884765625, 0.0291748046875, -0.040283203125, -0.02490234375, -0.0177001953125, -0.033935546875, -0.0213623046875, -0.0537109375, -0.0120849609375, 0.039794921875, -0.036376953125, 0.0213623046875, 0.01348876953125, 0.02685546875, -0.026611328125, -0.03759765625, -0.03369140625, 0.0218505859375, -0.01275634765625, 0.035400390625, -0.00787353515625, -0.054443359375, 0.050048828125, 0.0390625, 0.0177001953125, 0.0291748046875, 0.01171875, -0.041748046875, 0.00665283203125, -0.003875732421875, -0.035400390625, 0.039306640625, 0.037109375, 0.0220947265625, 0.01446533203125, -0.0218505859375, -0.052001953125, -0.01446533203125, 0.032958984375, -0.0283203125, 0.02587890625, 0.04931640625, 0.0194091796875, 0.050537109375, -0.046875, 0.0096435546875, 0.01025390625, -0.04638671875, -0.013916015625, -0.033203125, 0.00982666015625, 0.025634765625, 