{"movie": "wwdc2025", "offset": 536, "text_offset": 520, "embedding": [0.0140380859375, 0.0286865234375, -0.01324462890625, -0.031982421875, -0.053466796875, -0.0181884765625, -0.008544921875, -0.0174560546875, 0.0181884765625, 0.0302734375, 0.01446533203125, 0.04541015625, 0.019287109375, -0.043701171875, -0.023193359375, 0.00830078125, 0.0142822265625, -0.0126953125, 0.0040283203125, -0.01611328125, 0.01458740234375, -0.03369140625, 0.015625, -0.07958984375, 0.03271484375, 0.024658203125, -0.0341796875, -0.00130462646484375, 0.036376953125, -0.006500244140625, -0.035400390625, -0.05029296875, 0.00762939453125, 0.04443359375, 0.019775390625, 0.01190185546875, 0.00113677978515625, -0.0087890625, 0.005950927734375, 0.01470947265625, -0.04638671875, 0.002685546875, -0.01116943359375, 0.0198974609375, -0.042724609375, 0.004486083984375, -0.05908203125, 0.0006561279296875, -0.022705078125, 0.024658203125, -0.03466796875, 0.0027313232421875, 0.019287109375, -0.07421875, 0.005462646484375, -0.031982421875, -0.0308837890625, -0.00038909912109375, 0.00384521484375, 0.0052490234375, -0.0281982421875, 0.012451171875, 0.02587890625, 0.041748046875, 0.007171630859375, 0.0390625, -0.000438690185546875, -0.0302734375, 0.0157470703125, -0.0126953125, 0.047607421875, 0.0184326171875, 0.057373046875, -0.036376953125, -0.0260009765625, -0.0157470703125, 0.023193359375, -0.007568359375, -0.0023193359375, 0.01318359375, 0.0012054443359375, 0.0230712890625, 0.04248046875, -0.0218505859375, 0.0123291015625, -0.02734375, -0.01312255859375, -0.0294189453125, -0.0201416015625, 0.00811767578125, -0.019775390625, 0.01513671875, -0.024658203125, -0.0257568359375, -0.00112152099609375, 0.0223388671875, -0.037353515625, -0.06591796875, 0.01556396484375, 0.033447265625, -0.019287109375, 0.0419921875, -0.034912109375, -0.01324462890625, -0.045654296875, -0.0751953125, 0.008544921875, -0.00579833984375, -0.0186767578125, 0.025146484375, 0.005767822265625, -0.0223388671875, -0.058837890625, 0.0213623046875, -0.05078125, 0.04736328125, 0.02587890625, -0.048828125, 0.00830078125, 0.01611328125, -0.03076171875, -0.0177001953125, 0.01324462890625, -0.0020599365234375, -0.01434326171875, 0.03955078125, 0.027587890625, 0.052001953125, -0.0228271484375, 0.00897216796875, 0.0244140625, -0.05078125, -0.009765625, 0.035400390625, -0.0517578125, -0.01141357421875, 0.031494140625, -0.0177001953125, -0.0157470703125, 0.0096435546875, 0.0174560546875, 0.0010986328125, -0.0693359375, 0.0203857421875, 0.0048828125, -0.036865234375, -0.00469970703125, -0.01409912109375, -0.0224609375, -0.0167236328125, -0.0264892578125, -0.0235595703125, 0.01220703125, -0.005218505859375, 0.040771484375, 0.034423828125, 0.01446533203125, 0.021240234375, -0.05908203125, -0.00830078125, 0.01708984375, -0.0498046875, 0.034423828125, -0.005584716796875, 0.0294189453125, 0.0230712890625, -0.01434326171875, 0.02587890625, -0.009765625, -0.035400390625, -0.05078125, 0.0286865234375, -0.05517578125, 0.0262451171875, 0.018798828125, 0.0033416748046875, -0.02001953125, -0.003448486328125, -0.01361083984375, -0.00994873046875, 0.004119873046875, 0.010009765625, 0.057373046875, -0.06884765625, 0.015380859375, 0.01513671875, -0.01165771484375, 0.0031890869140625, -0.00347900390625, 0.01519775390625, 0.0029449462890625, 0.0224609375, 0.0087890625, 0.036376953125, 0.07568359375, 0.013427734375, 0.01251220703125, -0.02978515625, -0.0184326171875, 0.05517578125, 0.003173828125, 0.05908203125, 0.0267333984375, -0.005889892578125, 0.00909423828125, 0.0289306640625, 0.0322265625, 0.044921875, -0.10498046875, -0.042236328125, -0.0289306640625, -0.017578125, 0.01318359375, -0.043701171875, 0.028076171875, -0.01336669921875, 0.0185546875, 0.00860595703125, -0.00909423828125, -0.0277099609375, -0.054443359375, 0.00994873046875, 0.00787353515625, 0.033935546875, -0.007110595703125, 0.05078125, -0.012939453125, -0.0203857421875, 0.0751953125, -0.016845703125, 0.0201416015625, 0.00555419921875, -0.042724609375, -0.00604248046875, 0.0390625, 0.078125, -0.00701904296875, -0.0030670166015625, 0.00179290771484375, 0.068359375, 0.022705078125, -0.03173828125, -0.01708984375, 0.0654296875, -0.03759765625, -0.057373046875, 0.01324462890625, 0.00099945068359375, 0.023193359375, 0.041748046875, -0.0284423828125, -0.0022125244140625, 0.01519775390625, -0.02587890625, -0.0308837890625, 0.03125, -0.07421875, -0.040283203125, 0.009765625, 0.0027923583984375, 0.062255859375, -0.02734375, 0.0302734375, -0.047607421875, -0.0157470703125, -0.0322265625, -0.00689697265625, -0.0286865234375, -0.062255859375, -0.00927734375, 0.004547119140625, 0.025390625, -0.01708984375, 0.04736328125, -0.01019287109375, -0.0238037109375, -0.0986328125, -0.005462646484375, -0.0238037109375, -0.036376953125, -0.02001953125, -0.00994873046875, 0.00860595703125, -0.0157470703125, 0.0419921875, -0.0224609375, 0.017578125, -0.00164031982421875, -0.0126953125, 0.007598876953125, -0.023193359375, 0.04248046875, -0.025390625, -0.02099609375, 0.0189208984375, 0.040771484375, -0.0084228515625, -0.06396484375, -0.0185546875, -0.05078125, -0.0341796875, -0.03125, -0.004425048828125, 0.0166015625, -0.0238037109375, 0.036865234375, 0.010986328125, -0.0025177001953125, 0.031982421875, 0.005706787109375, 0.0157470703125, 0.0021514892578125, -0.0137939453125, 0.0235595703125, -0.07177734375, 0.078125, 0.0177001953125, -0.04541015625, 0.0291748046875, -0.0189208984375, 0.0302734375, 0.01544189453125, 0.028564453125, 0.032470703125, 0.07275390625, 0.016845703125, -0.0255126953125, -0.0390625, 0.0029449462890625, -0.04638671875, 0.04296875, -0.0286865234375, -0.0037994384765625, 0.0218505859375, -0.0003643035888671875, 0.0162353515625, -0.03369140625, -0.01336669921875, 0.004150390625, 0.00787353515625, -0.01904296875, -0.0107421875, 0.00179290771484375, 0.001983642578125, -0.040771484375, -0.036865234375, 0.03369140625, 0.031982421875, 0.0004119873046875, 0.002716064453125, -0.05908203125, 0.007568359375, -0.046630859375, 0.023681640625, -0.00115966796875, -0.041748046875, 0.017578125, 0.07275390625, -0.1015625, -0.006500244140625, 0.025390625, -0.00848388671875, 0.0281982421875, 0.0208740234375, 0.0281982421875, -0.00738525390625, 0.0218505859375, 0.0267333984375, -0.01544189453125, 0.006683349609375, 0.061767578125, 0.060546875, -0.02734375, -0.01141357421875, -0.036376953125, 0.0013580322265625, 0.01556396484375, 0.04296875, -0.032958984375, 0.0186767578125, -0.0751953125, -0.007293701171875, -0.0223388671875, -0.0157470703125, 0.01031494140625, 0.0322265625, -0.00628662109375, -0.037353515625, -0.0322265625, -0.00616455078125, -0.046630859375, -0.036376953125, 0.052734375, -0.0185546875, 0.0015869140625, -0.0142822265625, -0.01031494140625, 0.01287841796875, 0.060546875, 0.01513671875, 0.03857421875, -0.00787353515625, -0.05078125, -0.01361083984375, -0.03466796875, 0.037109375, -0.017333984375, -0.043701171875, 0.0179443359375, 0.029052734375, -0.00738525390625, 0.03369140625, -0.0281982421875, 0.040771484375, -0.06884765625, 0.0017547607421875, 0.0181884765625, 0.0115966796875, -0.0284423828125, -0.00994873046875, 0.048095703125, 0.00421142578125, 0.0048828125, 0.01226806640625, 0.0244140625, -0.002838134765625, -0.0224609375, -0.02734375, -0.078125, -0.055419921875, 0.005462646484375, -0.0015869140625, 0.009765625, 0.0244140625, 0.0390625, -0.041259765625, -0.0233154296875, -0.0018157958984375, -0.003936767578125, -0.021240234375, 0.058837890625, -0.04638671875, -0.0250244140625, 0.01190185546875, 0.046142578125, 0.04296875, 0.06298828125, -0.04248046875, -0.07177734375, -0.03955078125, 0.005462646484375, 0.0054931640625, 0.03955078125, 0.08251953125, -0.0206298828125, -0.029541015625, -0.057373046875, -0.041748046875, -0.030029296875, 0.0238037109375, -0.0142822265625, 0.0054931640625, 0.0228271484375, -0.037841796875, 0.0390625, -0.042236328125, 0.044677734375, 0.0184326171875, -0.07275390625, -0.083984375, -0.03955078125, 0.012451171875, 0.0673828125, 0.036865234375, -0.02490234375, 