{"movie": "wwdc2025", "offset": 192, "text_offset": 180, "embedding": [0.03564453125, -0.01214599609375, 0.00811767578125, -0.01446533203125, -0.044677734375, -0.058837890625, 0.022705078125, -0.056884765625, 0.0126953125, 0.0159912109375, 0.00118255615234375, -0.005767822265625, -0.0289306640625, -0.033203125, -0.04638671875, -0.0205078125, 0.0087890625, 0.04052734375, 0.0211181640625, -0.002105712890625, -0.0267333984375, -0.03515625, 0.02392578125, -0.056396484375, 0.05517578125, 0.009033203125, -0.029541015625, -0.042724609375, -0.044677734375, 0.0289306640625, 0.0262451171875, -0.05078125, 0.036376953125, 0.03173828125, -0.037841796875, 0.0062255859375, 0.02392578125, 0.002197265625, -0.0250244140625, 0.05419921875, -0.03857421875, -0.00958251953125, 0.0247802734375, 0.0189208984375, -0.03466796875, -0.000396728515625, -0.032470703125, -0.01068115234375, 0.04150390625, 0.05810546875, 0.0400390625, 0.0062255859375, -0.01446533203125, -0.0732421875, 0.00024318695068359375, -0.0108642578125, 0.037841796875, -0.01171875, 0.0169677734375, 0.000492095947265625, -0.0062255859375, -0.00653076171875, -0.004486083984375, -0.04443359375, -0.048583984375, 0.042236328125, 0.00665283203125, 0.003265380859375, -0.006072998046875, 0.01202392578125, 0.01092529296875, -0.026123046875, -0.004608154296875, -0.0084228515625, 0.0030364990234375, -0.0234375, 0.033203125, -0.01177978515625, -0.03662109375, 0.01275634765625, 0.007354736328125, 0.021240234375, 0.00225830078125, -0.04052734375, -0.00830078125, -0.0400390625, 0.0390625, 0.0026397705078125, 0.0103759765625, -0.00494384765625, -0.00193023681640625, 0.02490234375, 0.06494140625, 0.0137939453125, -0.0103759765625, -0.01806640625, -0.008544921875, -0.061279296875, -0.0042724609375, 0.04541015625, 0.0026702880859375, 0.01806640625, -0.044677734375, 0.00799560546875, -0.08544921875, -0.06494140625, 0.04345703125, 0.0189208984375, -0.0106201171875, -0.002593994140625, -0.0537109375, -0.0101318359375, 0.006561279296875, 0.044189453125, -0.0654296875, 0.049560546875, 0.0732421875, 0.0031890869140625, 0.04736328125, -0.0146484375, -0.00167083740234375, -0.06396484375, 0.0157470703125, -0.05859375, 0.01220703125, 0.036376953125, 0.0079345703125, 0.0234375, -0.007598876953125, 0.031982421875, -0.0213623046875, -0.0091552734375, 0.03564453125, -0.0045166015625, -0.0537109375, 0.0205078125, 0.058837890625, 0.021728515625, -0.045166015625, -0.00054931640625, 0.048583984375, 0.04443359375, -0.06005859375, 0.0118408203125, -0.01611328125, -0.0184326171875, 0.0634765625, -0.036376953125, -0.051025390625, 0.008544921875, 0.038818359375, 0.0186767578125, -0.0150146484375, 0.099609375, 0.0181884765625, 0.043701171875, -0.0302734375, -0.00139617919921875, -0.01275634765625, -0.0400390625, 0.0306396484375, -0.04638671875, -0.0247802734375, 0.004669189453125, 0.041748046875, 0.00714111328125, -0.002716064453125, 0.01043701171875, -0.048583984375, 0.00787353515625, -0.052734375, 0.02685546875, 0.03955078125, -0.000782012939453125, 0.021728515625, -0.032470703125, 0.01202392578125, 0.052734375, 0.00836181640625, -0.0004863739013671875, 0.0062255859375, 0.026123046875, -0.0130615234375, -0.023681640625, 0.00032806396484375, -0.00482177734375, 0.023193359375, 0.0693359375, -0.064453125, 0.0771484375, -0.00567626953125, 0.01806640625, 0.00439453125, -0.03955078125, 0.0634765625, -0.03369140625, -0.001861572265625, 0.0157470703125, -0.007598876953125, 0.017578125, -0.027587890625, 0.010498046875, -0.0223388671875, 0.031494140625, -0.0166015625, -0.0169677734375, 0.0159912109375, 0.057373046875, -0.02099609375, 0.0294189453125, -0.02587890625, -0.01153564453125, -0.050537109375, -0.05517578125, 0.02490234375, -0.0302734375, 0.044677734375, -0.00714111328125, -0.0005645751953125, -0.031494140625, -0.04052734375, 0.021728515625, 0.037841796875, -0.0078125, -0.0615234375, 0.0208740234375, 0.0034942626953125, -0.01055908203125, 0.04052734375, 0.0341796875, -0.01434326171875, 0.021728515625, -0.007598876953125, -0.0108642578125, 0.01080322265625, 0.0205078125, 0.0033416748046875, 0.02685546875, -0.051513671875, 0.0235595703125, 0.00799560546875, -0.058837890625, -0.0306396484375, 0.036376953125, -0.010009765625, -0.0274658203125, -0.0023345947265625, 0.0234375, 0.006195068359375, 0.041015625, -0.03173828125, -0.0050048828125, 0.0595703125, -0.068359375, 0.00543212890625, 0.044677734375, -0.0244140625, -0.019287109375, 0.0240478515625, -0.00201416015625, -0.036376953125, 0.0225830078125, 0.000766754150390625, -0.056884765625, 0.00555419921875, 0.007110595703125, -0.01446533203125, -0.003936767578125, -0.06005859375, 0.052734375, 0.007171630859375, -0.00063323974609375, 0.0115966796875, 0.07275390625, 0.0169677734375, -0.059814453125, -0.051513671875, 0.014892578125, -0.00982666015625, 0.04052734375, -0.05615234375, 0.017333984375, -0.0157470703125, 0.008544921875, 0.0196533203125, 0.01446533203125, 0.00146484375, 0.003997802734375, 0.00244140625, -0.02490234375, 0.0537109375, -0.03515625, -0.0037384033203125, -0.007110595703125, -0.0103759765625, -0.021728515625, -0.00787353515625, 0.032470703125, -0.015625, -0.045166015625, -0.0341796875, 0.0150146484375, 0.005767822265625, -0.006072998046875, 0.017333984375, 0.07568359375, 0.055419921875, 0.03173828125, 0.020263671875, 0.02490234375, 0.0186767578125, -0.019287109375, -0.038818359375, 0.058837890625, -0.0458984375, 0.01025390625, -0.01080322265625, -0.042236328125, 0.00390625, 0.0245361328125, 0.01251220703125, -0.002227783203125, 0.000904083251953125, 0.0137939453125, -0.0242919921875, -0.0189208984375, -0.060546875, -0.02587890625, -0.01336669921875, -0.080078125, 0.044677734375, 0.030029296875, 0.003448486328125, -0.021728515625, -0.016357421875, -0.01312255859375, -0.0322265625, -0.023681640625, 0.02587890625, 0.008544921875, 0.0150146484375, -0.0220947265625, 0.0242919921875, 0.00180816650390625, -0.035888671875, 0.043701171875, 0.011474609375, 0.0205078125, 0.04443359375, 0.0390625, 0.00225830078125, -0.01953125, 0.03271484375, 0.0130615234375, -0.01287841796875, -0.078125, 0.00811767578125, 0.009765625, -0.0703125, 0.027099609375, 0.031494140625, -0.0126953125, 0.00439453125, 0.010498046875, 0.035888671875, -0.03564453125, -0.04052734375, -0.01519775390625, -0.044677734375, -0.0191650390625, 0.04736328125, 0.0205078125, 0.00141143798828125, 0.0157470703125, -0.0277099609375, -0.01708984375, -0.02294921875, -0.0003204345703125, -0.030029296875, -0.009033203125, -0.031982421875, 0.006683349609375, -0.0322265625, 0.02685546875, -0.027587890625, -0.036376953125, 0.00897216796875, -0.0025634765625, -0.021728515625, -0.06494140625, 0.04443359375, 0.06005859375, 0.0247802734375, -0.039306640625, 0.0166015625, -0.07177734375, 0.015869140625, 0.037841796875, 0.00543212890625, -0.013427734375, -0.01129150390625, -0.005279541015625, -0.042724609375, 0.00173187255859375, -0.0196533203125, 0.03515625, -0.0137939453125, 0.036865234375, 0.0167236328125, 0.0137939453125, -0.0361328125, -0.002166748046875, -0.06689453125, -0.02978515625, -0.031982421875, -0.04150390625, 0.0281982421875, 0.036376953125, -0.04638671875, 0.0042724609375, 0.06298828125, -0.0245361328125, 0.01220703125, -0.0087890625, 0.04736328125, -0.015380859375, -0.015380859375, -0.0478515625, -0.05908203125, 0.01080322265625, 0.037353515625, 0.017578125, 0.01043701171875, -0.008544921875, 0.00592041015625, 0.017578125, -0.051025390625, 0.01422119140625, -0.027099609375, -0.0255126953125, 0.044189453125, -0.04052734375, -0.08935546875, -0.004913330078125, -0.0458984375, 0.031494140625, -0.007232666015625, 0.021240234375, -0.027099609375, 0.056396484375, 0.01336669921875, -0.00787353515625, 0.03564453125, 0.0179443359375, -0.0242919921875, 0.0205078125, -0.01397705078125, -0.06640625, -0.026123046875, 0.0311279296875, -0.0341796875, 0.017822265625, 0.041015625, -0.036865234375, 0.0086669921875, -0.0294189453125, -0.032958984375, 0.0341796875, 0.0042724609375, -0.030029296875, -0.05615234375, 0.05224609375, 0.00634765625, 