{"movie": "wwdc2025", "offset": 196, "text_offset": 180, "embedding": [0.0277099609375, -0.0174560546875, 0.0203857421875, -0.01190185546875, -0.047607421875, -0.051513671875, 0.0279541015625, -0.0419921875, 0.005889892578125, 0.01287841796875, 0.0013580322265625, -0.007232666015625, -0.035400390625, -0.03466796875, -0.034912109375, -0.0185546875, 0.01531982421875, 0.03515625, 0.0235595703125, -0.0019989013671875, -0.0186767578125, -0.022216796875, 0.0103759765625, -0.0634765625, 0.03857421875, 0.001800537109375, -0.0189208984375, -0.04150390625, -0.0390625, 0.01171875, 0.0247802734375, -0.05322265625, 0.02490234375, 0.03076171875, -0.018798828125, 0.0126953125, 0.0235595703125, 0.00360107421875, -0.010986328125, 0.046630859375, -0.05419921875, -0.0137939453125, 0.029296875, 0.026123046875, -0.0439453125, -0.0081787109375, -0.0216064453125, -0.005096435546875, 0.04150390625, 0.05712890625, 0.053466796875, 0.001953125, -0.01202392578125, -0.0703125, -0.0015869140625, -0.0047607421875, 0.034423828125, -0.01519775390625, 0.0022125244140625, 0.0022125244140625, -0.006103515625, 0.002593994140625, -0.01177978515625, -0.042236328125, -0.054443359375, 0.046630859375, 0.0011444091796875, 0.006988525390625, -0.01080322265625, 0.00689697265625, 0.0157470703125, -0.01177978515625, -0.019287109375, -0.0159912109375, -0.015380859375, -0.03515625, 0.0235595703125, -0.002227783203125, -0.04345703125, 0.01495361328125, 0.017333984375, 0.0128173828125, 0.0072021484375, -0.041748046875, -0.00057220458984375, -0.029296875, 0.05078125, 0.00034332275390625, 0.00946044921875, 0.003326416015625, 0.001953125, 0.026123046875, 0.055908203125, 0.00823974609375, -0.0303955078125, 0.004486083984375, -0.0096435546875, -0.053955078125, 0.0045166015625, 0.047119140625, 0.0032196044921875, 0.01348876953125, -0.047607421875, 0.009521484375, -0.0888671875, -0.052490234375, 0.045654296875, 0.0145263671875, -0.018310546875, 0.00128936767578125, -0.0458984375, -0.0162353515625, 0.007659912109375, 0.0478515625, -0.05712890625, 0.041748046875, 0.07080078125, 0.00089263916015625, 0.049560546875, -0.0142822265625, -0.000457763671875, -0.0517578125, 0.0220947265625, -0.05224609375, 0.0167236328125, 0.0284423828125, 0.0086669921875, 0.0140380859375, -0.006011962890625, 0.033935546875, -0.019287109375, 0.00010204315185546875, 0.04150390625, -0.00830078125, -0.039794921875, 0.027587890625, 0.054931640625, 0.0169677734375, -0.036376953125, 0.000762939453125, 0.04150390625, 0.02978515625, -0.0625, 0.00982666015625, -0.03466796875, -0.029296875, 0.05859375, -0.042236328125, -0.044921875, 0.005218505859375, 0.05078125, 0.040771484375, -0.0267333984375, 0.09423828125, 0.01123046875, 0.043212890625, -0.0267333984375, -0.0034637451171875, -0.029296875, -0.05810546875, 0.0289306640625, -0.06494140625, -0.040771484375, 0.0027618408203125, 0.047119140625, 0.00086212158203125, -0.00830078125, -0.017578125, -0.05078125, 0.0130615234375, -0.061767578125, 0.0211181640625, 0.0361328125, -0.004486083984375, 0.0133056640625, -0.03125, 0.01422119140625, 0.03515625, -0.000415802001953125, 0.0021209716796875, 0.005523681640625, 0.0306396484375, -0.006195068359375, -0.0242919921875, -0.00811767578125, -0.010498046875, 0.0126953125, 0.05712890625, -0.04345703125, 0.055908203125, -0.0001354217529296875, 0.019287109375, 0.00016880035400390625, -0.05224609375, 0.055419921875, -0.01409912109375, -0.00186920166015625, 0.00946044921875, 0.0047607421875, 0.006805419921875, -0.0216064453125, 0.00799560546875, -0.018798828125, 0.039794921875, -0.0264892578125, -0.02978515625, 0.01336669921875, 0.061767578125, -0.01495361328125, 0.0267333984375, -0.02978515625, -0.0130615234375, -0.041748046875, -0.061279296875, 0.02880859375, -0.0277099609375, 0.04248046875, -0.0072021484375, -0.0106201171875, -0.027587890625, -0.0294189453125, 0.02294921875, 0.04443359375, -0.017822265625, -0.06591796875, 0.01214599609375, -0.00311279296875, -3.170967102050781e-05, 0.0181884765625, 0.024658203125, -0.0084228515625, 0.0201416015625, -0.00933837890625, 0.0023193359375, 0.005828857421875, 0.018310546875, 0.0030975341796875, 0.02587890625, -0.06982421875, 0.033935546875, -0.0024871826171875, -0.046142578125, -0.0167236328125, 0.04345703125, -0.00823974609375, -0.0206298828125, 0.0018157958984375, 0.0220947265625, 0.01055908203125, 0.05078125, -0.02099609375, -0.01019287109375, 0.06494140625, -0.06884765625, 0.0203857421875, 0.037353515625, -0.018798828125, -0.00125885009765625, 0.042236328125, 0.0137939453125, -0.034912109375, 0.01373291015625, 0.004058837890625, -0.055908203125, 0.009033203125, 0.01129150390625, -0.0126953125, 0.0028228759765625, -0.05615234375, 0.0625, 0.01171875, -0.0015869140625, 0.017578125, 0.061767578125, 0.0130615234375, -0.053955078125, -0.062255859375, 0.032958984375, -0.01422119140625, 0.04248046875, -0.046875, 0.0220947265625, -0.01104736328125, 0.00872802734375, 0.0201416015625, 0.01239013671875, 0.00323486328125, 0.00909423828125, -0.003509521484375, -0.01239013671875, 0.06591796875, -0.032958984375, -0.0247802734375, -0.00127410888671875, 0.00970458984375, -0.0311279296875, -0.01177978515625, 0.037353515625, -0.027587890625, -0.048095703125, -0.031494140625, 0.016357421875, 0.000637054443359375, -0.0126953125, 0.0361328125, 0.0703125, 0.054931640625, 0.032470703125, 0.0201416015625, 0.01611328125, 0.0272216796875, -0.026123046875, -0.038818359375, 0.039794921875, -0.049560546875, 0.0037994384765625, -0.00390625, -0.035400390625, -0.01019287109375, 0.02294921875, 0.01202392578125, -0.006011962890625, -0.00201416015625, 0.005889892578125, -0.0189208984375, -0.0216064453125, -0.047607421875, -0.0267333984375, 0.00933837890625, -0.061279296875, 0.031982421875, 0.027587890625, 0.006683349609375, -0.029541015625, -0.0240478515625, -0.0126953125, -0.041259765625, -0.03515625, 0.0201416015625, 0.0059814453125, 0.020751953125, -0.022216796875, 0.0220947265625, -0.0133056640625, -0.02587890625, 0.0478515625, 0.0107421875, 0.0198974609375, 0.041748046875, 0.032470703125, 0.011474609375, -0.02880859375, 0.028076171875, 0.00872802734375, -0.01544189453125, -0.07666015625, 0.015869140625, 0.01287841796875, -0.07763671875, 0.026611328125, 0.0274658203125, -0.00396728515625, 0.00701904296875, 0.006561279296875, 0.026123046875, -0.0208740234375, -0.049560546875, -0.0108642578125, -0.046630859375, -0.003082275390625, 0.060546875, 0.0294189453125, 0.0032196044921875, 0.0174560546875, -0.03125, -0.0087890625, -0.00689697265625, 0.00171661376953125, -0.036376953125, -0.0047607421875, -0.028076171875, -0.00958251953125, -0.0274658203125, 0.022216796875, -0.01904296875, -0.038330078125, 0.006805419921875, 0.005279541015625, -0.0220947265625, -0.0654296875, 0.0439453125, 0.048095703125, 0.03125, -0.039794921875, 0.00555419921875, -0.0703125, 0.0216064453125, 0.03759765625, 0.0162353515625, -0.0023345947265625, -0.0164794921875, -0.011474609375, -0.026123046875, 0.018310546875, -0.031982421875, 0.049560546875, -0.01611328125, 0.03076171875, 0.01544189453125, 0.0224609375, -0.045654296875, 0.00677490234375, -0.054931640625, -0.0284423828125, -0.0181884765625, -0.04248046875, 0.0172119140625, 0.031982421875, -0.053466796875, -0.000713348388671875, 0.05615234375, -0.034423828125, 0.00732421875, -0.0230712890625, 0.044921875, -0.017578125, -0.007659912109375, -0.040283203125, -0.04345703125, 0.019287109375, 0.040771484375, 0.00653076171875, 0.002349853515625, -0.0146484375, 0.01055908203125, 0.0234375, -0.059814453125, 0.017578125, -0.0201416015625, -0.0257568359375, 0.05126953125, -0.045166015625, -0.09912109375, -0.006072998046875, -0.040771484375, 0.048828125, 0.00653076171875, 0.02392578125, -0.0257568359375, 0.051513671875, 0.029541015625, -0.00994873046875, 0.02587890625, 0.010498046875, -0.0201416015625, 0.0128173828125, -0.014892578125, -0.0712890625, -0.01806640625, 0.034912109375, -0.034423828125, 0.01153564453125, 0.05224609375, -0.02880859375, 0.032470703125, -0.0279541015625, -0.03369140625, 0.038330078125, 