{"movie": "wwdc2025", "offset": 418, "text_offset": 400, "embedding": [0.00909423828125, -0.00909423828125, 0.068359375, 0.0322265625, -0.0751953125, -0.0458984375, -0.01385498046875, -0.0289306640625, 0.00823974609375, 0.0120849609375, -0.01031494140625, -0.0267333984375, -0.005340576171875, 0.001922607421875, 0.02587890625, 0.01263427734375, 0.0380859375, 0.0556640625, 0.0120849609375, 0.002777099609375, 0.00665283203125, -0.042724609375, 0.000682830810546875, -0.031982421875, 0.045166015625, -0.036865234375, -0.033203125, -0.0086669921875, -0.01611328125, -0.0279541015625, -0.0120849609375, -0.0947265625, 0.042724609375, -0.00616455078125, 0.01556396484375, 0.0277099609375, 0.05078125, -0.0111083984375, -0.030029296875, 0.0135498046875, 0.00518798828125, 0.027587890625, 0.016845703125, 0.020751953125, -0.0242919921875, -0.00799560546875, -0.03466796875, -0.030029296875, 0.00103759765625, 0.00188446044921875, -0.011962890625, 0.06640625, 0.0255126953125, -0.024169921875, -0.0174560546875, 0.03125, -0.006256103515625, 0.00191497802734375, 0.0269775390625, 0.000377655029296875, -0.0186767578125, -0.00113677978515625, 0.00872802734375, 0.0301513671875, -0.013671875, 0.046630859375, 0.034423828125, -0.0279541015625, -0.01031494140625, -0.006072998046875, -0.024658203125, -0.0157470703125, 0.0181884765625, -0.028564453125, -0.064453125, -0.0673828125, 0.030517578125, 0.004913330078125, 0.0196533203125, -0.001953125, 0.060546875, 0.0186767578125, 0.0126953125, -0.002593994140625, 0.002166748046875, 0.0038299560546875, -0.00848388671875, -0.03662109375, -0.019287109375, -0.026123046875, -0.022705078125, 0.047607421875, -0.0177001953125, -0.029052734375, 0.01300048828125, 0.017333984375, -0.059814453125, -0.0225830078125, 0.0230712890625, -0.00165557861328125, 0.0191650390625, 0.031982421875, -0.04931640625, -0.0196533203125, -0.036865234375, -0.1015625, 0.01007080078125, 0.0218505859375, 0.00933837890625, 0.034912109375, -0.006622314453125, -0.019287109375, -0.0262451171875, 0.01483154296875, -0.021484375, 0.01165771484375, -0.01324462890625, -0.037109375, 0.035400390625, 0.030029296875, 0.00193023681640625, -0.016845703125, 0.042724609375, 0.0198974609375, 0.01495361328125, -0.0019683837890625, 0.06396484375, -0.0091552734375, -0.03515625, 0.03857421875, -0.0224609375, 0.0030364990234375, 0.0106201171875, 0.0272216796875, -0.046630859375, -0.0255126953125, 0.05908203125, 0.00848388671875, -0.0267333984375, -0.007568359375, -0.041259765625, 0.053466796875, 0.000942230224609375, 0.0103759765625, -0.048583984375, -0.05517578125, 0.020263671875, 0.005828857421875, -0.037109375, -0.0732421875, 0.00244140625, -0.0361328125, -0.031494140625, 0.06103515625, 0.054443359375, -0.033203125, -0.055908203125, 0.0113525390625, -0.01275634765625, -0.009765625, 0.064453125, -0.04541015625, -0.0380859375, -0.0120849609375, 0.04638671875, 0.019775390625, -0.0018157958984375, -0.0478515625, -0.0157470703125, -0.01531982421875, -0.05224609375, 0.000774383544921875, 0.026123046875, 0.01104736328125, -0.04150390625, -0.06103515625, -0.0137939453125, -0.01507568359375, 0.037841796875, 0.01019287109375, -0.00555419921875, 0.06005859375, -0.003265380859375, -0.0218505859375, -0.041259765625, -0.033935546875, 0.01611328125, 0.0037841796875, -0.00897216796875, 0.09423828125, 0.0189208984375, -0.01416015625, 0.025390625, 0.0439453125, 0.03271484375, -0.05078125, -0.045166015625, 0.046630859375, 0.00872802734375, 0.047119140625, -0.0167236328125, 0.0216064453125, -0.034912109375, 0.0030364990234375, 0.0279541015625, -0.00616455078125, -0.0166015625, -0.01031494140625, -0.06396484375, 0.004302978515625, -0.03857421875, 0.0233154296875, -0.029541015625, -0.07421875, 0.03271484375, -0.076171875, 0.03515625, 0.0322265625, 0.0311279296875, -0.029052734375, -0.01611328125, 0.02734375, 0.032958984375, 0.036376953125, -0.00262451171875, -0.03076171875, -0.0087890625, 0.003204345703125, 0.05419921875, -0.021240234375, -0.00787353515625, 0.01251220703125, -0.05810546875, -0.03662109375, 0.038818359375, 0.047119140625, -0.0038604736328125, -0.0019989013671875, 0.01385498046875, 0.048828125, -0.0247802734375, -0.0164794921875, 0.021240234375, 0.0033416748046875, -0.06591796875, -0.07421875, -0.0302734375, -0.02880859375, 0.02294921875, 0.04931640625, -0.0732421875, 0.0177001953125, -0.007232666015625, -0.0277099609375, -0.03466796875, 0.0036163330078125, -0.0260009765625, 0.02099609375, 0.023681640625, 0.002044677734375, 0.06396484375, -0.0123291015625, -0.01092529296875, -0.00921630859375, -0.0064697265625, -0.0419921875, -0.010986328125, -0.00872802734375, -0.03369140625, 0.037353515625, -0.0546875, -0.004638671875, -0.056396484375, 0.040283203125, 0.0012969970703125, 0.027587890625, -0.03759765625, 0.004791259765625, -0.0107421875, 0.0255126953125, 0.02734375, 0.004608154296875, 0.005615234375, 0.000270843505859375, 0.04296875, 0.0103759765625, -0.0101318359375, -0.006500244140625, 0.019287109375, -0.0177001953125, 0.06591796875, -0.011962890625, 0.022705078125, 0.0233154296875, -0.02197265625, 0.056640625, 0.0198974609375, -0.029052734375, 0.0020751953125, -0.0380859375, -0.0145263671875, 0.01483154296875, 0.00145721435546875, -0.0107421875, 0.031494140625, 0.02099609375, 0.072265625, -0.018798828125, 0.018798828125, 0.015869140625, 0.037841796875, -0.0439453125, 0.010498046875, 0.009765625, 0.00090789794921875, 0.012939453125, -0.01312255859375, 0.0012054443359375, 0.0478515625, 0.015869140625, -0.01544189453125, -0.02392578125, 0.04248046875, 0.0213623046875, 0.009033203125, 0.0027008056640625, -0.01220703125, -0.00946044921875, -0.000270843505859375, -0.046630859375, 0.041748046875, -0.01397705078125, -0.034912109375, 0.0201416015625, -0.08251953125, 0.02587890625, -0.00118255615234375, 0.0252685546875, -0.06005859375, -0.056396484375, 0.02490234375, 0.02197265625, -0.0086669921875, -0.006195068359375, -0.0093994140625, 0.03271484375, -0.033203125, 0.0169677734375, 0.001953125, -0.025634765625, -0.022705078125, -0.02587890625, -0.01324462890625, 0.037353515625, -0.00026702880859375, -0.01708984375, 0.01324462890625, 0.03125, -0.0267333984375, 0.021240234375, -0.00518798828125, 0.00531005859375, -0.006561279296875, -0.00909423828125, 0.052978515625, 0.0064697265625, -0.00885009765625, -0.0296630859375, -0.049560546875, 0.07861328125, 0.03759765625, 0.0107421875, 0.0135498046875, -0.036376953125, -0.0103759765625, -0.00830078125, 0.00823974609375, 0.035888671875, -0.0238037109375, 0.0081787109375, -0.05712890625, 0.05078125, 0.0233154296875, 0.008056640625, 0.01104736328125, 0.0089111328125, 0.007110595703125, 0.0118408203125, 0.0196533203125, -0.004119873046875, -0.007781982421875, -0.036376953125, 0.037353515625, 0.0191650390625, -0.0201416015625, 0.0064697265625, -0.0294189453125, 0.027587890625, -0.047119140625, 0.04833984375, -0.01336669921875, -0.004669189453125, -0.004241943359375, -0.02099609375, -0.04541015625, 0.0001430511474609375, 0.03076171875, 0.0019073486328125, 0.0172119140625, 0.0218505859375, 0.02490234375, 0.00506591796875, -0.0390625, 0.015625, -0.00038909912109375, 0.0130615234375, 0.01544189453125, 0.06640625, -0.003997802734375, 0.00689697265625, 0.033447265625, 0.0186767578125, 0.0233154296875, 0.0654296875, -0.01611328125, 0.01092529296875, 0.025390625, 0.0014495849609375, -0.01324462890625, 0.013671875, -0.01611328125, -0.0390625, 0.03271484375, 0.0091552734375, 0.053955078125, 0.0052490234375, -0.049560546875, 0.0177001953125, -0.033203125, -0.0133056640625, 0.0322265625, -0.0213623046875, -0.055419921875, 0.011962890625, -0.0277099609375, 0.0927734375, -0.05810546875, 0.01165771484375, -0.033935546875, 0.012939453125, -0.004241943359375, 0.01953125, 0.04833984375, -0.00823974609375, -0.007568359375, 0.00592041015625, -0.0038604736328125, 0.006683349609375, -0.017578125, -0.051025390625, -0.01019287109375, 0.01611328125, 0.03564453125, 0.00982666015625, 0.0146484375, -0.00921630859375, 0.0458984375, -0.0322265625, -0.01422119140625, -0.0654296875, 