{"movie": "wwdc2025", "offset": 390, "text_offset": 380, "embedding": [0.060302734375, 0.01300048828125, 0.0281982421875, 0.02880859375, -0.099609375, -0.0235595703125, 0.01361083984375, 0.000457763671875, 0.032958984375, -0.0059814453125, 4.738569259643555e-06, 0.01171875, 0.019775390625, 0.01116943359375, -0.006072998046875, -0.00396728515625, 0.05859375, -0.01165771484375, -0.00836181640625, 0.005767822265625, 0.01123046875, -0.017333984375, 0.0211181640625, -0.01263427734375, 0.060302734375, -0.01226806640625, -0.0242919921875, -0.02880859375, -0.035888671875, -0.01397705078125, -0.009765625, -0.083984375, 0.052001953125, -0.0177001953125, 0.01324462890625, 0.01220703125, 0.049072265625, 0.02490234375, -0.005523681640625, 0.0189208984375, 0.02294921875, 0.029296875, 0.0057373046875, -0.052490234375, 0.0034027099609375, -0.0211181640625, -0.036865234375, -0.0301513671875, 0.00946044921875, 0.0556640625, -0.0184326171875, -0.0002918243408203125, -0.000701904296875, -0.0361328125, -0.03466796875, -0.007171630859375, -0.0252685546875, 0.0400390625, 0.08740234375, -0.01361083984375, -0.0206298828125, -0.0234375, -0.0031585693359375, 0.0177001953125, -0.040771484375, 0.0031890869140625, -0.0172119140625, -0.050048828125, -0.01806640625, -0.017333984375, -0.0003261566162109375, -0.01422119140625, 0.00848388671875, -0.0162353515625, -0.0267333984375, -0.0025787353515625, 0.058349609375, -0.0240478515625, -0.007659912109375, 0.00121307373046875, 0.0211181640625, 0.0291748046875, -0.007415771484375, 0.01031494140625, 0.00634765625, -0.0272216796875, -0.002471923828125, -0.057373046875, 0.0189208984375, -0.0283203125, 0.01275634765625, 0.015869140625, -0.040771484375, -0.0223388671875, 0.0203857421875, -0.01251220703125, -0.0308837890625, -0.0179443359375, 0.0244140625, 0.0291748046875, 0.0361328125, 0.0218505859375, -0.004119873046875, 0.0164794921875, -0.046630859375, -0.08642578125, -0.0272216796875, -0.01171875, 0.01092529296875, 0.00848388671875, -0.0057373046875, 0.0157470703125, -0.017822265625, 0.0242919921875, -0.0255126953125, 0.031982421875, 0.01153564453125, -0.060546875, 0.0279541015625, 0.0038604736328125, 0.0076904296875, -0.0034027099609375, 0.0556640625, -0.0004787445068359375, -0.0263671875, 0.03125, 0.040771484375, 0.0026397705078125, -0.055908203125, 0.0703125, 0.0224609375, 0.011962890625, 0.0498046875, 0.0703125, -0.059814453125, -0.0174560546875, 0.053466796875, 0.007476806640625, -0.04296875, -0.018310546875, -0.01190185546875, 0.037353515625, -0.034423828125, 0.01275634765625, 0.00042724609375, -0.049072265625, 0.01141357421875, 0.0033721923828125, -0.08447265625, -0.0029296875, 0.046142578125, -0.056396484375, 0.0086669921875, 0.0164794921875, 0.042236328125, 0.0091552734375, 3.457069396972656e-05, -0.0162353515625, -0.043701171875, -0.00101470947265625, 0.03955078125, -0.033935546875, 0.0189208984375, -0.0189208984375, 0.05859375, 0.0262451171875, -0.01092529296875, -0.01153564453125, -0.006378173828125, -0.0002994537353515625, -0.0189208984375, -0.00970458984375, -0.0186767578125, -0.0035552978515625, 0.01129150390625, -0.043212890625, -0.00823974609375, 0.012451171875, 0.06494140625, -0.032470703125, -0.0230712890625, -0.01080322265625, 0.03955078125, -0.052001953125, 0.0029449462890625, -0.01318359375, 0.03955078125, -0.00054168701171875, -0.01129150390625, 0.056884765625, 0.0034637451171875, 0.049072265625, 0.01531982421875, -0.01239013671875, 0.043212890625, 0.0169677734375, -0.0208740234375, 0.0224609375, 0.033203125, 0.0284423828125, 0.006805419921875, 0.01953125, -0.01043701171875, 0.0169677734375, 0.0225830078125, -0.051025390625, 0.0361328125, -0.015625, -0.052978515625, -0.033447265625, -0.0263671875, 0.00872802734375, -0.03466796875, -0.03857421875, -0.0213623046875, -0.045166015625, 0.078125, 0.0024566650390625, 0.0478515625, -0.0164794921875, -0.0274658203125, 0.029296875, 0.032958984375, 0.01416015625, 0.0240478515625, -0.0458984375, 0.035400390625, 0.0230712890625, 0.032470703125, -0.041259765625, 0.041259765625, -0.041259765625, -0.08154296875, -0.00144195556640625, -0.001129150390625, 0.046875, -0.0208740234375, 0.0224609375, 0.0045166015625, 0.0191650390625, 0.02880859375, -0.0272216796875, -0.0206298828125, 0.06689453125, -0.0308837890625, -0.0390625, -0.0299072265625, 0.0257568359375, 0.042236328125, 0.044921875, -0.056396484375, -0.0029449462890625, 0.039794921875, -0.0081787109375, -0.047119140625, 0.034423828125, -0.054931640625, -0.07666015625, 0.01068115234375, -0.047119140625, 7.724761962890625e-05, -0.046142578125, 0.008056640625, -0.0272216796875, 0.016357421875, -0.0267333984375, 0.0028533935546875, -0.0303955078125, -0.052001953125, 0.041259765625, 0.0233154296875, -0.032958984375, -0.01806640625, 0.049072265625, -0.00153350830078125, 0.03662109375, -0.055908203125, -0.0233154296875, -0.044921875, 0.0301513671875, -0.03125, 0.0419921875, -0.014404296875, -0.02197265625, 0.037353515625, 0.004730224609375, 0.0277099609375, -0.0033721923828125, 0.0025482177734375, 0.01190185546875, 0.0250244140625, 0.00823974609375, 0.004180908203125, -0.016357421875, -0.0546875, 0.0107421875, 0.0186767578125, 0.0228271484375, 0.031494140625, -0.0228271484375, 0.0023956298828125, 0.0252685546875, 0.033935546875, -0.031494140625, 0.01190185546875, 0.0595703125, 0.044921875, -0.0218505859375, 0.01226806640625, 0.0213623046875, -0.00823974609375, -0.00347900390625, -0.0240478515625, -0.00193023681640625, -0.052978515625, -0.0203857421875, 0.01513671875, 0.0283203125, 0.08154296875, -0.0162353515625, -0.05078125, 0.0228271484375, 0.046142578125, 0.00286865234375, 0.034912109375, -0.000217437744140625, -0.06689453125, -0.060302734375, -0.039306640625, -0.052490234375, 0.012451171875, -0.051513671875, 0.0087890625, 0.017333984375, -0.045654296875, 0.0390625, -0.0191650390625, 0.017578125, -0.0400390625, -0.033935546875, -0.0223388671875, 0.0201416015625, -0.0089111328125, -0.03662109375, 0.031982421875, -0.0284423828125, -0.038818359375, 0.01226806640625, 0.034423828125, -0.0064697265625, 0.048828125, -0.0203857421875, 0.0208740234375, 0.036376953125, -0.015625, -0.078125, -0.007568359375, -0.0223388671875, -0.035888671875, -0.01348876953125, 0.038818359375, -0.039794921875, -0.007110595703125, 0.025390625, 0.07568359375, -0.013427734375, -0.0169677734375, -0.041259765625, -0.040283203125, 0.042724609375, 0.002197265625, -0.003997802734375, -0.01239013671875, -0.0218505859375, 0.007476806640625, 0.00031280517578125, 0.01361083984375, 0.0245361328125, -0.006256103515625, -0.0177001953125, -0.03564453125, 0.061279296875, -0.0264892578125, 0.01251220703125, -0.02490234375, -0.00396728515625, 0.013916015625, -0.0172119140625, -0.0272216796875, -0.033935546875, -0.01422119140625, -0.00933837890625, 0.047119140625, 0.01177978515625, 0.01544189453125, 0.0267333984375, -0.083984375, 0.02783203125, -0.0245361328125, 0.0269775390625, -0.000244140625, 0.040771484375, -0.049560546875, -0.0478515625, -0.012939453125, 0.02392578125, -0.0027008056640625, -0.0184326171875, -0.0311279296875, 0.017333984375, 0.02783203125, -0.01214599609375, -0.0230712890625, 0.055908203125, -0.056884765625, 0.011474609375, 0.0189208984375, -0.00494384765625, -0.006134033203125, 0.039306640625, 0.046875, -0.0087890625, -0.01953125, 0.0059814453125, 0.005279541015625, -0.019287109375, 0.01202392578125, -0.01495361328125, -0.051513671875, 0.01019287109375, 0.042236328125, -0.007110595703125, 0.01318359375, -0.0159912109375, 0.0400390625, 0.01171875, -0.02490234375, -0.043212890625, 0.046142578125, -0.036376953125, 0.043212890625, -0.0157470703125, -0.037841796875, 0.0556640625, -0.03466796875, -0.00194549560546875, -0.01422119140625, 0.00830078125, -0.0240478515625, 0.02587890625, -0.031494140625, 0.0208740234375, 0.040283203125, 0.06396484375, -0.015625, 0.06787109375, 0.01019287109375, -0.037841796875, -0.0272216796875, -0.005462646484375, -0.034912109375, -0.040283203125, 0.03564453125, -0.000301361083984375, 0.00994873046875, -0.040283203125, 