{"movie": "wwdc2025", "offset": 572, "text_offset": 560, "embedding": [0.02294921875, 0.01068115234375, -0.04150390625, -0.00469970703125, -0.029296875, -0.0322265625, -0.00078582763671875, -0.0072021484375, -0.01068115234375, 0.045654296875, 0.005218505859375, 0.053466796875, -0.017822265625, -0.060302734375, -0.03076171875, -0.01165771484375, 0.05322265625, -0.0091552734375, -0.029296875, -0.06640625, -0.037841796875, -0.001251220703125, 0.043701171875, -0.04150390625, 0.05517578125, 0.03173828125, -0.02392578125, -0.01129150390625, 0.029541015625, -0.0023040771484375, 0.002105712890625, -0.046142578125, -0.0017547607421875, 0.0184326171875, 0.01153564453125, 0.005462646484375, 0.029541015625, -0.0108642578125, -0.025634765625, 0.017333984375, -0.02587890625, 0.0111083984375, 0.003692626953125, -0.0191650390625, -0.045654296875, 0.039794921875, 0.01434326171875, -0.02880859375, 0.00933837890625, 0.05517578125, -0.0125732421875, -0.0033721923828125, 0.03271484375, -0.0272216796875, -0.0003185272216796875, 0.04248046875, -0.01202392578125, 0.0107421875, -0.00537109375, -0.016357421875, -0.0201416015625, -0.0059814453125, 0.0057373046875, 0.007080078125, 0.003082275390625, 0.027587890625, -0.0059814453125, -0.0186767578125, -0.004058837890625, -0.0125732421875, -0.0001010894775390625, -0.00457763671875, 0.072265625, -0.03271484375, 0.0255126953125, -0.0081787109375, 0.031494140625, -0.028076171875, 0.04296875, 0.0361328125, -0.01397705078125, 0.00469970703125, 0.000232696533203125, 0.004241943359375, -0.0086669921875, -0.095703125, -0.01507568359375, -0.038330078125, 0.01385498046875, -0.03759765625, 0.00122833251953125, 0.015625, -0.0147705078125, -0.020751953125, 0.03466796875, 0.03369140625, -0.060302734375, -0.07666015625, 0.0186767578125, 0.04345703125, -0.00104522705078125, 0.05859375, -0.00823974609375, -0.0240478515625, -0.050048828125, -0.03662109375, -0.031982421875, 0.02587890625, 0.0147705078125, 0.053466796875, 0.0001926422119140625, -0.0322265625, -0.03662109375, 0.01220703125, -0.05029296875, 0.0244140625, 0.0242919921875, -0.035400390625, -0.0203857421875, 0.021484375, -0.00083160400390625, -0.033935546875, 0.04296875, -0.06494140625, 0.004638671875, 0.07177734375, 0.06298828125, 0.040283203125, -0.00665283203125, 0.003997802734375, 0.03759765625, -0.021484375, 0.044677734375, -0.007720947265625, -0.08984375, 0.0002880096435546875, 0.0341796875, 0.00494384765625, -0.01806640625, 0.0233154296875, -0.01513671875, 0.0225830078125, -0.03662109375, -0.000400543212890625, -0.04248046875, 0.000102996826171875, 0.009033203125, 0.029296875, -0.0264892578125, -0.002288818359375, -0.0205078125, -0.05126953125, 0.0233154296875, 0.01214599609375, 0.0240478515625, 0.00689697265625, 0.022216796875, -0.000762939453125, -0.038818359375, -0.05224609375, -0.0164794921875, -0.0625, 0.0157470703125, -0.047607421875, 0.05615234375, 0.0281982421875, 0.0296630859375, 0.02392578125, -0.0026092529296875, -0.028564453125, -0.006866455078125, 0.00701904296875, -0.0458984375, 0.0198974609375, -0.01416015625, -0.0128173828125, -0.0033416748046875, 0.0361328125, -0.00555419921875, -0.0250244140625, -0.006805419921875, 0.021728515625, 0.00885009765625, -0.029296875, 0.02001953125, 0.03173828125, -0.00665283203125, 0.046875, -0.004608154296875, 0.0179443359375, -0.052978515625, 0.026611328125, 0.00970458984375, 0.06689453125, 0.058349609375, 0.01409912109375, 0.0020599365234375, -0.003509521484375, 0.01092529296875, 0.028564453125, 0.007568359375, 0.041015625, 0.0145263671875, -0.05078125, -0.00823974609375, -0.0166015625, -0.004638671875, 0.0303955078125, -0.0458984375, -0.018798828125, -0.00518798828125, -0.0140380859375, -0.01116943359375, -0.0517578125, 0.021728515625, -0.047119140625, 0.0400390625, 0.01007080078125, 0.0228271484375, -0.0038604736328125, -0.047607421875, -0.01116943359375, 0.0233154296875, 0.01953125, -0.006805419921875, 0.03466796875, 0.0169677734375, -0.007568359375, 0.072265625, -0.0281982421875, 0.032470703125, 0.0196533203125, -0.021484375, -0.0091552734375, 0.0238037109375, 0.05029296875, 0.039794921875, -0.00958251953125, -0.025634765625, 0.10205078125, 0.01220703125, -0.0703125, -0.026611328125, 0.0576171875, 0.0189208984375, -0.0859375, -0.0126953125, 0.031494140625, 0.02587890625, 0.0007171630859375, -0.0322265625, 0.0101318359375, 0.0184326171875, -0.039306640625, -0.030029296875, 0.031982421875, -0.0264892578125, -0.021728515625, -0.0140380859375, -0.00077056884765625, 0.06298828125, 0.0240478515625, 0.00408935546875, -0.00274658203125, 0.026611328125, -0.05322265625, -0.035888671875, 0.017822265625, -0.0235595703125, -0.00531005859375, 0.040283203125, -0.0269775390625, -0.025146484375, 0.04296875, -0.0150146484375, 0.00469970703125, -0.11279296875, -0.01092529296875, -0.033935546875, -0.0125732421875, -0.005767822265625, -0.02392578125, -0.00457763671875, -0.00102996826171875, 0.006622314453125, -0.0240478515625, 0.0184326171875, 0.002105712890625, -0.028076171875, -0.01226806640625, 0.00640869140625, 0.01190185546875, 0.00113677978515625, -0.021240234375, -0.038818359375, 0.06298828125, -0.04443359375, 0.022216796875, -0.03564453125, -0.0478515625, -0.0228271484375, 0.0031280517578125, -0.012939453125, 0.03662109375, -0.0191650390625, 0.05322265625, -0.004547119140625, 0.03271484375, 0.037109375, 0.006622314453125, 0.036376953125, -0.03173828125, 0.0137939453125, 0.0057373046875, -0.042724609375, 0.048828125, -0.021728515625, -0.0133056640625, 0.00958251953125, 0.0133056640625, 0.0028839111328125, -0.044677734375, 0.038330078125, -0.00162506103515625, 0.025146484375, -0.0218505859375, -0.047607421875, -0.038330078125, -0.048828125, -0.04296875, 0.024658203125, 0.0179443359375, 0.014404296875, -0.0037841796875, -0.03759765625, 0.033447265625, 0.000713348388671875, 0.0196533203125, -0.031494140625, 0.0162353515625, 0.0184326171875, -0.035888671875, 0.00982666015625, -0.022216796875, -0.0238037109375, 0.0031280517578125, -0.000579833984375, 0.0281982421875, 0.004608154296875, -0.0245361328125, -0.041015625, -0.03515625, -0.01116943359375, 0.032958984375, -0.007720947265625, -0.0240478515625, 0.0228271484375, 0.02099609375, -0.058349609375, 0.0023193359375, -0.007171630859375, 0.002655029296875, -0.02880859375, -0.040283203125, 0.025634765625, -0.0089111328125, 0.068359375, -0.00311279296875, 0.021484375, 0.046630859375, -0.0011749267578125, 0.0458984375, 0.0091552734375, -0.00457763671875, -0.033203125, 0.0303955078125, -0.00052642822265625, 0.060546875, -0.020751953125, -0.00738525390625, -0.058349609375, 0.0145263671875, -0.03076171875, -0.01458740234375, -0.0201416015625, -0.000606536865234375, -0.0194091796875, -0.03515625, -0.05224609375, -0.0296630859375, -0.0196533203125, -0.03564453125, -0.0015716552734375, -0.0218505859375, 0.011474609375, -0.039306640625, -0.06005859375, 0.017578125, 0.0177001953125, -0.0025482177734375, 0.0126953125, -0.02880859375, -0.01409912109375, -0.0150146484375, 0.002716064453125, 0.037109375, -0.005462646484375, -0.000385284423828125, 0.03271484375, -0.01519775390625, -0.00262451171875, 0.012451171875, -0.03271484375, -0.012451171875, -0.053955078125, 0.0205078125, 0.027099609375, 0.01092529296875, -0.0166015625, 0.02197265625, 0.07421875, 0.038818359375, -0.0296630859375, -0.003265380859375, 0.03515625, -0.01544189453125, 0.0245361328125, -0.029541015625, -0.07666015625, -0.0162353515625, 0.0166015625, -0.00537109375, 0.0245361328125, -0.0203857421875, 0.0185546875, 0.01336669921875, -0.026611328125, -0.021484375, -0.0145263671875, -0.015380859375, 0.033203125, -0.0830078125, -0.040283203125, 0.029541015625, 0.033203125, -0.03173828125, 0.03125, -0.039306640625, -0.0130615234375, 0.04150390625, -0.00799560546875, 0.00994873046875, 0.046875, 0.03466796875, 0.0013427734375, -0.0277099609375, -0.047607421875, -0.0308837890625, -0.0341796875, 0.02587890625, -0.0263671875, 0.02001953125, 0.0400390625, 0.0181884765625, 0.027587890625, -0.02880859375, 0.0103759765625, -0.0064697265625, -0.045166015625, 