{"movie": "wwdc2025", "offset": 272, "text_offset": 260, "embedding": [0.020751953125, 0.0228271484375, 0.04638671875, 0.00116729736328125, -0.028564453125, -4.029273986816406e-05, 0.00151824951171875, -0.016357421875, -0.044677734375, 0.016357421875, -0.0172119140625, -0.0081787109375, -0.01104736328125, -0.01324462890625, -0.0189208984375, -0.005462646484375, 0.055908203125, 0.004364013671875, -0.0036163330078125, -0.0233154296875, 0.008544921875, -8.058547973632812e-05, 0.0302734375, -0.0308837890625, 0.045654296875, -0.0361328125, -0.01031494140625, -0.00634765625, 0.02099609375, 0.0027008056640625, -0.0184326171875, -0.08251953125, 0.02685546875, 0.0167236328125, -0.04541015625, -0.017822265625, 0.01348876953125, 0.0400390625, -0.02685546875, 0.03369140625, -0.0033721923828125, -0.0020294189453125, 0.0022430419921875, -0.039794921875, 0.0184326171875, -0.03955078125, 0.0024566650390625, -0.033203125, 0.0029296875, 0.01708984375, -0.02392578125, 0.0291748046875, 0.06005859375, -0.00286865234375, -0.049072265625, 0.03076171875, -0.023193359375, 0.0013885498046875, 0.056884765625, 4.029273986816406e-05, -0.03173828125, -0.01092529296875, 0.007537841796875, 0.0020904541015625, -0.0047607421875, -0.0036468505859375, 0.006591796875, -0.052978515625, -0.0157470703125, 0.0419921875, -0.0341796875, 0.0147705078125, 0.02099609375, -0.0281982421875, -0.0126953125, 0.006134033203125, 0.0255126953125, -0.0223388671875, -0.0093994140625, 0.049072265625, 0.0103759765625, 0.03271484375, -0.0228271484375, 0.019287109375, -0.034423828125, -0.0263671875, -0.0115966796875, -0.027099609375, -0.0250244140625, -0.038818359375, -0.0096435546875, 0.004058837890625, -0.019775390625, -0.0166015625, -0.01300048828125, -0.0205078125, -0.00567626953125, -0.049072265625, 0.0189208984375, 0.033447265625, 0.03369140625, -0.051513671875, -0.0211181640625, -0.0201416015625, -0.0167236328125, -0.06298828125, -0.0184326171875, -0.0152587890625, -0.003448486328125, -0.005950927734375, -0.011962890625, 0.0004482269287109375, -0.0361328125, -0.04443359375, -0.046630859375, -0.0269775390625, 0.027099609375, -0.03857421875, 0.031494140625, 0.041015625, -0.01409912109375, 0.002044677734375, 0.0027618408203125, -0.052978515625, 0.00384521484375, 0.022216796875, 0.036865234375, -0.01251220703125, 0.0206298828125, -0.00909423828125, 0.00762939453125, 0.04345703125, 0.00286865234375, 0.04736328125, -0.011962890625, -0.01611328125, -0.01434326171875, 0.005950927734375, -0.0218505859375, 0.025390625, 0.0311279296875, 0.046875, -0.033935546875, 0.031494140625, -0.011962890625, -0.00970458984375, 0.013427734375, 0.01318359375, -0.0810546875, 0.0076904296875, 0.01373291015625, -0.04345703125, -0.0242919921875, 0.06884765625, 0.03076171875, -0.005523681640625, -0.000423431396484375, -0.01080322265625, -0.01373291015625, -0.042236328125, 0.031982421875, -0.0380859375, -0.006103515625, 0.031494140625, 0.05224609375, 0.01226806640625, -0.03271484375, -0.017822265625, 0.00408935546875, -0.064453125, -0.05615234375, 0.03955078125, 0.0211181640625, -0.004974365234375, -0.0133056640625, 0.004241943359375, -0.0184326171875, 0.0118408203125, 0.0201416015625, -0.0179443359375, -0.01483154296875, 0.0179443359375, -0.009033203125, -0.0150146484375, 0.0269775390625, 0.0390625, 0.00188446044921875, 0.02587890625, -0.03857421875, 0.0289306640625, 0.01507568359375, 0.04736328125, -0.00726318359375, 0.01385498046875, -0.0064697265625, -0.004608154296875, -0.02001953125, 0.01904296875, 0.0615234375, 0.06298828125, 0.0059814453125, 0.004608154296875, -0.00148773193359375, -0.051025390625, -0.03125, -0.0126953125, 0.005157470703125, -0.0277099609375, -0.00604248046875, -0.02392578125, -0.0458984375, 0.0034637451171875, 0.00555419921875, -0.04248046875, -0.0269775390625, -0.00182342529296875, 0.07373046875, 0.02001953125, 2.944469451904297e-05, -0.028564453125, -0.060302734375, 0.012939453125, 0.033935546875, 0.00482177734375, -0.000804901123046875, -0.0284423828125, -0.0341796875, 0.0250244140625, 0.01318359375, -0.0081787109375, -0.00148773193359375, 0.0198974609375, -0.0263671875, 0.006500244140625, 0.041015625, 0.052734375, -0.042724609375, 0.01068115234375, -0.00408935546875, 0.0081787109375, 0.0206298828125, -0.03076171875, -0.020263671875, 0.032470703125, -0.08056640625, -0.0478515625, -0.04248046875, -0.002044677734375, 0.04833984375, 0.020263671875, -0.00060272216796875, -0.012939453125, 0.0101318359375, -0.04248046875, 0.01165771484375, 0.01171875, -0.0198974609375, -0.033935546875, 0.03173828125, -0.0546875, 0.0301513671875, 0.027099609375, -0.03564453125, -0.0166015625, 0.0150146484375, 0.035888671875, 0.022216796875, -0.0103759765625, -0.044677734375, 0.029541015625, -0.00494384765625, -0.033447265625, 0.03857421875, 0.028076171875, 0.0026702880859375, -0.018798828125, -0.02392578125, 0.0233154296875, -0.014892578125, 0.028564453125, 0.01324462890625, 0.021728515625, 0.01007080078125, -0.00543212890625, 0.0159912109375, 0.029541015625, 0.022705078125, 0.0048828125, -0.036865234375, -0.05615234375, 0.045166015625, -0.0184326171875, 0.002349853515625, 0.0048828125, 0.000690460205078125, -0.0205078125, 0.042236328125, 0.043212890625, -0.0223388671875, -0.02685546875, -0.002716064453125, 0.041259765625, -0.036865234375, -0.034423828125, 0.006866455078125, 0.027587890625, 0.024169921875, 0.006195068359375, 0.0126953125, 0.00738525390625, -0.00921630859375, -0.0390625, -0.01434326171875, 0.0181884765625, 0.01434326171875, 0.02001953125, 0.0024871826171875, 0.0220947265625, 0.050048828125, 0.03369140625, -0.022705078125, 0.036865234375, 0.0013580322265625, 0.0537109375, -0.017822265625, -0.00701904296875, -0.043701171875, 0.003509521484375, -0.02685546875, -0.03271484375, 0.01031494140625, -0.01611328125, 0.011962890625, -0.003326416015625, -0.0478515625, 0.0478515625, 0.0002155303955078125, 0.01708984375, -0.051513671875, 0.0137939453125, -0.00341796875, -0.0306396484375, 0.05078125, -0.048583984375, -0.055419921875, 0.0115966796875, 0.005523681640625, 0.0205078125, 0.03857421875, 0.04541015625, -0.03759765625, 0.01446533203125, -0.05712890625, 0.028076171875, 0.015625, -0.0021820068359375, -0.00145721435546875, 0.00762939453125, -0.057373046875, -0.00567626953125, 0.031494140625, -0.0201416015625, 0.050048828125, 0.022216796875, 0.047607421875, -0.01263427734375, -0.00897216796875, -0.020263671875, -0.059326171875, 0.015869140625, -0.002838134765625, -0.00421142578125, -0.01611328125, -0.0201416015625, -0.00738525390625, 0.0301513671875, -0.0098876953125, 0.017578125, -0.0012359619140625, -0.01080322265625, -0.0277099609375, 0.0361328125, -0.01239013671875, -0.01544189453125, 0.003753662109375, 0.0037078857421875, -0.0076904296875, -0.041015625, 0.01458740234375, -0.08251953125, -0.01953125, 0.000942230224609375, 0.04736328125, -0.02001953125, -0.013671875, -0.004302978515625, -0.02099609375, 0.029541015625, -0.016845703125, 0.0301513671875, 0.0281982421875, 0.0189208984375, -0.0028533935546875, 0.044189453125, -0.04541015625, 0.0302734375, 0.0654296875, -0.007781982421875, 0.057373046875, 0.004241943359375, -0.037353515625, 0.019287109375, 0.03271484375, -0.0146484375, -0.0478515625, -0.00848388671875, -0.007537841796875, 0.045166015625, 0.021240234375, -0.0220947265625, 0.03857421875, 0.02685546875, 0.03369140625, 0.018798828125, 0.02587890625, -0.032470703125, -0.0130615234375, 0.01483154296875, -0.07373046875, -0.006927490234375, -0.005279541015625, 0.015869140625, 0.01422119140625, 0.042236328125, 0.0419921875, 0.003173828125, -0.0537109375, 0.00933837890625, -0.02734375, -0.00799560546875, 0.026123046875, -0.0419921875, -0.07373046875, 0.015380859375, -0.005828857421875, 0.03466796875, -0.01611328125, -0.0301513671875, -0.011474609375, 0.015625, 0.004241943359375, -0.005584716796875, 0.076171875, 0.041259765625, -0.00653076171875, 0.01373291015625, 0.00121307373046875, -0.0252685546875, -0.0157470703125, -0.031494140625, 0.001922607421875, -0.01031494140625, 0.012939453125, 0.007049560546875, 