{"movie": "wwdc2025", "offset": 468, "text_offset": 460, "embedding": [-0.00665283203125, 0.0255126953125, 0.019775390625, 0.0179443359375, -0.0400390625, -0.01226806640625, 0.016357421875, -0.0142822265625, 0.0172119140625, 0.06689453125, -0.022216796875, 0.006866455078125, -0.016845703125, -0.091796875, -0.02001953125, -0.006317138671875, 0.037841796875, -0.0211181640625, -0.035888671875, -0.0169677734375, -0.0247802734375, -0.053955078125, 0.031494140625, -0.07763671875, 0.05322265625, 0.046630859375, -0.05810546875, -0.00408935546875, 0.0106201171875, -0.0244140625, 0.005828857421875, -0.0311279296875, 0.0186767578125, 0.0286865234375, -0.0198974609375, 0.041259765625, 0.045654296875, 0.047607421875, 0.00836181640625, -0.0111083984375, -0.01513671875, 0.002655029296875, 0.0003910064697265625, -0.037841796875, 0.012939453125, 0.0172119140625, -0.0308837890625, -0.0206298828125, 0.03173828125, 0.0301513671875, 1.7404556274414062e-05, -0.0162353515625, 0.01513671875, -0.030029296875, -0.026123046875, 0.01129150390625, -0.0167236328125, -0.00665283203125, 0.029541015625, 0.0059814453125, -0.01904296875, -0.045654296875, 0.007415771484375, -0.008544921875, -0.010498046875, 0.03564453125, 0.01300048828125, 0.0076904296875, -0.00543212890625, -0.01007080078125, -0.048583984375, 0.02099609375, 0.0196533203125, -0.038818359375, 0.0140380859375, -0.021240234375, 0.035888671875, -0.0498046875, -0.00531005859375, 0.045166015625, -0.0306396484375, 0.064453125, -0.02392578125, 0.01141357421875, -0.025390625, -0.08447265625, -0.0059814453125, -0.00921630859375, -0.0228271484375, -0.0023040771484375, -0.030517578125, 0.0181884765625, -0.0157470703125, -0.0228271484375, 0.017333984375, -0.0108642578125, -0.046875, -0.013427734375, -0.00482177734375, 0.008544921875, 0.00836181640625, 0.00897216796875, -0.0400390625, -0.033935546875, -0.05419921875, -0.01300048828125, -0.032470703125, 0.01226806640625, 0.0189208984375, 0.03173828125, 0.00016689300537109375, -0.01263427734375, 0.0003147125244140625, 0.040283203125, -0.055419921875, 0.058349609375, 0.0341796875, -0.01141357421875, -0.0238037109375, 0.03271484375, -0.017578125, -0.057861328125, 0.033447265625, -0.0172119140625, -0.008056640625, 0.03076171875, 0.03369140625, 0.057373046875, -0.00909423828125, 0.04248046875, 0.01708984375, -0.0028533935546875, 0.044677734375, 0.0098876953125, -0.042236328125, 0.002044677734375, 0.0189208984375, 0.0291748046875, -0.00799560546875, 0.0206298828125, -0.027587890625, 0.03564453125, -0.0498046875, 0.0186767578125, -0.0198974609375, -0.00811767578125, -0.0023651123046875, -0.00897216796875, -0.03271484375, -0.029541015625, 0.00384521484375, -0.057373046875, -0.03955078125, 0.031982421875, 0.00165557861328125, 0.03173828125, 0.040283203125, -0.025390625, -0.0341796875, 0.005828857421875, -0.0194091796875, -0.06298828125, 0.02392578125, 0.00518798828125, 0.06396484375, -0.0179443359375, 0.01544189453125, 0.05224609375, -0.045166015625, -0.08447265625, -0.00138092041015625, 0.0181884765625, -0.0458984375, -0.005950927734375, 0.0147705078125, -0.0201416015625, 0.00238037109375, 0.026123046875, -0.01226806640625, 0.002471923828125, -0.007415771484375, 0.022216796875, 0.04736328125, -0.04541015625, 0.007537841796875, 0.00567626953125, 0.0245361328125, 0.048828125, -0.027099609375, 0.04541015625, -0.0361328125, 0.033203125, 0.0191650390625, 0.042724609375, 0.0274658203125, -0.034423828125, -0.01025390625, -0.006866455078125, 0.045166015625, 0.076171875, -0.029541015625, 0.033447265625, 0.0024871826171875, 0.007171630859375, 0.0380859375, -0.002960205078125, -0.0703125, -0.0189208984375, -0.07177734375, 0.00677490234375, -0.041259765625, 0.003753662109375, 0.007537841796875, -0.052001953125, 0.008056640625, -0.046630859375, 0.00921630859375, 0.035888671875, 0.0286865234375, 0.031982421875, -0.022705078125, -0.036865234375, 0.050048828125, 0.0172119140625, 0.033447265625, -0.0047607421875, 0.032470703125, -0.01251220703125, -0.003173828125, -0.005523681640625, 0.0284423828125, 0.035888671875, -0.03564453125, 0.05517578125, 0.029052734375, 0.04541015625, -0.00421142578125, -0.007293701171875, -0.0225830078125, -0.01300048828125, 0.052734375, -0.05322265625, -0.037841796875, 0.03564453125, 0.013671875, -0.04345703125, -0.01611328125, 0.01373291015625, -0.0179443359375, 0.0013885498046875, 0.0023956298828125, 0.004913330078125, 0.0380859375, -0.04345703125, -0.03759765625, 0.0286865234375, -0.01104736328125, -0.0189208984375, 0.0067138671875, 0.00909423828125, 0.055908203125, 0.009033203125, -0.017578125, -0.0712890625, -0.007720947265625, -0.0242919921875, -0.044189453125, 0.0130615234375, -0.031982421875, 0.045166015625, 0.0390625, -0.072265625, -0.05615234375, 0.02685546875, -0.01239013671875, -0.0159912109375, -0.07373046875, -0.0033111572265625, -0.015380859375, 0.036865234375, -0.020263671875, -0.0306396484375, -0.0211181640625, 0.034912109375, 0.043212890625, -0.019287109375, 0.00179290771484375, 0.003387451171875, -0.052734375, -0.01611328125, -0.00750732421875, 0.00055694580078125, 0.03271484375, -0.04345703125, -0.0419921875, 0.0220947265625, -0.003631591796875, -0.019775390625, -0.0252685546875, -0.0380859375, -0.0751953125, 0.0400390625, -0.031982421875, 0.0191650390625, 0.01953125, 0.041259765625, 0.00311279296875, -0.026123046875, 0.0301513671875, -0.0126953125, 0.01092529296875, 0.0027008056640625, 0.01422119140625, 0.049560546875, -0.068359375, 0.006439208984375, 0.036376953125, -0.0250244140625, -0.0257568359375, -0.0147705078125, -0.0198974609375, -0.007568359375, 0.0135498046875, -0.0027313232421875, 0.0130615234375, 0.0067138671875, -0.03564453125, -0.05224609375, -0.038818359375, -0.06298828125, 0.0115966796875, -0.01507568359375, -0.014892578125, 0.027587890625, -0.057373046875, -0.0002956390380859375, -0.01007080078125, -0.00946044921875, -0.043212890625, 0.0152587890625, -0.01953125, -0.02587890625, -0.0390625, -0.00933837890625, -0.04443359375, 0.0022430419921875, 0.01397705078125, 0.0247802734375, -0.00970458984375, 0.041259765625, 0.02392578125, -0.021240234375, -0.0311279296875, 0.07763671875, 0.028076171875, -0.048583984375, 0.016357421875, 0.03515625, -0.061279296875, 0.048828125, -0.0263671875, 0.00701904296875, -0.054931640625, 0.00138092041015625, 0.028076171875, -0.04541015625, -0.0067138671875, -0.01190185546875, -0.023681640625, 0.03759765625, 0.001678466796875, 0.03955078125, 0.0194091796875, -0.020751953125, -0.0113525390625, 0.031494140625, 0.0281982421875, 0.033935546875, -0.0284423828125, -0.00787353515625, -0.032470703125, -0.01434326171875, 0.023681640625, -0.03515625, -0.0281982421875, 0.000972747802734375, -0.0157470703125, -0.027099609375, -0.04345703125, -0.015380859375, -0.0150146484375, 0.0035858154296875, 0.022216796875, -0.03466796875, -0.016357421875, -0.0152587890625, 0.00469970703125, 0.005157470703125, -0.00177764892578125, 0.000759124755859375, -0.004913330078125, -0.0220947265625, -0.0703125, -0.013671875, -0.0196533203125, 0.0238037109375, -0.05322265625, -0.03759765625, 0.0145263671875, 0.0076904296875, -0.03955078125, 0.049560546875, -0.04150390625, -0.021728515625, -0.03857421875, 0.01300048828125, 0.0103759765625, 0.041259765625, -0.034423828125, 0.05908203125, 0.04541015625, 0.01385498046875, 0.042236328125, 0.0228271484375, 0.051513671875, -0.00604248046875, -0.00592041015625, -0.020751953125, -0.0654296875, -0.0291748046875, 0.021240234375, 0.004547119140625, 0.0341796875, -0.0252685546875, -0.00384521484375, 0.045166015625, -0.0244140625, 0.0042724609375, 0.006195068359375, 0.016357421875, 0.036865234375, 0.00439453125, -0.035888671875, 0.030029296875, 0.0281982421875, -0.00079345703125, 0.02685546875, -0.015380859375, -0.0059814453125, -0.01373291015625, 0.00848388671875, -0.002532958984375, 0.08056640625, 0.080078125, -0.000598907470703125, -0.02685546875, -0.046875, -0.0137939453125, -0.07373046875, 0.038818359375, -0.01300048828125, 0.0002384185791015625, 0.022216796875, -0.0220947265625, 0.030517578125, 