{"movie": "wwdc2025", "offset": 454, "text_offset": 440, "embedding": [-0.018310546875, 0.050537109375, 0.0057373046875, 0.0025177001953125, -0.039306640625, 0.0306396484375, 0.01495361328125, -0.00104522705078125, -0.046875, 0.0107421875, -0.00567626953125, 0.02197265625, -0.01263427734375, -0.0341796875, -0.01214599609375, -0.017578125, 0.031494140625, 0.0274658203125, 0.0076904296875, -0.0308837890625, 0.02001953125, -0.05224609375, -0.0111083984375, 0.008056640625, 0.022216796875, -0.0283203125, 0.024169921875, -0.006500244140625, -0.0272216796875, -0.050537109375, -0.0703125, -0.08203125, 0.040283203125, -0.00726318359375, 0.0035552978515625, -0.00982666015625, 0.0322265625, 0.0810546875, -0.050537109375, 0.02001953125, -0.044921875, 0.01171875, 0.0191650390625, 0.00848388671875, 0.008544921875, -0.0228271484375, -0.0228271484375, 0.0157470703125, 0.0186767578125, 0.006866455078125, -0.006683349609375, 0.017578125, 0.045654296875, -0.0255126953125, -0.083984375, 0.018310546875, -0.033935546875, 0.01904296875, 0.04296875, -0.03662109375, -0.016357421875, 0.038818359375, -0.00982666015625, 0.039306640625, -0.034423828125, 0.01031494140625, 0.03662109375, -0.04833984375, -0.072265625, -0.01708984375, 0.01361083984375, 0.00848388671875, 0.006500244140625, -0.02880859375, -0.0177001953125, 0.0234375, 0.05322265625, -0.01611328125, -0.022705078125, 0.033203125, 0.026123046875, 0.02294921875, 0.002288818359375, -0.04296875, -0.0038299560546875, -0.054931640625, 0.0017547607421875, -0.0267333984375, 0.0087890625, 0.0301513671875, -0.062255859375, 0.04833984375, -0.022216796875, 0.0059814453125, -0.028076171875, -0.0159912109375, -0.0228271484375, -0.05224609375, -0.0264892578125, 0.0478515625, 0.02880859375, 0.00933837890625, 0.0306396484375, -0.0107421875, -0.0673828125, -8.249282836914062e-05, 0.01123046875, 0.006805419921875, -0.001983642578125, -0.005096435546875, 0.0045166015625, -0.0400390625, -0.0751953125, 0.01287841796875, 0.01806640625, 0.0830078125, 0.0133056640625, 0.006866455078125, -0.01007080078125, 0.01806640625, -0.04443359375, -0.0009002685546875, 0.005340576171875, -0.0040283203125, 0.027099609375, 0.046875, 0.0322265625, -0.00164031982421875, -0.0133056640625, 0.050537109375, -0.00616455078125, -0.0125732421875, -0.004302978515625, 0.03857421875, -0.049560546875, 0.0028076171875, 0.01531982421875, -0.035400390625, -0.04833984375, -0.027099609375, 0.0250244140625, 0.018310546875, -0.052490234375, 0.04541015625, -0.045654296875, -0.017822265625, 0.0634765625, 0.016357421875, -0.06396484375, -0.01324462890625, -0.008544921875, -0.054931640625, -0.043212890625, 0.028076171875, 0.0247802734375, 0.03076171875, 0.032958984375, 0.031494140625, -0.042724609375, -0.034423828125, 0.01324462890625, -0.054931640625, 0.002685546875, -0.00165557861328125, 0.029296875, 0.0206298828125, 0.006195068359375, 0.006439208984375, 0.0007171630859375, -0.0159912109375, 0.017578125, 0.0203857421875, -0.04443359375, 0.026123046875, 0.005950927734375, -0.0194091796875, -0.032470703125, -0.0216064453125, 0.0096435546875, 0.0020751953125, 0.0162353515625, -0.004180908203125, 0.0400390625, -0.03662109375, -0.01263427734375, 0.013916015625, -0.014892578125, 0.0021514892578125, 0.0032196044921875, -0.01312255859375, -0.0196533203125, -0.008544921875, 0.054931640625, 0.00885009765625, 0.01043701171875, 0.0001964569091796875, -0.003936767578125, -0.0203857421875, 0.00958251953125, 0.04638671875, 0.04443359375, 0.0301513671875, -0.0052490234375, 0.029296875, 0.01239013671875, -0.00087738037109375, 0.02880859375, 0.018310546875, -0.005706787109375, -0.0027313232421875, -0.0771484375, 0.007720947265625, -0.0198974609375, -0.01416015625, 0.018798828125, -0.0250244140625, 0.03857421875, 0.022216796875, -0.000133514404296875, 0.03173828125, -0.0274658203125, -0.002593994140625, -0.004119873046875, 0.000579833984375, -0.0306396484375, -0.00457763671875, -0.008056640625, 0.054931640625, 0.091796875, -0.0400390625, 0.03662109375, 0.005706787109375, -0.0140380859375, 0.002044677734375, -0.01275634765625, 0.0002307891845703125, -0.016845703125, -0.01422119140625, -0.041259765625, 0.07470703125, -0.009521484375, -0.05322265625, -0.0284423828125, 0.0625, -0.005279541015625, -0.02294921875, -0.034423828125, 0.0306396484375, 0.053955078125, 0.0157470703125, 0.00555419921875, 0.045654296875, 0.02197265625, -0.02197265625, -0.04296875, -0.0079345703125, 0.00970458984375, 0.001495361328125, 0.004791259765625, -0.03662109375, -0.0274658203125, -0.0133056640625, 0.0262451171875, 0.02001953125, 0.0185546875, -0.0274658203125, -0.015380859375, 0.029541015625, -0.08935546875, -0.0194091796875, -0.028076171875, 0.0045166015625, -0.0157470703125, 0.07568359375, -0.00299072265625, 0.0040283203125, -0.04150390625, 0.0174560546875, -0.027099609375, 0.0115966796875, -0.004180908203125, -0.03515625, -0.0164794921875, 0.001190185546875, 0.0308837890625, -0.004791259765625, 0.0123291015625, 0.0211181640625, 0.000789642333984375, -0.0194091796875, 0.04296875, -0.0224609375, 0.005950927734375, -0.04296875, -0.020751953125, 0.000743865966796875, -0.00439453125, 0.057861328125, -0.0262451171875, -0.003265380859375, -0.05615234375, -0.003997802734375, -0.0034332275390625, -0.0206298828125, -0.0213623046875, 0.031494140625, 0.062255859375, -0.03515625, -0.045654296875, 0.01556396484375, -0.0017242431640625, -0.03515625, 0.01251220703125, -0.02197265625, -0.033935546875, 0.007720947265625, -0.032470703125, -0.029541015625, 0.015869140625, 0.00408935546875, 0.01055908203125, 0.01373291015625, 0.031494140625, 0.029052734375, 0.03515625, -0.011962890625, -0.076171875, -0.045654296875, -0.0269775390625, -0.0595703125, -0.003509521484375, 0.004638671875, -0.00146484375, 0.014404296875, 0.0045166015625, 0.00823974609375, -0.052001953125, 0.00885009765625, 0.0208740234375, -0.0057373046875, 0.0283203125, -0.06494140625, 0.0228271484375, 0.033203125, -0.00122833251953125, -0.0084228515625, 0.016845703125, 0.03076171875, 0.0167236328125, 0.01556396484375, 0.0147705078125, 0.0079345703125, -0.002532958984375, 0.0264892578125, -0.0751953125, -0.0206298828125, -0.03466796875, 0.017578125, -0.027587890625, -0.004119873046875, 0.046875, 0.0003147125244140625, 0.0306396484375, 0.000942230224609375, -0.0140380859375, 0.01171875, -0.00628662109375, 0.00086212158203125, -0.00872802734375, -0.00421142578125, 0.0400390625, 0.051025390625, 0.024169921875, 0.0255126953125, -0.0274658203125, -0.03515625, 0.0123291015625, 0.0244140625, 0.00110626220703125, -0.00933837890625, -0.042724609375, 0.060302734375, -0.0247802734375, 0.010986328125, -0.018798828125, -0.000553131103515625, -0.0361328125, -0.0267333984375, 0.004730224609375, -0.034912109375, -0.0050048828125, 0.00360107421875, -0.00127410888671875, -0.031494140625, 0.050537109375, -0.06689453125, -0.04296875, 0.037841796875, 0.03173828125, 0.039306640625, 0.03759765625, -0.0255126953125, -0.062255859375, 0.0115966796875, -0.000659942626953125, 0.045654296875, 0.039794921875, -0.03662109375, 0.01361083984375, -0.0186767578125, -0.0341796875, -0.068359375, -0.05126953125, 0.03173828125, -0.07080078125, 0.007598876953125, -0.0206298828125, 0.055908203125, -0.041748046875, 0.037109375, 0.0244140625, 0.04296875, -0.0159912109375, 0.0201416015625, 0.05126953125, -0.00106048583984375, 0.00064849853515625, -0.0255126953125, -0.054931640625, 0.01116943359375, 0.033447265625, -0.00151824951171875, -0.00677490234375, -0.0223388671875, -0.0211181640625, 0.0262451171875, -0.033447265625, -0.0830078125, 0.00836181640625, -0.00469970703125, 0.0194091796875, 0.00836181640625, -0.0966796875, -0.028076171875, -0.01220703125, 0.01300048828125, -0.0034332275390625, -0.024169921875, 0.0157470703125, 0.042236328125, -0.01495361328125, 0.01116943359375, 0.0556640625, 0.0576171875, -0.0185546875, 0.040771484375, 0.006500244140625, -0.051025390625, -0.046875, 0.01165771484375, 0.050048828125, 0.00157928466796875, 0.0191650390625, -0.03564453125, 0.05517578125, -0.00116729736328125, 