{"movie": "wwdc2025", "offset": 208, "text_offset": 200, "embedding": [0.038330078125, -0.03271484375, 0.021240234375, -0.0267333984375, -0.052734375, -0.03662109375, -0.03271484375, -0.037109375, -0.002349853515625, 0.02392578125, -0.011962890625, -0.054443359375, -0.0439453125, -0.042724609375, -0.027587890625, -0.005157470703125, -0.0162353515625, 0.032470703125, 0.041259765625, 0.01361083984375, 0.0108642578125, 0.0006256103515625, 0.0262451171875, 0.027587890625, 0.053466796875, -0.038330078125, -0.03759765625, -0.05517578125, 0.0123291015625, -0.03173828125, -0.0140380859375, -0.03564453125, 0.08447265625, -0.0069580078125, -0.0191650390625, -0.0233154296875, 0.0169677734375, 0.0111083984375, -0.056640625, 0.028076171875, 0.009521484375, 0.0255126953125, 0.0091552734375, -0.0234375, 0.01165771484375, 0.00885009765625, -0.0283203125, -0.03759765625, 0.04931640625, 0.0517578125, -0.0233154296875, 0.01953125, 0.015625, -0.052490234375, 0.0208740234375, -0.0238037109375, -0.011962890625, -0.01068115234375, 0.01318359375, -0.0296630859375, 0.0067138671875, 0.0322265625, -0.01416015625, -0.006591796875, -0.033447265625, -0.003692626953125, 0.0255126953125, -0.028076171875, 0.000949859619140625, -0.0211181640625, 0.002838134765625, -0.017578125, -0.00390625, -0.0296630859375, -0.0167236328125, -0.047607421875, 0.00083160400390625, -0.031494140625, -0.0128173828125, 0.01190185546875, -0.007293701171875, 0.0308837890625, -0.05810546875, -0.011962890625, 0.004180908203125, -0.005950927734375, 0.01031494140625, 0.0283203125, -0.00860595703125, -0.027099609375, -0.03564453125, 0.060302734375, 0.0087890625, 0.021484375, -0.00084686279296875, -0.060791015625, -0.002349853515625, -0.04931640625, -0.0230712890625, 0.056640625, 0.051025390625, -0.0059814453125, 0.00299072265625, -0.0238037109375, -0.05029296875, -0.0732421875, 0.03759765625, 0.00299072265625, 0.00250244140625, 0.02685546875, 0.00408935546875, -0.039794921875, -0.035400390625, -0.0181884765625, -0.0245361328125, 0.035400390625, 0.03662109375, 0.0172119140625, 0.06298828125, 0.00927734375, -0.056640625, -0.06591796875, -0.0220947265625, -0.0537109375, 0.0101318359375, 0.04248046875, 0.036865234375, 0.036865234375, 0.0191650390625, 0.0311279296875, 0.00994873046875, 0.03369140625, 0.0025177001953125, 0.0234375, -0.044189453125, -0.032958984375, -0.0020751953125, 0.004119873046875, -0.056884765625, 0.01611328125, 0.029541015625, 0.021240234375, -0.05615234375, 0.053466796875, -0.033203125, -0.0166015625, 0.04443359375, -0.0026092529296875, -0.01519775390625, -0.0140380859375, -0.0013885498046875, -0.05078125, -0.01312255859375, 0.11181640625, 0.0196533203125, 0.0654296875, -0.0054931640625, 0.017333984375, 0.010986328125, -0.0234375, 0.0301513671875, -0.046630859375, -0.0145263671875, 0.01373291015625, 0.03076171875, 0.018798828125, 0.030517578125, 0.041748046875, -0.016357421875, -0.0113525390625, -0.00958251953125, 0.01483154296875, 0.0009002685546875, 0.01611328125, 0.0172119140625, 0.0152587890625, -0.00885009765625, 0.0081787109375, -0.0010833740234375, -0.0235595703125, 0.044189453125, -0.0234375, -0.0250244140625, 0.00848388671875, 0.0169677734375, -0.00250244140625, 0.0303955078125, 0.036865234375, -0.0419921875, 0.029541015625, -0.0086669921875, -0.01190185546875, 0.0069580078125, -0.028076171875, 0.04345703125, -0.035400390625, 0.0225830078125, 0.000949859619140625, 0.03515625, 0.0615234375, -0.000335693359375, 0.034912109375, -0.01544189453125, 0.025634765625, 0.02685546875, 0.03271484375, -0.03759765625, 0.00543212890625, -0.01165771484375, 0.0191650390625, -0.02685546875, -0.010986328125, 0.0166015625, -0.0311279296875, 0.0147705078125, -0.0267333984375, 0.06298828125, 0.0196533203125, 0.021728515625, 0.024658203125, -0.029052734375, -0.03466796875, 0.04052734375, -0.04052734375, -0.04931640625, 0.0206298828125, -0.00640869140625, 0.01953125, 0.07666015625, 0.03076171875, -0.00131988525390625, 0.03662109375, 0.0126953125, 0.01068115234375, 0.006195068359375, 0.0159912109375, -0.0150146484375, -0.0050048828125, -0.0213623046875, 0.052001953125, 0.00543212890625, -0.0007476806640625, -0.04443359375, 0.072265625, -0.007598876953125, -0.007080078125, 0.0262451171875, 0.002044677734375, 0.025146484375, 0.0089111328125, -0.06103515625, -0.01177978515625, 0.048583984375, -0.0654296875, -0.018310546875, 0.027587890625, -0.00141143798828125, -0.020263671875, 0.017333984375, -0.058349609375, -0.0211181640625, 0.0169677734375, -0.02783203125, -0.041259765625, -0.00567626953125, 0.004852294921875, -0.051025390625, 0.032470703125, -0.0380859375, 0.029052734375, 0.04296875, -0.02294921875, 0.040771484375, 0.041259765625, 0.005950927734375, -0.046630859375, -0.044189453125, 0.0076904296875, -0.00035858154296875, 0.001251220703125, -0.00982666015625, -0.01806640625, -0.005767822265625, 0.01171875, 0.0247802734375, -0.024658203125, -0.010009765625, -0.029052734375, -0.033447265625, -0.0361328125, 0.00531005859375, -0.033203125, 0.024169921875, 0.0037689208984375, -0.042724609375, 0.033447265625, -0.005584716796875, 0.045166015625, -0.030029296875, -0.022705078125, -0.02880859375, -0.0225830078125, 0.03759765625, -0.00836181640625, -0.0223388671875, 0.0341796875, -0.0052490234375, 0.013427734375, 0.0026397705078125, -0.025390625, -0.03125, -0.05029296875, -0.0279541015625, 0.0166015625, 0.0203857421875, -0.01611328125, -0.00115203857421875, -0.07373046875, 0.03515625, 0.03173828125, 0.025634765625, -0.0145263671875, 0.0159912109375, 0.053466796875, 0.0032501220703125, -0.0086669921875, -0.0419921875, -0.007415771484375, -0.0211181640625, -0.06640625, 0.0089111328125, 0.038818359375, -0.002685546875, 0.0032806396484375, -0.0255126953125, 0.03759765625, -0.037109375, -0.011962890625, 0.017333984375, 0.0284423828125, 0.0191650390625, -0.0211181640625, 0.03515625, -0.00640869140625, -0.041259765625, 0.01190185546875, 0.005828857421875, 0.000316619873046875, 0.0185546875, -0.00189971923828125, 0.012939453125, 0.0064697265625, -0.025390625, 0.030517578125, 0.0283203125, 0.002349853515625, -0.017578125, 0.00335693359375, -0.0400390625, -0.021728515625, 0.05517578125, -0.03125, -0.01336669921875, -0.033203125, 0.0201416015625, 0.0146484375, 0.00689697265625, -0.0027923583984375, -0.0181884765625, -0.00616455078125, 0.02685546875, 0.0133056640625, 0.0225830078125, 0.0206298828125, 0.04443359375, -0.017333984375, -0.054443359375, 0.017822265625, -0.020263671875, 0.0113525390625, -0.039306640625, 0.0213623046875, 0.01190185546875, 0.006378173828125, 0.01483154296875, -0.03466796875, 0.025390625, -0.01611328125, -0.01416015625, -0.015380859375, -0.031982421875, 0.0299072265625, 0.0123291015625, -0.036376953125, 0.0022735595703125, -0.052734375, -0.03857421875, 0.0230712890625, -0.00179290771484375, 0.0162353515625, 0.032958984375, -0.01214599609375, -0.01416015625, 0.00567626953125, -0.0089111328125, 0.048583984375, 0.003143310546875, 0.0247802734375, 0.04345703125, -0.004913330078125, -0.036376953125, -0.021240234375, -0.03515625, -0.02587890625, -0.033447265625, 0.0225830078125, 0.038330078125, 0.042236328125, -0.00099945068359375, 0.0400390625, 0.046875, -0.01275634765625, 0.045166015625, -0.00041961669921875, -0.0093994140625, -0.0625, -0.0238037109375, -0.033935546875, -0.0419921875, 0.017333984375, 0.0296630859375, 0.0419921875, 0.025146484375, -0.00885009765625, -0.0250244140625, -0.026611328125, -0.0537109375, 0.01177978515625, 0.0262451171875, -0.005859375, 0.0301513671875, 0.0047607421875, -0.087890625, 0.0096435546875, -0.0067138671875, 0.0537109375, -0.0296630859375, 0.0167236328125, 0.0196533203125, 0.051025390625, -0.01336669921875, 0.0052490234375, 0.08251953125, 0.01416015625, -0.003631591796875, 0.0390625, -0.022216796875, -0.00051116943359375, -0.0703125, 0.0025482177734375, 0.0045166015625, -0.016357421875, -0.011962890625, 0.009521484375, 0.06591796875, -0.06689453125, 0.01068115234375, -0.018310546875, -0.0111083984375, -0.052734375, -0.025146484375, 0.0250244140625, -0.03759765625, 