{"movie": "wwdc2025", "offset": 238, "text_offset": 220, "embedding": [0.038330078125, -0.00860595703125, 0.050537109375, 0.0198974609375, -0.053466796875, -0.0004520416259765625, -0.002044677734375, 0.022216796875, 0.004974365234375, -0.0263671875, 0.0130615234375, -0.034912109375, -0.0303955078125, -0.041015625, 0.0003376007080078125, -0.0255126953125, 0.0133056640625, -0.00087738037109375, -0.005584716796875, 0.01806640625, -0.0093994140625, -0.027099609375, 0.0146484375, -0.0234375, 0.038330078125, -0.0272216796875, -0.031982421875, -0.006805419921875, -0.023681640625, -0.037841796875, -0.0230712890625, -0.08203125, 0.057373046875, 0.03564453125, -0.006317138671875, -0.00457763671875, 0.003173828125, 0.059814453125, -0.00087738037109375, 0.0245361328125, -0.05322265625, 0.0174560546875, 0.004364013671875, -0.00860595703125, -0.0174560546875, 0.016357421875, -0.044189453125, -0.03564453125, 0.039794921875, 0.0250244140625, 0.01708984375, 0.02490234375, 0.0186767578125, -0.03955078125, -0.036376953125, 0.00469970703125, 0.0245361328125, -0.0130615234375, 0.043701171875, 0.005523681640625, -0.029296875, 0.0185546875, -0.03955078125, 0.0245361328125, -0.023681640625, 0.0167236328125, -0.019775390625, -0.0272216796875, -0.00872802734375, -0.0194091796875, -0.016357421875, 0.0230712890625, 0.037841796875, 0.006988525390625, 0.016357421875, -0.02685546875, 0.048828125, -0.0089111328125, 0.02294921875, 0.0106201171875, 0.0103759765625, 0.0150146484375, 0.01287841796875, -0.050537109375, -0.023193359375, -0.0311279296875, 0.006988525390625, -0.052734375, -0.00396728515625, 0.00225830078125, -0.032470703125, 0.0303955078125, -0.01275634765625, -0.01385498046875, -0.007476806640625, -0.02392578125, 0.0213623046875, -0.10009765625, -0.000492095947265625, 0.031494140625, 0.02685546875, 0.0205078125, -0.00958251953125, -0.00543212890625, -0.04248046875, -0.032958984375, 0.00994873046875, 0.0284423828125, 0.0133056640625, 0.044189453125, -0.032470703125, -0.055419921875, -0.05859375, -0.005767822265625, -0.0311279296875, 0.01397705078125, -0.0311279296875, -0.049072265625, 0.048095703125, 0.005767822265625, -0.0272216796875, 0.02099609375, -0.01708984375, -0.029296875, -0.0279541015625, 0.01312255859375, 0.048583984375, 0.017822265625, -0.00579833984375, -0.0142822265625, -0.06591796875, 0.0081787109375, 0.017822265625, 0.018310546875, -0.07470703125, 0.054443359375, -0.0033416748046875, 0.03271484375, -0.00830078125, -0.00150299072265625, 0.0478515625, 0.02587890625, -0.000652313232421875, 0.0289306640625, -0.0712890625, -0.0189208984375, 0.05712890625, 0.0230712890625, -0.054931640625, -0.0076904296875, -0.01556396484375, -0.038330078125, 0.019775390625, 0.043212890625, 0.0245361328125, 0.027099609375, -0.00543212890625, 0.00186920166015625, 0.0023193359375, -0.02587890625, 0.034423828125, -0.0084228515625, 0.028564453125, 0.031494140625, 0.0255126953125, 0.032958984375, -0.00506591796875, 0.0146484375, -0.0198974609375, -0.0223388671875, -0.03076171875, -0.015380859375, 0.0191650390625, 0.039306640625, -0.017333984375, 0.01544189453125, 0.00019168853759765625, 0.01495361328125, 0.03271484375, 0.0255126953125, 0.015869140625, 0.02685546875, 0.049560546875, -0.0267333984375, -0.0106201171875, -0.056884765625, -0.0026702880859375, 0.04736328125, -0.01513671875, 0.029296875, -0.0218505859375, 0.042236328125, 0.005462646484375, 0.0306396484375, 0.03564453125, -0.033447265625, -0.03466796875, -0.01275634765625, 0.07958984375, 0.0250244140625, -0.010009765625, 0.03564453125, 0.03369140625, 0.0498046875, 0.00579833984375, -0.029052734375, -0.0242919921875, 0.04248046875, -0.01446533203125, 0.004791259765625, -0.04736328125, 0.0115966796875, -0.00726318359375, -0.033935546875, 0.0302734375, -0.08349609375, 0.0157470703125, 0.023681640625, -0.00958251953125, -0.01397705078125, -0.0211181640625, -0.0026702880859375, 0.0133056640625, -0.03564453125, -0.007720947265625, -0.03271484375, -0.0257568359375, 0.0289306640625, 0.045166015625, 0.0245361328125, 0.0005340576171875, 0.02490234375, -0.048583984375, -0.0150146484375, 0.00946044921875, 0.0157470703125, 0.01129150390625, 0.0157470703125, -0.0166015625, 0.056396484375, -0.005767822265625, -0.0673828125, 0.02392578125, 0.0242919921875, -0.03173828125, -0.0654296875, -0.039794921875, 0.00738525390625, 0.0252685546875, 0.080078125, -0.043212890625, 0.010009765625, -0.00823974609375, -0.054931640625, -0.01239013671875, 0.0341796875, -0.050048828125, 0.0263671875, -0.0016937255859375, -0.0003490447998046875, -0.00171661376953125, 0.01544189453125, -0.029052734375, -0.0208740234375, 0.00994873046875, 0.0299072265625, -0.018798828125, 0.008544921875, -0.0234375, -0.0147705078125, 0.020751953125, 0.00439453125, -0.03466796875, 0.03662109375, 0.029541015625, -0.006805419921875, -0.031494140625, 0.006561279296875, 0.0537109375, -0.018798828125, -0.006988525390625, -0.04443359375, 0.00023365020751953125, -0.004638671875, 0.0322265625, 0.06591796875, 0.02294921875, -0.037841796875, -0.0093994140625, 0.008056640625, -0.006561279296875, -0.0031585693359375, -0.01153564453125, -0.002532958984375, -0.028564453125, 0.031982421875, 0.0040283203125, -0.022216796875, -0.00372314453125, -0.027099609375, -0.032958984375, 0.0194091796875, 0.0281982421875, -0.0361328125, -0.00159454345703125, 0.025390625, 0.04345703125, 0.0223388671875, 0.006805419921875, 0.0084228515625, 0.0146484375, -0.037109375, -0.01202392578125, 0.044677734375, -0.055908203125, -0.004058837890625, -0.056884765625, -0.01361083984375, 0.0732421875, 0.05322265625, 0.005218505859375, 0.055419921875, 0.003509521484375, 0.04541015625, 0.0186767578125, -0.00958251953125, -0.02294921875, -0.02587890625, -0.0272216796875, 0.00830078125, -0.015625, -0.016845703125, -0.04345703125, -0.0247802734375, -0.036865234375, 0.01318359375, -0.0147705078125, -0.01611328125, -0.036376953125, 0.00189971923828125, -0.0216064453125, -0.029052734375, 0.036865234375, -0.00543212890625, -0.011962890625, 0.0026397705078125, -0.04736328125, 0.027587890625, 0.04052734375, -0.006317138671875, -0.03076171875, -0.0016632080078125, -0.0272216796875, 0.043212890625, 0.00445556640625, -0.0220947265625, -0.017333984375, 0.0027313232421875, -0.033203125, 0.00653076171875, 0.041015625, -0.0169677734375, 0.038330078125, -0.0252685546875, 0.0220947265625, 0.0086669921875, -0.00958251953125, -0.0400390625, -0.021728515625, -0.0220947265625, 0.01025390625, 0.025390625, -0.00518798828125, -0.00994873046875, -0.004791259765625, 0.007568359375, 0.01434326171875, 0.021728515625, -0.00099945068359375, -0.00083160400390625, -0.043701171875, 0.031494140625, -0.0126953125, 0.0191650390625, -0.037109375, -0.02490234375, 0.018798828125, -0.0142822265625, 0.008544921875, -0.07373046875, -0.052490234375, 0.0118408203125, -0.00089263916015625, 0.004791259765625, 0.0081787109375, -0.0194091796875, 0.01385498046875, 0.054931640625, -0.0087890625, 0.004791259765625, 0.0245361328125, -0.038818359375, -0.0218505859375, 0.0213623046875, -0.04541015625, 0.049072265625, 0.00836181640625, 0.03369140625, 0.00118255615234375, -0.0255126953125, 0.0021514892578125, -0.0311279296875, 0.0084228515625, -0.0167236328125, -0.08447265625, 0.01318359375, -0.026123046875, 0.0279541015625, -0.037353515625, 0.0205078125, 0.042724609375, -0.00982666015625, 0.04345703125, 0.0311279296875, -0.006439208984375, -0.0115966796875, -0.0014495849609375, -0.0272216796875, -0.030029296875, -0.00958251953125, 0.00970458984375, -0.003173828125, 0.03466796875, -0.0028228759765625, 0.0185546875, 0.00787353515625, -0.0703125, -0.01287841796875, 0.005889892578125, -0.026611328125, 0.0869140625, -0.033935546875, -0.05517578125, 0.00136566162109375, 0.0118408203125, 0.09228515625, -0.0247802734375, 0.0216064453125, 0.01531982421875, 0.0281982421875, -0.0018310546875, -0.00098419189453125, 0.0595703125, 0.041748046875, -0.022216796875, 0.06298828125, -0.038818359375, -0.012939453125, -0.021240234375, 0.04443359375, -0.01214599609375, 0.008544921875, 0.029296875, 