{"movie": "wwdc2025", "offset": 312, "text_offset": 300, "embedding": [0.03515625, 0.00665283203125, 0.010009765625, 0.043212890625, -0.031982421875, 0.042236328125, -0.021484375, -0.0233154296875, -0.003936767578125, 0.03515625, -0.0196533203125, 0.00152587890625, 0.00128936767578125, -0.06689453125, -0.0281982421875, 0.05078125, 0.017822265625, -0.025634765625, 0.0169677734375, -0.0196533203125, 0.005157470703125, -0.044677734375, -0.033203125, 0.027587890625, -0.00020313262939453125, -0.044921875, 0.01220703125, 0.0184326171875, -0.0205078125, -0.0211181640625, -0.0299072265625, -0.07421875, -0.00909423828125, -0.00144195556640625, 0.0198974609375, -0.052490234375, 0.044921875, 0.0400390625, -0.029541015625, 0.056396484375, -0.0322265625, 0.0169677734375, 0.044189453125, -0.046142578125, -0.00640869140625, -0.0037841796875, -0.036376953125, -0.08740234375, 0.04296875, 0.0296630859375, -0.0111083984375, 0.00994873046875, -0.021240234375, 0.021484375, -0.04296875, 0.025634765625, -0.027099609375, 0.01556396484375, -0.01373291015625, 0.017578125, -0.00555419921875, -0.0010986328125, -0.00958251953125, -0.00433349609375, -0.025634765625, -0.01055908203125, 0.0150146484375, -0.003753662109375, -0.005767822265625, -0.03564453125, -0.00469970703125, -0.051513671875, 0.016357421875, -0.0284423828125, 0.01025390625, 0.03271484375, -0.016357421875, -0.0294189453125, 0.033447265625, 0.052734375, 0.006011962890625, -0.00092315673828125, -0.01123046875, 0.04345703125, 0.0069580078125, -0.031982421875, 0.035888671875, 0.0010986328125, -0.0159912109375, 0.00022029876708984375, -0.00787353515625, 0.059326171875, -0.013427734375, 0.0262451171875, -0.0277099609375, 0.02392578125, 0.005615234375, -0.05322265625, -0.03271484375, -0.00067901611328125, -0.019775390625, -0.00848388671875, -0.02685546875, -0.01025390625, -0.03271484375, -0.053955078125, 0.00799560546875, 0.02587890625, 0.037109375, 0.05419921875, 0.030517578125, -0.056396484375, -0.06298828125, 0.0230712890625, 0.006103515625, -0.0029449462890625, 0.10546875, -0.0238037109375, 0.002716064453125, -0.0031585693359375, 0.01123046875, 0.02392578125, 0.00054931640625, -0.04296875, -0.01611328125, 0.0159912109375, 0.01123046875, 0.0240478515625, -0.046142578125, 0.0235595703125, -0.004791259765625, 0.0137939453125, 0.0216064453125, 0.0206298828125, -0.06103515625, -0.007568359375, 0.018798828125, -0.0198974609375, -0.00848388671875, -0.02294921875, -0.05078125, 0.006439208984375, -0.04296875, 0.00665283203125, -0.036376953125, -0.01904296875, -0.0018157958984375, 0.014404296875, -0.0272216796875, 0.014404296875, 0.051513671875, -0.01190185546875, -0.076171875, 0.054443359375, 0.02392578125, 0.0269775390625, -0.041259765625, -0.0194091796875, -0.041259765625, -0.05419921875, 0.036865234375, -0.017822265625, 0.00982666015625, -0.0078125, 0.06298828125, 0.02099609375, -0.03076171875, 0.0003643035888671875, 0.0026397705078125, -0.01220703125, -0.034423828125, 0.01080322265625, -0.0185546875, 0.03125, -0.06103515625, 0.030517578125, 0.003997802734375, -0.0019989013671875, -0.0018768310546875, 0.0244140625, -0.004180908203125, 0.01556396484375, 0.041259765625, 0.01141357421875, -0.01031494140625, 0.011962890625, -0.0169677734375, 0.0220947265625, -0.039794921875, 0.0250244140625, -0.024658203125, -0.0240478515625, 0.006011962890625, 0.024658203125, 0.0150146484375, -0.0198974609375, 0.054931640625, 0.01190185546875, 0.047607421875, 0.0478515625, -0.0038604736328125, 0.053955078125, 0.0216064453125, 0.033203125, -0.06396484375, -0.01025390625, 0.021484375, 0.0262451171875, -0.042236328125, 0.0712890625, 0.00994873046875, -0.006927490234375, 0.031982421875, -0.0159912109375, -0.0281982421875, -0.038330078125, 0.00543212890625, -0.01556396484375, 0.07373046875, -0.056884765625, -0.05810546875, -0.02099609375, -0.0028839111328125, 0.0244140625, 0.014404296875, -0.00726318359375, 0.013427734375, 0.03466796875, 0.0908203125, 0.0087890625, 0.027099609375, 0.0263671875, 0.00494384765625, -0.0133056640625, -0.0169677734375, 0.01141357421875, -0.041015625, 0.025146484375, -0.009521484375, 0.048828125, 0.01348876953125, -0.03125, -0.0205078125, -0.02685546875, -0.0400390625, -0.061279296875, -0.033203125, -0.004302978515625, 0.02587890625, 0.05517578125, -0.009521484375, -0.0230712890625, -0.0022430419921875, -0.04296875, -0.001922607421875, 0.06396484375, 0.02587890625, 0.0306396484375, 0.0018768310546875, -0.024658203125, 0.01470947265625, 0.0031280517578125, 0.0220947265625, 0.006591796875, 0.0228271484375, -0.07275390625, 0.005950927734375, 0.02001953125, -0.03271484375, 0.016357421875, 0.046630859375, -0.0250244140625, -0.0257568359375, -0.036376953125, 0.0169677734375, 0.0244140625, -0.0556640625, -0.0181884765625, 0.0113525390625, 0.0281982421875, -0.0024871826171875, 0.01055908203125, 0.011962890625, 0.00020694732666015625, 0.0185546875, 0.034423828125, 0.021728515625, -0.039794921875, -0.036376953125, 0.0133056640625, 0.05419921875, -0.021484375, 0.01470947265625, -0.0013275146484375, -0.041015625, -0.00830078125, 0.028076171875, -0.0086669921875, -0.050048828125, -0.01312255859375, -0.03759765625, -0.0257568359375, -0.043701171875, 0.041015625, 0.0220947265625, 0.01104736328125, 0.041015625, -0.00390625, 0.0011138916015625, 0.0179443359375, -0.0257568359375, -0.041259765625, -0.0262451171875, 0.0185546875, -0.047607421875, -0.007049560546875, -0.010009765625, -0.08203125, 0.0240478515625, -0.0281982421875, -0.01507568359375, -0.0106201171875, 0.0537109375, 0.04931640625, -0.01251220703125, -0.08935546875, -0.039306640625, 0.01220703125, -0.0166015625, -0.049560546875, 0.00360107421875, -0.000499725341796875, -0.03515625, -0.057373046875, -0.04541015625, -0.0030517578125, -0.0128173828125, -0.0230712890625, 0.044189453125, -0.0106201171875, 0.0277099609375, -0.06005859375, 0.06103515625, -0.038818359375, -0.00531005859375, -0.050537109375, 0.0205078125, 0.0024566650390625, -0.037109375, 0.0306396484375, -0.0224609375, -0.0238037109375, -0.047119140625, 0.0380859375, -0.07373046875, -0.01611328125, -0.04931640625, 0.02001953125, -0.033935546875, 0.050048828125, 0.052490234375, -0.03125, 0.050048828125, -0.033447265625, 0.0230712890625, 0.033203125, -0.025146484375, 0.0133056640625, 0.0244140625, -0.015625, 0.0286865234375, -0.033203125, 0.033203125, -0.005279541015625, -0.006256103515625, -0.031982421875, 0.037109375, -0.041748046875, -0.0260009765625, 0.00750732421875, 0.007232666015625, 0.05126953125, 0.0181884765625, -0.04345703125, -0.01556396484375, 0.026611328125, 0.0159912109375, -0.00958251953125, 0.017578125, -0.02880859375, -0.0228271484375, 0.02880859375, -0.0125732421875, -0.03955078125, 0.0289306640625, -0.036865234375, -0.0218505859375, -0.004852294921875, -0.036376953125, -0.00738525390625, 0.038330078125, 0.01531982421875, -0.0810546875, 0.0296630859375, -0.03564453125, 0.052490234375, 0.04541015625, -0.002044677734375, 0.05126953125, -0.03759765625, -0.047607421875, 0.0181884765625, -0.0263671875, 0.004852294921875, -0.0028839111328125, -0.01513671875, -0.0030670166015625, -0.0037078857421875, 0.0089111328125, 0.024658203125, -0.0194091796875, 0.061279296875, -0.0179443359375, 0.0301513671875, 0.017578125, 0.036865234375, 0.0277099609375, 0.00909423828125, -0.01409912109375, 0.0322265625, 0.047119140625, 0.0191650390625, -0.030029296875, -0.0274658203125, 0.0028533935546875, 0.0576171875, -0.0111083984375, 0.0021514892578125, -0.0194091796875, 0.004547119140625, -0.009521484375, 0.005401611328125, -0.0849609375, 0.0026397705078125, -0.033935546875, 0.038818359375, -0.0191650390625, 0.057373046875, -0.031982421875, 0.0306396484375, -0.0244140625, -0.004241943359375, 0.03759765625, 0.017578125, -0.021728515625, 0.01251220703125, -0.03271484375, 0.0159912109375, -0.07275390625, 0.018798828125, -0.0223388671875, 0.0169677734375, 0.017578125, -0.02294921875, -0.05126953125, -0.037109375, 0.0240478515625, -0.0150146484375, -0.05908203125, -0.0111083984375, -0.052490234375, -0.03564453125, -0.029296875, 