{"movie": "wwdc2025", "offset": 548, "text_offset": 540, "embedding": [-0.021240234375, -0.0013427734375, 0.02001953125, -0.047607421875, -0.06298828125, -0.0281982421875, 0.019287109375, -0.0186767578125, 0.0220947265625, 0.003692626953125, 0.012939453125, 0.0322265625, -0.016845703125, -0.037353515625, -0.0218505859375, 0.0045166015625, 0.014892578125, 0.0084228515625, 0.00518798828125, -0.02587890625, -0.0225830078125, -0.034423828125, 0.02001953125, -0.05126953125, 0.019287109375, -0.00994873046875, -0.02587890625, 0.003448486328125, -0.0166015625, -0.01300048828125, 0.01239013671875, -0.059814453125, 0.0595703125, 0.052734375, 0.005615234375, -0.00823974609375, 0.0003108978271484375, 0.00689697265625, 0.020751953125, 0.0115966796875, -0.0400390625, 0.06103515625, 0.0186767578125, -0.0242919921875, -0.0224609375, 0.0059814453125, -0.0220947265625, -0.000530242919921875, -0.0263671875, -0.004913330078125, 0.00153350830078125, 0.013427734375, 0.01806640625, -0.07177734375, -0.005615234375, -0.018798828125, -0.0654296875, -0.0169677734375, 0.00970458984375, -0.02197265625, 0.01556396484375, 0.01025390625, -0.01806640625, 0.0234375, 0.004669189453125, -0.016845703125, 0.0123291015625, -0.0169677734375, 0.018310546875, -0.024658203125, -0.00213623046875, 0.01129150390625, 0.025146484375, -0.034423828125, -0.05810546875, -0.007476806640625, 0.039794921875, -0.08056640625, 0.0164794921875, 0.014892578125, 0.019287109375, 0.02392578125, 0.0380859375, -0.0302734375, -0.039306640625, -0.0247802734375, -0.0294189453125, -0.024658203125, -0.0458984375, -0.02685546875, -0.030517578125, 0.035400390625, -0.0419921875, -0.0269775390625, 0.031494140625, 0.0281982421875, -0.062255859375, -0.04150390625, -0.00982666015625, 0.04833984375, -0.0216064453125, 0.06103515625, -0.0302734375, -0.030029296875, -0.037841796875, -0.025146484375, 0.006378173828125, 0.0036468505859375, -0.034423828125, -0.00958251953125, 0.03173828125, -0.01416015625, -0.007720947265625, 0.03662109375, -0.05029296875, 0.09375, 0.039794921875, -0.0546875, 0.01904296875, 0.045166015625, -0.0164794921875, -0.0181884765625, 0.044921875, 0.0028076171875, -0.0147705078125, 0.037841796875, 0.04052734375, 0.08056640625, -0.05908203125, 0.015625, 0.045166015625, -0.052001953125, 0.0021514892578125, 0.01171875, -0.06005859375, -0.00274658203125, 0.01519775390625, -0.03173828125, -0.0059814453125, -0.03369140625, -0.0024566650390625, -0.0028533935546875, -0.040283203125, -0.0015106201171875, -0.00122833251953125, -0.0732421875, 0.01495361328125, 0.018798828125, -0.0069580078125, -0.0673828125, -0.0186767578125, -0.039306640625, -0.038330078125, 0.0517578125, 0.0223388671875, 0.03173828125, 0.01190185546875, -0.001007080078125, -0.05810546875, -0.0303955078125, 0.011962890625, -0.0247802734375, 0.03369140625, -0.02685546875, 0.023681640625, 0.032470703125, -0.012939453125, 0.0233154296875, 0.024658203125, -0.02734375, -0.0107421875, 0.039306640625, -0.08154296875, 0.005950927734375, 0.03759765625, 0.01190185546875, -0.02197265625, -0.00970458984375, 0.00238037109375, -0.0228271484375, -0.00689697265625, 0.0020751953125, 0.0673828125, -0.058837890625, 0.0025177001953125, 0.01495361328125, 0.00225830078125, 0.0277099609375, -0.056396484375, 0.0029754638671875, -0.021240234375, 0.02197265625, 0.033203125, 0.012939453125, 0.076171875, 0.038818359375, -0.0010833740234375, 0.0137939453125, -0.0673828125, 0.0198974609375, 0.006683349609375, 0.045654296875, -0.0042724609375, -0.017578125, 0.02392578125, 0.042236328125, -0.0223388671875, 0.0361328125, -0.0537109375, -0.007049560546875, -0.0283203125, -0.02392578125, -0.01519775390625, -0.011474609375, 0.046875, -0.04150390625, 0.04296875, -0.00640869140625, -0.00933837890625, 0.032470703125, -0.010986328125, -0.001495361328125, 0.01123046875, 0.03857421875, -0.0225830078125, 0.020751953125, -0.04638671875, -0.0272216796875, 0.0311279296875, -0.0103759765625, 0.005645751953125, 0.01092529296875, -0.0247802734375, 0.006378173828125, 0.06298828125, 0.06884765625, -0.004669189453125, -0.020263671875, -0.02783203125, 0.048583984375, 0.0164794921875, -0.040771484375, 0.031982421875, 0.060546875, -0.026123046875, -0.04150390625, -0.0035247802734375, 0.031494140625, 0.0311279296875, 0.057861328125, 0.00787353515625, 0.0166015625, 0.060791015625, -0.000518798828125, -0.02685546875, 0.033203125, 0.002593994140625, -0.0458984375, 0.032958984375, 0.00830078125, 0.039306640625, -0.024658203125, -0.0022430419921875, -0.053955078125, 0.026123046875, -0.020751953125, -0.0400390625, -0.03515625, -0.047607421875, -0.00193023681640625, -0.006195068359375, -0.001983642578125, -0.025634765625, 0.027587890625, -0.00628662109375, 0.023681640625, -0.0537109375, 0.028564453125, -0.023681640625, -0.01519775390625, -0.00994873046875, -0.0247802734375, -0.033447265625, 0.00946044921875, 0.034912109375, -0.036376953125, -0.0255126953125, 0.0103759765625, -0.00750732421875, -0.0038909912109375, 0.0036163330078125, 0.0286865234375, -0.0189208984375, 0.005828857421875, -0.0308837890625, 0.02294921875, -0.01324462890625, -0.013427734375, -0.052978515625, -0.037353515625, -0.0201416015625, -0.02392578125, 0.01116943359375, 0.03857421875, -0.0220947265625, 0.06640625, -0.0167236328125, 0.01409912109375, 0.00787353515625, -0.0035400390625, 0.0196533203125, -0.013671875, 0.0025482177734375, 0.01055908203125, -0.07568359375, 0.05224609375, -0.0009613037109375, -0.0299072265625, 0.000255584716796875, -0.01446533203125, 0.0283203125, -0.016845703125, 0.046630859375, 0.049072265625, 0.06005859375, -0.01019287109375, -0.0291748046875, -0.01556396484375, -0.0218505859375, -0.044189453125, -0.000881195068359375, -0.00136566162109375, 0.00579833984375, 0.013671875, 0.003021240234375, -0.0196533203125, -0.0311279296875, 0.01495361328125, 0.0238037109375, 0.0250244140625, -0.00116729736328125, -0.0130615234375, 0.038330078125, -0.0247802734375, -0.00958251953125, 0.02099609375, 0.00151824951171875, 0.032958984375, 0.00885009765625, -0.0093994140625, -0.052001953125, -0.01434326171875, -0.03173828125, 0.00628662109375, -0.0038909912109375, -0.0634765625, 0.00836181640625, 0.0830078125, -0.09326171875, -0.00408935546875, 0.01556396484375, -0.005523681640625, 0.001190185546875, 0.0125732421875, 0.00194549560546875, -0.00095367431640625, 0.0137939453125, 0.031982421875, -0.0036163330078125, 0.0177001953125, 0.052978515625, 0.039794921875, -0.01361083984375, -0.036376953125, -0.0419921875, -0.02392578125, -0.01092529296875, 0.0478515625, -0.01116943359375, 0.004364013671875, -0.06982421875, -0.003265380859375, -0.03662109375, 0.00213623046875, -0.036376953125, 0.0277099609375, -0.0096435546875, -0.03173828125, -0.0250244140625, -0.0086669921875, 0.028564453125, 0.00860595703125, 0.01556396484375, -0.043701171875, 0.0035247802734375, -0.0234375, -0.02587890625, 0.043212890625, 0.040771484375, -0.0166015625, 0.0174560546875, -0.0228271484375, -0.07470703125, 0.0029754638671875, -0.0203857421875, 0.0634765625, 0.0130615234375, -0.051025390625, -0.005401611328125, -0.01141357421875, -0.004180908203125, 0.005615234375, -0.0087890625, -0.0091552734375, -0.06298828125, 0.0069580078125, -0.00634765625, -0.024658203125, 0.01055908203125, -0.0225830078125, 0.07275390625, 0.035400390625, 0.0126953125, 0.0147705078125, 0.037841796875, 0.01556396484375, -0.0242919921875, -0.03369140625, -0.07958984375, -0.01446533203125, 0.035400390625, 0.02685546875, 0.04150390625, -0.0137939453125, -0.00860595703125, -0.0439453125, -0.023681640625, 0.0196533203125, -0.020751953125, -0.026123046875, 0.051025390625, -0.037353515625, -0.034423828125, 0.0263671875, 0.0458984375, 0.023193359375, -0.00372314453125, -0.0537109375, -0.01556396484375, -0.00186920166015625, -0.0032958984375, 0.038330078125, 0.02294921875, 0.07470703125, -0.020263671875, -0.03369140625, -0.034423828125, -0.02685546875, -0.0177001953125, 0.01470947265625, 0.01019287109375, 0.00958251953125, 0.01092529296875, -0.0245361328125, 0.0517578125, -0.0225830078125, 