{"movie": "wwdc2025", "offset": 346, "text_offset": 340, "embedding": [0.047119140625, -0.005157470703125, 0.048095703125, 0.060302734375, -0.08544921875, 0.00640869140625, 6.151199340820312e-05, -0.0194091796875, -0.007415771484375, 0.056396484375, 0.0224609375, -0.01416015625, -0.02734375, -0.058837890625, 0.00118255615234375, -0.04638671875, 0.0244140625, -0.05419921875, 0.008056640625, 0.00811767578125, 0.05419921875, -0.06103515625, -0.033203125, -0.004547119140625, 0.040771484375, 0.030029296875, -0.05859375, -0.038818359375, -0.0133056640625, -0.027099609375, 0.00122833251953125, -0.064453125, 0.087890625, -0.05029296875, 0.01385498046875, 0.01007080078125, 0.041748046875, 0.045166015625, 0.0201416015625, 0.0198974609375, -0.00421142578125, 0.0011749267578125, -0.00897216796875, -0.0634765625, -0.037353515625, 0.0150146484375, -0.049560546875, -0.052001953125, 0.01123046875, 0.023193359375, 0.00579833984375, -0.049560546875, -0.00665283203125, 0.01300048828125, -0.07275390625, 0.042236328125, 0.01104736328125, 0.0191650390625, 0.0322265625, -0.0084228515625, 0.01611328125, -0.01220703125, 0.005615234375, 0.0174560546875, 0.003082275390625, 0.006072998046875, -0.00732421875, -0.045654296875, -0.0162353515625, -0.038330078125, -0.06982421875, 0.030517578125, 0.018798828125, -0.0174560546875, 0.00732421875, 0.00124359130859375, 0.03759765625, -0.032958984375, 0.020263671875, 0.00946044921875, -0.0208740234375, -0.0024871826171875, 0.048095703125, -0.021728515625, 0.005828857421875, 0.009765625, 0.00897216796875, -0.01239013671875, 0.006561279296875, -0.005401611328125, 0.00628662109375, 0.040771484375, -0.01043701171875, 0.02294921875, -0.000499725341796875, -0.022705078125, -0.08251953125, -0.0135498046875, 0.0106201171875, 0.0016632080078125, 0.044189453125, 0.03271484375, 0.0198974609375, -0.021728515625, -0.0216064453125, -0.07080078125, 0.00909423828125, 0.0189208984375, -0.0157470703125, 0.02197265625, -0.021240234375, 0.01300048828125, -0.0390625, 0.036376953125, -0.03369140625, 0.043212890625, 0.0191650390625, -0.005340576171875, 0.0242919921875, -0.026611328125, -0.0220947265625, 0.00408935546875, -0.0240478515625, 0.0172119140625, -0.000560760498046875, 0.0218505859375, 0.023193359375, 0.0084228515625, -0.040283203125, 0.041259765625, -0.032958984375, -0.050048828125, 0.042236328125, -0.0157470703125, -0.0654296875, 0.01556396484375, 0.051025390625, -0.0218505859375, -0.013916015625, -0.0198974609375, 0.001220703125, 0.0213623046875, -0.04052734375, -0.011962890625, 0.01214599609375, -0.02587890625, 0.0189208984375, 0.02294921875, -0.03271484375, -0.0133056640625, 0.0235595703125, -0.03369140625, -0.048095703125, 0.055419921875, 0.004119873046875, 0.050048828125, 0.0040283203125, 0.00506591796875, -0.03173828125, -0.0181884765625, -0.031982421875, -0.0157470703125, 0.031494140625, -0.006256103515625, 0.0164794921875, 0.026611328125, 0.01202392578125, -0.0255126953125, -0.03564453125, 0.01068115234375, -0.064453125, 0.00628662109375, 0.0057373046875, 0.06298828125, -0.01043701171875, -0.018310546875, -0.0283203125, -0.004852294921875, -0.01708984375, -0.0037994384765625, -0.0059814453125, 0.064453125, 0.01251220703125, 0.037353515625, -0.048095703125, -0.048095703125, 0.031494140625, 0.0283203125, 0.0172119140625, 0.0174560546875, -0.0081787109375, 0.029052734375, 0.036376953125, -0.0024871826171875, 0.032958984375, -0.021728515625, -0.01953125, -0.0087890625, 0.03759765625, 0.07421875, 0.018310546875, 0.0228271484375, -0.000579833984375, 0.04248046875, 0.000751495361328125, -0.009765625, 0.0262451171875, 0.059326171875, -0.0517578125, 0.1005859375, -0.008544921875, 0.0081787109375, -0.043212890625, -0.0289306640625, -0.013916015625, -0.06591796875, 0.00616455078125, 0.005706787109375, 0.0146484375, 0.024658203125, 0.068359375, -0.0069580078125, -0.037841796875, 0.03125, 0.01611328125, -0.016845703125, 0.005218505859375, 0.0247802734375, 0.0439453125, -0.0189208984375, -0.0157470703125, -0.0026092529296875, -0.0240478515625, 0.02734375, -0.0201416015625, 0.01123046875, 0.034912109375, -0.0185546875, -0.02587890625, 0.041748046875, 0.045654296875, -0.0002460479736328125, 0.0123291015625, 0.06005859375, 0.000782012939453125, -0.09423828125, 0.03271484375, 0.0634765625, 0.042724609375, 0.0255126953125, -0.0186767578125, 0.0076904296875, -0.0021209716796875, -0.030029296875, -0.021728515625, 0.043212890625, -0.044921875, 0.0010528564453125, -0.06005859375, 0.0205078125, 0.03515625, 0.0025787353515625, 0.00823974609375, -0.030029296875, 0.02294921875, 0.01031494140625, -0.05322265625, -0.007354736328125, -0.05810546875, -0.01092529296875, 0.0174560546875, 0.005706787109375, -0.01544189453125, -0.005340576171875, -0.0152587890625, -0.037109375, -0.0296630859375, -0.04248046875, 0.0020751953125, 0.00860595703125, -0.0289306640625, -0.030029296875, -0.033203125, -0.001739501953125, 0.02783203125, 0.023681640625, 0.053466796875, -0.0751953125, -0.034423828125, 0.0216064453125, 0.044189453125, -0.00567626953125, 0.01348876953125, -0.0027008056640625, 0.03466796875, 0.020263671875, -0.00567626953125, 0.00848388671875, -0.0118408203125, -0.006561279296875, -0.0849609375, -0.00506591796875, 0.035888671875, 0.056396484375, 0.00274658203125, 0.06591796875, 0.0263671875, 0.00628662109375, 0.00994873046875, 0.0213623046875, 0.0101318359375, -0.01318359375, 0.045166015625, 0.01025390625, -0.045166015625, -0.0111083984375, -0.0311279296875, -0.05322265625, 0.025634765625, -0.0146484375, -0.01177978515625, -0.0003414154052734375, 0.0186767578125, 0.038330078125, 0.0252685546875, -0.037353515625, -0.0186767578125, -0.0021820068359375, -0.06005859375, -0.02734375, -0.00762939453125, -0.08447265625, 0.01104736328125, 0.0032501220703125, -0.02783203125, -0.03173828125, -0.049560546875, -0.027099609375, 0.0208740234375, -0.0240478515625, 0.034423828125, -0.048095703125, -0.00994873046875, -0.006103515625, 0.00701904296875, -0.034912109375, 0.038330078125, -0.0093994140625, 0.00872802734375, -0.0267333984375, -0.038330078125, -0.031494140625, -0.044189453125, 0.05126953125, -0.01348876953125, -0.03369140625, -0.04345703125, 0.02197265625, -0.04736328125, 0.037109375, 0.00185394287109375, -0.0208740234375, 0.00811767578125, -0.029296875, 0.01446533203125, 0.04443359375, -0.02587890625, -0.00115203857421875, -0.023193359375, -0.053955078125, 0.08154296875, -0.03369140625, -0.01025390625, 0.0157470703125, -0.0216064453125, -0.0185546875, -0.01165771484375, -0.035400390625, 0.0042724609375, 0.00299072265625, -0.0283203125, 0.0191650390625, -0.01275634765625, 0.0048828125, -0.039306640625, 0.0023956298828125, -0.0247802734375, 0.01470947265625, -0.03271484375, -0.07177734375, -0.031982421875, -0.0277099609375, 0.0274658203125, -0.034423828125, -0.00811767578125, -0.06982421875, -0.04443359375, 0.0167236328125, 0.04638671875, -0.036376953125, 0.011474609375, 0.0262451171875, -0.0673828125, -0.0673828125, -0.059326171875, 0.0247802734375, 0.0224609375, -0.0208740234375, 0.004974365234375, -0.00116729736328125, -0.00469970703125, 0.00732421875, -0.0101318359375, -0.040283203125, -0.03076171875, -0.00579833984375, -0.034423828125, -0.00011587142944335938, -0.042236328125, -0.0181884765625, 0.0106201171875, -0.00066375732421875, 0.0186767578125, 0.0228271484375, -0.00299072265625, 0.0106201171875, 0.0274658203125, -0.056396484375, -0.044921875, 0.0059814453125, 0.0218505859375, -0.06005859375, -0.016845703125, 0.01519775390625, 0.034912109375, 0.0196533203125, 0.0142822265625, 0.0101318359375, -0.022705078125, 0.0208740234375, 0.004791259765625, -0.038330078125, -0.10546875, 0.039794921875, -0.0115966796875, 0.060302734375, -0.025146484375, 0.0198974609375, 0.01275634765625, 0.00958251953125, 0.00421142578125, 0.022216796875, 0.0208740234375, 0.0247802734375, -0.006591796875, -0.003143310546875, -0.0003261566162109375, -0.02197265625, -0.0390625, 0.0478515625, -0.01202392578125, 0.01611328125, 0.08251953125, -0.0018310546875, 0.03564453125, -0.050048828125, 