{"movie": "wwdc2025", "offset": 452, "text_offset": 440, "embedding": [-0.0400390625, 0.023193359375, 0.00860595703125, -0.002777099609375, -0.033935546875, 0.0274658203125, 0.01458740234375, -0.022705078125, -0.0303955078125, 0.012939453125, 8.678436279296875e-05, 0.0306396484375, -0.006011962890625, -0.032958984375, 0.0059814453125, -0.0289306640625, 0.032958984375, 0.03173828125, -0.020263671875, -0.0289306640625, 0.0172119140625, -0.041015625, -0.0301513671875, 0.0196533203125, 0.034912109375, -0.03662109375, 0.0186767578125, -0.0184326171875, -0.0303955078125, -0.064453125, -0.0595703125, -0.06298828125, 0.0279541015625, -0.033935546875, 0.00823974609375, 0.021728515625, 0.01129150390625, 0.0517578125, -0.0306396484375, 0.0089111328125, -0.038330078125, -0.01422119140625, -0.0101318359375, -0.00872802734375, -0.01080322265625, -0.01434326171875, -0.04248046875, 0.0255126953125, 0.00830078125, 0.00182342529296875, -0.01519775390625, -0.0167236328125, 0.0166015625, -0.000377655029296875, -0.06689453125, 0.035400390625, -0.006622314453125, 0.007781982421875, 0.041015625, -0.035400390625, -0.040283203125, 0.000827789306640625, -0.0291748046875, 0.038330078125, -0.039306640625, -0.0032958984375, 0.05419921875, -0.0169677734375, -0.0830078125, 0.001861572265625, 0.018310546875, 0.04638671875, -0.00799560546875, -0.01519775390625, -0.04052734375, 0.0205078125, 0.056396484375, -0.052978515625, -0.049072265625, 0.0016632080078125, 0.037109375, 0.0274658203125, 0.033935546875, -0.0299072265625, -0.01055908203125, -0.049072265625, -0.0022735595703125, -0.0439453125, 0.004486083984375, 0.05126953125, -0.05859375, 0.053955078125, 0.005889892578125, -0.0159912109375, -0.02294921875, -0.00811767578125, -0.056640625, -0.0595703125, -0.0174560546875, 0.021240234375, -0.004638671875, 0.02587890625, 0.0225830078125, -0.0159912109375, -0.055419921875, 0.0074462890625, 0.0103759765625, -0.0283203125, 0.00372314453125, 0.01275634765625, 0.004119873046875, -0.0260009765625, -0.052978515625, 0.0184326171875, -0.025146484375, 0.0908203125, -0.004364013671875, -0.037841796875, -0.0032958984375, 0.000537872314453125, 0.0013275146484375, -0.005615234375, 0.0021514892578125, 0.0198974609375, 0.026611328125, 0.04345703125, 0.0205078125, 0.0166015625, -0.0224609375, 0.06396484375, -0.0220947265625, -0.0101318359375, 0.006134033203125, 0.0191650390625, -0.04443359375, -0.00043487548828125, 0.0028839111328125, -0.06689453125, -0.03955078125, -0.041015625, 0.02587890625, 0.01446533203125, -0.036376953125, 0.007110595703125, -0.0191650390625, -0.0078125, 0.1015625, 0.005126953125, -0.03662109375, -0.05029296875, -0.03369140625, -0.025634765625, -0.0306396484375, 0.0283203125, 0.05419921875, 0.033935546875, 0.00347900390625, 0.032470703125, -0.07421875, -0.036376953125, -0.013916015625, -0.06787109375, 0.0196533203125, 0.01177978515625, 0.011962890625, 0.04638671875, 0.01025390625, 0.001495361328125, 0.000858306884765625, -0.0091552734375, 0.00958251953125, 0.0164794921875, -0.002227783203125, 0.03759765625, 0.01519775390625, -0.01806640625, -0.0250244140625, -0.0400390625, -0.00173187255859375, -0.0263671875, 0.01507568359375, 0.00927734375, 0.02294921875, -0.033935546875, 0.00616455078125, -0.0174560546875, -0.0133056640625, 0.035400390625, 0.0021209716796875, -0.003387451171875, -0.02099609375, -0.01324462890625, 0.06494140625, -0.0172119140625, 0.01397705078125, 0.0289306640625, 0.025390625, -0.0172119140625, -0.003143310546875, 0.055908203125, 0.05224609375, 0.005615234375, -0.0108642578125, 0.032470703125, 0.0069580078125, 0.010986328125, 0.0302734375, 0.003326416015625, 0.0067138671875, -0.02490234375, -0.032958984375, -0.02685546875, -0.007049560546875, -0.031982421875, 0.021240234375, -0.0172119140625, 0.0234375, 0.0263671875, 0.011474609375, 0.045166015625, 0.0164794921875, 0.035888671875, -0.0299072265625, 0.0050048828125, -0.01531982421875, -0.00811767578125, 0.001739501953125, 0.0419921875, 0.0537109375, -0.0673828125, 0.0089111328125, -0.00384521484375, -0.038818359375, 0.002349853515625, -0.0113525390625, 0.0264892578125, 0.0076904296875, -0.026123046875, -0.05029296875, 0.0673828125, 0.0050048828125, -0.038818359375, -0.0281982421875, 0.0595703125, 0.0166015625, -0.01806640625, -0.036865234375, 0.034912109375, 0.049072265625, 0.01446533203125, 0.01556396484375, 0.025634765625, -0.0064697265625, -0.0126953125, -0.04248046875, -0.0224609375, 0.020751953125, -0.0172119140625, 0.04541015625, -0.01220703125, 0.0230712890625, -0.0027618408203125, 0.0361328125, 0.0091552734375, 0.0054931640625, 0.0263671875, -0.0103759765625, 0.03662109375, -0.0859375, -0.00946044921875, -0.06396484375, 0.00457763671875, -0.020751953125, 0.0673828125, -0.007598876953125, 0.0291748046875, -0.035888671875, -0.01177978515625, -0.023681640625, 0.001739501953125, -0.025146484375, -0.02978515625, -0.027099609375, 0.0186767578125, 0.041015625, -0.01129150390625, -0.01220703125, 0.0286865234375, 0.019775390625, -0.0240478515625, 0.0439453125, -0.05859375, -0.01226806640625, -0.02978515625, 0.01373291015625, 0.0169677734375, 0.006591796875, 0.0284423828125, 0.0038604736328125, -0.003143310546875, -0.07373046875, -0.0115966796875, -0.021240234375, -0.0179443359375, -0.01324462890625, 0.037353515625, 0.0361328125, -0.023681640625, -0.013427734375, 0.033203125, 0.01007080078125, -0.014892578125, 0.0174560546875, -0.001251220703125, -0.06298828125, -0.04150390625, -0.05029296875, -0.0291748046875, -0.005523681640625, -0.0037384033203125, 0.01422119140625, 0.00201416015625, 0.0033111572265625, -0.00860595703125, 0.0291748046875, -0.0025634765625, -0.08203125, -0.01531982421875, -0.037841796875, -0.05078125, 0.00970458984375, 0.0023651123046875, -0.018798828125, 0.04150390625, 0.0167236328125, -0.0059814453125, -0.04931640625, 0.025390625, 0.02392578125, -0.020263671875, 0.01483154296875, -0.06982421875, 0.036376953125, 0.06982421875, -0.02099609375, -0.0115966796875, 0.02587890625, 0.05078125, 0.0135498046875, -0.020263671875, 0.01806640625, 0.0281982421875, 0.018310546875, -0.006927490234375, -0.056640625, 0.00836181640625, -0.031494140625, 0.0191650390625, -0.0264892578125, 0.004730224609375, 0.050048828125, -0.0035552978515625, 0.0196533203125, 0.0172119140625, -0.0191650390625, 0.004913330078125, -0.0291748046875, -0.00732421875, -0.013427734375, 0.01806640625, 0.038818359375, 0.0458984375, 0.0311279296875, 0.0157470703125, -0.0166015625, -0.003936767578125, -0.0205078125, 0.0007476806640625, -0.0036163330078125, -0.01324462890625, -0.0732421875, 0.05029296875, -0.01544189453125, 0.01129150390625, -0.0128173828125, -0.01556396484375, -0.048095703125, -0.0291748046875, -0.0091552734375, -0.04638671875, -0.0115966796875, -0.0164794921875, 0.0123291015625, 0.006134033203125, 0.01806640625, -0.057373046875, -0.007659912109375, 0.00104522705078125, 0.0478515625, 0.0074462890625, 0.024169921875, -0.05029296875, -0.0458984375, -0.04150390625, -0.003997802734375, 0.052734375, 0.00543212890625, -0.0576171875, -0.0003032684326171875, -0.0299072265625, -0.0281982421875, -0.045166015625, -0.0274658203125, 0.022705078125, -0.06494140625, 0.0184326171875, -0.01153564453125, 0.05322265625, -0.054931640625, 0.00958251953125, 0.0159912109375, 0.031494140625, 0.00567626953125, 0.0279541015625, 0.0400390625, 0.008056640625, -0.000171661376953125, -0.0244140625, -0.041015625, -0.00872802734375, 0.0439453125, -0.035400390625, 0.007110595703125, -0.04248046875, -0.0126953125, 0.00396728515625, -0.0306396484375, -0.08056640625, -0.033447265625, 0.0159912109375, -0.0037994384765625, -0.0036773681640625, -0.0849609375, -0.0311279296875, -0.034912109375, -0.00121307373046875, -0.018310546875, -0.022705078125, 0.0302734375, 0.02392578125, -0.029296875, 0.04150390625, 0.03564453125, 0.049072265625, -0.041015625, 0.0517578125, 0.00531005859375, -0.06396484375, -0.033447265625, 0.0028076171875, 0.025146484375, -0.0074462890625, 0.006500244140625, -0.05419921875, 0.019775390625, 0.041015625, 0.03662109375, 0.01324462890625, 