{"movie": "wwdc2025", "offset": 130, "text_offset": 120, "embedding": [0.047607421875, -0.0211181640625, 0.0079345703125, 0.031494140625, -0.049072265625, 0.033935546875, 0.0546875, -0.006927490234375, -0.0027313232421875, 0.034423828125, -0.003173828125, 0.00933837890625, -0.02099609375, -0.034912109375, -0.0206298828125, -0.0022735595703125, -0.04541015625, 0.00994873046875, 0.043701171875, 0.007171630859375, -0.0224609375, -0.039794921875, 0.007232666015625, -0.013916015625, 0.053466796875, 0.007598876953125, -0.060546875, -0.042724609375, -0.032958984375, -0.040771484375, -0.03369140625, -0.0615234375, 0.041748046875, 0.0302734375, -0.0181884765625, 0.0081787109375, 0.0302734375, 0.0224609375, -0.035400390625, 0.0322265625, -0.01251220703125, 0.016357421875, 0.00823974609375, -0.05419921875, 0.0179443359375, 0.004058837890625, -0.0869140625, -0.0277099609375, 0.0201416015625, 0.007476806640625, 0.00811767578125, 0.024658203125, 0.041259765625, -0.0218505859375, -0.0673828125, 0.0126953125, -0.006378173828125, 0.01190185546875, 0.0177001953125, -0.0233154296875, -0.04443359375, -0.04931640625, 0.017578125, 0.033203125, -0.03271484375, -0.004241943359375, 0.0546875, -0.01446533203125, -0.03955078125, -0.0062255859375, -0.035400390625, -0.0260009765625, 0.01513671875, -0.053466796875, -0.008056640625, -0.0015411376953125, 0.0218505859375, -0.015625, 0.0262451171875, 0.0164794921875, -0.03369140625, 0.05810546875, -0.0189208984375, -0.02587890625, -0.01123046875, -0.053466796875, -0.0250244140625, -0.00714111328125, -0.06298828125, -0.04931640625, -0.0047607421875, 0.017578125, -0.025390625, -0.04345703125, 0.0002918243408203125, -0.01190185546875, 0.01123046875, -0.052978515625, 0.0123291015625, 0.0302734375, 0.019287109375, 0.0223388671875, -0.02685546875, -0.049072265625, -0.041259765625, -0.0498046875, 0.031982421875, -0.0703125, 0.007781982421875, 0.0235595703125, 0.0228271484375, -0.06689453125, -0.053466796875, -0.0201416015625, 0.0030059814453125, 0.05078125, 0.045654296875, -0.0546875, 0.0322265625, -0.00860595703125, -0.0238037109375, -0.037109375, -0.040771484375, -0.031494140625, 0.0244140625, 0.033935546875, 0.010498046875, 0.0286865234375, 0.007232666015625, 0.007171630859375, -0.0654296875, -0.0206298828125, 0.0030670166015625, 0.04541015625, -0.0322265625, 0.024658203125, -0.016845703125, 0.0111083984375, -0.044921875, -0.0289306640625, 6.151199340820312e-05, 0.006134033203125, -0.03271484375, 0.0118408203125, -0.0390625, -0.025146484375, 0.00170135498046875, 0.0206298828125, -0.04248046875, -0.010498046875, 0.0140380859375, -0.013427734375, 0.0022430419921875, 0.0291748046875, -0.01422119140625, 0.0255126953125, -0.012939453125, -0.044921875, -0.027099609375, -0.00933837890625, 0.00078582763671875, -0.01068115234375, 0.036376953125, 0.040283203125, 0.058837890625, -0.0048828125, -0.03173828125, 0.01458740234375, 0.00714111328125, -0.044677734375, -0.0556640625, 0.012939453125, 0.0177001953125, 0.017333984375, -0.015380859375, 0.03515625, 0.018798828125, -0.007781982421875, 0.0179443359375, -0.00909423828125, -0.004180908203125, 0.03125, 0.0419921875, 0.00112152099609375, 0.0260009765625, 0.0179443359375, 0.01043701171875, 0.051025390625, -0.006805419921875, 0.0498046875, -0.018798828125, 0.0238037109375, 0.044921875, 0.01116943359375, -0.0123291015625, -0.0230712890625, 0.029541015625, -0.0400390625, 0.0286865234375, 0.08984375, -0.035888671875, 0.031982421875, 0.0255126953125, 0.03173828125, 0.0238037109375, 0.0142822265625, 0.01434326171875, 0.009521484375, -0.04638671875, 0.02734375, -0.0308837890625, -0.0206298828125, -0.040771484375, -0.0673828125, 0.021484375, -0.054443359375, 0.00183868408203125, 0.0281982421875, -0.0028839111328125, -0.002044677734375, -0.0299072265625, 0.0068359375, 0.030517578125, -0.0164794921875, -0.052001953125, -0.028076171875, -0.021484375, 0.0021209716796875, 0.04638671875, 0.052490234375, -0.01708984375, 0.0284423828125, -0.035888671875, -0.0159912109375, -0.00537109375, 0.0174560546875, 0.029052734375, 0.0244140625, -0.058837890625, 0.0238037109375, 0.013916015625, -0.06005859375, -0.0546875, 0.0419921875, -0.036376953125, -0.051025390625, -0.05078125, 0.0208740234375, -0.01092529296875, 0.0556640625, -0.050048828125, -0.00909423828125, -0.006622314453125, -0.043701171875, -0.0233154296875, 0.04931640625, 0.00689697265625, 0.0286865234375, -0.004486083984375, 0.0341796875, 0.00026702880859375, 0.040771484375, -0.016845703125, 0.0002651214599609375, 0.0093994140625, 0.0086669921875, -0.006134033203125, 0.017578125, -0.032958984375, 0.052490234375, 0.01031494140625, -0.02685546875, -0.0213623046875, 0.0634765625, -0.0673828125, 0.015380859375, -0.06005859375, -0.033935546875, -0.00933837890625, 0.04638671875, -0.0311279296875, -0.047607421875, 0.0166015625, -0.016845703125, 0.03369140625, 0.002655029296875, 0.0308837890625, -0.0302734375, -0.04443359375, -0.01123046875, 0.03857421875, -0.03955078125, 0.0002346038818359375, -0.04345703125, -0.00787353515625, 0.00628662109375, 0.036376953125, 0.040771484375, 0.01953125, -0.046630859375, -0.0311279296875, 0.002838134765625, -0.0206298828125, -0.0186767578125, 0.00408935546875, -0.01446533203125, -0.04541015625, 0.0302734375, 0.010986328125, 0.03369140625, 0.00811767578125, -0.0223388671875, 0.01470947265625, 0.053466796875, -0.04638671875, -0.022705078125, 0.016845703125, -0.044921875, 0.034912109375, -0.02001953125, -0.019775390625, 0.0272216796875, 0.01068115234375, 0.00167083740234375, 0.045654296875, -0.057373046875, -0.06640625, -0.035400390625, -0.051513671875, 0.01324462890625, 0.01336669921875, 0.022705078125, 0.02978515625, 0.0145263671875, -0.044677734375, -0.00750732421875, -0.013671875, -0.002838134765625, 0.006683349609375, -0.024658203125, -0.01434326171875, 0.01513671875, -0.036376953125, -0.004425048828125, -0.03076171875, 0.025390625, -0.003814697265625, -0.0179443359375, 0.048095703125, 0.0017242431640625, -0.00677490234375, -0.0224609375, 0.00927734375, 0.036865234375, -0.01251220703125, -0.0294189453125, 0.027099609375, -0.00830078125, -0.057861328125, -0.0167236328125, -0.00787353515625, -0.0203857421875, -0.013671875, -0.0262451171875, 0.0245361328125, -0.0299072265625, -0.022216796875, -0.01068115234375, -0.03955078125, -0.006500244140625, -0.0184326171875, -0.016357421875, -0.042236328125, 0.05029296875, -0.0115966796875, 0.0303955078125, -0.025146484375, -0.032958984375, -0.0380859375, -0.00897216796875, -0.044921875, 0.029052734375, -0.0115966796875, -0.013427734375, 0.01190185546875, -0.029052734375, 0.01165771484375, -0.0123291015625, -0.006500244140625, -0.0517578125, -0.025390625, 0.0211181640625, 0.01220703125, -0.051025390625, -0.010009765625, -0.03076171875, 0.0036773681640625, 0.006011962890625, -0.0111083984375, 0.008056640625, 0.01055908203125, -0.024658203125, -0.019287109375, -0.024169921875, -0.01336669921875, 0.047607421875, 0.019775390625, 0.03466796875, -0.0341796875, -0.033203125, -0.047119140625, 0.0250244140625, -0.049072265625, -0.01165771484375, -0.0308837890625, 0.00738525390625, -0.00140380859375, 0.01611328125, -0.06298828125, 0.027587890625, 0.06298828125, 0.02685546875, 0.055419921875, -0.0244140625, 0.039794921875, -0.0093994140625, -0.00433349609375, -0.023193359375, -0.053466796875, -0.0277099609375, 0.030517578125, 0.03271484375, 0.04931640625, -0.0084228515625, 0.01007080078125, 0.01361083984375, -0.06591796875, 0.0140380859375, 0.004058837890625, -0.007568359375, -0.007049560546875, 0.0140380859375, -0.052001953125, 0.01318359375, -0.025146484375, 0.047119140625, -0.0439453125, 0.0228271484375, -0.00823974609375, -0.013427734375, -0.0028533935546875, -0.036865234375, 0.05615234375, 0.0537109375, -0.012939453125, 0.037841796875, -0.004730224609375, 0.00836181640625, -0.07275390625, -0.01055908203125, 0.057373046875, -0.006134033203125, 0.04638671875, -0.02587890625, -0.00738525390625, -0.0164794921875, -0.0198974609375, -0.0107421875, -0.07177734375, -0.0260009765625, -0.07275390625, 