{"movie": "wwdc2025", "offset": 492, "text_offset": 480, "embedding": [0.01214599609375, 0.03515625, 0.028076171875, 0.0279541015625, -0.056884765625, 0.0272216796875, 0.00043487548828125, -0.01953125, -0.0030670166015625, 0.036376953125, -0.01239013671875, 0.006805419921875, -0.0106201171875, -0.047119140625, 0.0198974609375, -0.04638671875, 0.00225830078125, -0.0478515625, -0.0106201171875, -0.0361328125, -0.021484375, -0.01953125, 0.03515625, -0.058837890625, 0.044189453125, 0.01019287109375, -0.07177734375, -0.006805419921875, 0.020751953125, -0.0079345703125, 0.0184326171875, -0.04052734375, 0.0196533203125, 0.0361328125, 0.044921875, 0.0269775390625, 0.005767822265625, 0.03759765625, 0.052978515625, 0.00946044921875, -0.05029296875, -0.01092529296875, 0.06103515625, -0.0927734375, -0.0101318359375, -0.0263671875, -0.00579833984375, -0.0286865234375, 0.0264892578125, -4.8160552978515625e-05, 0.00933837890625, -0.041748046875, 0.044921875, -0.052978515625, -0.03369140625, 0.02734375, 0.008544921875, -0.0069580078125, 0.0537109375, -0.01324462890625, 0.0218505859375, 0.016845703125, 0.0267333984375, 0.00811767578125, -0.00628662109375, 0.010986328125, -0.00021839141845703125, -0.005645751953125, 0.0103759765625, -0.02978515625, -0.0029296875, -0.02294921875, 0.060302734375, -0.0625, -0.037109375, 0.01556396484375, 0.01416015625, -0.05810546875, 0.0177001953125, 0.023193359375, -0.05029296875, 0.09228515625, -0.0125732421875, 0.01806640625, -0.04150390625, -0.0247802734375, -0.0142822265625, -0.01251220703125, 0.0289306640625, -0.039794921875, -0.0162353515625, 0.046142578125, -0.017333984375, -0.05126953125, 0.0162353515625, -0.01202392578125, 0.0036468505859375, 0.01287841796875, 0.036376953125, 0.007110595703125, -0.000823974609375, -0.0081787109375, -0.00885009765625, -0.06640625, -0.056884765625, -0.0294189453125, -0.044921875, 0.00592041015625, -0.0091552734375, 0.006988525390625, -0.04345703125, 0.0419921875, 0.0267333984375, 0.0296630859375, -0.0289306640625, 0.0242919921875, 0.04736328125, 0.00653076171875, 0.01336669921875, 0.037841796875, -0.049072265625, -0.04296875, 0.0419921875, -0.0439453125, 0.0286865234375, 0.025146484375, 0.052978515625, 0.0230712890625, 0.0150146484375, 0.044677734375, 0.0052490234375, 0.0096435546875, 0.03369140625, 0.00592041015625, -0.032470703125, 0.00421142578125, 0.0625, 0.044677734375, 0.00165557861328125, -0.0002899169921875, 0.0595703125, 0.025634765625, -0.0311279296875, 0.007568359375, 0.00439453125, -0.00860595703125, -0.00347900390625, 0.000293731689453125, -0.05224609375, -0.0283203125, 0.00193023681640625, -0.03662109375, -0.07470703125, 0.041259765625, -0.033203125, 0.0634765625, -0.0089111328125, 0.0128173828125, 0.01397705078125, -0.0162353515625, -0.007171630859375, -0.032470703125, 0.0108642578125, -0.04345703125, 0.035888671875, -0.02734375, 0.01153564453125, 0.01116943359375, -0.025146484375, -0.07861328125, -0.0203857421875, 0.004150390625, -0.048095703125, 0.052490234375, 0.00921630859375, -0.030517578125, -0.001312255859375, 0.018798828125, -0.0005645751953125, 0.0284423828125, -0.01953125, 0.03857421875, 0.054443359375, 0.01348876953125, -0.017822265625, -0.00909423828125, 0.005767822265625, 0.01287841796875, 0.00262451171875, 0.0240478515625, -0.0308837890625, 0.031982421875, 0.021240234375, -0.013427734375, 0.0224609375, -0.017822265625, -0.003814697265625, -0.01556396484375, 0.064453125, 0.08544921875, 0.0224609375, 0.016845703125, -0.0306396484375, 0.019287109375, 0.0162353515625, 0.0264892578125, -0.054443359375, 0.017822265625, -0.0771484375, 0.054443359375, -0.03271484375, 0.0262451171875, -0.0045166015625, -0.01324462890625, 0.0015411376953125, -0.060302734375, -0.03076171875, 0.043701171875, 0.0301513671875, 0.058349609375, -0.0028533935546875, -0.00482177734375, 0.0732421875, 0.01953125, -0.01171875, 0.001190185546875, 0.0218505859375, -0.0159912109375, 0.01470947265625, -0.0291748046875, 0.0284423828125, 0.05078125, 0.0037078857421875, 0.058349609375, 0.033203125, 0.03369140625, -0.0198974609375, 0.0011138916015625, -0.08740234375, -0.0184326171875, 0.044189453125, -0.0103759765625, -0.054931640625, 0.02294921875, -0.04736328125, -0.0269775390625, 0.029052734375, 0.0284423828125, -0.0272216796875, 0.014892578125, 0.01348876953125, -0.034912109375, 0.02783203125, -0.0556640625, -0.0159912109375, 0.02734375, -0.046142578125, -0.030517578125, -0.01043701171875, 0.036865234375, 0.03564453125, 0.06640625, -0.040771484375, -0.039306640625, -0.01226806640625, 0.021484375, -0.05078125, 0.0228271484375, -0.04638671875, 0.03173828125, 0.044921875, -0.0184326171875, -0.031494140625, 0.034912109375, -0.056884765625, -0.0301513671875, -0.04931640625, -0.028564453125, -0.016357421875, 0.018310546875, -0.01007080078125, -0.06103515625, -0.03271484375, 0.00811767578125, 0.061767578125, 0.0257568359375, -0.01043701171875, -0.046875, -0.05224609375, -0.01287841796875, 0.08984375, 0.0654296875, -0.001129150390625, -0.040771484375, 0.0069580078125, 0.00885009765625, 0.0045166015625, -0.04931640625, -0.013916015625, -0.023681640625, -0.039306640625, 0.0262451171875, -0.049560546875, 0.050537109375, -0.00689697265625, 0.023193359375, 0.0196533203125, -0.0274658203125, 0.0439453125, -0.030517578125, -0.00592041015625, -0.00518798828125, 0.0625, 0.0118408203125, -0.0654296875, 0.016357421875, 0.0595703125, -0.006988525390625, -0.03369140625, -0.06494140625, 0.01348876953125, 0.019287109375, 0.05078125, -0.0272216796875, 0.03662109375, -0.0269775390625, -0.0157470703125, -0.0262451171875, -0.019287109375, -0.016845703125, -0.0054931640625, -0.031494140625, -0.02783203125, -0.001678466796875, -0.042724609375, 0.004302978515625, -0.005096435546875, -0.01336669921875, -0.04638671875, 0.0157470703125, -0.01263427734375, 0.019287109375, -0.05029296875, 0.0274658203125, -0.005615234375, 0.008544921875, 0.034423828125, 0.04736328125, 0.00482177734375, 0.009521484375, -0.004058837890625, -0.048583984375, -0.0096435546875, 0.03564453125, 0.042724609375, 0.00897216796875, 0.04296875, 0.005096435546875, -0.059326171875, 0.0213623046875, -0.0074462890625, 0.0162353515625, -0.0341796875, -0.00116729736328125, 0.0125732421875, -0.0208740234375, -0.0517578125, -0.024169921875, -0.0218505859375, 0.0142822265625, 0.026123046875, 0.01202392578125, -0.01092529296875, -0.00933837890625, -0.025390625, 0.0052490234375, 0.01019287109375, 0.0264892578125, -0.023681640625, 0.024169921875, -0.039306640625, -0.0311279296875, -0.0087890625, -0.0390625, -0.0361328125, 0.01483154296875, -0.01434326171875, 0.01361083984375, -0.049072265625, -0.00946044921875, -0.0390625, -0.0272216796875, 0.00421142578125, -0.0019989013671875, -0.006805419921875, -0.0546875, 0.003204345703125, -0.0031280517578125, -0.00762939453125, 0.00124359130859375, -0.0185546875, -0.004974365234375, -0.0224609375, -5.6743621826171875e-05, 0.0033721923828125, 0.0028076171875, -0.0228271484375, -0.011474609375, -0.0286865234375, 0.0174560546875, -0.043701171875, 0.03857421875, 0.0038909912109375, 0.0067138671875, -0.0140380859375, -0.00653076171875, -0.0279541015625, 0.0419921875, -0.05078125, 0.078125, 0.0130615234375, 0.0106201171875, 0.009521484375, -0.033203125, 0.0152587890625, -0.0091552734375, 0.033203125, 7.867813110351562e-05, 0.00093841552734375, -0.026123046875, 0.02587890625, 0.0024566650390625, -0.023681640625, -0.01904296875, -0.0120849609375, 0.0279541015625, -0.0084228515625, -0.01458740234375, 0.04638671875, -0.0380859375, 0.039306640625, -0.0283203125, -0.044921875, 0.00909423828125, 0.00653076171875, 0.01507568359375, 0.01324462890625, -0.00518798828125, 0.0081787109375, 0.044677734375, 0.0419921875, -0.0203857421875, 0.0306396484375, 0.0145263671875, 0.00286865234375, -0.02587890625, -0.056884765625, -0.047119140625, -0.04833984375, 0.0245361328125, 0.0262451171875, 0.004425048828125, 0.059326171875, 0.00177764892578125, 0.024169921875, -0.059326171875, 0.00421142578125, 0.039794921875, -0.05078125, -0.0267333984375, -0.015380859375, 