{"movie": "wwdc2025", "offset": 504, "text_offset": 500, "embedding": [0.006927490234375, 0.016845703125, 0.0159912109375, 0.0004119873046875, -0.0849609375, -0.034423828125, 0.03466796875, 0.0267333984375, 0.0201416015625, -0.01348876953125, 0.02099609375, -0.002410888671875, -0.0211181640625, -0.0927734375, -0.033447265625, -0.034912109375, 0.02294921875, -0.020751953125, 0.005035400390625, 0.01708984375, -0.039306640625, -0.04296875, 0.04052734375, -0.03271484375, 0.0289306640625, -0.02197265625, -0.1015625, 0.0038909912109375, 0.00579833984375, 0.004638671875, -0.0223388671875, -0.07958984375, 0.01239013671875, -0.0004062652587890625, -0.004638671875, 0.03271484375, 0.0033111572265625, 0.056640625, -0.008544921875, 0.05078125, -0.01708984375, 0.01361083984375, 0.0103759765625, -0.002105712890625, -0.02197265625, 0.035400390625, -0.03466796875, -0.001953125, -0.0233154296875, 0.002593994140625, 0.0341796875, -0.018310546875, 0.0185546875, -0.05517578125, 0.00592041015625, 0.0028533935546875, 0.02001953125, 0.031494140625, 0.05029296875, -0.037841796875, -0.00506591796875, 0.028076171875, 0.028076171875, 0.03564453125, 0.000823974609375, 0.033447265625, 0.00927734375, -0.04052734375, -0.0020904541015625, -0.058349609375, -0.0556640625, 0.0286865234375, 0.043212890625, -0.02587890625, 0.004791259765625, 0.0045166015625, 0.1005859375, 0.005859375, 0.03076171875, 0.021240234375, 0.0038604736328125, -0.02001953125, 0.03759765625, -0.020751953125, -0.0107421875, -0.0264892578125, 0.0167236328125, -0.0263671875, -0.03076171875, -0.0299072265625, -0.0267333984375, 0.03271484375, -0.00640869140625, -0.0458984375, -0.00250244140625, 0.01434326171875, -0.0218505859375, -0.045166015625, 0.023681640625, 0.00012302398681640625, 0.043212890625, 0.030517578125, -0.0311279296875, -0.0272216796875, -0.0673828125, -0.087890625, -0.0247802734375, 0.002288818359375, -0.010986328125, 0.034423828125, 0.00164794921875, -0.002899169921875, -0.0255126953125, 0.025146484375, -0.034912109375, 0.040283203125, 0.0218505859375, -0.024658203125, 0.03271484375, 0.0194091796875, -0.02392578125, -0.04150390625, 0.0034637451171875, -0.00531005859375, 0.02197265625, 0.042724609375, 0.0830078125, -0.01239013671875, -0.0419921875, 0.03466796875, 0.00885009765625, 0.01092529296875, 0.0303955078125, 0.042724609375, -0.07861328125, 0.0084228515625, 0.03369140625, -0.0185546875, 0.0067138671875, 0.0031890869140625, 0.05517578125, 0.05712890625, -0.06103515625, 0.01556396484375, 0.01409912109375, 0.00927734375, 0.016357421875, -0.01123046875, -0.0201416015625, -0.044189453125, 0.038818359375, -0.028564453125, -0.07666015625, 0.04833984375, -0.0205078125, 0.03564453125, 0.020751953125, 0.01348876953125, 0.01055908203125, -0.0625, 0.025634765625, -0.01708984375, -0.02392578125, -0.00714111328125, 0.07421875, -0.00958251953125, -0.034912109375, 0.04736328125, 0.0167236328125, -0.047607421875, -0.0126953125, 0.018798828125, -0.0341796875, 0.00701904296875, -0.0018463134765625, 0.0223388671875, -0.0220947265625, -0.0341796875, -0.01129150390625, -0.01556396484375, -0.014892578125, 0.02392578125, 0.09375, -0.04931640625, -0.0106201171875, -0.0019989013671875, 0.04638671875, 0.0238037109375, 0.007598876953125, 0.01519775390625, 0.0250244140625, 0.049560546875, 0.032958984375, -0.00927734375, 0.06689453125, -0.03857421875, 0.0079345703125, -0.006195068359375, 0.040771484375, 0.033447265625, -0.004913330078125, 0.08203125, 0.02783203125, -0.00457763671875, -0.046875, 0.03125, 0.00518798828125, -0.005523681640625, -0.056640625, -0.00115966796875, 0.0031890869140625, -0.01904296875, -0.0216064453125, -0.0281982421875, 0.042236328125, -0.0137939453125, 0.0478515625, 0.045166015625, 0.01806640625, 0.0147705078125, -0.03466796875, -0.0196533203125, 0.006378173828125, 0.01385498046875, -0.007232666015625, 0.0166015625, 0.0125732421875, -0.006072998046875, 0.037109375, -0.0203857421875, 0.016845703125, 0.0157470703125, -0.045166015625, 0.0361328125, 0.04248046875, 0.0751953125, 0.0018463134765625, -0.02392578125, -0.08984375, 0.055419921875, 0.01806640625, -0.0272216796875, 0.0196533203125, 0.031494140625, -0.00787353515625, -0.0478515625, -0.0029296875, -0.044677734375, 0.029541015625, -0.00927734375, -0.04052734375, 0.030517578125, 0.04931640625, -0.04296875, -0.049560546875, -0.01104736328125, -0.03271484375, -0.002532958984375, 0.01092529296875, -0.0157470703125, 0.0203857421875, 0.03076171875, 0.03271484375, -0.0439453125, 0.0159912109375, -0.0081787109375, -0.0218505859375, -0.008544921875, -0.05224609375, 0.00037384033203125, 0.068359375, -0.00115966796875, 0.00836181640625, 0.046630859375, -0.009521484375, -0.036376953125, -0.033935546875, 0.0196533203125, -0.03759765625, 0.006378173828125, 0.0213623046875, 0.00836181640625, 0.0250244140625, -0.024658203125, 0.01300048828125, 0.00109100341796875, -0.0189208984375, -0.020751953125, -0.0216064453125, -0.01239013671875, 0.0174560546875, -0.0027618408203125, -0.000850677490234375, 0.0026702880859375, -0.017333984375, 0.0419921875, -0.006195068359375, 0.00897216796875, -0.036376953125, -0.061767578125, -0.00640869140625, 0.044921875, 0.033203125, 0.00811767578125, 0.0439453125, 0.049560546875, 0.01495361328125, 0.0028533935546875, 0.02783203125, 0.020751953125, 0.007232666015625, -0.030517578125, 0.0286865234375, 0.0081787109375, -0.035400390625, 0.046875, -0.007598876953125, 0.0074462890625, 0.031494140625, -0.007293701171875, -0.01416015625, -0.0242919921875, 0.04150390625, 0.035400390625, 0.0439453125, -0.0179443359375, 0.041015625, -0.03759765625, -0.00616455078125, 0.0159912109375, 0.0189208984375, -0.0419921875, -0.00103759765625, 0.01708984375, -0.021240234375, 0.0228271484375, -0.0152587890625, 0.01129150390625, 0.023681640625, -0.006072998046875, 0.00604248046875, 0.01165771484375, 0.029052734375, 0.000782012939453125, 0.0142822265625, -0.00634765625, 0.015869140625, 0.04833984375, 0.0020904541015625, 0.00165557861328125, -0.029541015625, -0.019287109375, -0.015869140625, 0.0537109375, 0.0302734375, -0.037841796875, -0.00927734375, 0.039306640625, -0.07177734375, -0.00390625, 0.0157470703125, 0.00037384033203125, 0.0255126953125, -0.0228271484375, -0.010498046875, 0.00982666015625, 0.0255126953125, 0.0157470703125, -0.036376953125, 0.031494140625, 0.059814453125, 0.0299072265625, -0.003631591796875, -0.017333984375, -0.020751953125, -0.0028228759765625, 0.00604248046875, 0.054443359375, 0.00112152099609375, -0.0179443359375, -0.028564453125, 0.0164794921875, -0.01904296875, -0.02197265625, 0.006744384765625, 0.0174560546875, 0.005859375, -0.009033203125, -0.058349609375, -0.005523681640625, -0.0233154296875, -0.039794921875, 0.0218505859375, 0.008056640625, 0.029541015625, -0.0400390625, -0.048583984375, 0.0225830078125, 0.051025390625, -0.0167236328125, 0.0751953125, -0.0159912109375, -0.06103515625, -0.0272216796875, -0.01171875, 0.062255859375, -0.0013275146484375, 0.0194091796875, 0.034912109375, -0.020751953125, -0.0242919921875, 0.005401611328125, -0.0216064453125, -0.0196533203125, -0.042236328125, 0.0081787109375, 0.004119873046875, 0.007232666015625, -0.0003452301025390625, 0.023681640625, 0.041015625, 0.0255126953125, 0.040771484375, -0.0223388671875, -0.00421142578125, -0.04150390625, -0.0028533935546875, -0.0157470703125, -0.0849609375, -0.04736328125, -0.0021820068359375, -0.02392578125, 0.037109375, -0.0277099609375, -0.000598907470703125, -0.00787353515625, -0.0267333984375, 0.013916015625, -0.0028228759765625, 0.005828857421875, 0.0224609375, 0.003265380859375, -0.04931640625, -0.0281982421875, 0.0269775390625, 0.053955078125, 0.016845703125, -0.035400390625, -0.03466796875, 0.01806640625, -0.0264892578125, 0.02001953125, 0.06982421875, 0.058837890625, -0.0035247802734375, 0.0255126953125, -0.0294189453125, -0.0341796875, -0.0303955078125, 0.0289306640625, 0.00738525390625, -0.01556396484375, 0.0289306640625, -0.004425048828125, 0.0205078125, -0.061767578125, -0.01080322265625, 0.004638671875, -0.053955078125, -0.044677734375,