{"movie": "wwdc2025", "offset": 512, "text_offset": 500, "embedding": [0.015625, 0.0228271484375, 0.01116943359375, 0.0213623046875, -0.1015625, -0.027587890625, 0.0201416015625, 0.029052734375, 0.0390625, 0.01361083984375, 0.007171630859375, 0.01141357421875, 0.0009765625, -0.06591796875, -0.046142578125, -0.05078125, 0.0439453125, -0.020263671875, -0.044921875, -0.00616455078125, -0.00762939453125, -0.0380859375, 0.056396484375, -0.0087890625, 0.057373046875, -0.0380859375, -0.06298828125, -0.0238037109375, -0.01904296875, -0.0179443359375, -0.00921630859375, -0.06396484375, 0.04736328125, -0.00830078125, 0.023193359375, 0.032470703125, -0.00189208984375, 0.0390625, 0.01953125, 0.023681640625, -0.032958984375, 0.00193023681640625, 0.00921630859375, 0.007598876953125, -0.038330078125, 0.0303955078125, -0.02734375, -0.0211181640625, -0.014892578125, 0.029052734375, 0.0224609375, -0.0023345947265625, 0.0076904296875, -0.09521484375, 0.000766754150390625, 0.0054931640625, 0.0233154296875, 0.0712890625, 0.03369140625, -0.039794921875, -0.01556396484375, -0.003448486328125, 0.0262451171875, -0.00150299072265625, -0.023681640625, 0.0159912109375, -0.014892578125, -0.03759765625, 0.01458740234375, -0.042724609375, -0.03125, 0.0595703125, 0.0186767578125, 0.0098876953125, -0.0240478515625, 0.00567626953125, 0.0771484375, 0.00921630859375, 0.042236328125, 0.0076904296875, 0.009765625, -0.00372314453125, 0.043701171875, 0.017333984375, -0.0361328125, -0.01904296875, 0.0206298828125, -0.02490234375, -0.04638671875, -0.025146484375, -0.0238037109375, 0.0595703125, 0.027587890625, -0.05517578125, 0.006622314453125, 0.0145263671875, -0.01806640625, -0.0390625, 0.0034027099609375, 0.0208740234375, 0.06640625, 0.055419921875, -0.01806640625, -0.00921630859375, -0.06005859375, -0.0693359375, -0.012939453125, -0.00030517578125, 0.007354736328125, 0.036865234375, 0.0003757476806640625, -0.0126953125, 0.00958251953125, 0.056884765625, -0.0123291015625, 0.057373046875, 0.0361328125, -0.00885009765625, 0.0198974609375, 0.0206298828125, -0.0223388671875, -0.0255126953125, 0.003814697265625, 0.024658203125, 0.0123291015625, 0.0291748046875, 0.072265625, 0.013427734375, -0.0140380859375, 0.06298828125, -0.0015869140625, 0.00323486328125, 0.0299072265625, 0.053466796875, -0.080078125, 0.013671875, 0.038330078125, 0.0211181640625, 0.023681640625, 0.00634765625, 0.05517578125, 0.0303955078125, -0.08154296875, 0.014892578125, 0.01153564453125, -0.01153564453125, 0.0257568359375, -0.01953125, -0.0263671875, -0.029052734375, 0.0184326171875, -0.042724609375, -0.0693359375, 0.0654296875, -0.0030517578125, 0.036865234375, 0.007293701171875, 0.023681640625, -0.00885009765625, -0.064453125, 0.010498046875, -0.0419921875, -0.0042724609375, -0.03271484375, 0.052734375, 0.023681640625, -0.01287841796875, 0.029541015625, -0.005462646484375, -0.0181884765625, -0.0166015625, 0.04736328125, -0.0159912109375, 0.01300048828125, 0.0191650390625, -0.0004253387451171875, -0.0030059814453125, -0.00830078125, -0.01055908203125, 0.0037384033203125, 0.0126953125, 0.032470703125, 0.0712890625, -0.076171875, -0.023681640625, -0.013427734375, 0.02685546875, 0.028564453125, 0.0166015625, 0.014892578125, 0.02001953125, 0.0218505859375, 0.0595703125, -0.04931640625, 0.038330078125, -0.0159912109375, -0.04931640625, -0.0228271484375, 0.033447265625, 0.056884765625, 0.03857421875, 0.06396484375, 0.00213623046875, 0.012451171875, -0.0218505859375, 0.0218505859375, 0.00885009765625, 0.036865234375, -0.0556640625, 0.0048828125, 0.00482177734375, 0.0048828125, -0.045654296875, -0.0322265625, 0.02197265625, -0.0390625, 0.03369140625, 0.027099609375, 0.0093994140625, 0.0036163330078125, -0.0081787109375, -0.0123291015625, 0.023193359375, 0.0014190673828125, -0.028564453125, -0.01165771484375, -0.006378173828125, -0.0291748046875, 0.04052734375, -0.0240478515625, 0.0011749267578125, 0.0166015625, -0.0294189453125, 0.052734375, 0.06689453125, 0.08251953125, -0.00176239013671875, -0.00579833984375, -0.09326171875, 0.048828125, 0.016357421875, -0.01904296875, 0.0019073486328125, 0.043701171875, -0.008544921875, -0.04248046875, -0.0341796875, -0.00860595703125, 0.0267333984375, 0.027099609375, 0.0179443359375, 0.01165771484375, 0.0537109375, -0.04052734375, -0.0179443359375, 0.00124359130859375, -0.00958251953125, -0.00167083740234375, -0.01409912109375, 0.005706787109375, 0.0419921875, 0.004547119140625, 0.0302734375, -0.0625, 0.01300048828125, 0.00994873046875, -0.05078125, 0.0164794921875, -0.04931640625, 0.0184326171875, 0.05517578125, 0.0017547607421875, -0.00494384765625, 0.0751953125, 0.00125885009765625, -0.0262451171875, -0.0086669921875, -0.006927490234375, -0.0064697265625, -0.01904296875, 0.0208740234375, -0.0074462890625, 0.01312255859375, -0.004974365234375, 0.024658203125, 0.0022125244140625, 0.018798828125, -0.01953125, -0.043701171875, 0.0037841796875, 0.0498046875, 0.031982421875, -0.006561279296875, -0.0172119140625, -0.0284423828125, 0.039794921875, -0.005096435546875, -0.01446533203125, -0.028564453125, -0.041259765625, -0.042724609375, 0.0172119140625, 0.00897216796875, 0.00897216796875, -0.00634765625, 0.09326171875, 0.0218505859375, 0.0017547607421875, 0.019775390625, 0.00823974609375, 0.01953125, -0.030029296875, 0.042236328125, 0.004608154296875, -0.0277099609375, 0.04736328125, 0.00689697265625, 0.023193359375, 0.0230712890625, -0.03515625, -0.019775390625, -0.00579833984375, 0.0244140625, 0.02978515625, 0.07177734375, -0.0400390625, 0.01019287109375, -0.0595703125, -0.03759765625, -0.002960205078125, -0.002044677734375, -0.0615234375, -0.01446533203125, 0.0260009765625, -0.00799560546875, 0.01312255859375, -0.005462646484375, 6.771087646484375e-05, 0.0294189453125, -0.00152587890625, -0.0025482177734375, 0.031494140625, 0.004425048828125, 0.00439453125, 0.00079345703125, -0.00176239013671875, -0.00592041015625, 0.03271484375, -0.02099609375, -0.00714111328125, -0.03125, -0.04248046875, -0.01324462890625, 0.0693359375, 0.00909423828125, -0.0380859375, 0.01422119140625, 0.0255126953125, -0.07373046875, 0.036376953125, 0.0125732421875, -0.0400390625, 0.033203125, 6.246566772460938e-05, -0.00445556640625, 0.02685546875, -0.006439208984375, 0.0191650390625, -0.0201416015625, -0.01068115234375, 0.036376953125, 0.006683349609375, 0.033203125, -0.01409912109375, -0.033935546875, -0.03125, 0.007598876953125, 0.056884765625, -0.03759765625, 0.01141357421875, -0.036376953125, 0.015869140625, -0.028076171875, -0.0162353515625, -0.0213623046875, 0.019287109375, -0.0004596710205078125, 0.036376953125, -0.04443359375, -0.00164031982421875, -0.027099609375, -0.03857421875, 0.01434326171875, -0.0238037109375, 0.04931640625, -0.01336669921875, -0.0230712890625, 0.0181884765625, 0.0341796875, -0.0224609375, 0.05419921875, -0.01519775390625, -0.05078125, -0.038330078125, -0.03271484375, 0.0400390625, -0.0213623046875, 0.0087890625, 0.0087890625, 0.0186767578125, -0.0137939453125, 0.00390625, -0.0291748046875, -0.0086669921875, -0.021484375, 0.019775390625, 0.00014400482177734375, 0.020263671875, -0.00067901611328125, 0.041748046875, 0.04931640625, 0.0255126953125, 0.036865234375, -0.0126953125, -0.03759765625, -0.07080078125, -0.0093994140625, -0.0250244140625, -0.07275390625, -0.041259765625, -0.01043701171875, -0.01068115234375, -0.0029144287109375, -0.036865234375, 0.00136566162109375, 0.0284423828125, -0.027587890625, 0.00933837890625, -0.0179443359375, -0.028076171875, 0.038330078125, -0.043701171875, -0.0087890625, -0.00830078125, 0.00830078125, 0.07666015625, 0.0206298828125, -0.0390625, 0.0308837890625, 0.01141357421875, -0.0064697265625, 0.0244140625, 0.046142578125, 0.052001953125, -0.04833984375, 0.0123291015625, -0.03271484375, -0.041748046875, -0.004150390625, 0.015625, 0.0250244140625, 0.0166015625, 0.0546875, -0.00946044921875, 0.01092529296875, -0.062255859375, 0.024658203125, 0.010986328125, -0.03515625, -0.06298828125, -0.042236328125, 0.0142822265625, 0.00066375732421875, 0.0169677734375, 