{"movie": "wwdc2025", "offset": 222, "text_offset": 220, "embedding": [0.00579833984375, -0.0281982421875, 0.023193359375, -0.00040435791015625, -0.0267333984375, -0.0115966796875, 0.01031494140625, 0.00830078125, 0.007476806640625, 0.0018463134765625, -0.0162353515625, -0.036376953125, -0.0206298828125, -0.025390625, 0.00885009765625, 0.01312255859375, -0.033203125, 0.0419921875, 0.000820159912109375, -0.000274658203125, -0.041259765625, -0.0380859375, 0.0260009765625, -0.068359375, 0.046630859375, -0.06298828125, -0.040283203125, -0.0093994140625, -0.035888671875, -0.01153564453125, 0.007293701171875, -0.060546875, 0.06396484375, 0.03515625, -0.04638671875, -0.019287109375, 0.0267333984375, 0.05029296875, -0.002685546875, 0.01519775390625, -0.032958984375, 0.0152587890625, 0.016845703125, -0.019287109375, 0.0230712890625, -5.054473876953125e-05, -0.037109375, -0.0419921875, -0.0013275146484375, -0.000583648681640625, -0.0322265625, 0.039794921875, 0.031494140625, -0.056884765625, -0.051513671875, 0.000946044921875, 0.005615234375, 0.0079345703125, 0.0272216796875, 0.005096435546875, -0.012939453125, 0.0218505859375, -0.05078125, 0.004486083984375, 0.01092529296875, -0.005615234375, -0.005462646484375, -0.0272216796875, 0.0030059814453125, 0.0035552978515625, -0.02001953125, 0.044921875, 0.05078125, -0.01409912109375, 0.0206298828125, -0.0162353515625, 0.045654296875, -0.024658203125, 0.0004062652587890625, 0.051513671875, 0.05712890625, 0.032958984375, -0.017578125, -0.0556640625, -0.014892578125, -0.06396484375, -0.036865234375, -0.052490234375, -0.059814453125, 0.01324462890625, -0.014892578125, 0.004150390625, -0.00909423828125, -0.002105712890625, 0.015625, 9.441375732421875e-05, -0.00115203857421875, -0.0517578125, -0.040771484375, 0.03125, 0.00701904296875, 0.006378173828125, 0.0054931640625, 0.0040283203125, -0.0218505859375, -0.032958984375, 0.003570556640625, 0.041259765625, 0.00024127960205078125, 0.023193359375, -0.0174560546875, -0.053466796875, -0.054443359375, -0.0213623046875, -0.0137939453125, 0.04248046875, -0.025390625, -0.02783203125, 0.027099609375, 0.0244140625, -0.023193359375, -0.0179443359375, -0.036376953125, -0.047119140625, -0.02978515625, 0.035888671875, 0.0281982421875, 0.043701171875, 0.0184326171875, -0.0031890869140625, -0.02783203125, 0.048095703125, -0.03515625, -0.00537109375, -0.057373046875, 0.039794921875, -0.01190185546875, 0.00994873046875, -0.052978515625, -0.000701904296875, 0.0244140625, 0.0302734375, -0.01385498046875, 0.032958984375, -0.055419921875, 0.00347900390625, 0.0400390625, 0.0322265625, -0.0267333984375, -0.01904296875, -0.0181884765625, -0.051513671875, -0.00167083740234375, 0.03759765625, 0.042236328125, -0.0093994140625, -0.00897216796875, -0.03076171875, 0.030517578125, 0.002960205078125, 0.04833984375, -0.0380859375, 0.0081787109375, 0.019287109375, 0.006561279296875, 0.05615234375, 0.01318359375, 0.0302734375, -0.00531005859375, -0.032470703125, 0.002655029296875, 0.0186767578125, 0.024169921875, 0.0213623046875, -0.0126953125, 0.022216796875, 0.00136566162109375, 0.0299072265625, 0.0303955078125, -0.0238037109375, 0.0240478515625, 0.021484375, 0.041748046875, -0.01953125, -0.006134033203125, -0.01007080078125, -0.021240234375, 0.0537109375, -0.054443359375, 0.035400390625, -0.0067138671875, 0.0260009765625, 0.0172119140625, 0.023193359375, 0.036376953125, -0.03857421875, -0.023681640625, 0.003997802734375, 0.027587890625, 0.052001953125, 0.00897216796875, -0.01165771484375, 0.0341796875, 0.032470703125, 0.0218505859375, -0.0150146484375, -0.01708984375, -0.009521484375, 0.005462646484375, -0.0038604736328125, -0.056396484375, 0.007293701171875, -0.042236328125, -0.04931640625, 0.037841796875, -0.056396484375, 0.04296875, 0.039794921875, 0.0260009765625, -0.0126953125, -0.0032196044921875, -0.01324462890625, 0.053466796875, -0.007171630859375, -0.0255126953125, -0.01007080078125, -0.049072265625, 0.0140380859375, 0.04833984375, 0.00469970703125, 0.03125, 0.00689697265625, -0.0240478515625, -0.029052734375, -0.000751495361328125, 0.02978515625, -0.00019931793212890625, -0.008056640625, 0.0032196044921875, 0.02734375, -0.004486083984375, -0.060546875, -0.00482177734375, 0.054443359375, -0.03271484375, -0.00811767578125, -0.015380859375, -0.0218505859375, 0.048828125, 0.03173828125, -0.039794921875, 0.01287841796875, -0.01123046875, -0.06787109375, -0.005279541015625, 0.03173828125, -0.0257568359375, 0.0174560546875, 0.005035400390625, -0.0140380859375, -0.00799560546875, 0.02783203125, -0.059814453125, 0.016845703125, 0.00714111328125, 0.01318359375, -0.0211181640625, -0.023193359375, -0.0206298828125, -0.01470947265625, -0.031494140625, -0.0126953125, 0.005584716796875, 0.039794921875, 0.02197265625, -0.0235595703125, -0.052734375, 0.031982421875, 0.03125, -0.03173828125, -0.0250244140625, -0.03857421875, 0.0096435546875, -0.0244140625, 0.028076171875, 0.042724609375, -0.01434326171875, -0.03515625, -0.0208740234375, -0.01226806640625, -0.0172119140625, -0.036865234375, 0.03515625, 0.0255126953125, -0.02734375, 0.0240478515625, 0.0081787109375, 0.00714111328125, -0.01226806640625, -0.033447265625, -0.008056640625, 0.0164794921875, -0.0040283203125, -0.042724609375, 0.0152587890625, 0.00107574462890625, 0.048095703125, 0.036376953125, -0.041259765625, -0.0084228515625, 0.0038909912109375, -0.0281982421875, 0.037109375, 0.032958984375, -0.00927734375, 0.029052734375, -0.0303955078125, -0.007110595703125, 0.07373046875, 0.032958984375, 0.0172119140625, 0.031982421875, 0.00250244140625, 0.0111083984375, 0.018798828125, -0.0272216796875, -0.0267333984375, 0.019287109375, -0.03173828125, -0.0245361328125, 0.0081787109375, -0.0123291015625, -0.0003223419189453125, -0.016845703125, -0.0299072265625, 0.023193359375, -0.00482177734375, 0.006927490234375, -0.0211181640625, 0.01031494140625, -0.0235595703125, -0.047607421875, 0.0223388671875, -0.0126953125, -0.04296875, -0.002899169921875, -0.027099609375, 0.036376953125, 0.05712890625, 0.0027313232421875, -0.031982421875, -0.00579833984375, -0.048095703125, 0.06591796875, -0.00592041015625, 0.0206298828125, -0.01708984375, -0.012939453125, -0.0186767578125, -0.034912109375, 0.06787109375, -0.035888671875, -0.0025177001953125, 0.0264892578125, 0.028076171875, -0.00567626953125, -0.004119873046875, -0.0159912109375, -0.03125, 0.0084228515625, -0.003936767578125, 0.018798828125, -0.00677490234375, -0.00179290771484375, 0.0174560546875, -0.01361083984375, 0.0257568359375, 0.0286865234375, -0.00830078125, -0.0203857421875, -0.01318359375, 0.05029296875, 0.0024871826171875, 0.00113677978515625, -0.022705078125, 0.0002956390380859375, 0.064453125, -0.0390625, 0.03369140625, -0.05615234375, -0.05078125, 0.0390625, 0.0098876953125, 0.0017242431640625, -0.000644683837890625, -0.0277099609375, 1.9311904907226562e-05, 0.061767578125, -0.02685546875, -0.0172119140625, 0.044921875, -0.0022430419921875, -0.0177001953125, 0.048095703125, -0.01446533203125, 0.053466796875, -0.006378173828125, 0.0113525390625, 0.0238037109375, -0.043701171875, 0.010986328125, -0.0341796875, -0.01336669921875, 0.003509521484375, -0.0771484375, 0.043701171875, -0.006134033203125, 0.04736328125, -0.035400390625, 0.0152587890625, 0.0693359375, 0.01513671875, 0.035400390625, -0.003570556640625, 0.0135498046875, -0.010986328125, -0.001068115234375, -0.028076171875, -0.0390625, 0.021484375, -0.025390625, 0.027099609375, 0.052734375, 0.0262451171875, 0.00994873046875, 0.00677490234375, -0.0322265625, -0.0230712890625, 0.0078125, -0.0181884765625, 0.06640625, 0.003082275390625, -0.040283203125, 0.0185546875, 0.0380859375, 0.051025390625, -0.03759765625, 0.005279541015625, 0.0010528564453125, 0.037353515625, 0.00274658203125, 0.02001953125, 0.0537109375, 0.036865234375, -0.01556396484375, 0.057861328125, -0.0289306640625, -0.0125732421875, -0.03466796875, 0.00701904296875, -0.01141357421875, 0.033203125, 0.028076171875, -0.005096435546875, 0.00927734375, -0.044921875, 0.02783203125, 