{"movie": "wwdc2025", "offset": 370, "text_offset": 360, "embedding": [0.027587890625, -0.01336669921875, 0.003082275390625, -0.00032806396484375, -0.046142578125, -0.0177001953125, 0.0020599365234375, 0.0145263671875, 0.04443359375, 0.007659912109375, 0.006805419921875, 0.0260009765625, -0.00347900390625, -0.039306640625, -0.03662109375, 0.00933837890625, -0.01031494140625, 0.009521484375, 0.0081787109375, -0.053955078125, -0.017578125, -0.0751953125, 0.00836181640625, 0.01336669921875, 0.041748046875, -0.043212890625, 0.006195068359375, -0.027099609375, -0.031494140625, 0.010986328125, -0.0361328125, -0.0859375, 0.0301513671875, -0.0091552734375, -0.017333984375, 0.0216064453125, 0.032958984375, 0.014892578125, 0.002349853515625, 0.0159912109375, 0.01531982421875, -0.0081787109375, -0.0177001953125, -0.025146484375, -0.006378173828125, -0.005157470703125, -0.0615234375, -0.020263671875, -0.004852294921875, 0.0012054443359375, -0.0003223419189453125, -0.000789642333984375, 0.03759765625, -0.022705078125, -0.047119140625, -0.024169921875, 0.0167236328125, 0.044921875, 0.033447265625, -0.018798828125, -0.0859375, -0.001251220703125, -0.0001964569091796875, -0.028076171875, -0.000579833984375, 0.00701904296875, 0.033935546875, -0.0260009765625, -0.052490234375, -0.0093994140625, -0.023193359375, 0.0203857421875, 0.02392578125, -0.006378173828125, -0.006317138671875, -4.3392181396484375e-05, 0.041748046875, -0.032958984375, 0.00982666015625, 0.01708984375, 0.0167236328125, 0.0301513671875, 0.052978515625, -0.037109375, -0.0380859375, -0.045166015625, -0.0020294189453125, -0.029296875, -0.017333984375, 0.0037841796875, -0.0230712890625, 0.00848388671875, 0.041259765625, -0.007171630859375, 0.0250244140625, 0.01177978515625, -0.0157470703125, -0.0311279296875, -0.0306396484375, 0.0286865234375, 0.041748046875, -0.0167236328125, -0.00262451171875, -0.0240478515625, -0.0244140625, -0.0810546875, 0.0244140625, 0.01312255859375, 0.052001953125, 0.002685546875, 0.022216796875, -0.03564453125, -0.05419921875, -0.00823974609375, -0.031494140625, 0.0113525390625, 0.003692626953125, -0.022705078125, -0.0291748046875, 0.036376953125, -0.00433349609375, -0.0076904296875, 0.0054931640625, 0.0025634765625, 0.006439208984375, 0.01287841796875, 0.0361328125, 0.00714111328125, -0.0184326171875, 0.056640625, 0.0050048828125, -0.05810546875, 0.0419921875, -0.00167083740234375, -0.06298828125, 0.00811767578125, -0.025146484375, 0.008544921875, -0.052978515625, -0.0240478515625, -0.024169921875, 0.00372314453125, -0.07275390625, 0.052490234375, -0.04052734375, -0.04541015625, 0.024169921875, 0.0341796875, -0.08203125, -0.0147705078125, -0.0185546875, -0.059326171875, -0.0341796875, 0.03076171875, 0.028076171875, 0.0208740234375, 0.013916015625, -0.0296630859375, -0.0244140625, 0.0164794921875, 0.04541015625, -0.023193359375, 0.03466796875, -0.0042724609375, 0.047119140625, 0.0086669921875, -0.03857421875, 0.0169677734375, 0.0118408203125, -0.0269775390625, -0.0303955078125, 0.05224609375, -0.0224609375, 0.02978515625, 0.0164794921875, -0.00653076171875, -0.0020294189453125, -0.033447265625, 0.0177001953125, 0.01123046875, -0.0159912109375, 0.039306640625, 0.01312255859375, -0.037109375, 0.0025177001953125, 0.0194091796875, 0.011962890625, -0.0240478515625, -0.0030975341796875, 0.0245361328125, -0.0272216796875, 0.0252685546875, 0.0546875, -0.01031494140625, 0.017822265625, -0.047119140625, 0.01507568359375, 0.039794921875, 0.0303955078125, 0.03076171875, 0.0234375, 0.028564453125, -0.00897216796875, -0.003570556640625, 0.00482177734375, 0.0004634857177734375, 0.033447265625, 0.028076171875, -0.07373046875, -0.01104736328125, -0.0194091796875, 0.007781982421875, -0.01507568359375, -0.04443359375, 0.0247802734375, -0.0380859375, 0.038818359375, 0.0247802734375, 0.029541015625, 0.002685546875, -0.06396484375, -0.008544921875, -0.0101318359375, 0.0196533203125, 0.005523681640625, -0.024169921875, 0.00927734375, 0.00506591796875, 0.095703125, -0.002288818359375, 0.03515625, 0.0048828125, 0.00787353515625, -0.01275634765625, 0.028564453125, 0.068359375, 0.00701904296875, -0.004913330078125, -0.0142822265625, 0.0322265625, 0.0252685546875, -0.0267333984375, 0.041748046875, 0.044189453125, -0.02001953125, -0.044189453125, -0.039306640625, 0.059326171875, 0.06396484375, 0.033447265625, -0.010009765625, 0.0230712890625, 0.068359375, -0.0020599365234375, -0.0206298828125, 0.035400390625, -0.01251220703125, -0.0205078125, -0.0257568359375, -0.0142822265625, 0.006256103515625, -0.01531982421875, -0.0157470703125, -0.0091552734375, -0.025146484375, -0.01263427734375, -2.1338462829589844e-05, -0.01904296875, -0.06787109375, 0.040771484375, -0.0205078125, 0.01556396484375, -0.0211181640625, 0.068359375, -0.00347900390625, 0.05859375, -0.0400390625, 0.001953125, -0.011474609375, -0.002288818359375, -0.0140380859375, 0.01611328125, -0.006256103515625, -0.0179443359375, 0.03466796875, -0.017822265625, 0.025634765625, 0.00909423828125, -0.052978515625, -0.004180908203125, 0.07861328125, -0.02978515625, 0.036865234375, 0.004180908203125, 0.01416015625, 0.03857421875, -0.041748046875, 0.0047607421875, -0.01287841796875, -0.03076171875, -0.042724609375, 0.01556396484375, 0.053466796875, -7.295608520507812e-05, 0.0107421875, 0.0087890625, 0.03076171875, -0.03466796875, 0.017333984375, -0.0164794921875, 0.03759765625, -0.0225830078125, 0.00933837890625, 0.01519775390625, -0.032470703125, 0.05419921875, -0.028564453125, -0.004974365234375, -0.0052490234375, -0.03076171875, -0.042236328125, 0.018310546875, 0.018310546875, 0.02099609375, 0.00982666015625, 0.00244140625, -0.04833984375, -0.0123291015625, -0.05908203125, -0.01904296875, 0.0216064453125, -0.022705078125, 0.002899169921875, 0.0225830078125, -0.04638671875, -0.0201416015625, -0.036376953125, 0.03515625, -0.05517578125, -0.00885009765625, -0.01806640625, -0.00927734375, 0.0220947265625, -0.0125732421875, -0.00194549560546875, -0.0301513671875, -0.006011962890625, 0.01336669921875, -0.01129150390625, -0.03515625, 0.00714111328125, 0.0277099609375, -0.0299072265625, -0.00063323974609375, -0.032958984375, -0.005096435546875, -0.0157470703125, 0.025634765625, -0.0247802734375, 0.01806640625, 0.016357421875, -0.00213623046875, 0.0130615234375, 0.0157470703125, 0.03515625, 0.0018310546875, 0.007415771484375, 0.0157470703125, -0.0157470703125, -0.00140380859375, 0.045166015625, 0.0052490234375, -0.015625, -0.0164794921875, -1.0311603546142578e-05, 0.0179443359375, 0.05126953125, 0.033447265625, -0.01507568359375, -0.0167236328125, -0.04443359375, 0.08740234375, -0.053466796875, -0.024169921875, -0.020263671875, -0.00689697265625, 0.0267333984375, -0.00799560546875, 0.013916015625, -0.051025390625, -0.056396484375, 0.00616455078125, 0.0322265625, -9.202957153320312e-05, -0.0380859375, 0.000812530517578125, -0.0615234375, 0.00043487548828125, 0.004058837890625, 0.0038909912109375, -0.0111083984375, 0.0267333984375, -0.064453125, -0.019287109375, -0.051025390625, 0.01275634765625, 0.00885009765625, -0.0086669921875, -0.0115966796875, -0.01202392578125, -0.0252685546875, -0.0042724609375, -0.07470703125, 0.036865234375, -0.05517578125, 0.0196533203125, 0.0072021484375, 0.04443359375, 0.00701904296875, 0.0390625, 0.07373046875, 0.024169921875, -0.0035247802734375, 0.0308837890625, 0.0074462890625, -0.017333984375, 0.008544921875, -0.01104736328125, -0.049560546875, -0.007080078125, 0.0439453125, -0.00982666015625, 0.0162353515625, 0.032958984375, 0.05517578125, 0.0205078125, -0.024169921875, -0.0013427734375, -0.0164794921875, -0.0101318359375, 0.026123046875, 0.01708984375, -0.052001953125, 0.021484375, 0.00726318359375, 0.08740234375, -0.060302734375, 0.00677490234375, 0.0157470703125, -0.004241943359375, -0.01361083984375, 0.03466796875, 0.050537109375, 0.0145263671875, -0.02294921875, 0.035888671875, 0.0205078125, -0.037353515625, -0.049072265625, -0.017822265625, 0.01226806640625, 0.01434326171875, 0.0240478515625, -0.0615234375, 0.009521484375, 