{"movie": "wwdc2025", "offset": 316, "text_offset": 300, "embedding": [0.029052734375, 0.020263671875, 0.016357421875, 0.04296875, -0.0128173828125, 0.027587890625, -0.032470703125, -0.0228271484375, -0.011474609375, 0.057861328125, -0.0019989013671875, -0.0125732421875, -0.004364013671875, -0.0478515625, -0.02099609375, 0.03662109375, 0.03369140625, -0.0128173828125, 0.01263427734375, -0.0111083984375, 0.0177001953125, -0.0264892578125, -0.0299072265625, -0.006072998046875, -0.004058837890625, -0.01123046875, 0.00262451171875, 0.00131988525390625, -0.0203857421875, -0.035888671875, -0.0089111328125, -0.052490234375, 0.0009613037109375, 0.00035858154296875, 0.035888671875, -0.041259765625, 0.041259765625, 0.03662109375, -0.039306640625, 0.05712890625, -0.0458984375, -0.0052490234375, 0.035888671875, -0.026611328125, -0.0179443359375, 0.0030517578125, -0.0419921875, -0.06298828125, 0.0267333984375, 0.046875, 0.010986328125, 0.0177001953125, -0.003692626953125, 0.01220703125, -0.041259765625, 0.02880859375, -0.040283203125, 0.024169921875, -0.006103515625, 0.041259765625, 0.00897216796875, -0.017822265625, -0.0257568359375, 0.0164794921875, -0.0157470703125, 0.0003147125244140625, 0.0269775390625, -0.002166748046875, -0.0076904296875, -0.031494140625, 0.014892578125, -0.03662109375, -0.0032806396484375, -0.0301513671875, 0.0206298828125, 0.02001953125, -0.0142822265625, -0.017578125, 0.0361328125, 0.0289306640625, 0.0201416015625, -0.00396728515625, 0.005401611328125, 0.043212890625, 0.01055908203125, -0.0123291015625, 0.04833984375, -0.007232666015625, -0.007232666015625, -0.0086669921875, -0.022705078125, 0.05322265625, -0.0172119140625, 0.01446533203125, -0.017333984375, 0.004241943359375, 0.0234375, -0.0751953125, -0.0159912109375, -0.002532958984375, -0.0147705078125, -0.0191650390625, -0.0419921875, -0.0093994140625, -0.02001953125, -0.0458984375, 0.007598876953125, 0.013916015625, 0.0283203125, 0.0703125, -0.01361083984375, -0.0595703125, -0.045654296875, 0.0283203125, -0.01422119140625, -0.0015106201171875, 0.11328125, -0.033447265625, 0.01904296875, 0.0196533203125, -0.0203857421875, 0.05517578125, 0.0133056640625, -0.032958984375, -0.01251220703125, 0.01055908203125, 0.0027008056640625, -0.00677490234375, -0.0279541015625, 0.0283203125, 0.0037994384765625, 0.0274658203125, 0.023681640625, 0.050048828125, -0.06982421875, -0.0267333984375, 0.02099609375, -0.024658203125, 0.032470703125, -0.01422119140625, -0.05126953125, -0.00848388671875, -0.031982421875, 0.01171875, -0.056884765625, -0.02392578125, -0.00213623046875, 0.0250244140625, -0.007598876953125, -0.01495361328125, 0.041259765625, 0.01220703125, -0.05126953125, 0.0732421875, 0.03466796875, 0.04443359375, -0.05517578125, -0.01263427734375, -0.06298828125, -0.046630859375, 0.024658203125, -0.010009765625, 0.01080322265625, -0.00994873046875, 0.0595703125, 0.02978515625, -0.0576171875, -0.015869140625, -0.01806640625, -0.0013885498046875, -0.0306396484375, -0.004150390625, -0.03466796875, 0.039794921875, -0.0634765625, 0.0242919921875, 0.0052490234375, -0.0233154296875, 0.01214599609375, 0.0478515625, 0.00732421875, 0.00927734375, 0.031494140625, 0.00823974609375, -0.01495361328125, 0.0026702880859375, -0.02392578125, 0.027099609375, -0.023193359375, 0.03125, -0.00860595703125, -0.00927734375, 0.01495361328125, 0.035400390625, -0.001739501953125, -0.026611328125, 0.052001953125, 0.00142669677734375, 0.0703125, 0.0400390625, -0.007781982421875, 0.06494140625, 0.0228271484375, 0.0269775390625, -0.056640625, -0.0262451171875, 0.01043701171875, 0.0213623046875, -0.042724609375, 0.046875, -0.006561279296875, -0.0196533203125, 0.018310546875, -0.005828857421875, -0.01519775390625, -0.039306640625, 0.0022125244140625, -0.00738525390625, 0.047607421875, -0.062255859375, -0.045654296875, -0.020751953125, 0.0027923583984375, 0.006805419921875, 0.0040283203125, -0.020751953125, 0.018310546875, 0.033203125, 0.07568359375, 0.0030517578125, 0.0289306640625, 0.027587890625, -0.0002899169921875, 0.001190185546875, 0.01361083984375, 0.005950927734375, -0.032470703125, 0.03759765625, -0.01556396484375, 0.06396484375, -0.004913330078125, -0.0135498046875, -0.025146484375, -0.0213623046875, -0.0478515625, -0.06884765625, -0.044921875, 0.005859375, 0.0211181640625, 0.08203125, 0.0177001953125, -0.0203857421875, 0.00482177734375, -0.045654296875, -0.0123291015625, 0.046875, 0.0257568359375, 0.032470703125, 0.002685546875, -0.009521484375, 0.02392578125, 0.023681640625, 0.0205078125, 0.004119873046875, 0.004180908203125, -0.03662109375, 0.01495361328125, 0.0157470703125, -0.040771484375, 0.0196533203125, 0.03662109375, -0.03173828125, -0.022216796875, -0.0242919921875, 0.0250244140625, 0.01055908203125, -0.05126953125, -0.00897216796875, -0.000545501708984375, 0.033447265625, -0.003448486328125, 0.00347900390625, 0.0250244140625, -0.00970458984375, 0.034423828125, 0.03125, 0.02978515625, -0.015380859375, -0.018310546875, 0.02294921875, 0.043701171875, -0.009033203125, -0.006500244140625, -0.00115966796875, -0.049560546875, -0.00787353515625, 0.0238037109375, -0.01141357421875, -0.041748046875, -0.043212890625, -0.038818359375, -0.032958984375, -0.037109375, 0.0023956298828125, 0.01611328125, 0.01495361328125, 0.017822265625, -0.0107421875, 0.01092529296875, -0.0211181640625, -0.0096435546875, -0.048583984375, -0.04443359375, 0.0185546875, -0.05126953125, -0.029052734375, -0.0238037109375, -0.06298828125, 0.0147705078125, -0.033447265625, 0.00958251953125, -0.0177001953125, 0.04296875, 0.0654296875, -0.0201416015625, -0.08203125, -0.039306640625, 0.005401611328125, -0.03369140625, -0.052490234375, -0.00537109375, 0.010986328125, -0.041748046875, -0.0478515625, -0.037109375, 0.004119873046875, -0.04052734375, -0.01470947265625, 0.01141357421875, -0.0027313232421875, 0.03076171875, -0.049560546875, 0.051025390625, -0.060791015625, -0.00970458984375, -0.0634765625, 0.00994873046875, 0.0224609375, -0.0283203125, 0.028076171875, -0.0233154296875, -0.033935546875, -0.040771484375, 0.023681640625, -0.05517578125, -0.0238037109375, -0.050537109375, 0.0380859375, -0.05419921875, 0.039794921875, 0.0341796875, -0.0234375, 0.054443359375, -0.034423828125, 0.01251220703125, 0.0218505859375, -0.028076171875, -0.01007080078125, 0.0301513671875, -0.00592041015625, 0.0289306640625, -0.0262451171875, 0.0242919921875, -0.00946044921875, -0.0234375, -0.04150390625, 0.033203125, -0.037841796875, -0.0274658203125, 0.0303955078125, -0.005706787109375, 0.0303955078125, 0.0142822265625, -0.0269775390625, -0.018798828125, 0.037109375, 0.007476806640625, -0.0014190673828125, 0.031982421875, -0.03662109375, -0.03662109375, 0.0157470703125, 0.00958251953125, -0.05224609375, 0.0242919921875, -0.0260009765625, -0.01171875, 0.00022602081298828125, -0.02392578125, 0.0015716552734375, 0.03759765625, 0.032470703125, -0.072265625, 0.050537109375, -0.0303955078125, 0.07958984375, 0.00946044921875, -0.0026397705078125, 0.0262451171875, -0.0159912109375, -0.0303955078125, 0.01470947265625, -0.0189208984375, 0.01220703125, -0.0177001953125, -0.0228271484375, 0.00897216796875, 0.002838134765625, -0.0015106201171875, 0.00592041015625, -0.014892578125, 0.049560546875, -0.0289306640625, 0.050537109375, 0.0057373046875, 0.03662109375, 0.040283203125, 0.005950927734375, -0.01416015625, 0.03515625, 0.0556640625, -0.007354736328125, -0.01251220703125, -0.0252685546875, -0.00927734375, 0.044677734375, -0.04150390625, 0.0194091796875, -0.0167236328125, -0.0040283203125, 0.0167236328125, -0.00640869140625, -0.0771484375, -0.00086212158203125, -0.04541015625, 0.0576171875, 0.002044677734375, 0.050048828125, -0.031494140625, -0.00982666015625, -0.0174560546875, -0.020751953125, 0.03369140625, 0.0303955078125, -0.01031494140625, -0.00823974609375, -0.03662109375, 0.002288818359375, -0.07421875, 0.0257568359375, -0.01220703125, 0.0133056640625, 0.0303955078125, -0.014892578125, -0.054443359375, -0.046875, 0.010009765625, -0.01220703125, -0.038818359375, 