{"movie": "wwdc2025", "offset": 532, "text_offset": 520, "embedding": [0.0181884765625, 0.00885009765625, 0.0052490234375, -0.00077056884765625, -0.055908203125, -0.01806640625, -0.00494384765625, -0.02734375, 0.0026397705078125, 0.016357421875, 0.01123046875, 0.035400390625, 0.021240234375, -0.0245361328125, -0.0186767578125, -0.0123291015625, -0.002655029296875, -0.0294189453125, 0.035400390625, -0.00823974609375, 0.007537841796875, -0.000347137451171875, 0.0166015625, -0.0546875, 0.0250244140625, 0.0269775390625, -0.036376953125, 0.00025177001953125, 0.041015625, -0.013916015625, -0.049072265625, -0.061767578125, -0.01348876953125, 0.03271484375, 0.04296875, 0.01080322265625, -0.0167236328125, 0.0103759765625, -0.01470947265625, 0.0245361328125, -0.0380859375, 0.01300048828125, -0.0240478515625, 0.023681640625, -0.0654296875, -0.007354736328125, -0.061767578125, -0.00860595703125, -0.020751953125, 0.0184326171875, -0.020751953125, 0.01708984375, 0.02978515625, -0.045166015625, 0.00823974609375, -0.0224609375, -0.0159912109375, -0.00592041015625, 0.0177001953125, -0.003662109375, -0.0361328125, 0.0133056640625, 0.04931640625, 0.04541015625, -0.0302734375, 0.05078125, -0.01226806640625, -0.035400390625, -0.0018310546875, -0.02880859375, 0.026611328125, -0.01007080078125, 0.05078125, -0.043212890625, -0.0023651123046875, 0.021240234375, 0.032958984375, 0.00885009765625, -0.00341796875, 0.00543212890625, 0.00040435791015625, 0.0291748046875, 0.04931640625, 0.000720977783203125, 0.0135498046875, -0.0294189453125, 0.01483154296875, -0.037109375, 0.01202392578125, -0.00518798828125, -0.0201416015625, 0.027099609375, -0.034423828125, -0.0250244140625, -0.00787353515625, 0.0284423828125, -0.035888671875, -0.0810546875, 0.0157470703125, 0.0174560546875, -0.02099609375, 0.0296630859375, -0.0185546875, -0.025634765625, -0.056396484375, -0.06689453125, 0.00341796875, -0.0036773681640625, -0.02099609375, 0.043212890625, -0.02099609375, -0.0179443359375, -0.0615234375, 0.0159912109375, -0.039794921875, 0.020751953125, 0.0244140625, -0.05029296875, 0.001312255859375, 0.01318359375, -0.025634765625, 0.0078125, -0.0103759765625, -0.002044677734375, -0.013671875, 0.006134033203125, 0.050048828125, 0.0306396484375, -0.0277099609375, 0.013916015625, 0.006988525390625, -0.0458984375, 0.01385498046875, 0.07275390625, -0.07373046875, -0.0301513671875, 0.037109375, 0.007415771484375, -0.00250244140625, 0.0016632080078125, 0.038330078125, 0.01470947265625, -0.060302734375, -0.0034942626953125, -0.002899169921875, -0.034423828125, 0.00555419921875, -0.01055908203125, -0.03271484375, -0.00970458984375, -0.00634765625, -0.01434326171875, -0.00153350830078125, -0.00872802734375, 0.034912109375, 0.038818359375, 0.0120849609375, 0.00958251953125, -0.055419921875, -0.01483154296875, 0.0123291015625, -0.0194091796875, 0.020751953125, -0.01104736328125, 0.03955078125, 0.020263671875, -0.005279541015625, 0.02734375, -0.003265380859375, -0.021484375, -0.0517578125, 0.021728515625, -0.039306640625, 0.04345703125, 0.0113525390625, -0.01385498046875, -0.01153564453125, -0.00982666015625, -0.0177001953125, 0.01300048828125, -0.001068115234375, 0.0108642578125, 0.057861328125, -0.05126953125, -0.00634765625, 0.0098876953125, 0.0068359375, 0.0120849609375, 0.01531982421875, 0.02099609375, -0.00518798828125, 0.032470703125, -0.00994873046875, 0.005859375, 0.057861328125, 0.01251220703125, 0.0177001953125, -0.01153564453125, 0.009033203125, 0.07080078125, 0.000911712646484375, 0.052978515625, 0.0260009765625, -0.00299072265625, 0.000823974609375, 0.013427734375, 0.0284423828125, 0.055908203125, -0.126953125, -0.0177001953125, -0.0189208984375, -0.016357421875, 0.0302734375, -0.045166015625, 0.02783203125, -0.01397705078125, 0.01129150390625, 0.02099609375, -0.0120849609375, -0.0303955078125, -0.05322265625, 0.0299072265625, 0.025390625, 0.0294189453125, -0.00274658203125, 0.04736328125, -0.00104522705078125, -0.0294189453125, 0.07080078125, 0.0016632080078125, 0.00885009765625, -0.01446533203125, -0.0458984375, 0.002044677734375, 0.051025390625, 0.07421875, 0.004913330078125, -0.01904296875, 0.0162353515625, 0.0634765625, 0.0167236328125, -0.0260009765625, -0.0240478515625, 0.038818359375, -0.055908203125, -0.06787109375, 0.01025390625, -0.00104522705078125, 0.01507568359375, 0.06591796875, -0.035888671875, -0.0103759765625, 0.007049560546875, -0.0169677734375, -0.0306396484375, 0.02587890625, -0.07177734375, -0.02392578125, 0.016845703125, 0.00274658203125, 0.052734375, -0.022216796875, 0.036865234375, -0.06298828125, -0.02490234375, -0.01324462890625, -0.0234375, -0.00555419921875, -0.05126953125, -0.01055908203125, 0.01080322265625, 0.048095703125, -0.02783203125, 0.058349609375, -0.0135498046875, -0.03271484375, -0.0849609375, 0.00147247314453125, -0.025146484375, -0.034423828125, -0.0250244140625, -0.007720947265625, -0.00299072265625, -0.045166015625, 0.02978515625, 0.0191650390625, 0.001922607421875, -0.005523681640625, 0.010498046875, 0.00823974609375, -0.0205078125, 0.037353515625, -0.02197265625, -0.0400390625, 0.0159912109375, 0.02587890625, -0.00823974609375, -0.061767578125, -0.00110626220703125, -0.034912109375, -0.032470703125, -0.022705078125, 0.01507568359375, 0.0244140625, -0.02001953125, 0.034423828125, 0.039306640625, 0.000782012939453125, 0.048095703125, 0.013671875, 0.0205078125, 0.021728515625, -0.0260009765625, 0.019775390625, -0.06640625, 0.037841796875, 0.021240234375, -0.03076171875, 0.057373046875, -0.0057373046875, 0.031982421875, 0.04248046875, 0.035888671875, 0.048828125, 0.05078125, 0.00885009765625, -0.00665283203125, -0.05224609375, 0.006622314453125, -0.033935546875, 0.04248046875, -0.0166015625, -0.00665283203125, 0.0306396484375, 0.007720947265625, 0.0205078125, -0.0299072265625, -0.0301513671875, -0.01318359375, 0.015380859375, -0.0115966796875, -0.01153564453125, 0.004302978515625, 0.00555419921875, -0.01251220703125, -0.036865234375, 0.024658203125, 0.019775390625, 0.0184326171875, -0.01177978515625, -0.06591796875, -0.007354736328125, -0.0439453125, 0.01434326171875, 0.01519775390625, -0.052001953125, 0.025146484375, 0.06396484375, -0.1064453125, 0.01446533203125, 0.02294921875, -0.0079345703125, 0.0294189453125, -0.00677490234375, 0.010498046875, 0.0106201171875, 0.0181884765625, -0.00022220611572265625, -0.011962890625, 0.0033111572265625, 0.0498046875, 0.06396484375, -0.045166015625, -0.00799560546875, -0.060302734375, 0.004425048828125, 0.031982421875, 0.034912109375, -0.025634765625, 0.0172119140625, -0.058837890625, 0.000965118408203125, -0.0439453125, -0.005889892578125, 0.0014495849609375, 0.041015625, 0.0260009765625, -0.03955078125, -0.0294189453125, 0.00634765625, -0.052001953125, -0.0277099609375, 0.057861328125, -0.027099609375, 0.020751953125, -0.0185546875, -0.01348876953125, 0.0126953125, 0.058349609375, 0.0081787109375, 0.04931640625, -0.01153564453125, -0.033447265625, -0.004486083984375, -0.045166015625, 0.046875, -0.0341796875, -0.0283203125, 0.032470703125, 0.01531982421875, -0.0033111572265625, 0.0220947265625, -4.9114227294921875e-05, 0.03759765625, -0.0654296875, -0.00860595703125, 0.01806640625, 0.0205078125, -0.0274658203125, -0.00665283203125, 0.05419921875, 0.0045166015625, 0.01025390625, 0.02734375, 0.003936767578125, 0.0216064453125, -9.119510650634766e-06, -0.01483154296875, -0.0634765625, -0.0517578125, 0.00457763671875, -0.013671875, 0.0306396484375, 0.021484375, 0.01385498046875, -0.0191650390625, -0.0166015625, -0.007568359375, -0.011962890625, -0.0128173828125, 0.052001953125, -0.040283203125, -0.01495361328125, 0.0177001953125, 0.02587890625, 0.055908203125, 0.05419921875, -0.0120849609375, -0.0419921875, -0.051025390625, 0.002288818359375, -0.00341796875, 0.056396484375, 0.0791015625, -0.01025390625, -0.00110626220703125, -0.052001953125, -0.02880859375, -0.032958984375, 0.048095703125, -0.01007080078125, -0.0021209716796875, 0.022216796875, -0.037109375, 0.0179443359375, -0.0478515625, 0.039794921875, 