{"movie": "wwdc2025", "offset": 286, "text_offset": 280, "embedding": [0.0252685546875, 0.01953125, 0.04052734375, 0.0693359375, -0.043701171875, -0.007598876953125, 0.01019287109375, 0.00823974609375, 0.02294921875, 0.0595703125, 0.036865234375, 0.022705078125, -0.0264892578125, -0.07958984375, -0.01531982421875, -0.002838134765625, -0.00421142578125, -0.023681640625, -0.0015716552734375, 0.01495361328125, 0.01458740234375, -0.02978515625, 0.00115966796875, -0.0140380859375, -0.0224609375, -0.01220703125, -0.041748046875, -0.01007080078125, -0.006317138671875, -0.053466796875, -0.0400390625, -0.05712890625, 0.03271484375, 0.01324462890625, -0.00157928466796875, 0.0234375, 0.01513671875, 0.0224609375, -0.044189453125, 0.006622314453125, -0.0595703125, 0.0179443359375, -0.01361083984375, -0.06494140625, -0.01031494140625, -0.032470703125, -0.060302734375, -0.0267333984375, 0.015380859375, 0.0341796875, -0.01556396484375, 0.0291748046875, -0.0260009765625, 0.000774383544921875, -0.017333984375, 0.034912109375, -0.0205078125, 1.895427703857422e-05, -0.010009765625, -0.0184326171875, -0.01287841796875, -0.040283203125, -0.0159912109375, -0.004608154296875, -0.046875, 0.01324462890625, 0.0419921875, -0.0130615234375, -0.0311279296875, -0.0311279296875, -0.05322265625, -0.049560546875, -0.03515625, -0.010009765625, 0.0050048828125, 0.01556396484375, 0.018798828125, -0.0810546875, -0.0439453125, 0.0703125, -0.00689697265625, 0.044921875, -0.004638671875, -0.01239013671875, -1.5854835510253906e-05, 0.01043701171875, 0.0390625, -0.024169921875, -0.00078582763671875, 0.01458740234375, -0.005218505859375, 0.0478515625, -0.01434326171875, -0.00982666015625, -0.049560546875, -0.01904296875, 0.0013427734375, -0.06982421875, -0.00799560546875, -0.0213623046875, 0.0002899169921875, -0.01226806640625, -0.0478515625, -0.00482177734375, -0.00714111328125, -0.0361328125, -0.005401611328125, 0.032470703125, 0.01904296875, 0.0096435546875, -0.0311279296875, -0.0257568359375, -0.04443359375, -0.0027008056640625, -0.05859375, 0.04052734375, 0.01202392578125, -0.0260009765625, 0.008544921875, -0.01507568359375, -0.036376953125, 0.007781982421875, -0.0096435546875, -0.01220703125, -0.006103515625, 0.015869140625, 0.029541015625, 0.039306640625, 0.0400390625, 0.0291748046875, 0.006683349609375, -0.0240478515625, 0.0390625, 0.0250244140625, -0.05712890625, -0.004486083984375, 0.0025177001953125, -0.06494140625, -0.048828125, -0.0177001953125, 0.0016632080078125, -0.0181884765625, -0.05126953125, -0.0185546875, 0.01129150390625, -0.0390625, 0.06298828125, -0.01031494140625, -0.0017242431640625, 0.0267333984375, 0.01226806640625, -0.029296875, -0.062255859375, 0.05908203125, 0.028564453125, 0.03759765625, 0.0458984375, -0.0169677734375, -0.0771484375, -0.026611328125, 0.0341796875, 0.00537109375, -0.0093994140625, -0.00162506103515625, 0.0888671875, -0.0262451171875, -0.028564453125, 0.0439453125, -0.044189453125, -0.000812530517578125, -0.07861328125, 0.0130615234375, -0.031982421875, 0.01708984375, -0.0174560546875, -0.020263671875, -0.04541015625, 0.01275634765625, 0.0181884765625, -0.028564453125, -0.031982421875, 0.02001953125, 0.05908203125, -0.003326416015625, -0.0029296875, -0.000415802001953125, -0.011962890625, 0.0211181640625, 0.01904296875, -0.006011962890625, -0.01080322265625, 0.0260009765625, -0.01104736328125, 0.035400390625, -0.0023040771484375, -0.036865234375, 0.0184326171875, -0.022705078125, 0.050048828125, 0.0810546875, 0.001708984375, 0.0966796875, -0.0142822265625, 0.037109375, -0.016845703125, 0.025634765625, -0.02099609375, 0.0615234375, -0.0419921875, -0.00982666015625, 0.00836181640625, 0.024658203125, 0.0234375, 0.01519775390625, -0.004974365234375, -0.00897216796875, -0.01483154296875, 0.044189453125, 0.055419921875, 0.01129150390625, -0.0206298828125, -0.00433349609375, 0.0341796875, -0.00994873046875, 0.02978515625, -0.0302734375, 0.01055908203125, 0.033935546875, 0.05322265625, 0.00909423828125, 0.0093994140625, 0.0201416015625, -0.01708984375, 0.04931640625, -0.00372314453125, 0.00665283203125, 0.0439453125, 0.0025787353515625, -0.0245361328125, 0.032958984375, 0.05126953125, -0.0341796875, -0.03515625, 0.039306640625, -0.0179443359375, -0.043701171875, 0.01904296875, 0.024169921875, 0.059326171875, 0.01416015625, 0.0181884765625, -0.0142822265625, -0.04052734375, -0.0703125, -0.0390625, 0.0250244140625, -0.049560546875, 0.00823974609375, 0.01708984375, 0.02294921875, 0.03515625, 0.01263427734375, 0.03369140625, -0.0361328125, 0.040771484375, 0.01519775390625, 0.006011962890625, 0.005340576171875, -0.041015625, 0.0208740234375, 0.0218505859375, 0.0184326171875, -0.072265625, 0.024658203125, -0.00714111328125, -0.0137939453125, -0.0546875, 0.02392578125, -0.0625, -0.00482177734375, 0.0078125, -0.0184326171875, 0.01202392578125, -0.02294921875, 0.007171630859375, 0.0111083984375, 0.01708984375, -0.04296875, -0.0341796875, -0.0302734375, 0.03369140625, -0.022705078125, 0.050048828125, -0.0213623046875, -0.00555419921875, -0.0016021728515625, -0.024658203125, 0.024169921875, -0.048828125, -0.03466796875, -0.0634765625, -0.0206298828125, -0.001312255859375, -0.00897216796875, 0.01531982421875, 0.003387451171875, 0.028564453125, -0.0341796875, 0.009521484375, -0.026611328125, -0.02294921875, 0.017578125, -0.023681640625, 0.02978515625, -0.0084228515625, -0.0196533203125, 0.029296875, -0.041015625, 0.0087890625, -0.000667572021484375, -0.0673828125, -0.01031494140625, 0.061767578125, 0.04931640625, 0.005859375, -0.0235595703125, -0.027099609375, -0.04443359375, -0.0267333984375, -0.06298828125, 0.00982666015625, -0.01202392578125, -0.022705078125, -0.006805419921875, -0.0615234375, 0.04052734375, -0.0291748046875, -0.08837890625, 0.00396728515625, 0.0262451171875, 0.0069580078125, -0.03076171875, 0.003204345703125, -0.037109375, -0.032958984375, -0.0201416015625, 0.0220947265625, -0.0169677734375, -0.0164794921875, 0.048095703125, -0.01220703125, -0.0478515625, -0.006927490234375, 0.0615234375, -0.0244140625, -0.00604248046875, -0.048095703125, 0.08447265625, -0.07958984375, 0.0135498046875, 0.003265380859375, -0.01202392578125, 0.03515625, -0.000751495361328125, 0.003662109375, 0.0157470703125, -0.050048828125, -0.0030059814453125, -0.0272216796875, 0.01708984375, 0.049072265625, -0.0029449462890625, -0.000843048095703125, -0.05419921875, -0.009033203125, 0.0057373046875, 0.031494140625, -0.01226806640625, 0.006195068359375, -0.0220947265625, -0.000392913818359375, 0.0184326171875, -0.03369140625, -0.038818359375, 0.0093994140625, -0.00146484375, -0.039794921875, -0.05517578125, -0.0240478515625, 0.009033203125, -0.018798828125, 0.008056640625, 0.047119140625, -0.00592041015625, 0.017822265625, -0.018310546875, -0.026611328125, 0.01043701171875, 0.0211181640625, -0.0247802734375, 0.00738525390625, 0.0013427734375, -0.006622314453125, -0.0089111328125, -0.040771484375, 0.07080078125, -0.0030059814453125, 0.0220947265625, 0.00872802734375, -0.0203857421875, 0.0026397705078125, 0.03515625, -0.024658203125, -0.031494140625, -0.0208740234375, -0.0079345703125, -0.044921875, 0.01251220703125, -0.0257568359375, 0.02099609375, 0.0308837890625, -0.0234375, -0.0206298828125, 0.035400390625, 0.00811767578125, -0.009521484375, 0.005218505859375, -0.00811767578125, -0.032958984375, -0.004180908203125, 0.042236328125, -0.034912109375, 0.040283203125, -0.01202392578125, 0.0291748046875, -0.00537109375, -0.02392578125, -0.005035400390625, -0.01092529296875, 0.00665283203125, 0.00604248046875, 0.01708984375, -0.05712890625, 0.0093994140625, -0.01300048828125, 0.058349609375, 0.03662109375, 0.0390625, -0.016845703125, 0.0033111572265625, -0.0634765625, 0.023193359375, 0.07177734375, 0.02978515625, 0.0118408203125, -0.0252685546875, -0.011962890625, 0.0059814453125, -0.03515625, 0.041259765625, 0.003936767578125, 0.007171630859375, -0.018798828125, -0.0272216796875, 0.018310546875, -0.039306640625, 0.0673828125, 0.04833984375, -0.024658203125, -0.003265380859375, 