{"movie": "wwdc2025", "offset": 476, "text_offset": 460, "embedding": [-0.0203857421875, 0.048583984375, 0.014892578125, 0.02099609375, -0.0595703125, -0.002227783203125, 0.01080322265625, 0.00787353515625, 0.031494140625, 0.06689453125, 0.0028228759765625, 0.00799560546875, 0.00634765625, -0.083984375, -0.0281982421875, -0.031982421875, 0.018798828125, -0.0003528594970703125, -0.0517578125, -0.0361328125, -0.00823974609375, -0.061279296875, 0.03662109375, -0.057373046875, 0.068359375, 0.0262451171875, -0.06298828125, -0.043212890625, 0.01287841796875, -0.028564453125, 0.03125, -0.01953125, 0.0118408203125, 0.0302734375, 0.0113525390625, 0.055419921875, 0.0252685546875, 0.050537109375, 0.031494140625, 0.005279541015625, -0.0361328125, -0.003570556640625, 0.00579833984375, -0.04052734375, -0.0027313232421875, 0.006072998046875, -0.04345703125, -0.045654296875, 0.0216064453125, -0.00225830078125, 0.01055908203125, -0.02099609375, 0.0101318359375, -0.05322265625, -0.0390625, 0.02783203125, -0.013427734375, 0.015625, 0.02734375, -0.003448486328125, -0.0015716552734375, -0.033935546875, 0.010009765625, -0.0177001953125, -0.01214599609375, 0.046630859375, -0.01611328125, -0.020751953125, 0.026123046875, -0.007293701171875, -0.0272216796875, 0.03271484375, 0.033447265625, -0.0093994140625, -0.00640869140625, 0.0123291015625, 0.048095703125, -0.046630859375, -0.015625, 0.046142578125, -0.0140380859375, 0.07470703125, -0.015380859375, 0.019775390625, -0.04296875, -0.06982421875, 0.019287109375, -0.00787353515625, -0.03076171875, -0.001312255859375, -0.0311279296875, 0.0216064453125, 0.0017547607421875, -0.0035247802734375, 0.017333984375, -0.0211181640625, -0.023681640625, -0.00262451171875, -0.01385498046875, 0.00970458984375, 0.027587890625, 0.0341796875, -0.03271484375, -0.06787109375, -0.05029296875, -0.01129150390625, -0.041015625, -0.00131988525390625, 0.014892578125, 0.0223388671875, 0.009765625, -0.0091552734375, 0.01116943359375, 0.061279296875, -0.0218505859375, 0.048095703125, 0.03955078125, -0.00811767578125, -0.001251220703125, 0.058837890625, -0.0142822265625, -0.05810546875, 0.0250244140625, -0.01708984375, 0.0223388671875, 0.0142822265625, 0.0308837890625, 0.060791015625, 0.00604248046875, 0.051513671875, 0.004791259765625, 0.004058837890625, 0.051513671875, 0.038818359375, -0.068359375, 0.00872802734375, 0.01507568359375, 0.0247802734375, -0.0003528594970703125, -0.002044677734375, -0.0042724609375, 0.041015625, -0.0625, 0.0201416015625, -0.03271484375, -0.00927734375, -0.0011444091796875, -0.0067138671875, -0.038330078125, -0.019287109375, 0.0272216796875, -0.0625, -0.047119140625, 0.044677734375, -0.0103759765625, 0.02001953125, 0.025146484375, -0.0263671875, -0.01483154296875, 0.0027313232421875, -0.00885009765625, -0.059814453125, 0.0205078125, -0.0123291015625, 0.07421875, -0.0361328125, 0.019775390625, 0.05029296875, -0.044677734375, -0.07763671875, -0.03125, 0.0302734375, -0.034423828125, 0.020263671875, 0.001617431640625, -0.03662109375, 0.00074005126953125, 0.01434326171875, 0.010009765625, 0.047119140625, 0.00457763671875, 0.0419921875, 0.041259765625, -0.02587890625, -0.00860595703125, 0.0028228759765625, 0.025390625, 0.060546875, -0.0177001953125, 0.048095703125, -0.0361328125, 0.0283203125, 0.03271484375, 0.01336669921875, -4.1484832763671875e-05, -0.0296630859375, -0.0013275146484375, -0.0228271484375, 0.02734375, 0.07763671875, -0.0164794921875, 0.0205078125, -0.0093994140625, 0.031494140625, 0.03466796875, 0.01177978515625, -0.040283203125, -0.0003032684326171875, -0.05712890625, 0.0216064453125, -0.04638671875, 0.047119140625, -0.034912109375, -0.0380859375, 0.009033203125, -0.040771484375, -0.0064697265625, 0.01495361328125, 0.037109375, 0.03955078125, 0.0286865234375, -0.0380859375, 0.07421875, -0.004180908203125, 0.014892578125, -0.001983642578125, 0.03369140625, -0.016357421875, -0.01531982421875, -0.003631591796875, 0.0035247802734375, 0.06640625, -0.0225830078125, 0.08642578125, 0.05029296875, 0.04052734375, -0.022705078125, 0.00164794921875, -0.045166015625, 0.0072021484375, 0.05859375, -0.033447265625, -0.05712890625, 0.025146484375, -0.01031494140625, -0.0262451171875, -0.0225830078125, 0.0098876953125, -0.022216796875, 0.015625, 0.0245361328125, 0.0004119873046875, 0.033447265625, -0.051513671875, -0.008544921875, 0.05126953125, -0.038330078125, 0.0072021484375, -0.0223388671875, 0.031494140625, 0.04638671875, 0.01025390625, -0.04248046875, -0.0654296875, 0.0037841796875, 0.00494384765625, -0.04736328125, -0.00173187255859375, -0.0257568359375, 0.041015625, 0.027099609375, -0.059326171875, -0.0654296875, 0.03955078125, -0.02001953125, -0.043701171875, -0.0654296875, 0.01104736328125, -0.007293701171875, 0.049560546875, -0.0291748046875, -0.0419921875, -0.01361083984375, 0.0048828125, 0.0791015625, 0.0086669921875, 0.00677490234375, -0.0172119140625, -0.0537109375, 0.0078125, 0.03662109375, 0.0311279296875, 0.0223388671875, -0.03662109375, -0.0012969970703125, 0.033447265625, -0.00080108642578125, -0.0228271484375, -0.020263671875, -0.0137939453125, -0.050537109375, 0.03662109375, -0.034423828125, 0.04150390625, -0.008056640625, 0.049072265625, 0.0078125, -0.0128173828125, 0.0311279296875, -0.00811767578125, -0.0098876953125, -0.007659912109375, 0.018310546875, 0.03564453125, -0.052734375, 0.01214599609375, 0.046630859375, 0.0015869140625, -0.037109375, -0.0291748046875, -0.01495361328125, 0.028564453125, 0.0074462890625, -0.0142822265625, 0.048095703125, -0.00604248046875, -0.01031494140625, -0.04345703125, -0.03955078125, -0.04931640625, 0.0186767578125, -0.0220947265625, -0.0225830078125, 0.034912109375, -0.0380859375, -0.0164794921875, 0.004669189453125, 0.0074462890625, -0.0361328125, -0.0028533935546875, 0.0017852783203125, 0.0108642578125, -0.043212890625, -0.018310546875, -0.04638671875, 0.002960205078125, 0.021240234375, 0.021728515625, -0.0076904296875, 0.04150390625, 0.0201416015625, -0.043212890625, -0.03369140625, 0.0712890625, 0.03466796875, -0.0303955078125, 0.027587890625, 0.040771484375, -0.058837890625, 0.025146484375, -0.016845703125, 0.0008544921875, -0.02685546875, -0.007659912109375, 0.029052734375, -0.03173828125, -0.01226806640625, -0.0125732421875, -0.01385498046875, 0.00885009765625, 0.01202392578125, 0.01263427734375, -0.0145263671875, -0.00665283203125, -0.042236328125, 0.01336669921875, 0.017333984375, 0.0277099609375, -0.038330078125, -0.000720977783203125, -0.035400390625, -0.0194091796875, 0.01434326171875, -0.0201416015625, -0.0263671875, -0.0164794921875, 0.000446319580078125, 0.0137939453125, -0.05419921875, 0.0137939453125, -0.0361328125, -0.0174560546875, 0.001861572265625, -0.0230712890625, -0.002288818359375, -0.027587890625, 0.01361083984375, 0.03662109375, -0.01531982421875, -0.0211181640625, -0.003936767578125, -0.0201416015625, -0.0281982421875, -0.00518798828125, -0.00054168701171875, 0.0380859375, -0.043212890625, -0.014892578125, 0.0185546875, 0.0081787109375, -0.024658203125, 0.044677734375, -0.0235595703125, -0.01336669921875, -0.0257568359375, 0.01019287109375, -0.01904296875, 0.052734375, -0.03173828125, 0.05615234375, 0.045166015625, 0.023193359375, 0.05126953125, 0.0166015625, 0.01080322265625, -0.025146484375, 0.00390625, -0.00860595703125, -0.047607421875, -0.014892578125, 0.025390625, -0.00592041015625, 0.033447265625, -0.03662109375, -0.02783203125, 0.05712890625, -0.0230712890625, 0.00144195556640625, 0.01556396484375, -0.00628662109375, 0.044677734375, -0.03125, -0.019775390625, 0.0108642578125, 0.0223388671875, 0.0191650390625, 0.022705078125, -0.00421142578125, 0.0159912109375, -0.0115966796875, 0.018310546875, -0.02587890625, 0.062255859375, 0.07421875, 0.0137939453125, -0.0230712890625, -0.05859375, -0.033935546875, -0.05224609375, 0.038330078125, 0.00238037109375, 0.00927734375, 0.0220947265625, -0.018798828125, 0.034423828125, -0.058349609375, 0.0228271484375, 0.0245361328125, -0.051513671875, -0.051513671875, -0.018310546875, -0.031982421875, 