{"movie": "wwdc2025", "offset": 266, "text_offset": 260, "embedding": [0.021240234375, 0.0184326171875, 0.043212890625, 0.0026702880859375, -0.0308837890625, 0.00469970703125, 0.004364013671875, 0.00168609619140625, -0.0517578125, 0.01239013671875, -0.017333984375, -0.0067138671875, -0.012939453125, -0.00135040283203125, -0.0111083984375, 0.005523681640625, 0.046875, 0.007568359375, -0.006439208984375, -0.031982421875, 0.016845703125, 0.00299072265625, 0.03369140625, -0.0284423828125, 0.046630859375, -0.039306640625, -0.00982666015625, -0.0169677734375, 0.0247802734375, 0.0009613037109375, -0.02685546875, -0.07958984375, 0.018798828125, 0.006744384765625, -0.0322265625, -0.017333984375, 0.0252685546875, 0.041015625, -0.038330078125, 0.0306396484375, 0.0048828125, 0.0025787353515625, 0.00408935546875, -0.03515625, 0.01348876953125, -0.042724609375, -0.0015869140625, -0.0247802734375, 0.003997802734375, 0.01214599609375, -0.0126953125, 0.0233154296875, 0.06298828125, -0.004791259765625, -0.05322265625, 0.0257568359375, -0.0301513671875, 0.01544189453125, 0.05908203125, 0.00087738037109375, -0.03271484375, -0.001556396484375, 0.00567626953125, 0.0027008056640625, -0.0030364990234375, -0.0106201171875, 0.002044677734375, -0.06640625, -0.0260009765625, 0.051513671875, -0.03564453125, 0.010498046875, 0.0205078125, -0.0281982421875, -0.00921630859375, 0.004547119140625, 0.0244140625, -0.022705078125, -0.0081787109375, 0.0458984375, 0.00677490234375, 0.0225830078125, -0.026123046875, 0.0255126953125, -0.021728515625, -0.027587890625, -0.0247802734375, -0.017822265625, -0.0174560546875, -0.03466796875, -0.0166015625, -0.0035552978515625, -0.02685546875, -0.013427734375, -0.007568359375, -0.0189208984375, -0.01531982421875, -0.0390625, 0.0172119140625, 0.043212890625, 0.03271484375, -0.046630859375, -0.022216796875, -0.0263671875, -0.015380859375, -0.0673828125, -0.01348876953125, -0.01104736328125, -0.005157470703125, -0.0130615234375, -0.011962890625, 0.0037689208984375, -0.03564453125, -0.04345703125, -0.0478515625, -0.0302734375, 0.0341796875, -0.024169921875, 0.037353515625, 0.04150390625, -0.0184326171875, 0.00131988525390625, 0.00787353515625, -0.055908203125, 0.00909423828125, 0.0205078125, 0.029541015625, -0.01556396484375, 0.0274658203125, -0.01507568359375, -0.00191497802734375, 0.051513671875, 0.00469970703125, 0.0517578125, -0.001708984375, -0.022705078125, -0.020263671875, 0.011962890625, -0.02685546875, 0.0223388671875, 0.03076171875, 0.045654296875, -0.03466796875, 0.0341796875, -0.0150146484375, -0.011962890625, 0.002410888671875, 0.01385498046875, -0.08837890625, 0.015869140625, 0.0198974609375, -0.039306640625, -0.033447265625, 0.059326171875, 0.0306396484375, -0.01373291015625, 0.00188446044921875, -0.015380859375, -0.01385498046875, -0.033935546875, 0.0247802734375, -0.035888671875, -0.0103759765625, 0.031494140625, 0.049560546875, 0.012451171875, -0.0216064453125, -0.0196533203125, 0.006591796875, -0.06884765625, -0.050537109375, 0.044189453125, 0.0242919921875, -0.0169677734375, -0.022216796875, 0.0018768310546875, -0.0181884765625, 0.0087890625, 0.01507568359375, -0.00982666015625, -0.0206298828125, 0.0101318359375, -0.015869140625, -0.0181884765625, 0.0196533203125, 0.041015625, -0.0013275146484375, 0.020751953125, -0.04052734375, 0.03271484375, 0.0140380859375, 0.046875, -0.0126953125, 0.00921630859375, -0.004730224609375, 0.005523681640625, -0.02685546875, 0.029052734375, 0.057373046875, 0.060546875, 0.00022411346435546875, -0.00408935546875, 0.0017852783203125, -0.04443359375, -0.01708984375, -0.01409912109375, -0.0016937255859375, -0.028076171875, -0.00063323974609375, -0.03515625, -0.041259765625, 0.00970458984375, 0.004486083984375, -0.038818359375, -0.022705078125, -0.00112152099609375, 0.06396484375, 0.0106201171875, -0.001861572265625, -0.025390625, -0.061279296875, 0.0140380859375, 0.03125, 0.0118408203125, 0.01239013671875, -0.03466796875, -0.03515625, 0.025390625, 0.01287841796875, -0.00677490234375, -0.008544921875, 0.012939453125, -0.0140380859375, 0.00732421875, 0.0400390625, 0.05615234375, -0.046630859375, 0.00830078125, -0.004302978515625, 0.010498046875, 0.007171630859375, -0.025390625, -0.0108642578125, 0.0274658203125, -0.0849609375, -0.0478515625, -0.038818359375, 0.004302978515625, 0.0478515625, 0.023681640625, -0.007171630859375, -0.01348876953125, 0.01904296875, -0.044677734375, 0.0162353515625, 0.0213623046875, -0.017578125, -0.0244140625, 0.0291748046875, -0.04541015625, 0.03125, 0.0191650390625, -0.0306396484375, -0.0191650390625, 0.01953125, 0.042236328125, 0.029541015625, -0.0096435546875, -0.044189453125, 0.02685546875, -0.018798828125, -0.033447265625, 0.040283203125, 0.023681640625, 0.0012969970703125, -0.01214599609375, -0.02490234375, 0.02490234375, -0.0150146484375, 0.030517578125, 0.0096435546875, 0.0147705078125, 0.01031494140625, -0.0059814453125, 0.023193359375, 0.032470703125, 0.0274658203125, 0.01031494140625, -0.033447265625, -0.0517578125, 0.051025390625, -0.0126953125, 0.003387451171875, 0.00055694580078125, 0.0025787353515625, -0.019287109375, 0.044189453125, 0.0458984375, -0.0274658203125, -0.02294921875, -0.0038604736328125, 0.045166015625, -0.045166015625, -0.0301513671875, 0.007537841796875, 0.0269775390625, 0.0172119140625, 0.00299072265625, 0.01458740234375, 0.01025390625, -0.00145721435546875, -0.038818359375, -0.00836181640625, 0.0087890625, 0.01348876953125, 0.023193359375, 0.0018768310546875, 0.0291748046875, 0.047607421875, 0.034423828125, -0.03271484375, 0.04248046875, -0.00101470947265625, 0.05712890625, -0.0250244140625, -0.014892578125, -0.036865234375, 0.006927490234375, -0.015625, -0.031494140625, 0.019775390625, -0.0242919921875, 0.0189208984375, -0.00811767578125, -0.04541015625, 0.037841796875, -0.0016937255859375, 0.0184326171875, -0.05517578125, 0.01953125, 0.002960205078125, -0.03564453125, 0.038330078125, -0.039306640625, -0.04541015625, 0.013427734375, 0.01031494140625, 0.031494140625, 0.039794921875, 0.042724609375, -0.0308837890625, 0.0274658203125, -0.05908203125, 0.02001953125, -0.0025177001953125, 0.00994873046875, 0.0078125, 0.01287841796875, -0.05224609375, -0.007415771484375, 0.03271484375, -0.0157470703125, 0.052001953125, 0.019287109375, 0.04052734375, -0.0087890625, 0.00762939453125, -0.02294921875, -0.0654296875, 0.01318359375, 0.00341796875, -0.0038604736328125, -0.0196533203125, -0.017822265625, -0.0233154296875, 0.0296630859375, -0.002197265625, 0.0172119140625, 0.005828857421875, -0.00439453125, -0.028076171875, 0.04052734375, -0.01226806640625, -0.011474609375, -0.00384521484375, -0.002838134765625, 0.00012063980102539062, -0.0458984375, 0.0172119140625, -0.08837890625, -0.0146484375, 0.00421142578125, 0.0361328125, -0.0250244140625, -0.011962890625, 0.000274658203125, -0.0245361328125, 0.033203125, -0.0174560546875, 0.041259765625, 0.017578125, 0.02099609375, -3.039836883544922e-05, 0.051025390625, -0.05078125, 0.01806640625, 0.06640625, -0.004150390625, 0.047607421875, -0.0002536773681640625, -0.048583984375, 0.0159912109375, 0.0301513671875, -0.0142822265625, -0.044677734375, -0.00909423828125, -0.0150146484375, 0.039306640625, 0.021728515625, -0.021728515625, 0.03955078125, 0.03271484375, 0.03759765625, 0.0133056640625, 0.03564453125, -0.03955078125, -0.01324462890625, 0.0167236328125, -0.07763671875, -0.003326416015625, -0.00225830078125, 0.019775390625, 0.00836181640625, 0.0537109375, 0.033203125, 9.679794311523438e-05, -0.0517578125, 0.0025177001953125, -0.03564453125, -0.000438690185546875, 0.0234375, -0.046630859375, -0.0751953125, 0.0159912109375, -0.005279541015625, 0.029541015625, -0.017822265625, -0.034912109375, -0.00299072265625, 0.017822265625, 0.0108642578125, -0.017578125, 0.062255859375, 0.04541015625, 0.00107574462890625, 0.02099609375, -0.0026397705078125, -0.0263671875, -0.022705078125, -0.0322265625, 0.0002269744873046875, -0.00958251953125, 0.0220947265625, 0.0106201171875, 0.062255859375, -0.004608154296875, 