{"movie": "wwdc2025", "offset": 194, "text_offset": 180, "embedding": [0.0294189453125, -0.0159912109375, 0.02001953125, -0.01092529296875, -0.04541015625, -0.0537109375, 0.0274658203125, -0.0390625, 0.006805419921875, 0.01275634765625, 0.00130462646484375, -0.010009765625, -0.037353515625, -0.038330078125, -0.03662109375, -0.01806640625, 0.0189208984375, 0.0311279296875, 0.0223388671875, -0.0019683837890625, -0.019287109375, -0.0223388671875, 0.0101318359375, -0.06298828125, 0.04052734375, 0.0042724609375, -0.0194091796875, -0.0419921875, -0.04052734375, 0.01116943359375, 0.0225830078125, -0.05517578125, 0.02685546875, 0.0308837890625, -0.017578125, 0.01513671875, 0.0257568359375, 0.0019683837890625, -0.0140380859375, 0.047119140625, -0.051025390625, -0.01446533203125, 0.029296875, 0.0242919921875, -0.04345703125, -0.007659912109375, -0.0205078125, -0.00799560546875, 0.044189453125, 0.05615234375, 0.05322265625, -0.0002193450927734375, -0.01556396484375, -0.0703125, 0.00176239013671875, -0.0034942626953125, 0.0341796875, -0.01361083984375, 0.006103515625, 0.00299072265625, -0.0076904296875, 0.00016021728515625, -0.01153564453125, -0.0400390625, -0.057373046875, 0.045166015625, 0.0016326904296875, 0.007049560546875, -0.0108642578125, 0.010009765625, 0.01239013671875, -0.01080322265625, -0.0189208984375, -0.01275634765625, -0.01336669921875, -0.03515625, 0.0242919921875, -0.0003032684326171875, -0.046142578125, 0.01318359375, 0.01953125, 0.012939453125, 0.006805419921875, -0.04736328125, -0.002227783203125, -0.03173828125, 0.049072265625, -0.0019989013671875, 0.010009765625, 0.00141143798828125, -0.0017242431640625, 0.0252685546875, 0.053466796875, 0.0115966796875, -0.031982421875, 0.004852294921875, -0.00830078125, -0.050537109375, -0.0003910064697265625, 0.049072265625, 0.0022430419921875, 0.013427734375, -0.044677734375, 0.00946044921875, -0.0888671875, -0.052734375, 0.04736328125, 0.0159912109375, -0.0162353515625, 0.0003452301025390625, -0.044677734375, -0.0162353515625, 0.008544921875, 0.050048828125, -0.057373046875, 0.043212890625, 0.0703125, 0.000598907470703125, 0.047119140625, -0.01806640625, -0.0017242431640625, -0.055908203125, 0.0216064453125, -0.0537109375, 0.01513671875, 0.031494140625, 0.010498046875, 0.01171875, -0.01068115234375, 0.03857421875, -0.0191650390625, -0.00159454345703125, 0.037841796875, -0.0067138671875, -0.04052734375, 0.0289306640625, 0.057373046875, 0.01513671875, -0.036865234375, 0.000682830810546875, 0.0458984375, 0.0341796875, -0.06298828125, 0.0108642578125, -0.035888671875, -0.0281982421875, 0.05908203125, -0.0400390625, -0.04345703125, 0.004486083984375, 0.049560546875, 0.04052734375, -0.02490234375, 0.095703125, 0.00958251953125, 0.04345703125, -0.0277099609375, -0.0057373046875, -0.0289306640625, -0.056884765625, 0.0286865234375, -0.06298828125, -0.037841796875, 0.0020599365234375, 0.048828125, 0.00063323974609375, -0.0135498046875, -0.016357421875, -0.051025390625, 0.0147705078125, -0.061279296875, 0.023681640625, 0.03662109375, -0.0026397705078125, 0.01177978515625, -0.032470703125, 0.01531982421875, 0.03466796875, 0.00439453125, 0.00103759765625, 0.005645751953125, 0.0306396484375, -0.0078125, -0.0208740234375, -0.007354736328125, -0.01470947265625, 0.01318359375, 0.05517578125, -0.043212890625, 0.054931640625, -0.00139617919921875, 0.0194091796875, -0.0001316070556640625, -0.05419921875, 0.056884765625, -0.02001953125, -0.00180816650390625, 0.01153564453125, 0.0035247802734375, 0.004058837890625, -0.0191650390625, 0.009033203125, -0.017822265625, 0.04248046875, -0.027099609375, -0.030029296875, 0.01385498046875, 0.057861328125, -0.01397705078125, 0.0294189453125, -0.02978515625, -0.01312255859375, -0.04052734375, -0.060546875, 0.03125, -0.0244140625, 0.041748046875, -0.004730224609375, -0.0087890625, -0.0274658203125, -0.0284423828125, 0.022705078125, 0.04541015625, -0.02001953125, -0.06689453125, 0.01336669921875, -0.0014801025390625, -0.00139617919921875, 0.0189208984375, 0.0262451171875, -0.0113525390625, 0.0184326171875, -0.00787353515625, 0.0028839111328125, 0.01263427734375, 0.0166015625, 0.0029449462890625, 0.0245361328125, -0.0693359375, 0.033203125, -0.00421142578125, -0.046142578125, -0.01953125, 0.043701171875, -0.0089111328125, -0.021728515625, 0.00177764892578125, 0.022705078125, 0.0078125, 0.049560546875, -0.021728515625, -0.0130615234375, 0.06298828125, -0.06689453125, 0.021728515625, 0.035888671875, -0.01708984375, -0.0027618408203125, 0.041748046875, 0.01239013671875, -0.033935546875, 0.0130615234375, 0.005767822265625, -0.05322265625, 0.01025390625, 0.0159912109375, -0.0150146484375, 0.0023651123046875, -0.05517578125, 0.0615234375, 0.0113525390625, 0.000614166259765625, 0.017822265625, 0.061767578125, 0.01116943359375, -0.055419921875, -0.06396484375, 0.032470703125, -0.0140380859375, 0.044677734375, -0.04736328125, 0.019775390625, -0.01116943359375, 0.00982666015625, 0.0194091796875, 0.0086669921875, 0.00579833984375, 0.010498046875, -0.002716064453125, -0.0137939453125, 0.0625, -0.033935546875, -0.022705078125, 0.0027923583984375, 0.00811767578125, -0.0322265625, -0.01025390625, 0.038330078125, -0.025390625, -0.049560546875, -0.03369140625, 0.01708984375, -0.00151824951171875, -0.01214599609375, 0.036376953125, 0.0703125, 0.05322265625, 0.031494140625, 0.0186767578125, 0.015869140625, 0.0267333984375, -0.0257568359375, -0.042236328125, 0.041748046875, -0.048583984375, 0.0037841796875, -0.004547119140625, -0.03564453125, -0.0091552734375, 0.0220947265625, 0.0103759765625, -0.00848388671875, -0.0036773681640625, 0.0103759765625, -0.020263671875, -0.02294921875, -0.048583984375, -0.0277099609375, 0.00634765625, -0.06298828125, 0.030029296875, 0.0311279296875, 0.003448486328125, -0.0277099609375, -0.0223388671875, -0.01214599609375, -0.0400390625, -0.033447265625, 0.0205078125, 0.005523681640625, 0.0220947265625, -0.0223388671875, 0.0211181640625, -0.01495361328125, -0.0255126953125, 0.04736328125, 0.00830078125, 0.0186767578125, 0.042236328125, 0.032470703125, 0.01068115234375, -0.026123046875, 0.02685546875, 0.009033203125, -0.01318359375, -0.0771484375, 0.0145263671875, 0.01214599609375, -0.078125, 0.0225830078125, 0.0262451171875, -0.005462646484375, 0.00933837890625, 0.00823974609375, 0.0257568359375, -0.02001953125, -0.05078125, -0.012451171875, -0.047119140625, -0.00176239013671875, 0.059814453125, 0.0274658203125, -0.0012359619140625, 0.017822265625, -0.0281982421875, -0.01043701171875, -0.0019989013671875, 0.00102996826171875, -0.03515625, -0.0001697540283203125, -0.0289306640625, -0.00933837890625, -0.0263671875, 0.0230712890625, -0.0211181640625, -0.037353515625, 0.0062255859375, 0.00250244140625, -0.0242919921875, -0.06689453125, 0.044189453125, 0.0478515625, 0.0289306640625, -0.0400390625, 0.006683349609375, -0.068359375, 0.02099609375, 0.037841796875, 0.0159912109375, -0.00164794921875, -0.0142822265625, -0.012451171875, -0.0281982421875, 0.01953125, -0.0294189453125, 0.048828125, -0.01544189453125, 0.03515625, 0.0167236328125, 0.02587890625, -0.041015625, 0.004791259765625, -0.052734375, -0.0281982421875, -0.0213623046875, -0.04248046875, 0.0159912109375, 0.03369140625, -0.052490234375, 0.000240325927734375, 0.05908203125, -0.036376953125, 0.0048828125, -0.02099609375, 0.044677734375, -0.017578125, -0.00830078125, -0.0390625, -0.04638671875, 0.0179443359375, 0.037353515625, 0.006561279296875, 0.0033416748046875, -0.0181884765625, 0.012451171875, 0.0245361328125, -0.060791015625, 0.012939453125, -0.018310546875, -0.0225830078125, 0.051025390625, -0.048095703125, -0.10205078125, -0.00701904296875, -0.0419921875, 0.0498046875, 0.004669189453125, 0.0262451171875, -0.027587890625, 0.051513671875, 0.0289306640625, -0.01251220703125, 0.032470703125, 0.0101318359375, -0.0191650390625, 0.01544189453125, -0.0140380859375, -0.0712890625, -0.0189208984375, 0.036376953125, -0.03466796875, 0.0137939453125, 0.0498046875, -0.029296875, 0.031982421875, -0.02685546875, -0.037353515625, 