{"movie": "wwdc2025", "offset": 424, "text_offset": 420, "embedding": [-0.04248046875, -0.01434326171875, 0.04736328125, 0.0255126953125, -0.068359375, -0.043701171875, 0.023193359375, -0.04443359375, 0.026611328125, 0.007720947265625, 0.00067901611328125, 0.04345703125, -0.0030670166015625, -0.07470703125, -0.055908203125, -0.022216796875, -0.0181884765625, -0.031982421875, -0.06396484375, -0.02685546875, -0.007476806640625, -0.06396484375, -0.00665283203125, -0.0208740234375, 0.029296875, 0.0084228515625, -0.0242919921875, -0.0162353515625, -0.061279296875, -0.012939453125, -0.018798828125, -0.05908203125, 0.055908203125, 0.00543212890625, 0.0218505859375, -0.0255126953125, 0.017822265625, 0.021728515625, 0.01287841796875, 0.03173828125, -0.0157470703125, 0.0172119140625, -0.00738525390625, 0.03662109375, -0.00677490234375, -0.033203125, -0.021728515625, -0.0020904541015625, 0.01708984375, 0.028564453125, -0.02587890625, 0.031982421875, -0.00860595703125, 0.007720947265625, 0.0126953125, -0.0146484375, -0.0130615234375, 0.031494140625, 0.020263671875, -0.0157470703125, 0.029296875, -0.017578125, -0.0306396484375, -0.017578125, 0.00194549560546875, 0.022705078125, 0.0181884765625, -0.03369140625, -0.00665283203125, -0.01080322265625, -0.018310546875, -0.00750732421875, -0.00135040283203125, -0.0166015625, -0.03369140625, 0.0208740234375, 0.0216064453125, -0.02587890625, 0.0198974609375, 0.004364013671875, 0.00823974609375, 0.031494140625, 0.016845703125, -0.017333984375, -0.01397705078125, -0.028564453125, -0.00136566162109375, -0.04248046875, -0.0225830078125, 0.031494140625, 0.0159912109375, 0.0150146484375, -0.01116943359375, -0.03955078125, -0.000949859619140625, 0.011962890625, -0.061279296875, -0.017333984375, 0.04736328125, 0.0311279296875, 0.03076171875, 0.02587890625, -0.061767578125, 0.0218505859375, -0.06640625, -0.03369140625, 0.00970458984375, -0.0252685546875, 0.0185546875, 0.0194091796875, -0.002349853515625, 0.0076904296875, 0.01263427734375, 0.0036773681640625, -0.0027923583984375, 0.048583984375, 0.056884765625, -0.0211181640625, -0.0252685546875, 0.0250244140625, 0.000286102294921875, -0.01446533203125, 0.0211181640625, -0.0341796875, -0.0101318359375, 0.043212890625, 0.058837890625, 0.007171630859375, -0.0004444122314453125, 0.07666015625, 0.036376953125, 0.0230712890625, 0.0230712890625, 0.0308837890625, -0.08837890625, 0.0211181640625, 0.07421875, -0.028564453125, -0.037841796875, -0.0216064453125, -0.044677734375, 0.0517578125, -0.0157470703125, -0.01312255859375, -0.04052734375, -0.049072265625, 0.043212890625, 0.025390625, -0.00494384765625, -0.056396484375, 0.01214599609375, -0.03662109375, -0.06494140625, 0.03515625, 0.03369140625, -0.0247802734375, 0.00469970703125, 0.007659912109375, -0.020751953125, -0.022216796875, 0.0225830078125, -0.07763671875, -0.026611328125, -0.0274658203125, 0.0751953125, 0.00543212890625, -0.03076171875, -0.03515625, -0.0194091796875, 0.01397705078125, -0.04638671875, 0.038818359375, -0.021728515625, -0.017822265625, -0.02587890625, -0.0225830078125, 0.01226806640625, -0.021728515625, 0.00958251953125, -0.020263671875, -0.02978515625, 0.029541015625, 0.0947265625, -0.0169677734375, -0.00010061264038085938, -0.0181884765625, 0.008544921875, 0.013427734375, -0.007598876953125, 0.0498046875, -0.031982421875, -0.046142578125, 0.01513671875, -0.00933837890625, 0.048583984375, -0.043212890625, -0.01251220703125, 0.003936767578125, 0.03271484375, 0.05078125, 0.01153564453125, 0.0294189453125, -0.043701171875, 0.045166015625, 0.0133056640625, 0.0272216796875, 0.0252685546875, 0.006591796875, -0.0810546875, 0.0034637451171875, -0.032958984375, -0.01409912109375, 0.01177978515625, -0.04541015625, 0.0230712890625, -0.01611328125, 0.06005859375, 0.005584716796875, 0.06640625, 0.0150146484375, 0.000919342041015625, 0.01129150390625, 0.050537109375, 0.031494140625, -0.0277099609375, -0.0361328125, 0.01043701171875, 0.006195068359375, 0.04443359375, -0.00146484375, 0.050048828125, 0.0419921875, -0.056396484375, 0.0142822265625, 0.06689453125, 0.034423828125, 0.02587890625, -0.006988525390625, -0.03466796875, 0.012939453125, 0.0223388671875, -0.037353515625, 0.029052734375, 0.0042724609375, -0.0257568359375, 0.0289306640625, 0.0089111328125, -0.003692626953125, 0.057373046875, -0.0245361328125, -0.048828125, 0.06591796875, 0.028564453125, -0.0146484375, 0.0033416748046875, 0.052734375, -0.00927734375, 0.0186767578125, 0.0145263671875, 0.006683349609375, 0.0281982421875, -0.033203125, -0.0245361328125, -0.0023040771484375, 0.031494140625, -0.0030517578125, 0.00225830078125, -0.01068115234375, -0.029052734375, 0.020263671875, 0.00970458984375, 0.026611328125, -0.049560546875, 0.05419921875, 0.026123046875, 0.01226806640625, -0.038818359375, -0.0208740234375, -0.008544921875, -0.0032196044921875, -0.0101318359375, 0.00970458984375, -0.01708984375, -0.031494140625, 0.05078125, -0.0272216796875, 0.006805419921875, -0.00982666015625, -0.0164794921875, -0.0294189453125, -0.00982666015625, -0.023681640625, 0.0250244140625, -0.0274658203125, -0.032958984375, 0.05810546875, -0.037841796875, -0.0223388671875, -0.03076171875, -0.05859375, -0.0654296875, -0.03466796875, 0.0191650390625, 0.0191650390625, 0.0023193359375, 0.045166015625, 0.027099609375, -0.01446533203125, 0.0263671875, 0.0693359375, 0.01202392578125, 0.0223388671875, -0.0167236328125, 0.03564453125, -0.02978515625, 0.019775390625, -0.00038909912109375, 0.01495361328125, -0.03759765625, -0.00726318359375, -0.019775390625, 0.0089111328125, 0.04345703125, -0.025390625, -0.00970458984375, -0.000507354736328125, 0.00090789794921875, -0.0024261474609375, -0.00872802734375, -0.043701171875, 0.0213623046875, -0.0208740234375, -0.01202392578125, 0.0211181640625, -0.050048828125, 0.0167236328125, -0.037109375, -0.009033203125, -0.018798828125, 0.027099609375, 0.0093994140625, -0.005889892578125, 0.0033416748046875, 0.00323486328125, -0.038818359375, 0.008056640625, 0.00811767578125, 0.0478515625, 0.0211181640625, -0.017578125, 0.048095703125, -0.026611328125, 0.021240234375, 0.03076171875, 0.00186920166015625, -0.0145263671875, -0.038818359375, 0.04052734375, -0.0294189453125, -0.006988525390625, 0.004180908203125, 0.0537109375, -0.02685546875, -0.02294921875, 0.03759765625, 0.00119781494140625, -0.0208740234375, 0.006805419921875, -0.01318359375, 0.0245361328125, 0.0751953125, 0.033203125, 0.0272216796875, -0.00433349609375, 0.0135498046875, 0.0279541015625, 0.017333984375, 0.0211181640625, -0.052734375, -0.056884765625, -0.061279296875, 0.060546875, -0.013427734375, -0.051513671875, 0.002349853515625, 0.0181884765625, -0.0255126953125, -0.0247802734375, -0.012939453125, -0.026611328125, -0.0341796875, -0.041015625, 0.042236328125, -0.0257568359375, -0.04150390625, -0.04052734375, -0.05908203125, 0.031494140625, 0.0458984375, 0.01220703125, 0.0185546875, -0.0634765625, -0.055908203125, -0.0286865234375, -0.041748046875, 0.020751953125, -0.0191650390625, -0.0279541015625, 0.0196533203125, 0.01708984375, -0.0361328125, 0.050048828125, -0.034912109375, 0.01806640625, -0.00665283203125, 0.01214599609375, -0.049560546875, 0.037841796875, -0.044677734375, 0.0216064453125, 0.00017070770263671875, 0.02001953125, 0.0235595703125, 0.0341796875, -0.0025634765625, 0.015625, -0.0027618408203125, -0.04345703125, -0.042724609375, 0.02490234375, 0.0011749267578125, -0.0142822265625, 0.04052734375, -0.004913330078125, 0.0026092529296875, -0.000522613525390625, -0.00811767578125, 0.0024871826171875, -0.033447265625, 0.00014209747314453125, -0.00958251953125, -0.018798828125, -0.036865234375, -0.01177978515625, 0.02490234375, 0.05322265625, -0.0076904296875, 0.0537109375, -0.0517578125, -0.031982421875, -0.06005859375, 0.048095703125, 0.038330078125, 0.0262451171875, -0.03271484375, 0.041015625, -0.00787353515625, -0.0634765625, -0.01171875, -0.01434326171875, 0.010009765625, 0.0196533203125, 0.038330078125, -0.0400390625, 0.044677734375, 0.0194091796875, 0.0311279296875, 