{"movie": "wwdc2025", "offset": 78, "text_offset": 60, "embedding": [0.050048828125, 0.04150390625, 0.083984375, 0.0242919921875, -0.0419921875, 0.01434326171875, 0.0400390625, -0.0012359619140625, 0.0048828125, -0.01251220703125, -0.00921630859375, -0.00040435791015625, 0.0184326171875, -0.01458740234375, -0.022216796875, -0.0189208984375, 0.02880859375, 0.0010986328125, 0.0245361328125, 0.018310546875, 0.027587890625, 0.028076171875, 0.0242919921875, -0.10888671875, 0.03515625, 0.001129150390625, -0.06396484375, -0.01904296875, -0.01251220703125, 0.00070953369140625, -0.0252685546875, -0.1083984375, 0.058349609375, 0.01483154296875, -0.0849609375, 0.01806640625, 0.0400390625, 0.025146484375, -0.044189453125, 0.03369140625, -0.031494140625, 0.0103759765625, -0.0169677734375, -0.0145263671875, 0.0302734375, -0.025634765625, -0.0228271484375, -0.017822265625, -0.023193359375, -0.004364013671875, 0.0185546875, 0.0172119140625, 0.0380859375, -0.03125, 0.00927734375, -0.02587890625, 0.0185546875, -0.0084228515625, 0.020263671875, -0.00714111328125, -0.01434326171875, -0.017822265625, -0.03271484375, 0.0191650390625, 0.0040283203125, 0.006927490234375, -0.006561279296875, -0.058349609375, -0.01904296875, 0.037109375, -0.06298828125, -0.01513671875, 0.042236328125, -0.041015625, 0.00049591064453125, -0.005157470703125, 0.08935546875, -0.017822265625, -0.00823974609375, -0.01513671875, 0.0172119140625, 0.017578125, 0.03564453125, -0.0096435546875, 0.0191650390625, -0.05419921875, -0.024169921875, -0.0174560546875, -0.0174560546875, -0.0308837890625, -0.003204345703125, -0.007598876953125, -0.03564453125, -0.00872802734375, 0.034912109375, 0.03759765625, 0.0052490234375, 0.01483154296875, 0.02978515625, -0.0167236328125, -0.0257568359375, 0.018798828125, 0.002532958984375, -0.022216796875, -0.061767578125, -0.045166015625, -0.01513671875, 0.00933837890625, 0.00177001953125, -0.01385498046875, -0.00848388671875, -0.0172119140625, 0.007415771484375, -0.00067901611328125, -0.0216064453125, 0.00958251953125, 0.034423828125, -0.06591796875, -0.018310546875, 0.042236328125, 0.002838134765625, -0.031982421875, 0.002716064453125, -0.025146484375, -0.005889892578125, -0.00058746337890625, 0.0712890625, 0.004302978515625, -0.021728515625, 0.025146484375, 0.01544189453125, 0.028076171875, 0.01531982421875, -0.0014801025390625, -0.05078125, -0.032470703125, 0.0220947265625, 0.0157470703125, -0.037353515625, 0.005126953125, -0.00141143798828125, -0.0223388671875, 0.00823974609375, -0.024169921875, -0.0281982421875, -0.0390625, -0.0120849609375, 0.01287841796875, -0.0419921875, 0.003204345703125, 0.040283203125, -0.050048828125, 0.021240234375, 0.009033203125, -0.023681640625, -0.01953125, -0.00135040283203125, -0.0004253387451171875, 0.0299072265625, -0.006317138671875, -0.031982421875, -0.01519775390625, -0.01409912109375, -0.043212890625, 0.08056640625, 0.01312255859375, -0.020263671875, 0.003448486328125, -0.00164794921875, -0.001220703125, 0.0286865234375, 0.01336669921875, -0.0299072265625, 0.01519775390625, -0.05126953125, -0.005950927734375, -0.0201416015625, 0.0167236328125, 0.044189453125, -0.00811767578125, -0.019775390625, -0.012939453125, 0.05810546875, 0.00628662109375, -0.0157470703125, -0.0157470703125, 0.002227783203125, 0.056396484375, 0.0013580322265625, 0.00518798828125, -0.009033203125, 0.0296630859375, -0.00151824951171875, 0.0419921875, 0.049072265625, 0.00921630859375, 0.0115966796875, -0.02783203125, 0.01513671875, 0.01611328125, 0.0081787109375, 0.0537109375, -0.01416015625, -0.007598876953125, 0.033203125, 0.01055908203125, 0.059814453125, 0.0123291015625, -0.056396484375, -0.01953125, 0.0250244140625, -0.017822265625, -0.028564453125, -0.03515625, -0.00135040283203125, -0.06298828125, 0.052490234375, 0.0223388671875, 0.0272216796875, 0.033935546875, -0.0311279296875, -0.003143310546875, 0.01513671875, 0.037353515625, 0.0023956298828125, -0.018310546875, -0.005279541015625, -0.0174560546875, 0.034423828125, 0.004241943359375, 0.042236328125, -0.0159912109375, -0.01214599609375, -0.0027313232421875, 0.03076171875, 0.040771484375, 0.025634765625, -0.0262451171875, 0.009765625, 0.005706787109375, 0.0308837890625, -0.0810546875, -0.034423828125, 0.0556640625, -0.003662109375, 0.00193023681640625, 0.000537872314453125, 0.01007080078125, 0.050048828125, 0.0291748046875, -0.0308837890625, 0.01904296875, 0.020751953125, -0.0048828125, -0.05712890625, 0.01214599609375, -0.034423828125, 0.0390625, 0.00830078125, -0.018798828125, 0.040283203125, 0.01080322265625, 0.0281982421875, 0.01007080078125, -0.000881195068359375, -0.01165771484375, -0.0299072265625, 0.000972747802734375, -0.0172119140625, 0.040283203125, 0.0233154296875, 0.005767822265625, -0.003997802734375, 0.00408935546875, -0.045654296875, -0.032958984375, -0.037353515625, -0.037353515625, -0.040771484375, 0.013427734375, -0.0267333984375, -0.00689697265625, 0.01177978515625, -0.00927734375, -0.0419921875, 0.043212890625, 0.04296875, -0.0023040771484375, -0.0283203125, -0.018798828125, 0.0206298828125, -0.01214599609375, 0.021484375, 0.028076171875, -0.031494140625, 0.04736328125, 0.002593994140625, -0.043212890625, -0.0245361328125, -0.033447265625, -0.047119140625, -0.0091552734375, 0.0029449462890625, -0.0023193359375, -0.056396484375, 0.021728515625, -0.01519775390625, 0.047119140625, -0.025634765625, -0.0111083984375, 0.01080322265625, -0.027587890625, 0.0223388671875, 0.01239013671875, -0.037841796875, -0.00860595703125, -0.0225830078125, 0.006591796875, 0.04248046875, 0.04638671875, -0.010498046875, 0.0301513671875, -0.000751495361328125, -0.01263427734375, 0.001129150390625, 0.007171630859375, -0.07568359375, -0.0294189453125, -0.02783203125, -0.05078125, -0.0031280517578125, -0.042236328125, 0.017822265625, -0.028564453125, -0.04443359375, -0.0145263671875, -0.051513671875, 0.00848388671875, -0.0302734375, 0.018798828125, 0.00244140625, -0.006072998046875, -0.037109375, -0.018798828125, -0.045654296875, 0.00830078125, -0.0277099609375, 0.032958984375, 0.0037078857421875, -0.01141357421875, 0.0164794921875, -0.0576171875, 0.009033203125, 0.06982421875, 0.0306396484375, 0.017822265625, -0.0091552734375, 0.0169677734375, -0.045654296875, -0.024169921875, -0.0283203125, -0.05419921875, 0.0252685546875, -0.028564453125, 0.004302978515625, -0.02099609375, 0.017822265625, -0.0172119140625, -0.060302734375, 0.0791015625, 0.029052734375, -0.01513671875, -0.037109375, 0.01544189453125, -0.052734375, 0.032470703125, 0.01318359375, -0.0089111328125, -0.005584716796875, -0.0203857421875, 0.0011444091796875, 0.0302734375, 0.014892578125, -0.052490234375, -0.001312255859375, 0.0157470703125, 0.037353515625, -0.02783203125, -0.03857421875, -0.0419921875, 0.01953125, -0.05810546875, 0.040771484375, -0.060791015625, 0.027587890625, -0.031982421875, 0.01116943359375, 0.0184326171875, 0.00567626953125, 0.005462646484375, -0.01953125, -0.0167236328125, -0.00074005126953125, -0.047119140625, -0.000644683837890625, 0.0172119140625, 0.00653076171875, 0.01318359375, 0.0242919921875, -0.00616455078125, -0.056640625, 0.0615234375, -0.034423828125, -0.00872802734375, -0.0133056640625, 0.005523681640625, 0.033935546875, 0.00958251953125, 0.006591796875, 0.0751953125, 0.0537109375, 0.016357421875, -0.0218505859375, 0.01507568359375, -0.0223388671875, -0.013916015625, -0.00933837890625, -0.031982421875, -0.045166015625, -0.022216796875, -0.0101318359375, -0.00482177734375, 0.034423828125, -0.0172119140625, -0.0135498046875, -0.006683349609375, 0.0032806396484375, -0.0218505859375, -0.0419921875, 0.03564453125, 0.060302734375, 0.000675201416015625, -0.0164794921875, 0.0252685546875, -0.01611328125, 0.023681640625, 0.025634765625, -0.00225830078125, -0.0216064453125, -0.0390625, 0.0137939453125, 0.03564453125, 0.0390625, 0.017822265625, 0.005126953125, -0.006927490234375, -0.05029296875, -0.0174560546875, -0.01953125, 0.0257568359375, -0.0029144287109375, 0.050537109375, 0.0302734375, -0.037109375, 0.02685546875, 