{"movie": "wwdc2025", "offset": 72, "text_offset": 60, "embedding": [0.054443359375, 0.0026702880859375, 0.06982421875, 0.00994873046875, -0.0223388671875, 0.031982421875, 0.0296630859375, -0.0059814453125, 0.00106048583984375, 0.014892578125, -0.0118408203125, 0.0191650390625, 0.0033416748046875, -0.039794921875, -0.021240234375, 0.00421142578125, 0.0194091796875, -0.0014190673828125, -0.0021820068359375, -0.01153564453125, 0.002655029296875, 0.03125, 0.013427734375, -0.07666015625, 0.04150390625, 0.01055908203125, -0.04150390625, -0.00860595703125, 0.0142822265625, 0.0036773681640625, 0.0152587890625, -0.109375, 0.0537109375, 0.0284423828125, -0.04150390625, 0.021240234375, 0.032958984375, 0.01531982421875, -0.038818359375, 0.01495361328125, -0.0556640625, -0.0252685546875, -0.016845703125, -0.0277099609375, 0.030517578125, -0.0238037109375, -0.0166015625, -0.0228271484375, -0.0177001953125, 0.0069580078125, 0.01470947265625, 0.01025390625, 0.050048828125, -0.015625, 0.01434326171875, -0.006591796875, 0.0150146484375, -0.029296875, 0.00225830078125, -0.0277099609375, -0.00750732421875, -0.0184326171875, -0.03271484375, 0.0162353515625, -0.023193359375, 0.0233154296875, 0.007537841796875, -0.05322265625, -0.01373291015625, 0.0006103515625, -0.058349609375, -0.0018768310546875, 0.033203125, -0.034912109375, -0.0086669921875, 0.005767822265625, 0.0654296875, -0.0067138671875, 0.0031890869140625, -0.01171875, 0.0274658203125, 0.0263671875, 0.0040283203125, -0.014892578125, 0.044677734375, -0.06005859375, -0.0185546875, -0.0185546875, -0.00946044921875, 0.0034027099609375, 0.028076171875, 0.0220947265625, -0.023193359375, 0.005706787109375, 0.02197265625, 0.006866455078125, -0.0201416015625, 0.0030517578125, 0.006317138671875, -0.0152587890625, -0.0240478515625, 0.0167236328125, -0.01190185546875, -0.037841796875, -0.06591796875, -0.050537109375, -0.00592041015625, 0.012939453125, 0.00909423828125, -0.0037078857421875, 0.0115966796875, -0.033935546875, 0.01416015625, -0.0068359375, -0.00836181640625, 0.01031494140625, 0.0213623046875, -0.05224609375, -0.032470703125, 0.0390625, 0.03076171875, -0.022705078125, 0.0228271484375, -0.041015625, 0.0157470703125, 0.023681640625, 0.0615234375, 0.033935546875, -0.009033203125, -0.01397705078125, 0.03076171875, 0.01470947265625, 0.035400390625, -0.053466796875, -0.059814453125, -0.0205078125, 0.0279541015625, 0.0185546875, -0.040283203125, -0.0223388671875, -0.004241943359375, -0.0123291015625, 0.00112152099609375, -0.00177764892578125, -0.04541015625, -0.009033203125, -0.01373291015625, 0.0059814453125, -0.033935546875, 0.0089111328125, 0.0123291015625, -0.030517578125, 0.015380859375, 0.0224609375, -0.0194091796875, -0.005523681640625, 0.02197265625, 0.02001953125, 0.025390625, 0.00152587890625, -0.0283203125, -0.03466796875, -0.0107421875, -0.042724609375, 0.08056640625, 0.00860595703125, 0.0203857421875, 0.0145263671875, 0.0008392333984375, -0.028564453125, 0.048828125, 0.004150390625, -0.04296875, -0.0002765655517578125, -0.04541015625, -0.01129150390625, -0.0167236328125, 0.0390625, 0.014404296875, -0.00653076171875, -0.006011962890625, 0.005645751953125, 0.04638671875, 0.0322265625, -0.00921630859375, 0.00848388671875, -0.0140380859375, 0.046630859375, 0.01123046875, 0.00186920166015625, 0.01495361328125, -0.00098419189453125, -0.0002193450927734375, 0.080078125, 0.059814453125, 0.00946044921875, 0.00750732421875, -0.0238037109375, 0.03076171875, 0.0125732421875, 0.003753662109375, 0.03857421875, -0.0478515625, -0.00933837890625, 0.026123046875, 0.00732421875, 0.0140380859375, 0.029296875, -0.04736328125, -0.02734375, 0.050537109375, 0.00799560546875, 0.00616455078125, -0.0311279296875, -0.02978515625, -0.0654296875, 0.0263671875, 0.0380859375, 0.0025482177734375, 0.0311279296875, -0.0390625, 0.016845703125, 0.044677734375, 0.044921875, 0.01055908203125, -0.0142822265625, 0.017578125, -0.0002880096435546875, 0.044921875, 0.00909423828125, 0.0654296875, -0.041015625, -0.0172119140625, -0.004241943359375, -0.00897216796875, 0.048828125, -0.00384521484375, -0.0223388671875, -0.0103759765625, 0.0223388671875, 0.035888671875, -0.064453125, -0.0177001953125, 0.042236328125, 0.000270843505859375, 0.01361083984375, 0.00396728515625, 0.038330078125, 0.044189453125, 0.0244140625, -0.029296875, 0.047607421875, -0.00179290771484375, 0.0179443359375, -0.055908203125, 0.032470703125, -0.0059814453125, 0.01300048828125, 0.024658203125, -0.0250244140625, 0.060791015625, -0.00104522705078125, 0.037841796875, -0.021240234375, 0.000812530517578125, -0.0250244140625, -0.0038909912109375, 0.039794921875, -0.01068115234375, 0.0206298828125, 0.04150390625, -0.0272216796875, -0.0299072265625, -0.0033111572265625, -0.041259765625, -0.0279541015625, -0.064453125, -0.035400390625, -0.0272216796875, 0.0140380859375, -0.047607421875, -0.01483154296875, -0.01275634765625, 0.03271484375, -0.0157470703125, 0.02587890625, 0.0274658203125, -0.00139617919921875, -0.0181884765625, -0.021240234375, 0.02197265625, -0.007293701171875, 0.02685546875, 0.017822265625, -0.028564453125, 0.049072265625, 0.002471923828125, -0.05859375, -0.042236328125, -0.035400390625, -0.046875, 0.01165771484375, 0.00872802734375, 0.00860595703125, -0.058349609375, 0.034423828125, -0.00958251953125, 0.031494140625, -0.03271484375, -0.0244140625, -0.0028533935546875, -0.0033416748046875, 0.00872802734375, 0.0213623046875, -0.04150390625, 0.024658203125, -0.0181884765625, 0.017333984375, 0.025146484375, 0.0380859375, 0.002685546875, 0.0191650390625, -0.0096435546875, -0.037353515625, -0.0185546875, 0.0299072265625, -0.0673828125, -0.036865234375, -0.024169921875, -0.035400390625, -0.0140380859375, -0.068359375, 0.0244140625, -0.027099609375, -0.06396484375, -0.032958984375, -0.037353515625, -0.005035400390625, -0.04248046875, 0.032958984375, 0.017822265625, -0.01953125, -0.03759765625, -0.01611328125, -0.06787109375, -0.019775390625, -0.00494384765625, 0.0194091796875, 0.00067901611328125, 0.005126953125, -0.003082275390625, -0.03271484375, 0.0184326171875, 0.029052734375, 0.033935546875, 0.01708984375, -0.0267333984375, 0.01190185546875, -0.050048828125, 0.015625, -0.030029296875, -0.02197265625, -0.0021820068359375, -0.0311279296875, 0.0167236328125, -0.0126953125, 0.00958251953125, -0.025146484375, -0.046875, 0.0849609375, 0.0400390625, 0.0019073486328125, -0.00946044921875, 0.05029296875, -0.05322265625, 0.0301513671875, 0.00946044921875, 0.00110626220703125, -0.0050048828125, -0.0250244140625, -0.018310546875, 0.0106201171875, 0.0291748046875, -0.03857421875, 0.0162353515625, 0.005340576171875, 0.03125, 0.00115966796875, -0.027099609375, -0.057373046875, 0.009765625, -0.035400390625, 0.0244140625, -0.07080078125, 0.01434326171875, -0.021484375, 0.0103759765625, 0.0042724609375, -0.0169677734375, 0.00103759765625, -0.034423828125, -0.00107574462890625, -0.024658203125, -0.030517578125, 0.00152587890625, 0.00616455078125, -0.005279541015625, 0.0025634765625, 0.0272216796875, -0.01190185546875, -0.054443359375, 0.0625, -0.045166015625, -0.016357421875, -0.01043701171875, -0.000385284423828125, 0.0244140625, 0.0267333984375, -0.00457763671875, 0.07275390625, 0.051025390625, 0.0023345947265625, 0.000865936279296875, 0.0380859375, -0.00732421875, -0.0172119140625, 0.01263427734375, -0.03955078125, -0.051025390625, -0.0311279296875, -0.01019287109375, -0.00732421875, -0.005950927734375, -0.00958251953125, 0.005584716796875, 0.00958251953125, 0.0007476806640625, -0.03125, -0.007537841796875, 0.05224609375, 0.059814453125, -0.01904296875, -0.051025390625, 0.02392578125, 0.004302978515625, 0.006866455078125, 0.01031494140625, -0.005706787109375, -0.002227783203125, -0.0040283203125, 0.03955078125, 0.0181884765625, 0.0299072265625, 0.01092529296875, -0.00107574462890625, -0.0208740234375, -0.03955078125, -0.0272216796875, 0.007598876953125, 0.01611328125, 0.01385498046875, 0.061279296875, 0.0299072265625, -0.0311279296875, 0.0400390625, 0.0189208984375, 0.0021514892578125,