{"movie": "wwdc2025", "offset": 484, "text_offset": 480, "embedding": [0.01324462890625, 0.03662109375, 0.0174560546875, 0.01116943359375, -0.03857421875, 0.033203125, -0.005645751953125, -0.0032958984375, 0.0203857421875, 0.045166015625, -0.004730224609375, 0.028076171875, -0.00078582763671875, -0.04736328125, 0.037109375, -0.04052734375, 0.001495361328125, -0.039306640625, -0.01123046875, -0.03466796875, -0.01043701171875, -0.033203125, 0.0283203125, -0.050048828125, 0.044921875, 0.006195068359375, -0.06396484375, -0.0096435546875, 0.035888671875, -0.0096435546875, 0.01019287109375, -0.03857421875, -0.0015716552734375, 0.04736328125, 0.036376953125, 0.02783203125, 0.015380859375, 0.049560546875, 0.0311279296875, 0.00872802734375, -0.050537109375, -0.02392578125, 0.058349609375, -0.09619140625, 0.005767822265625, -0.0311279296875, -0.00244140625, -0.0252685546875, 0.02099609375, 0.01434326171875, 0.004974365234375, -0.026123046875, 0.0546875, -0.056884765625, -0.025146484375, 0.01251220703125, 0.016845703125, -0.005584716796875, 0.044189453125, -0.0289306640625, 0.0166015625, 0.0118408203125, 0.01611328125, -0.005035400390625, -0.0145263671875, 0.00885009765625, 0.00421142578125, -0.009765625, 0.01507568359375, -0.01953125, -0.004974365234375, -0.0145263671875, 0.050048828125, -0.041259765625, -0.03466796875, 0.02294921875, -0.0031280517578125, -0.06494140625, 0.00787353515625, 0.01153564453125, -0.046875, 0.103515625, -0.009765625, -0.0016326904296875, -0.0615234375, -0.0196533203125, -0.00469970703125, -0.008056640625, 0.005767822265625, -0.0269775390625, -0.0185546875, 0.035400390625, -0.00019359588623046875, -0.057373046875, 0.0361328125, -0.003997802734375, -0.0162353515625, 0.02734375, 0.028564453125, 0.00830078125, 0.0179443359375, -0.0069580078125, -0.004974365234375, -0.07861328125, -0.052978515625, -0.0361328125, -0.031982421875, 0.010986328125, -0.00408935546875, 0.010498046875, -0.036376953125, 0.04248046875, 0.01397705078125, 0.024658203125, -0.0079345703125, 0.017822265625, 0.056884765625, 0.01446533203125, 0.0390625, 0.039306640625, -0.033203125, -0.045654296875, 0.040283203125, -0.05712890625, 0.031982421875, 0.028076171875, 0.06005859375, 0.006622314453125, 0.02099609375, 0.037353515625, 0.00098419189453125, 0.00787353515625, 0.035888671875, 0.00147247314453125, -0.0361328125, 0.00013828277587890625, 0.0693359375, 0.02392578125, -0.0218505859375, 0.00592041015625, 0.06640625, 0.008056640625, -0.049560546875, -0.005096435546875, 0.01226806640625, -0.0074462890625, 0.00927734375, -0.019287109375, -0.05615234375, -0.01361083984375, -0.01348876953125, -0.012939453125, -0.07568359375, 0.03369140625, -0.0206298828125, 0.060302734375, -0.00830078125, 0.0059814453125, -0.00421142578125, -0.00927734375, -0.016845703125, -0.0361328125, 0.005615234375, -0.040771484375, 0.0184326171875, -0.0242919921875, 0.0311279296875, 0.0196533203125, -0.018310546875, -0.07861328125, -0.0166015625, 0.01361083984375, -0.050048828125, 0.0245361328125, 0.0142822265625, -0.0294189453125, -0.001129150390625, 0.010498046875, -0.013916015625, 0.0284423828125, -0.023193359375, 0.044921875, 0.044921875, 0.0089111328125, -0.0213623046875, 0.004486083984375, 0.01068115234375, 0.0118408203125, -0.00146484375, 0.0264892578125, -0.035888671875, 0.0289306640625, 0.004058837890625, -0.0203857421875, 0.02978515625, -0.0091552734375, -0.01373291015625, -0.007415771484375, 0.05224609375, 0.09912109375, 0.006866455078125, 0.0308837890625, -0.04150390625, 0.004974365234375, 0.0322265625, 0.02294921875, -0.03857421875, 0.0037689208984375, -0.0712890625, 0.039794921875, -0.032470703125, 0.0162353515625, -0.0018463134765625, -0.0084228515625, 0.0162353515625, -0.053466796875, -0.043701171875, 0.04931640625, 0.0228271484375, 0.046875, 0.000568389892578125, -0.01263427734375, 0.0732421875, 0.03369140625, -0.0103759765625, 0.0181884765625, 0.013916015625, -0.00927734375, 0.00628662109375, -0.0228271484375, 0.03662109375, 0.036865234375, -0.015625, 0.052734375, 0.0234375, 0.0302734375, -0.01043701171875, -0.003753662109375, -0.0810546875, -0.0234375, 0.052490234375, -0.027587890625, -0.06640625, 0.01483154296875, -0.04638671875, 0.0034027099609375, 0.019287109375, 0.035400390625, -0.00090789794921875, 0.0018768310546875, 0.02197265625, -0.033203125, 0.0302734375, -0.04345703125, -0.01611328125, 0.021728515625, -0.04052734375, -0.033203125, -0.004608154296875, 0.031982421875, 0.032470703125, 0.059326171875, -0.04736328125, -0.039794921875, -0.015380859375, 0.0174560546875, -0.04833984375, 0.00689697265625, -0.052978515625, 0.0283203125, 0.041748046875, -0.0284423828125, -0.00482177734375, 0.03857421875, -0.06494140625, -0.0213623046875, -0.044921875, -0.0252685546875, -0.0274658203125, 0.03466796875, 0.005340576171875, -0.044921875, -0.0380859375, 0.0208740234375, 0.06298828125, 0.006561279296875, -0.0174560546875, -0.0128173828125, -0.04052734375, -0.0036773681640625, 0.0859375, 0.055908203125, -0.000583648681640625, -0.03369140625, 0.021484375, 0.00335693359375, 0.002166748046875, -0.05078125, -0.003997802734375, -0.026123046875, -0.040283203125, 0.044677734375, -0.05615234375, 0.040283203125, -0.00750732421875, 0.02978515625, 0.0036773681640625, -0.035400390625, 0.0311279296875, -0.031982421875, 0.0010223388671875, 0.00933837890625, 0.0546875, 0.017578125, -0.06396484375, 0.013916015625, 0.050048828125, 0.00921630859375, -0.025146484375, -0.0654296875, -0.006561279296875, 0.021484375, 0.049072265625, -0.030517578125, 0.053466796875, -0.0361328125, -0.042724609375, -0.0130615234375, -0.0240478515625, -0.0142822265625, 0.01531982421875, -0.0142822265625, -0.0203857421875, 0.004364013671875, -0.02685546875, -0.002166748046875, -0.001922607421875, -0.01708984375, -0.04833984375, 0.004547119140625, -0.02978515625, 0.014892578125, -0.03466796875, 0.030517578125, -0.03271484375, 0.0126953125, 0.04296875, 0.0673828125, 0.0002498626708984375, 0.01544189453125, -0.006011962890625, -0.0390625, -0.0166015625, 0.023681640625, 0.0274658203125, 0.00909423828125, 0.040771484375, 0.00112152099609375, -0.056640625, -0.00040435791015625, -0.00421142578125, 0.03369140625, -0.02099609375, 0.0054931640625, 0.002899169921875, -0.03369140625, -0.0419921875, -0.01019287109375, -0.025390625, 0.005584716796875, 0.039794921875, 0.0257568359375, -0.013916015625, -0.01953125, -0.025146484375, 0.0021820068359375, -0.01470947265625, 0.042724609375, -0.0196533203125, 0.011474609375, -0.037841796875, -0.037109375, -0.000576019287109375, -0.0189208984375, -0.02587890625, 0.00994873046875, -0.0218505859375, -0.0020751953125, -0.0419921875, -0.00885009765625, -0.041259765625, -0.0152587890625, -0.004730224609375, -0.00482177734375, 0.00714111328125, -0.049560546875, -0.00592041015625, 0.0087890625, 0.00445556640625, 0.007080078125, -0.0294189453125, -0.0038909912109375, -0.0390625, 0.003997802734375, 0.018310546875, -0.002197265625, -0.02734375, -0.017822265625, -0.0218505859375, 0.01416015625, -0.035400390625, 0.039306640625, 0.0120849609375, 0.008544921875, -0.0038299560546875, -0.0032806396484375, -0.0361328125, 0.03759765625, -0.03125, 0.07177734375, 0.0252685546875, 0.0220947265625, 0.0172119140625, -0.021484375, 0.0198974609375, -0.017578125, 0.031982421875, -0.006988525390625, -0.000499725341796875, -0.0054931640625, 0.032470703125, 0.005706787109375, -0.0223388671875, -0.00653076171875, -0.01251220703125, 0.0272216796875, -0.00946044921875, 0.000972747802734375, 0.03759765625, -0.046142578125, 0.030517578125, -0.037841796875, -0.03125, 0.007720947265625, 0.0126953125, -0.01361083984375, 0.01104736328125, -0.010498046875, 0.01153564453125, 0.03515625, 0.02685546875, -0.02197265625, 0.01177978515625, 0.0206298828125, 0.0137939453125, -0.001953125, -0.0673828125, -0.036865234375, -0.0556640625, 0.01470947265625, 0.01007080078125, -0.00107574462890625, 0.06640625, -0.0057373046875, 0.0086669921875, -0.05517578125, 0.0162353515625, 0.053955078125, -0.052490234375, -0.016357421875, -0.0196533203125, 