{"movie": "wwdc2025", "offset": 74, "text_offset": 60, "embedding": [0.02978515625, 0.04443359375, 0.06591796875, 0.032958984375, -0.057861328125, 0.024169921875, 0.0299072265625, 0.0096435546875, -0.00689697265625, -0.01123046875, 0.004852294921875, -0.0091552734375, 0.0194091796875, -0.00872802734375, 6.67572021484375e-05, -0.0283203125, 0.032958984375, -0.0093994140625, 0.033203125, 0.03125, 0.0272216796875, 0.016845703125, 0.043701171875, -0.10498046875, 0.033203125, -0.00555419921875, -0.053955078125, -0.031982421875, -0.007232666015625, -0.011474609375, -0.01043701171875, -0.10791015625, 0.08544921875, 0.018310546875, -0.07421875, 0.0205078125, 0.032958984375, 0.0196533203125, -0.057861328125, 0.0250244140625, -0.038330078125, -0.0107421875, -0.0289306640625, 0.007354736328125, 0.0038909912109375, -0.018310546875, -0.0341796875, -0.023681640625, -0.0224609375, -0.006103515625, 0.01904296875, 0.0284423828125, 0.03564453125, -0.035400390625, 0.004913330078125, -0.002960205078125, 0.0242919921875, 0.004425048828125, 0.0400390625, 0.00811767578125, -0.017822265625, -0.0283203125, -0.038818359375, 0.04296875, -0.0201416015625, 0.0257568359375, 0.00860595703125, -0.044677734375, -0.03369140625, 0.0250244140625, -0.049560546875, -0.0269775390625, 0.0179443359375, -0.0341796875, 0.01312255859375, -0.00128173828125, 0.1025390625, 0.01556396484375, -0.0299072265625, -0.03564453125, 0.027587890625, 0.01544189453125, 0.047607421875, 0.0038299560546875, 0.0238037109375, -0.04052734375, 0.018798828125, -0.031982421875, -0.002685546875, -0.049560546875, 0.00225830078125, 0.00457763671875, -0.028076171875, -0.019287109375, 0.0272216796875, 0.0279541015625, 0.02978515625, -0.0033721923828125, 0.024658203125, -0.0208740234375, -0.0255126953125, -0.00107574462890625, -0.0172119140625, -0.0250244140625, -0.0654296875, -0.049560546875, -0.027099609375, 0.026611328125, -0.005584716796875, -0.0069580078125, -0.0264892578125, -0.0194091796875, 0.0233154296875, -0.005859375, -0.0203857421875, 0.017822265625, 0.0289306640625, -0.050048828125, 0.004913330078125, 0.0306396484375, -0.01544189453125, -0.0084228515625, 0.003326416015625, -0.03173828125, -0.00946044921875, -0.01531982421875, 0.0732421875, -0.01708984375, -0.0034027099609375, 0.0269775390625, -0.0024871826171875, 0.042236328125, 0.0159912109375, 0.005157470703125, -0.06494140625, -0.019287109375, 0.0185546875, 0.018310546875, -0.017822265625, -0.015380859375, 0.006256103515625, -0.02197265625, 0.004638671875, -0.0250244140625, -0.056884765625, -0.039306640625, 0.001495361328125, 0.018798828125, -0.0341796875, 0.01519775390625, 0.02978515625, -0.0302734375, 0.0203857421875, 0.0252685546875, 0.004058837890625, 0.006439208984375, -0.01556396484375, -0.01556396484375, 0.00836181640625, -0.0169677734375, -0.0301513671875, -0.0289306640625, -0.01422119140625, -0.04052734375, 0.08056640625, 0.014404296875, -0.01141357421875, 0.007080078125, -0.0118408203125, 0.02099609375, -0.002899169921875, -0.004486083984375, -0.029296875, 0.02197265625, -0.04443359375, -0.025634765625, -0.0306396484375, 0.004638671875, 0.052978515625, 0.01373291015625, 0.001983642578125, 0.0027313232421875, 0.07080078125, -0.01263427734375, -0.0380859375, -0.0255126953125, -0.0030517578125, 0.056640625, 0.01513671875, 0.0012054443359375, -0.006622314453125, 0.045654296875, 0.007232666015625, 0.02978515625, 0.032470703125, 0.015625, 0.0069580078125, -0.0234375, 0.03759765625, 0.0311279296875, 0.0247802734375, 0.0654296875, -0.0279541015625, 0.00628662109375, 0.0303955078125, -0.0172119140625, 0.05224609375, 0.039306640625, -0.06982421875, -0.03662109375, 0.033447265625, 0.018798828125, -0.0179443359375, -0.0274658203125, 0.00616455078125, -0.051513671875, 0.04296875, 0.045654296875, 0.01171875, 0.002410888671875, -0.01446533203125, 0.01092529296875, 0.006072998046875, 0.01806640625, -0.01141357421875, -0.041748046875, -0.02880859375, -0.015869140625, 0.032470703125, -0.001312255859375, 0.0166015625, -0.0205078125, -0.01348876953125, 0.00640869140625, 0.041259765625, 0.040771484375, 0.0218505859375, -0.0216064453125, 0.0028533935546875, 0.0189208984375, 0.0145263671875, -0.07421875, -0.029052734375, 0.0771484375, -0.004913330078125, -0.00860595703125, -0.003448486328125, 0.0439453125, 0.05224609375, 0.0732421875, -0.043701171875, 0.0203857421875, 0.003021240234375, -0.041259765625, -0.048583984375, 0.02294921875, -0.037109375, 0.042236328125, 0.0206298828125, -0.019287109375, 0.033203125, -0.005126953125, 0.0234375, 0.0017852783203125, 0.01361083984375, -0.008544921875, -0.007476806640625, 0.01055908203125, -0.025634765625, 0.05029296875, 0.00830078125, 0.02197265625, -0.0079345703125, 0.0157470703125, -0.0262451171875, -0.0322265625, -0.04150390625, -0.044921875, -0.0439453125, 0.0169677734375, -0.032958984375, -0.0020751953125, 0.01422119140625, -0.032470703125, -0.0380859375, 0.05322265625, 0.059814453125, 0.0111083984375, -0.034912109375, -0.033203125, 0.0111083984375, -0.00189208984375, 0.0185546875, 0.01470947265625, -0.0380859375, 0.0264892578125, -0.0242919921875, -0.0205078125, -0.006317138671875, -0.020751953125, -0.048828125, 0.005859375, 0.01446533203125, -0.0223388671875, -0.04931640625, 0.031494140625, -0.018310546875, 0.032958984375, -0.00823974609375, -0.00640869140625, 0.035400390625, -0.03173828125, 0.01019287109375, 0.015869140625, -0.01446533203125, -0.004150390625, -0.0185546875, 0.00946044921875, 0.04443359375, 0.0284423828125, -0.01361083984375, 0.031494140625, 0.01141357421875, 0.007354736328125, 0.00555419921875, -0.0024566650390625, -0.0732421875, -0.0361328125, -0.032470703125, -0.046630859375, -0.006317138671875, -0.03564453125, 0.00946044921875, -0.01263427734375, -0.03076171875, 0.004119873046875, -0.04296875, 0.004730224609375, -0.05029296875, 0.02392578125, 0.0302734375, -0.005279541015625, -0.0419921875, -0.03369140625, -0.03125, 0.007537841796875, -0.0198974609375, 0.024169921875, 0.00885009765625, -0.003265380859375, 0.00811767578125, -0.05810546875, 0.0050048828125, 0.052978515625, 0.0223388671875, 0.00830078125, -0.020751953125, 0.0145263671875, -0.037109375, -0.0146484375, -0.00994873046875, -0.06396484375, 0.0400390625, -0.038330078125, -0.003204345703125, -0.009033203125, -0.006317138671875, -0.0308837890625, -0.046875, 0.07958984375, 0.035400390625, -0.020263671875, -0.0128173828125, 0.0189208984375, -0.06494140625, 0.044677734375, 0.0157470703125, -0.017822265625, 0.0091552734375, 0.006256103515625, -0.018310546875, 0.037109375, 0.01080322265625, -0.0458984375, 0.007476806640625, 0.01416015625, 0.0147705078125, -0.0159912109375, -0.0284423828125, -0.02783203125, 0.00885009765625, -0.048828125, 0.06591796875, -0.048828125, 0.035888671875, -0.0242919921875, 0.01300048828125, 0.0244140625, -0.006317138671875, 0.0234375, -0.0140380859375, -0.02392578125, 0.00872802734375, -1.341104507446289e-05, -0.0091552734375, 0.038330078125, -0.0113525390625, 0.0198974609375, 0.0289306640625, -0.0166015625, -0.052490234375, 0.04833984375, -0.040283203125, -0.0244140625, -0.01171875, -0.023681640625, 0.01611328125, 0.014404296875, 0.0004749298095703125, 0.05517578125, 0.031494140625, 0.00174713134765625, -0.0084228515625, 0.01470947265625, -0.0361328125, -0.007110595703125, -0.0172119140625, -0.02294921875, -0.056640625, -0.00186920166015625, 0.0142822265625, -0.041259765625, 0.01287841796875, -0.051025390625, -0.01019287109375, 0.008544921875, -0.027587890625, -0.04833984375, -0.0308837890625, 0.0289306640625, 0.068359375, -0.0037994384765625, -0.0238037109375, 0.029052734375, -0.0206298828125, 0.0615234375, 0.04541015625, 0.0023193359375, -0.004730224609375, -0.052490234375, 0.0087890625, 0.0198974609375, 0.046875, 0.0145263671875, 0.0167236328125, -0.005859375, -0.0478515625, -0.017578125, -0.01361083984375, 0.0301513671875, -0.00128936767578125, 0.033203125, 0.042236328125, -0.033203125, 0.027099609375, -0.031494140625, -0.003509521484375, -0.048828125, -0.015380859375, -0.00897216796875, 0.00555419921875, 