{"movie": "wwdc2025", "offset": 460, "text_offset": 460, "embedding": [0.0103759765625, 0.0069580078125, 0.01239013671875, 0.004425048828125, -0.035400390625, 0.0162353515625, -0.00982666015625, -0.0189208984375, -0.009521484375, 0.076171875, 0.01336669921875, -0.01348876953125, 0.0020751953125, -0.06298828125, -0.01275634765625, -0.00604248046875, 0.037109375, 0.033203125, -0.030517578125, -0.0234375, -0.010009765625, -0.027587890625, 0.004791259765625, -0.031494140625, 0.044677734375, 0.0269775390625, -0.039306640625, -0.028564453125, 0.002960205078125, -0.03076171875, -0.003997802734375, -0.06689453125, -0.0016326904296875, -0.0003566741943359375, -0.019287109375, 0.042236328125, 0.06494140625, 0.0732421875, -0.00110626220703125, -0.0123291015625, -0.044189453125, 0.016845703125, 0.011474609375, -0.014892578125, 0.0118408203125, -0.00170135498046875, -0.0517578125, 0.00872802734375, 0.045166015625, 0.00787353515625, -0.029052734375, 0.030517578125, -0.0286865234375, -0.0291748046875, -0.0439453125, 0.01116943359375, -0.03271484375, -0.005859375, 0.051025390625, 0.007232666015625, 0.0140380859375, 0.0185546875, -0.0096435546875, 0.01025390625, -0.01239013671875, 0.07080078125, 0.023193359375, -0.024658203125, -0.0137939453125, -0.0245361328125, -0.0341796875, 0.0177001953125, 0.05029296875, -0.0294189453125, 0.0152587890625, 0.01446533203125, 0.05517578125, -0.038818359375, -0.0478515625, 0.048583984375, -0.0120849609375, 0.0308837890625, -0.031982421875, -0.004364013671875, -0.0361328125, -0.07861328125, 0.023681640625, -0.0267333984375, -0.00653076171875, 0.0272216796875, -0.03759765625, 0.0263671875, -0.0277099609375, -0.00885009765625, -0.007568359375, -0.045654296875, -0.0125732421875, -0.0067138671875, -0.0130615234375, 0.01129150390625, 0.031494140625, 0.03759765625, -0.0250244140625, -0.058349609375, -0.0849609375, -0.001434326171875, -0.025390625, 0.0341796875, -0.00012493133544921875, 0.012939453125, -0.016357421875, -0.01300048828125, -0.00970458984375, 0.05029296875, -0.023681640625, 0.0830078125, -0.00098419189453125, 0.0238037109375, -0.0057373046875, -0.0191650390625, -0.059814453125, -0.0289306640625, 0.01171875, 0.005340576171875, 0.0198974609375, 0.03662109375, 0.01165771484375, 0.037841796875, -0.0174560546875, 0.0286865234375, 0.00970458984375, -0.01318359375, 0.0308837890625, 0.0242919921875, -0.087890625, -0.0035400390625, -0.000843048095703125, 0.006591796875, -0.00689697265625, -0.019287109375, 3.552436828613281e-05, 0.026123046875, -0.044677734375, 0.0234375, -0.06103515625, -0.0159912109375, 0.0458984375, 0.00885009765625, -0.0272216796875, 0.002044677734375, 0.043701171875, -0.08203125, -0.051025390625, 0.053955078125, 0.01275634765625, 0.015380859375, 0.052978515625, -0.0115966796875, -0.0361328125, -0.0191650390625, -0.018310546875, -0.034423828125, 0.00579833984375, -0.01708984375, 0.095703125, -0.0128173828125, 2.288818359375e-05, 0.0303955078125, -0.04638671875, -0.051025390625, -0.031494140625, -0.000743865966796875, -0.0093994140625, 0.004638671875, 0.0341796875, -0.023681640625, -0.024169921875, -0.00653076171875, 0.023681640625, 0.0225830078125, -0.00072479248046875, 0.01239013671875, 0.07080078125, -0.06982421875, -0.0213623046875, 0.016357421875, 0.0201416015625, 0.031982421875, -0.053955078125, 0.013916015625, -0.04052734375, 0.0269775390625, 0.032470703125, 0.0281982421875, 0.01251220703125, -0.0291748046875, -0.004150390625, -0.0159912109375, 0.0166015625, 0.1201171875, -0.00982666015625, -0.010986328125, 0.0023193359375, 0.031982421875, 0.0419921875, 0.0157470703125, -0.0177001953125, 0.02197265625, -0.018310546875, -0.028564453125, -0.08837890625, 0.0140380859375, -0.02197265625, -0.030029296875, 0.00604248046875, -0.0218505859375, -0.01129150390625, 0.02294921875, 0.00927734375, 0.0380859375, -0.002685546875, -0.06787109375, 0.013427734375, 0.039306640625, 0.037109375, 0.00537109375, -0.01190185546875, 0.045654296875, 0.028564453125, -0.01239013671875, 0.01055908203125, 0.034912109375, -0.00408935546875, 0.02001953125, 0.00151824951171875, 0.037841796875, -0.047607421875, 0.01239013671875, -0.0615234375, 0.060791015625, 0.039794921875, -0.0272216796875, -0.048583984375, 0.034912109375, -0.031982421875, -0.001708984375, -0.006927490234375, 0.01416015625, 0.001953125, -0.0029144287109375, -0.0021820068359375, 0.00927734375, -0.00213623046875, -0.053955078125, -0.039794921875, 0.0234375, 0.01214599609375, -0.01495361328125, -0.00421142578125, 0.024169921875, 0.021484375, 0.0034637451171875, -0.02734375, -0.03369140625, -0.01708984375, -0.052734375, -0.01116943359375, 0.04150390625, -0.0595703125, 0.012939453125, -0.0012969970703125, -0.054443359375, -0.03076171875, 0.043701171875, -0.0179443359375, -0.021484375, -0.0693359375, 0.040771484375, -0.0225830078125, 0.03759765625, -0.024169921875, -0.041015625, -0.046875, -0.00469970703125, 0.07080078125, 0.0130615234375, 0.0228271484375, -0.012939453125, -0.0174560546875, -0.0218505859375, 0.01544189453125, -0.0308837890625, 0.01470947265625, -0.058837890625, -0.02197265625, 0.00201416015625, -0.02392578125, 0.056640625, 0.00186920166015625, 0.00714111328125, -0.043701171875, 0.043701171875, -0.044677734375, 0.0185546875, 0.00537109375, 0.056640625, 0.032470703125, -0.050048828125, 0.0120849609375, 0.0003833770751953125, -0.0142822265625, 0.0050048828125, 0.0255126953125, 0.0196533203125, -0.037841796875, 0.01080322265625, -0.00142669677734375, -0.02978515625, -0.00836181640625, -0.005035400390625, 0.0145263671875, -0.0031890869140625, 0.06396484375, -0.01416015625, 0.028564453125, 0.0223388671875, -0.045166015625, -0.0291748046875, -0.0311279296875, -0.0673828125, 0.0281982421875, -0.01458740234375, 0.0159912109375, 0.0211181640625, -0.00372314453125, 0.017333984375, -0.0234375, 0.01165771484375, -0.0213623046875, 0.0299072265625, 0.01171875, -0.047607421875, 0.01300048828125, 0.01318359375, -0.0302734375, -0.010986328125, 0.042236328125, 0.01513671875, 0.0068359375, 0.052001953125, 0.0172119140625, -0.0189208984375, -0.0120849609375, 0.046630859375, -0.021484375, -0.04638671875, 0.01214599609375, 0.0380859375, -0.0277099609375, 0.0269775390625, 0.04248046875, 0.026123046875, -0.0228271484375, -0.004486083984375, -0.000885009765625, -0.024658203125, -0.01116943359375, -0.0272216796875, -0.0123291015625, 0.0264892578125, 0.01129150390625, 0.034423828125, -0.00046539306640625, 0.035400390625, -0.0224609375, 0.020751953125, -0.01611328125, 0.000701904296875, -0.0299072265625, -0.006744384765625, -0.025146484375, 0.01171875, 0.00897216796875, -0.0211181640625, -0.0341796875, -0.0106201171875, -0.034912109375, -0.044677734375, -0.01806640625, -0.0198974609375, 0.03759765625, -0.0341796875, -0.021240234375, -0.049560546875, 0.0255126953125, -0.026123046875, -0.01239013671875, 0.047607421875, 0.0263671875, 0.0198974609375, 0.010498046875, -0.0179443359375, -0.06298828125, 0.0220947265625, -0.0017852783203125, 0.038818359375, 0.01336669921875, 0.0010528564453125, 0.003173828125, -0.00946044921875, -0.06298828125, 0.04150390625, -0.01458740234375, -0.0081787109375, -0.055419921875, 0.0263671875, -0.028564453125, 0.08203125, -0.0595703125, 0.02685546875, 0.013916015625, 0.049072265625, 0.050048828125, 0.0247802734375, 0.029541015625, -0.011474609375, -0.007293701171875, -0.00970458984375, -0.06640625, -0.01171875, 0.053466796875, -0.01318359375, 0.03466796875, -0.038330078125, 0.0029754638671875, 0.02587890625, -0.03759765625, -0.031494140625, -0.01123046875, 0.005950927734375, 0.03076171875, 0.025634765625, -0.05908203125, 0.01458740234375, 0.0068359375, 0.0201416015625, 0.00897216796875, -0.01434326171875, -0.00164794921875, 0.024169921875, -0.01019287109375, -0.04296875, 0.07421875, 0.1044921875, 0.0272216796875, 0.035888671875, -0.00885009765625, -0.0177001953125, -0.07763671875, 0.04736328125, 0.01275634765625, -0.0027923583984375, 0.03271484375, -0.0537109375, 0.059814453125, -0.0361328125, 0.0167236328125, 0.01092529296875, -0.052734375, -0.056640625, 