{"movie": "wwdc2025", "offset": 544, "text_offset": 540, "embedding": [-0.0103759765625, -0.005126953125, 0.037109375, -0.039306640625, -0.058349609375, -0.0185546875, 0.020751953125, -0.033935546875, 0.0181884765625, 0.00185394287109375, 0.01458740234375, 0.039306640625, -0.045166015625, -0.038818359375, -0.01171875, 0.0208740234375, 0.0130615234375, -0.004608154296875, 0.04150390625, -0.02099609375, -0.002716064453125, -0.0167236328125, 0.007293701171875, -0.045166015625, 0.00628662109375, 0.0115966796875, -0.0185546875, 0.0286865234375, -0.033203125, 0.00543212890625, 0.01708984375, -0.08251953125, 0.06396484375, 0.0196533203125, 0.004730224609375, -0.02099609375, 0.0218505859375, -0.0023956298828125, 0.01068115234375, 0.0133056640625, -0.0308837890625, 0.0654296875, 0.0235595703125, -0.033935546875, -0.036865234375, 0.0048828125, -0.004302978515625, 0.0111083984375, -0.0247802734375, -0.000934600830078125, 0.000911712646484375, 0.0125732421875, 0.034423828125, -0.048095703125, -0.0205078125, -0.041748046875, -0.0673828125, -0.000820159912109375, 0.037353515625, -0.04052734375, 0.0185546875, 0.013916015625, -0.025634765625, 0.0164794921875, -0.0145263671875, -0.01385498046875, -0.004364013671875, -0.0223388671875, -0.00885009765625, -0.03515625, -0.0167236328125, -0.017578125, 0.02490234375, -0.06298828125, -0.060791015625, 0.0152587890625, 0.033447265625, -0.0859375, 0.0174560546875, 0.0191650390625, 0.0126953125, 0.0291748046875, 0.020751953125, -0.032958984375, -0.049072265625, -0.0302734375, -0.01544189453125, -0.0167236328125, -0.0299072265625, -0.03662109375, -0.06103515625, 0.029052734375, -0.04150390625, -0.026123046875, 0.022216796875, 0.02392578125, -0.06982421875, -0.01409912109375, -0.01177978515625, 0.0206298828125, -0.031494140625, 0.04638671875, -0.0279541015625, -0.031494140625, -0.05712890625, -0.015380859375, 0.0186767578125, 0.005279541015625, -0.0390625, -0.0196533203125, 0.0286865234375, -0.022216796875, 0.0076904296875, 0.019775390625, -0.048583984375, 0.109375, 0.04443359375, -0.05029296875, 0.0133056640625, 0.0174560546875, -0.023681640625, -0.0166015625, 0.045166015625, -0.01092529296875, -0.00151824951171875, 0.026611328125, 0.057373046875, 0.061767578125, -0.07470703125, 0.030029296875, 0.038330078125, -0.04296875, 0.0191650390625, 0.00160980224609375, -0.0654296875, 0.01202392578125, 0.002105712890625, -0.034423828125, -0.0169677734375, -0.037109375, 0.003936767578125, -0.005584716796875, -0.04150390625, -0.0308837890625, -0.0177001953125, -0.078125, 0.02880859375, 0.004608154296875, -0.033203125, -0.031494140625, 0.0081787109375, -0.0546875, -0.0478515625, 0.049560546875, 0.041015625, 0.04296875, 0.0196533203125, -0.006622314453125, -0.06396484375, -0.036376953125, 0.0068359375, -0.0206298828125, 0.023681640625, -0.017822265625, 0.034423828125, 0.023193359375, -0.01025390625, 0.0186767578125, 0.0264892578125, -0.0242919921875, -0.004791259765625, 0.041259765625, -0.06591796875, 0.00567626953125, 0.033203125, 0.01214599609375, -0.037109375, -0.0218505859375, -0.001373291015625, -0.025634765625, -0.000812530517578125, 0.0081787109375, 0.068359375, -0.045654296875, -0.00439453125, 0.0235595703125, 0.0174560546875, 0.01214599609375, -0.044677734375, -0.0033111572265625, -0.0234375, 0.0361328125, 0.0194091796875, -0.01324462890625, 0.0478515625, 0.038818359375, 0.00089263916015625, 0.03369140625, -0.0228271484375, 0.03173828125, -0.00244140625, 0.04541015625, -0.00151824951171875, -0.0159912109375, 0.015380859375, 0.045654296875, -0.0296630859375, 0.025146484375, -0.053955078125, 0.01458740234375, -0.01458740234375, -0.01953125, 0.006561279296875, -0.01177978515625, 0.04296875, -0.0279541015625, 0.045166015625, 0.0091552734375, 0.0107421875, 0.037109375, -0.007476806640625, -0.0081787109375, 0.005706787109375, 0.0299072265625, -0.023193359375, 0.0145263671875, -0.056396484375, -0.000720977783203125, 0.031982421875, -0.0244140625, 0.0108642578125, 0.0208740234375, -0.019775390625, -0.00872802734375, 0.048828125, 0.06103515625, -0.01043701171875, -0.01409912109375, -0.035400390625, 0.052001953125, 0.00927734375, -0.0185546875, 0.0274658203125, 0.05322265625, -0.033203125, -0.03369140625, -0.01470947265625, 0.031982421875, 0.003997802734375, 0.0654296875, -0.0157470703125, 0.0135498046875, 0.045654296875, -0.00830078125, 0.0002956390380859375, 0.030029296875, 0.01220703125, -0.0556640625, 0.04150390625, 0.003814697265625, 0.0390625, -0.039794921875, -0.0067138671875, -0.045654296875, 0.025146484375, -0.044677734375, -0.0291748046875, -0.02783203125, -0.0205078125, -0.0147705078125, -0.0181884765625, 0.003204345703125, -0.04052734375, 0.02392578125, -0.0135498046875, 0.028564453125, -0.039794921875, 0.0135498046875, -0.02880859375, -0.000156402587890625, -0.0264892578125, -0.037353515625, -0.049072265625, -0.00101470947265625, 0.0189208984375, -0.0177001953125, -0.0125732421875, 0.00136566162109375, 0.0018463134765625, -0.033203125, 0.0177001953125, -0.000598907470703125, -0.0262451171875, -0.0101318359375, -0.02685546875, 0.0135498046875, -0.000522613525390625, 0.00017070770263671875, -0.059814453125, -0.0439453125, -0.038330078125, -0.020751953125, 0.0028533935546875, 0.052978515625, -0.01409912109375, 0.05029296875, -0.035400390625, 0.029541015625, 0.00628662109375, 0.016357421875, 0.005859375, 0.003692626953125, 0.00099945068359375, 0.01068115234375, -0.0791015625, 0.047119140625, 0.008056640625, -0.0247802734375, -0.0245361328125, -0.0184326171875, -0.00653076171875, -0.0216064453125, 0.045654296875, 0.04052734375, 0.0230712890625, 0.0101318359375, -0.031494140625, -0.0040283203125, -0.0218505859375, -0.0322265625, -0.0177001953125, 0.0079345703125, 0.000537872314453125, -0.003936767578125, -0.004852294921875, -0.0159912109375, -0.01171875, 0.01043701171875, 0.037109375, 0.044677734375, 0.01495361328125, -0.0260009765625, 0.0498046875, -0.030029296875, 0.01263427734375, 0.04541015625, 0.0091552734375, 0.04052734375, 0.005401611328125, -0.0244140625, -0.048828125, -0.0032501220703125, -0.030517578125, 0.005645751953125, -0.0191650390625, -0.05908203125, 0.0262451171875, 0.08447265625, -0.0810546875, 0.02783203125, 0.0223388671875, -0.0032196044921875, 0.00787353515625, -0.0032196044921875, -0.0101318359375, 0.0213623046875, 0.0181884765625, 0.031494140625, -0.017333984375, -0.00506591796875, 0.0546875, 0.04443359375, -0.021484375, -0.03515625, -0.032958984375, -0.0311279296875, -0.011962890625, 0.06494140625, 0.0038909912109375, -0.00213623046875, -0.06884765625, 0.007293701171875, -0.02685546875, 0.018310546875, -0.05810546875, 0.0244140625, -0.0037994384765625, -0.0274658203125, -0.002044677734375, -0.00830078125, 0.008544921875, 0.0181884765625, -0.0101318359375, -0.04736328125, 0.02392578125, -0.013916015625, -0.048583984375, 0.036376953125, 0.048828125, 0.0196533203125, 0.0032806396484375, -0.0189208984375, -0.08740234375, -0.01263427734375, -0.0186767578125, 0.036865234375, 0.0235595703125, -0.0159912109375, -0.005401611328125, -0.005462646484375, -0.0142822265625, 0.004913330078125, -0.0196533203125, -0.0196533203125, -0.04541015625, 0.00030517578125, 0.010498046875, 0.004425048828125, 0.004791259765625, -0.0086669921875, 0.07958984375, 0.032470703125, 0.0286865234375, 0.01708984375, 0.041259765625, 0.0189208984375, -0.02880859375, -0.0294189453125, -0.06982421875, -0.026123046875, 0.031494140625, 0.060546875, 0.0341796875, -0.0244140625, -0.0299072265625, -0.01953125, -0.0228271484375, 0.00335693359375, -0.0252685546875, -0.02734375, 0.0230712890625, -0.0230712890625, -0.038330078125, 0.03955078125, 0.02734375, 0.04443359375, -0.0205078125, -0.04052734375, 0.007080078125, 0.006103515625, 0.00408935546875, 0.029541015625, 0.0242919921875, 0.0810546875, -0.000667572021484375, -0.01141357421875, -0.03271484375, -0.008544921875, -0.006134033203125, 0.00089263916015625, 0.013916015625, 0.00830078125, 0.004974365234375, -0.03564453125, 0.06689453125, -0.00909423828125, 0.0302734375, 0.007293701171875, -0.0390625, 