{"movie": "wwdc2025", "offset": 382, "text_offset": 380, "embedding": [0.07421875, 0.0169677734375, 0.0213623046875, 0.035400390625, -0.08642578125, -0.0235595703125, 0.006103515625, 0.0005645751953125, 0.0245361328125, -0.013427734375, -0.0052490234375, 0.0027923583984375, 0.01544189453125, 0.01177978515625, -0.01177978515625, -0.0034027099609375, 0.050048828125, -0.0216064453125, -0.01287841796875, -0.01904296875, 0.0164794921875, -0.0235595703125, 0.00726318359375, -0.00799560546875, 0.05224609375, -0.015869140625, -0.0185546875, -0.0294189453125, -0.046630859375, -0.02734375, 0.00106048583984375, -0.080078125, 0.044921875, -0.0235595703125, 0.0103759765625, -0.0019683837890625, 0.048828125, 0.02685546875, -0.01080322265625, 0.02294921875, 0.00927734375, 0.033447265625, 0.0098876953125, -0.0634765625, -0.011474609375, -0.018798828125, -0.0302734375, -0.043212890625, 0.0035552978515625, 0.046875, -0.0035552978515625, -0.0031890869140625, 0.00604248046875, -0.02392578125, -0.047119140625, -0.02490234375, -0.0341796875, 0.032958984375, 0.08251953125, -0.01348876953125, -0.0240478515625, -0.0238037109375, -0.00701904296875, 0.02880859375, -0.046142578125, 0.01202392578125, -0.026611328125, -0.0546875, -0.0244140625, -0.00518798828125, -0.01080322265625, -0.0133056640625, 0.00946044921875, -0.009765625, -0.0279541015625, 0.0169677734375, 0.058837890625, -0.0294189453125, -0.022216796875, 0.011962890625, 0.0224609375, 0.010009765625, -0.015625, 0.004486083984375, 0.026611328125, -0.0206298828125, 0.006439208984375, -0.046630859375, 0.02001953125, -0.0267333984375, -0.004913330078125, 0.040283203125, -0.04248046875, -0.00042724609375, 0.0164794921875, -0.015380859375, -0.0390625, -0.02392578125, 0.035888671875, 0.020751953125, 0.0284423828125, 0.0177001953125, 0.013916015625, 0.0185546875, -0.058349609375, -0.080078125, -0.0233154296875, -0.00469970703125, 0.00701904296875, 0.017333984375, 0.00616455078125, 0.0233154296875, -0.0235595703125, 0.0255126953125, -0.0250244140625, 0.0274658203125, 0.01458740234375, -0.06298828125, 0.025634765625, 0.0191650390625, 0.006927490234375, 0.00360107421875, 0.048828125, 0.00567626953125, -0.0283203125, 0.0223388671875, 0.04150390625, 0.001251220703125, -0.0673828125, 0.0498046875, 0.0159912109375, 0.01190185546875, 0.051025390625, 0.07421875, -0.06640625, -0.00286865234375, 0.037109375, 0.014404296875, -0.03515625, -0.0224609375, -0.0103759765625, 0.035888671875, -0.025634765625, 0.0216064453125, 0.010498046875, -0.037109375, 0.00173187255859375, 0.0245361328125, -0.07568359375, -0.007232666015625, 0.060302734375, -0.046630859375, -0.0045166015625, 0.010009765625, 0.03759765625, 0.00139617919921875, -0.012939453125, -0.013427734375, -0.034423828125, -0.0057373046875, 0.037841796875, -0.043212890625, 0.022216796875, -0.017333984375, 0.058349609375, 0.030029296875, -0.0179443359375, -0.0169677734375, 0.00836181640625, -0.000492095947265625, -0.0048828125, -0.01513671875, -0.02099609375, 0.012451171875, -0.0133056640625, -0.04248046875, -0.01116943359375, 0.0150146484375, 0.0634765625, -0.036376953125, -0.021728515625, -0.0167236328125, 0.042236328125, -0.033935546875, -0.000797271728515625, -0.00518798828125, 0.0279541015625, 0.007537841796875, -0.004974365234375, 0.040283203125, 0.01361083984375, 0.035888671875, 0.011474609375, -0.0152587890625, 0.036376953125, 0.02734375, -0.0245361328125, 0.03173828125, 0.033935546875, 0.0301513671875, 0.0048828125, 0.031494140625, 0.00136566162109375, 0.02001953125, 0.01397705078125, -0.0458984375, 0.0361328125, -0.04345703125, -0.03662109375, -0.0191650390625, -0.0257568359375, 0.020263671875, -0.04443359375, -0.032470703125, -0.037109375, -0.04833984375, 0.07666015625, -0.0169677734375, 0.05908203125, -0.020263671875, -0.02685546875, 0.034423828125, 0.0390625, 0.0308837890625, 0.01275634765625, -0.04052734375, 0.022216796875, 0.0294189453125, 0.038330078125, -0.034423828125, 0.04541015625, -0.0341796875, -0.087890625, 0.005462646484375, 0.00927734375, 0.0400390625, -0.02734375, 0.026123046875, -0.0002231597900390625, 0.025146484375, 0.0361328125, -0.02294921875, -0.0255126953125, 0.0576171875, -0.040283203125, -0.04052734375, -0.0308837890625, 0.0255126953125, 0.0478515625, 0.0576171875, -0.054931640625, -0.01080322265625, 0.02880859375, -0.020263671875, -0.0419921875, 0.03271484375, -0.05615234375, -0.06591796875, 0.006317138671875, -0.048095703125, 0.001922607421875, -0.0400390625, 0.0322265625, -0.026611328125, 0.0159912109375, -0.0120849609375, -0.0027008056640625, -0.029541015625, -0.05224609375, 0.0211181640625, 0.03125, -0.030029296875, -0.01806640625, 0.02978515625, -0.0013275146484375, 0.042724609375, -0.05126953125, -0.02880859375, -0.0235595703125, 0.0267333984375, -0.0181884765625, 0.031982421875, -0.0205078125, -0.024169921875, 0.0322265625, 0.01068115234375, 0.01953125, 0.002716064453125, -0.00057220458984375, 0.016357421875, 0.030029296875, 0.000858306884765625, -0.01361083984375, -0.011962890625, -0.051025390625, 0.00640869140625, 0.0216064453125, 0.0125732421875, 0.02587890625, -0.021240234375, -0.01373291015625, 0.00360107421875, 0.0272216796875, -0.015869140625, 0.016357421875, 0.05224609375, 0.06884765625, -0.0120849609375, 0.0002193450927734375, 0.01177978515625, -0.024169921875, -0.00052642822265625, -0.02001953125, -0.003753662109375, -0.052734375, -0.0235595703125, 0.0177001953125, 0.0255126953125, 0.0849609375, -0.0177001953125, -0.038818359375, 0.0306396484375, 0.0556640625, -0.0098876953125, 0.035888671875, -0.000499725341796875, -0.05322265625, -0.059326171875, -0.03076171875, -0.044921875, -0.0019989013671875, -0.0546875, 0.0086669921875, 0.01507568359375, -0.055419921875, 0.0419921875, -0.0267333984375, 0.00909423828125, -0.0311279296875, -0.04345703125, -0.006683349609375, 0.0162353515625, -0.00555419921875, -0.0361328125, 0.0255126953125, -0.02490234375, -0.0546875, -0.007293701171875, 0.0311279296875, 0.01165771484375, 0.050048828125, -0.0194091796875, 0.0196533203125, 0.022705078125, -0.0262451171875, -0.076171875, -0.013671875, -0.005035400390625, -0.034423828125, -0.004547119140625, 0.03466796875, -0.0301513671875, -0.012939453125, 0.007720947265625, 0.07421875, -0.01470947265625, -0.00518798828125, -0.04833984375, -0.043212890625, 0.029052734375, 0.01275634765625, -0.0191650390625, -0.01806640625, -0.026123046875, 0.0034942626953125, -0.0024261474609375, 0.0201416015625, 0.0216064453125, -0.0130615234375, -0.01708984375, -0.0400390625, 0.06494140625, -0.0179443359375, 0.0140380859375, -0.02294921875, 0.008056640625, 0.0279541015625, -0.01806640625, -0.0341796875, -0.0252685546875, -0.0167236328125, 0.002532958984375, 0.044677734375, 0.007781982421875, 0.03466796875, 0.021728515625, -0.0849609375, 0.0277099609375, -0.036376953125, 0.0191650390625, 0.00347900390625, 0.038330078125, -0.0419921875, -0.042724609375, -0.011962890625, 0.028076171875, -0.0036468505859375, -0.0274658203125, -0.022216796875, 0.011962890625, 0.0289306640625, -0.005462646484375, -0.03369140625, 0.051513671875, -0.0478515625, 0.00494384765625, 0.00457763671875, -0.011474609375, 0.0021514892578125, 0.050537109375, 0.0361328125, -0.01092529296875, -0.017578125, -6.771087646484375e-05, -0.00970458984375, -0.016845703125, 0.02587890625, -0.00787353515625, -0.04443359375, 0.00860595703125, 0.042236328125, 0.0084228515625, 0.0084228515625, -0.03125, 0.03369140625, 0.01531982421875, -0.025146484375, -0.046142578125, 0.03955078125, -0.0294189453125, 0.0283203125, -0.02685546875, -0.047119140625, 0.05224609375, -0.043212890625, 0.00421142578125, -0.00738525390625, 0.0123291015625, -0.0311279296875, 0.032470703125, -0.037109375, 0.00927734375, 0.040283203125, 0.07666015625, -0.0034942626953125, 0.0654296875, 0.01171875, -0.04541015625, -0.0191650390625, -0.0068359375, -0.0361328125, -0.033203125, 0.03173828125, 0.0038909912109375, 0.0111083984375, -0.0419921875, 0.050537109375, -0.04052734375, -0.0252685546875, -0.038818359375, 0.0057373046875, -0.05615234375, 0.0517578125, 