{"movie": "wwdc2025", "offset": 106, "text_offset": 100, "embedding": [-0.006256103515625, 0.0091552734375, 0.0174560546875, -0.017822265625, -0.095703125, -0.021484375, 0.0634765625, -0.04052734375, 0.0038909912109375, 0.0024566650390625, 0.0289306640625, -0.014892578125, 0.004913330078125, -0.04931640625, -0.0120849609375, 0.002410888671875, -0.00058746337890625, -0.0120849609375, 0.05224609375, 0.009033203125, 0.0033416748046875, -0.0267333984375, 0.056640625, -0.023681640625, 0.04443359375, -0.0223388671875, -0.0771484375, -0.0238037109375, -0.0205078125, 0.0146484375, -0.068359375, -0.0419921875, 0.031982421875, -0.005462646484375, -0.026123046875, -0.022705078125, 0.044921875, 0.0361328125, -0.0439453125, 0.052978515625, 0.0228271484375, 0.0006561279296875, -0.0250244140625, -0.039306640625, 0.033447265625, 0.001800537109375, -0.0107421875, -0.028564453125, -0.0322265625, 0.0107421875, -0.014404296875, -0.00135040283203125, 0.007781982421875, -0.044677734375, -0.00738525390625, -0.00072479248046875, 0.0029754638671875, 0.041015625, 0.08251953125, -0.0279541015625, -0.0264892578125, -0.00537109375, 0.039306640625, -0.0147705078125, 0.004364013671875, -0.0181884765625, 0.0028076171875, -0.05517578125, -0.0458984375, -0.040283203125, -0.050048828125, 0.00982666015625, 0.0057373046875, -0.06494140625, 0.005096435546875, 0.003662109375, 0.05908203125, -0.03759765625, 0.04296875, 0.021484375, 0.00131988525390625, 0.022216796875, 0.02294921875, -0.0146484375, -0.0234375, -0.041015625, -0.02294921875, 0.005218505859375, -0.06982421875, -0.022705078125, -0.0111083984375, 0.0439453125, 0.0059814453125, -0.0244140625, -0.0223388671875, 0.039306640625, 0.01324462890625, -0.0458984375, 0.01348876953125, -0.0123291015625, 0.05126953125, 0.008056640625, -0.051513671875, -0.004180908203125, -0.061767578125, -0.10498046875, 0.01519775390625, -0.000701904296875, -0.04638671875, 0.03662109375, -0.040771484375, -0.0439453125, -0.00186920166015625, 0.01123046875, 0.006500244140625, 0.04052734375, 0.05419921875, -0.0185546875, 0.01068115234375, 0.0107421875, -0.0133056640625, -0.052490234375, 0.0279541015625, -0.01416015625, -0.01251220703125, 0.0302734375, 0.054931640625, 0.0213623046875, -0.0751953125, 0.043212890625, -0.0233154296875, 0.00506591796875, 0.06396484375, 0.00390625, -0.0260009765625, -0.028564453125, 0.0181884765625, 0.006256103515625, -0.011474609375, -0.00927734375, 0.023681640625, -0.0023193359375, -0.051025390625, 0.007568359375, -0.006561279296875, -0.001434326171875, 0.0174560546875, 0.005035400390625, -0.07275390625, -0.0255126953125, -0.001373291015625, -0.025634765625, -0.0159912109375, 0.035888671875, 0.01397705078125, 0.06591796875, 0.0078125, -0.0179443359375, -0.00013828277587890625, -0.00982666015625, 0.0203857421875, -0.0308837890625, 0.0294189453125, -0.01031494140625, 0.0556640625, 0.01263427734375, -0.0157470703125, -0.0120849609375, -0.017822265625, -0.026123046875, -0.023681640625, -0.0157470703125, 0.000743865966796875, 0.00113677978515625, -0.031494140625, -0.00726318359375, -0.031494140625, 0.03466796875, 0.00927734375, -0.0576171875, -0.0244140625, 0.03271484375, 0.060546875, -0.00836181640625, -0.005096435546875, -0.01043701171875, 0.04736328125, 0.016357421875, -0.0084228515625, 0.0179443359375, -0.0031280517578125, 0.00225830078125, 0.0021209716796875, 0.01324462890625, 0.06298828125, -0.05029296875, -0.0211181640625, -0.021484375, 0.0257568359375, 0.0859375, -0.0006866455078125, 0.060302734375, 0.05859375, -0.0208740234375, -0.01007080078125, 0.0194091796875, 0.0128173828125, 0.037109375, -0.057861328125, 0.0478515625, -0.0198974609375, -0.0020904541015625, -0.005401611328125, -0.022705078125, 0.041015625, -0.03466796875, 0.022216796875, 0.06689453125, 0.0169677734375, 0.0023956298828125, -0.033447265625, 0.0035552978515625, 0.0185546875, 0.042724609375, -0.005279541015625, 0.0142822265625, -0.0224609375, -0.00738525390625, 0.03857421875, -0.007568359375, -0.0093994140625, 0.0205078125, -0.023681640625, 0.0244140625, -0.0115966796875, 0.002593994140625, -0.005401611328125, 0.00592041015625, -0.07421875, 0.06689453125, -0.00836181640625, -0.05419921875, 0.004058837890625, 0.04296875, 0.007598876953125, -0.05859375, -0.03662109375, -0.025146484375, 0.024658203125, -0.01141357421875, -0.004058837890625, 0.01806640625, 0.00274658203125, -0.002197265625, -0.00537109375, 0.02099609375, -0.040771484375, -0.025634765625, -0.0302734375, 0.04443359375, 0.039306640625, 0.0272216796875, 0.004058837890625, -0.046875, -0.00726318359375, 0.005096435546875, -0.02978515625, 0.0123291015625, -0.04443359375, -0.007476806640625, 0.060791015625, -0.02392578125, 0.0262451171875, 0.045654296875, -0.044921875, 0.029296875, -0.06298828125, -0.018798828125, -0.059814453125, 0.051513671875, -0.00078582763671875, -0.0140380859375, 0.02099609375, -0.019287109375, 0.0595703125, 0.0013885498046875, -0.01397705078125, -0.038818359375, -0.052978515625, -0.005859375, 0.037109375, -0.032470703125, 0.029296875, 0.0301513671875, -0.04833984375, 0.023193359375, -0.00069427490234375, -0.018798828125, -0.04541015625, -0.051513671875, -0.039794921875, 0.0234375, -0.00848388671875, 0.01336669921875, 0.050537109375, 0.01806640625, 0.0101318359375, 0.000946044921875, 0.02197265625, 0.04443359375, 0.001129150390625, -0.0157470703125, 0.0191650390625, 0.04736328125, -0.05908203125, 0.0224609375, -0.023681640625, -0.01361083984375, 0.07861328125, -0.0223388671875, -0.051513671875, 0.01708984375, 0.049560546875, 0.057861328125, 0.0123291015625, -0.032470703125, -0.037109375, -0.006744384765625, -0.051513671875, 0.0024261474609375, 0.01019287109375, -0.03076171875, 0.0361328125, 0.0341796875, -0.05859375, 0.03759765625, -0.0093994140625, 0.0167236328125, 0.007598876953125, 0.009033203125, 0.0260009765625, 0.0059814453125, -0.01348876953125, -0.0284423828125, -0.01544189453125, -0.0013427734375, -0.0137939453125, 0.03857421875, 0.00714111328125, 0.006317138671875, -0.03466796875, -0.0252685546875, -0.044921875, 0.0654296875, 0.027587890625, 0.022216796875, 0.06591796875, 0.039794921875, -0.023681640625, -0.0022430419921875, -0.00457763671875, 2.086162567138672e-06, 0.029296875, -0.0111083984375, 0.01043701171875, -0.029541015625, 0.0279541015625, -0.0284423828125, -0.0634765625, 0.064453125, 0.0174560546875, -0.05029296875, 0.022216796875, -0.0257568359375, -0.022216796875, 0.035888671875, 0.0147705078125, 0.000743865966796875, -0.011474609375, -0.0003814697265625, -0.0146484375, 0.056640625, -0.0269775390625, -0.0242919921875, 0.01031494140625, -0.01361083984375, 0.026123046875, -0.0179443359375, -0.031494140625, -0.0087890625, -0.03271484375, -0.006988525390625, 0.033447265625, -0.00970458984375, 0.01806640625, -0.03857421875, -0.0264892578125, 0.01171875, 0.021484375, 0.017578125, 0.0615234375, 0.03759765625, -0.06689453125, -0.02880859375, -0.0284423828125, 0.05126953125, 0.0036163330078125, -0.00823974609375, 0.004791259765625, 0.05419921875, 0.018798828125, 0.00469970703125, 0.00110626220703125, -0.000568389892578125, -0.024658203125, 0.0027008056640625, 0.0439453125, 0.017578125, 0.00982666015625, 0.01397705078125, 0.07861328125, 0.018798828125, 0.0128173828125, -0.03564453125, 0.03759765625, 0.000972747802734375, 0.015380859375, 0.0091552734375, -0.03271484375, 0.01495361328125, 0.01116943359375, -0.042236328125, 0.04443359375, 0.026123046875, 0.049560546875, 0.006072998046875, -0.06982421875, 0.000675201416015625, -0.018798828125, -0.025634765625, 0.01708984375, 0.0177001953125, -0.0279541015625, 0.059814453125, -0.01324462890625, 0.052978515625, 0.00186920166015625, -0.0216064453125, -0.03271484375, 0.006378173828125, -0.0020904541015625, 0.00090789794921875, 0.0264892578125, 0.04296875, -0.060546875, -0.0164794921875, -0.0164794921875, 0.0101318359375, -0.0234375, 0.034912109375, -0.015380859375, -0.024658203125, 0.08056640625, 0.0299072265625, 0.017822265625, -0.068359375, 0.023681640625, -0.029541015625, -0.0274658203125, -0.0174560546875, -0.0380859375, 