{"movie": "wwdc2025", "offset": 290, "text_offset": 280, "embedding": [0.01300048828125, 0.0189208984375, 0.050048828125, 0.03271484375, -0.042724609375, 0.010986328125, -0.04052734375, 0.0159912109375, 0.001220703125, 0.04931640625, 0.0458984375, -0.014404296875, 0.01153564453125, -0.07861328125, -0.02294921875, -0.042724609375, 0.0078125, -0.00323486328125, -0.017333984375, 0.00640869140625, 0.017578125, -0.03466796875, 0.00543212890625, 0.0023651123046875, -0.0166015625, -0.004119873046875, -0.0361328125, -0.02392578125, 0.0172119140625, -0.045166015625, -0.004974365234375, -0.050048828125, 0.0213623046875, 0.025146484375, -0.000766754150390625, -0.004180908203125, 0.0245361328125, 0.0205078125, -0.0225830078125, -0.00830078125, -0.0228271484375, 0.0177001953125, -0.007049560546875, -0.07568359375, -0.0302734375, -0.0186767578125, -0.041015625, -0.04150390625, 0.0267333984375, 0.042724609375, 0.0230712890625, 0.0164794921875, -0.0009613037109375, 0.0020904541015625, -0.00823974609375, 0.033447265625, -0.0208740234375, 0.007415771484375, -0.0185546875, -0.0172119140625, -0.0283203125, -0.052978515625, -0.038330078125, 0.004364013671875, -0.038330078125, 0.0654296875, 0.0186767578125, -0.038330078125, -0.005096435546875, -0.0126953125, -0.05078125, -0.03662109375, -0.0052490234375, -0.0037078857421875, -0.00051116943359375, -0.0150146484375, 0.031494140625, -0.0732421875, -0.049072265625, 0.05908203125, -0.01416015625, 0.031982421875, 0.00958251953125, 0.01202392578125, 0.037841796875, -0.0128173828125, 0.027099609375, -0.0361328125, 0.01068115234375, 0.01171875, -0.0125732421875, 0.059326171875, -0.01544189453125, -0.005340576171875, -0.0301513671875, -0.027099609375, -0.016845703125, -0.05419921875, 0.00162506103515625, -0.01275634765625, 0.021240234375, 0.0208740234375, -0.0260009765625, -0.0142822265625, -0.0238037109375, -0.03564453125, -0.016845703125, 0.01007080078125, 0.020751953125, 0.021240234375, -0.04150390625, -0.025634765625, -0.05078125, 0.0169677734375, -0.05126953125, 0.0196533203125, 0.01123046875, -0.03466796875, 0.01373291015625, 0.01513671875, -0.038818359375, 0.0107421875, -0.0101318359375, 0.01116943359375, -0.01434326171875, 0.02001953125, 0.0150146484375, 0.031982421875, 0.038330078125, 0.0245361328125, 0.01202392578125, -0.053955078125, 0.031494140625, 0.0189208984375, -0.0791015625, -0.0301513671875, 0.0003643035888671875, -0.033203125, -0.0439453125, -0.01141357421875, 0.005340576171875, -0.0108642578125, -0.0400390625, -0.0189208984375, -0.0166015625, -0.0208740234375, 0.030029296875, 0.00360107421875, -0.0198974609375, 0.031494140625, 0.0096435546875, -0.02978515625, -0.055908203125, 0.072265625, -0.006988525390625, 0.004638671875, 0.03515625, 0.00408935546875, -0.068359375, -0.031982421875, 0.05029296875, -0.01190185546875, -0.0260009765625, -0.0050048828125, 0.07470703125, 0.0108642578125, -0.02099609375, 0.048095703125, -0.007781982421875, -0.0005645751953125, -0.0703125, 0.020751953125, -0.035400390625, 0.046142578125, -0.0233154296875, -0.00213623046875, -0.0205078125, 0.01361083984375, -0.019287109375, 0.0021820068359375, -0.045166015625, 0.0361328125, 0.039794921875, -0.00543212890625, -0.01513671875, -0.00946044921875, -0.01348876953125, 0.01953125, 0.007415771484375, 0.0267333984375, -0.0091552734375, 0.0194091796875, 0.007415771484375, 0.03369140625, -0.005218505859375, -0.0137939453125, 0.02099609375, -0.027587890625, 0.031494140625, 0.07080078125, 0.0038604736328125, 0.10595703125, -0.02099609375, 0.017578125, 0.004180908203125, 0.04150390625, 0.00323486328125, 0.050048828125, -0.02392578125, -0.0103759765625, -0.01214599609375, 0.0279541015625, 0.003631591796875, 0.014404296875, 0.004669189453125, -0.0045166015625, 0.015380859375, 0.04931640625, 0.04052734375, 0.004150390625, -0.0235595703125, -0.006500244140625, 0.03662109375, 0.005035400390625, -0.0186767578125, -0.029052734375, 0.01348876953125, 0.032958984375, 0.046630859375, 0.0169677734375, 0.0172119140625, 0.0240478515625, -0.0279541015625, 0.05517578125, 0.004180908203125, 0.0133056640625, 0.017822265625, 0.005462646484375, -0.004241943359375, 0.0303955078125, 0.051025390625, -0.0322265625, -0.032470703125, 0.031982421875, -0.006134033203125, -0.05810546875, -0.010986328125, 0.01116943359375, 0.049072265625, 0.02392578125, 0.0157470703125, -0.01361083984375, -0.0311279296875, -0.061767578125, -0.037353515625, 0.04150390625, -0.048828125, 0.007049560546875, 0.01300048828125, 0.01043701171875, 0.035400390625, -0.017822265625, 0.039306640625, -0.021484375, 0.0277099609375, 0.0028228759765625, 0.01116943359375, 0.006622314453125, -0.02392578125, 0.0281982421875, 0.0189208984375, -0.00182342529296875, -0.0732421875, 0.012451171875, 0.00640869140625, -0.006256103515625, -0.0732421875, 0.0439453125, -0.045166015625, -0.003143310546875, -0.0081787109375, -0.020263671875, 0.01953125, -0.03564453125, 0.0159912109375, 0.00799560546875, 0.0125732421875, -0.03662109375, -0.055419921875, -0.03369140625, 0.040771484375, -0.031982421875, 0.03662109375, -0.0224609375, -0.012939453125, 0.0145263671875, -0.046630859375, 0.0169677734375, -0.050048828125, -0.01068115234375, -0.0732421875, -0.0225830078125, -0.01068115234375, -0.01806640625, 0.0269775390625, -0.000324249267578125, 0.02587890625, -0.041015625, -0.01458740234375, -0.0233154296875, -0.021240234375, 0.025634765625, -0.0208740234375, 0.040771484375, -0.004730224609375, -0.020751953125, 0.0169677734375, -0.0267333984375, 0.01348876953125, 0.0137939453125, -0.087890625, 0.002685546875, 0.03662109375, 0.053466796875, 0.03076171875, -0.0125732421875, -0.01806640625, -0.0576171875, -0.0103759765625, -0.0615234375, 0.0159912109375, -0.006500244140625, -0.009765625, -0.0267333984375, -0.037841796875, 0.0186767578125, -0.03271484375, -0.08203125, 0.0142822265625, 0.016845703125, -0.01068115234375, -0.030029296875, 0.0196533203125, -0.053955078125, -0.03662109375, -0.0186767578125, 0.035400390625, -0.029296875, -0.01141357421875, 0.040771484375, -0.027587890625, -0.0213623046875, -0.006256103515625, 0.05859375, -0.016845703125, 0.0072021484375, -0.045166015625, 0.072265625, -0.1005859375, -0.0135498046875, 0.00121307373046875, -0.0478515625, 0.0230712890625, -0.00016021728515625, 0.01116943359375, 0.032470703125, -0.0341796875, 0.025390625, -0.0233154296875, 4.792213439941406e-05, 0.06640625, 0.01153564453125, -0.00799560546875, -0.035400390625, -0.03369140625, 0.0054931640625, 0.0185546875, 0.037353515625, -0.04248046875, -0.0096435546875, -0.0303955078125, 0.01324462890625, -0.0233154296875, -0.0296630859375, 0.0087890625, -0.0174560546875, -0.044677734375, -0.049072265625, -0.0242919921875, 0.0172119140625, -0.025146484375, -0.00946044921875, 0.048583984375, -0.014404296875, 0.0035400390625, -0.01708984375, -0.0390625, 0.029052734375, 0.020263671875, -0.007537841796875, 0.00933837890625, 0.0076904296875, 0.007781982421875, 0.0167236328125, -0.037109375, 0.08056640625, -0.00506591796875, 0.02197265625, 0.0341796875, -0.056640625, 0.006927490234375, 0.0172119140625, -0.00933837890625, -0.01544189453125, -0.038818359375, -0.0018463134765625, -0.0272216796875, -0.00555419921875, 0.01318359375, -0.004974365234375, 0.0225830078125, -0.0146484375, -0.0233154296875, 0.049072265625, -0.01513671875, -0.019775390625, -0.0126953125, -0.011474609375, -0.060302734375, -0.0225830078125, 0.03564453125, -0.0057373046875, 0.045166015625, -0.01385498046875, 0.007293701171875, 0.0245361328125, -0.028564453125, 0.00439453125, -0.00531005859375, -0.00799560546875, 0.0174560546875, 0.0126953125, -0.068359375, 0.00958251953125, -0.005126953125, 0.0732421875, 0.01397705078125, 0.054443359375, -0.0245361328125, -0.0004634857177734375, -0.045166015625, 0.00634765625, 0.07958984375, 0.05224609375, 0.005828857421875, -0.0167236328125, -0.021728515625, 0.005645751953125, -0.020751953125, 0.0281982421875, -0.0166015625, -0.005645751953125, -0.002410888671875, -0.007598876953125, 0.0303955078125, -0.052978515625, 0.05322265625, 0.0311279296875,