{"movie": "wwdc2025", "offset": 530, "text_offset": 520, "embedding": [0.0220947265625, 0.024169921875, -0.017578125, -0.0279541015625, -0.047607421875, -0.019775390625, -0.01251220703125, -0.037353515625, 0.0115966796875, 0.0257568359375, 0.007598876953125, 0.0419921875, 0.00823974609375, -0.052734375, -0.015869140625, -0.005340576171875, 0.0123291015625, -0.0184326171875, 0.0034332275390625, -0.0211181640625, -0.0032958984375, -0.02197265625, 0.010498046875, -0.064453125, 0.03173828125, 0.0205078125, -0.04443359375, 0.00494384765625, 0.0296630859375, 0.0047607421875, -0.02490234375, -0.05419921875, 0.0169677734375, 0.033203125, 0.0118408203125, 0.0007171630859375, -0.00115203857421875, -0.00176239013671875, -0.00014591217041015625, 0.01361083984375, -0.042724609375, 0.01361083984375, -0.00213623046875, 0.004547119140625, -0.036865234375, 0.01458740234375, -0.07275390625, 0.0245361328125, -0.021728515625, 0.0146484375, -0.03271484375, 0.015380859375, 0.0169677734375, -0.05517578125, 0.01806640625, -0.0250244140625, -0.026123046875, 6.020069122314453e-06, 0.024169921875, -0.0087890625, -0.032958984375, 0.0087890625, 0.03515625, 0.0400390625, -0.01318359375, 0.0274658203125, -0.01422119140625, -0.02880859375, 0.00921630859375, -0.029052734375, 0.046875, 0.01190185546875, 0.0576171875, -0.039794921875, -0.004913330078125, -0.0087890625, 0.034423828125, -0.0166015625, -0.0002880096435546875, 0.0255126953125, -5.364418029785156e-05, 0.033935546875, 0.04345703125, -0.0245361328125, -0.00897216796875, -0.045166015625, 0.00112152099609375, -0.0159912109375, -0.0213623046875, -0.00689697265625, -0.02783203125, 0.02099609375, -0.02783203125, -0.037353515625, 0.00921630859375, 0.004241943359375, -0.0272216796875, -0.0634765625, 0.016357421875, 0.03173828125, -0.01556396484375, 0.044189453125, -0.029541015625, -0.0234375, -0.053466796875, -0.06689453125, 0.008056640625, 0.0106201171875, -0.014404296875, 0.032958984375, -0.01068115234375, -0.0233154296875, -0.05517578125, 0.03173828125, -0.0576171875, 0.05908203125, 0.045166015625, -0.0625, 0.00933837890625, 0.0079345703125, -0.033935546875, -0.026611328125, -0.00439453125, 0.00848388671875, -0.022216796875, 0.044921875, 0.031494140625, 0.06103515625, -0.0400390625, 0.020263671875, 0.044921875, -0.051513671875, -0.0169677734375, 0.04345703125, -0.060546875, -0.017578125, 0.03173828125, -0.004669189453125, -0.01226806640625, -0.0111083984375, 0.034423828125, 0.0220947265625, -0.054931640625, 0.0108642578125, -0.005950927734375, -0.03564453125, -0.01318359375, -0.0137939453125, -0.03076171875, -0.017578125, -0.0211181640625, -0.0291748046875, 0.01068115234375, -0.000972747802734375, 0.047607421875, 0.034423828125, 0.011474609375, 0.0115966796875, -0.060546875, -0.00091552734375, 0.00531005859375, -0.043701171875, 0.0439453125, -0.00994873046875, 0.031494140625, 0.0126953125, -0.017578125, 0.0238037109375, -0.0027313232421875, -0.042724609375, -0.0341796875, 0.038818359375, -0.054443359375, 0.024658203125, 0.0220947265625, 0.00787353515625, -0.034423828125, -0.0078125, -0.0072021484375, 0.00360107421875, -0.00750732421875, 0.01141357421875, 0.06396484375, -0.06640625, 0.0062255859375, 0.0169677734375, -0.00543212890625, 0.0038909912109375, -0.009033203125, 0.0177001953125, -0.006378173828125, 0.0267333984375, 0.0057373046875, 0.0274658203125, 0.0927734375, 0.004364013671875, 0.0191650390625, -0.0205078125, -0.02197265625, 0.0673828125, 0.0166015625, 0.060546875, 0.0302734375, -0.025146484375, 0.004058837890625, 0.0211181640625, 0.00994873046875, 0.03955078125, -0.09814453125, -0.036376953125, -0.0281982421875, -0.03564453125, 0.0191650390625, -0.0458984375, 0.0380859375, -0.0106201171875, 0.015380859375, 0.006866455078125, 0.014404296875, -0.015869140625, -0.049072265625, 0.004486083984375, 0.00750732421875, 0.04345703125, 6.389617919921875e-05, 0.05224609375, -0.0089111328125, -0.01806640625, 0.07666015625, -0.01416015625, 0.010498046875, -0.0096435546875, -0.0272216796875, -0.0184326171875, 0.04150390625, 0.07373046875, 0.0014801025390625, -0.006744384765625, -0.0052490234375, 0.05810546875, 0.0238037109375, -0.046875, -0.0262451171875, 0.047607421875, -0.047607421875, -0.052734375, -0.0035552978515625, -0.00830078125, 0.0101318359375, 0.049072265625, -0.0205078125, -0.01214599609375, -0.00579833984375, -0.0322265625, -0.04150390625, 0.02880859375, -0.0703125, -0.03955078125, 0.0224609375, -0.0027008056640625, 0.06884765625, 0.0035858154296875, 0.043701171875, -0.043701171875, -0.0205078125, -0.0283203125, -0.0130615234375, -0.00933837890625, -0.046875, -0.019775390625, 0.0201416015625, 0.0228271484375, -0.0208740234375, 0.0576171875, -0.004058837890625, 0.00750732421875, -0.08056640625, -0.006744384765625, -0.03173828125, -0.0361328125, -0.0220947265625, -0.01544189453125, -0.000713348388671875, -0.021728515625, 0.034423828125, -0.037353515625, 0.011474609375, -0.009033203125, -0.0147705078125, 0.009033203125, -0.032470703125, 0.0269775390625, -0.004302978515625, -0.0281982421875, 0.0150146484375, 0.039794921875, -0.003143310546875, -0.046630859375, -0.017578125, -0.05859375, -0.0150146484375, -0.0361328125, -0.005035400390625, 0.0162353515625, -0.0281982421875, 0.044921875, 0.00323486328125, 0.01336669921875, 0.03515625, 0.00811767578125, 0.0189208984375, 0.01080322265625, -0.015625, 0.03173828125, -0.07080078125, 0.0576171875, 0.01055908203125, -0.0556640625, 0.03076171875, -0.02099609375, 0.0166015625, 0.01287841796875, 0.03955078125, 0.047607421875, 0.062255859375, 0.019775390625, -0.0267333984375, -0.053466796875, -0.01409912109375, -0.044921875, 0.048095703125, -0.0303955078125, -0.00592041015625, 0.0162353515625, -0.008056640625, 0.0240478515625, -0.01904296875, -0.011474609375, 0.00016689300537109375, 0.025146484375, -0.01318359375, -0.0172119140625, 0.00506591796875, -0.00323486328125, -0.0302734375, -0.020263671875, 0.0419921875, 0.0400390625, -0.0089111328125, 0.00921630859375, -0.06884765625, -0.01397705078125, -0.04052734375, 0.029296875, -0.006256103515625, -0.04443359375, 0.0269775390625, 0.061767578125, -0.07666015625, -0.01043701171875, 0.0194091796875, -0.0064697265625, 0.01312255859375, 0.029052734375, 0.01043701171875, -0.01141357421875, 0.0186767578125, 0.00543212890625, -0.0286865234375, 0.0225830078125, 0.053955078125, 0.0703125, -0.032470703125, 0.0002269744873046875, -0.030029296875, -0.01080322265625, 0.0169677734375, 0.030029296875, -0.02294921875, 0.0196533203125, -0.08203125, 0.004913330078125, -0.0458984375, -0.024658203125, -0.01373291015625, 0.034423828125, -0.001434326171875, -0.055908203125, -0.025146484375, 0.003082275390625, -0.03369140625, -0.0311279296875, 0.037841796875, -0.0245361328125, -0.00628662109375, -0.0089111328125, -0.037353515625, 0.0145263671875, 0.0654296875, 0.0166015625, 0.026123046875, -0.0211181640625, -0.06640625, -0.019287109375, -0.0283203125, 0.04736328125, -0.0205078125, -0.04052734375, 0.0291748046875, 0.029052734375, 0.005950927734375, 0.0238037109375, -0.032958984375, 0.039794921875, -0.06787109375, 0.006866455078125, 0.026611328125, 0.01336669921875, -0.0201416015625, 0.005126953125, 0.05419921875, 0.0133056640625, 0.011474609375, -0.00665283203125, 0.01544189453125, -0.005035400390625, -0.007568359375, -0.0286865234375, -0.08984375, -0.052490234375, 0.02099609375, 0.013916015625, 0.0047607421875, 0.008056640625, 0.015380859375, -0.012939453125, -0.0269775390625, -0.00153350830078125, -0.0057373046875, -0.034423828125, 0.054443359375, -0.043212890625, -0.025390625, 0.011474609375, 0.041015625, 0.032470703125, 0.05224609375, -0.05224609375, -0.056640625, -0.029541015625, -0.001983642578125, 0.0031280517578125, 0.043212890625, 0.08642578125, -0.024658203125, -0.0174560546875, -0.052734375, -0.037353515625, -0.03955078125, 0.037353515625, -0.01275634765625, 0.004730224609375, 0.0267333984375, -0.042724609375, 0.045654296875, -0.056884765625, 0.041015625, 0.006134033203125, -0.06884765625, -0.0791015625, -0.05224609375, -0.00579833984375, 