{"movie": "wwdc2025", "offset": 426, "text_offset": 420, "embedding": [-0.033447265625, -0.00189971923828125, 0.0693359375, 0.032470703125, -0.08837890625, -0.0299072265625, 0.0205078125, -0.0279541015625, 0.033447265625, 0.0203857421875, -0.009521484375, 0.0264892578125, 0.00087738037109375, -0.08154296875, -0.049560546875, -0.037353515625, 0.000415802001953125, -0.0303955078125, -0.050537109375, -0.023193359375, 0.0027618408203125, -0.06640625, 0.00408935546875, -0.0380859375, 0.0233154296875, 0.00089263916015625, -0.0174560546875, -0.0255126953125, -0.04931640625, -0.0308837890625, -0.00823974609375, -0.072265625, 0.0595703125, 0.0172119140625, 0.036376953125, -0.0146484375, 0.004638671875, 0.0225830078125, -0.010498046875, 0.0302734375, -0.0184326171875, 0.007415771484375, -0.006622314453125, 0.04052734375, -0.03564453125, -0.0283203125, -0.044189453125, -0.01416015625, 0.0162353515625, 0.0390625, -0.020263671875, 0.03759765625, -0.01300048828125, -0.00811767578125, 0.01397705078125, 0.017822265625, -0.01068115234375, 0.0223388671875, 0.01019287109375, -0.0240478515625, 0.020751953125, -0.02099609375, -0.02685546875, -0.002197265625, -0.0078125, 0.034423828125, 0.01953125, -0.0322265625, -0.0079345703125, -0.028076171875, -0.00921630859375, -0.0164794921875, -0.01318359375, 0.0010528564453125, -0.026123046875, 0.01068115234375, 0.01251220703125, -0.01953125, 0.0031890869140625, -0.02587890625, 0.0201416015625, 0.05224609375, 0.0247802734375, -0.017822265625, -0.00836181640625, -0.007232666015625, 0.03857421875, -0.062255859375, -0.0103759765625, 0.0031280517578125, 0.009033203125, 0.0296630859375, -0.00531005859375, -0.032470703125, 0.0012054443359375, 0.00921630859375, -0.05224609375, -0.036376953125, 0.04345703125, 0.01007080078125, 0.03662109375, 0.037109375, -0.07470703125, 0.00604248046875, -0.054931640625, -0.049560546875, -0.009521484375, -0.018310546875, 0.019775390625, 0.032958984375, -0.0185546875, -0.01019287109375, 0.000339508056640625, 0.00086212158203125, -0.02099609375, 0.046142578125, 0.0341796875, -0.043212890625, 0.0004825592041015625, 0.0189208984375, -0.007415771484375, -0.0028228759765625, 0.000797271728515625, -0.01202392578125, -0.0113525390625, 0.02685546875, 0.072265625, 0.008544921875, -0.00016021728515625, 0.06982421875, 0.02880859375, 0.037109375, 0.05224609375, 0.05615234375, -0.07470703125, -0.00262451171875, 0.056640625, -0.0157470703125, -0.0400390625, -0.03662109375, -0.04736328125, 0.05224609375, -0.0216064453125, -0.0015411376953125, -0.045654296875, -0.0537109375, 0.06494140625, 0.0284423828125, -0.00360107421875, -0.07275390625, 0.0181884765625, -0.0341796875, -0.05224609375, 0.0303955078125, 0.043212890625, -0.01275634765625, 0.004180908203125, -0.0052490234375, -0.036865234375, -0.0230712890625, 0.018798828125, -0.04638671875, -0.018310546875, -0.0341796875, 0.06396484375, -0.0120849609375, -0.04736328125, -0.0303955078125, -0.02685546875, 0.0172119140625, -0.041748046875, 0.0233154296875, -0.01080322265625, 0.005401611328125, -0.01513671875, -0.03759765625, 0.023681640625, -0.0233154296875, 0.028076171875, -0.0027313232421875, 0.00098419189453125, 0.02734375, 0.08154296875, -0.0301513671875, -0.00927734375, -0.004364013671875, -0.0027008056640625, 0.0123291015625, 0.0140380859375, 0.034423828125, -0.026123046875, -0.0113525390625, 0.028564453125, -0.005218505859375, 0.0189208984375, -0.03466796875, 0.0133056640625, 0.01202392578125, 0.03076171875, 0.032958984375, 0.0264892578125, 0.044677734375, -0.0302734375, 0.04736328125, 0.000782012939453125, -0.00113677978515625, 0.032958984375, 0.01470947265625, -0.09033203125, 0.004791259765625, -0.038330078125, -0.00439453125, 0.0068359375, -0.056640625, 0.0220947265625, -0.0164794921875, 0.0634765625, -0.00860595703125, 0.039794921875, -0.0037841796875, 0.00433349609375, 0.006378173828125, 0.0419921875, 0.00113677978515625, -0.0164794921875, -0.03662109375, 0.0021514892578125, 0.0159912109375, 0.03662109375, -0.0250244140625, 0.0419921875, 0.025146484375, -0.050048828125, 0.016845703125, 0.06298828125, 0.0296630859375, 0.034912109375, 0.02587890625, -0.0252685546875, 0.0311279296875, 0.01324462890625, -0.0218505859375, 0.0245361328125, 0.0213623046875, -0.040771484375, -0.01611328125, -0.009765625, 0.0205078125, 0.0595703125, 0.006072998046875, -0.045166015625, 0.046630859375, 0.017822265625, -0.0233154296875, -0.015869140625, 0.03759765625, -0.021240234375, 0.0205078125, 0.0216064453125, 0.007537841796875, 0.04541015625, -0.0213623046875, -0.019287109375, -0.01190185546875, 0.0027618408203125, -0.0038299560546875, 0.01025390625, -0.0220947265625, -0.045166015625, 0.033935546875, 0.01275634765625, 0.02685546875, -0.041259765625, 0.061767578125, 0.0303955078125, 0.0001392364501953125, -0.0390625, -0.0093994140625, -0.0216064453125, 0.020263671875, -0.0184326171875, 0.0037689208984375, 0.000946044921875, -0.041748046875, 0.064453125, -0.0228271484375, 0.0101318359375, 0.0027923583984375, -0.022216796875, -0.03125, 0.006500244140625, -0.01513671875, 0.000926971435546875, -0.033447265625, -0.039794921875, 0.05517578125, -0.017578125, -0.02001953125, -0.03125, -0.044189453125, -0.049072265625, -0.015625, 0.043212890625, -0.02880859375, -0.007720947265625, 0.042724609375, 0.0296630859375, -0.020263671875, 0.036376953125, 0.07373046875, -0.003509521484375, -0.004547119140625, -0.01300048828125, 0.0174560546875, -0.0390625, -0.0079345703125, -0.0120849609375, -0.00823974609375, -0.026611328125, -0.00927734375, -0.00186920166015625, 0.0250244140625, 0.048583984375, 0.01165771484375, 0.0166015625, 0.002838134765625, -0.01165771484375, -0.0076904296875, -0.01953125, -0.0556640625, 0.0390625, -0.0157470703125, -0.0205078125, 0.0223388671875, -0.05029296875, 0.02099609375, -0.040283203125, -0.016357421875, -0.031494140625, 0.0040283203125, 0.015625, 0.004241943359375, -0.0025482177734375, -0.0146484375, -0.046630859375, -0.024169921875, -0.007537841796875, 0.036865234375, 0.0213623046875, -0.0245361328125, 0.0341796875, -0.03857421875, 0.026123046875, 0.053955078125, 0.0164794921875, -0.015869140625, -0.04833984375, 0.04150390625, -0.029296875, -0.005889892578125, 0.0017547607421875, 0.036376953125, 0.0034332275390625, -0.03564453125, 0.028076171875, 0.02099609375, -0.0302734375, -0.0206298828125, -0.0220947265625, 0.042724609375, 0.08056640625, 0.0322265625, 0.00927734375, -0.01495361328125, -0.005462646484375, 0.023681640625, 0.014892578125, 0.0078125, -0.052978515625, -0.037841796875, -0.06298828125, 0.0400390625, -0.033447265625, -0.045654296875, -0.00531005859375, -0.0015411376953125, -0.0198974609375, -0.008544921875, -0.00153350830078125, -0.03125, -0.032958984375, -0.052001953125, 0.061767578125, -0.009033203125, -0.032958984375, -0.03564453125, -0.045166015625, 0.0201416015625, 0.01611328125, 0.01116943359375, 0.01953125, -0.055908203125, -0.034912109375, -0.0198974609375, -0.041015625, 0.05029296875, -0.044189453125, -0.024169921875, 0.01031494140625, 0.0206298828125, -0.0240478515625, 0.0145263671875, -0.04443359375, 0.01043701171875, -0.01513671875, 0.00799560546875, -0.03515625, 0.049560546875, -0.03759765625, 0.0181884765625, -0.004150390625, 0.01513671875, 0.00653076171875, 0.056884765625, -0.0159912109375, 0.01806640625, 0.005523681640625, -0.020263671875, -0.041748046875, 0.022216796875, 0.001617431640625, -0.044189453125, 0.03759765625, -0.00445556640625, -0.0169677734375, -0.006500244140625, -0.041748046875, 0.01177978515625, -0.022705078125, -0.01043701171875, 0.01708984375, -0.0140380859375, -0.026611328125, -0.0002899169921875, 0.0225830078125, 0.07958984375, 0.00145721435546875, 0.05029296875, -0.032958984375, -0.03466796875, -0.046630859375, 0.05615234375, 0.05224609375, 0.0341796875, -0.03271484375, 0.03564453125, -0.0216064453125, -0.061767578125, -0.017822265625, -0.0016021728515625, 0.0146484375, -0.0017547607421875, 0.040283203125, -0.049560546875, 0.0322265625, 0.00701904296875, 0.0390625, 0.0106201171875, -0.031982421875, -0.0167236328125, 