{"movie": "wwdc2025", "offset": 392, "text_offset": 380, "embedding": [0.0576171875, 0.0146484375, 0.026123046875, 0.0303955078125, -0.09814453125, -0.0250244140625, 0.0162353515625, 0.00189971923828125, 0.031494140625, -0.008056640625, -0.00494384765625, 0.010498046875, 0.0233154296875, 0.010009765625, -0.002593994140625, -0.00127410888671875, 0.0576171875, -0.0130615234375, -0.0089111328125, 0.001861572265625, 0.01165771484375, -0.014892578125, 0.016845703125, -0.00787353515625, 0.060546875, -0.00811767578125, -0.0242919921875, -0.03125, -0.036865234375, -0.0166015625, -0.00830078125, -0.08740234375, 0.045166015625, -0.0174560546875, 0.01495361328125, 0.013671875, 0.04833984375, 0.02685546875, -0.003082275390625, 0.01348876953125, 0.0208740234375, 0.0294189453125, 0.0089111328125, -0.04833984375, 0.004180908203125, -0.017333984375, -0.0390625, -0.031494140625, 0.00927734375, 0.05615234375, -0.017822265625, -3.62396240234375e-05, 0.00116729736328125, -0.038330078125, -0.032470703125, -0.00701904296875, -0.024169921875, 0.0419921875, 0.08251953125, -0.014404296875, -0.0169677734375, -0.0228271484375, -0.00185394287109375, 0.0185546875, -0.03857421875, 0.0030975341796875, -0.01611328125, -0.0517578125, -0.017822265625, -0.01611328125, -0.00189971923828125, -0.0166015625, 0.013427734375, -0.01611328125, -0.0263671875, 0.000698089599609375, 0.060546875, -0.0283203125, -0.00567626953125, 0.00171661376953125, 0.0172119140625, 0.025634765625, -0.0052490234375, 0.015380859375, 0.0087890625, -0.0296630859375, -1.3887882232666016e-05, -0.05517578125, 0.0184326171875, -0.0252685546875, 0.01165771484375, 0.0162353515625, -0.04150390625, -0.0247802734375, 0.0184326171875, -0.01226806640625, -0.034423828125, -0.0216064453125, 0.022705078125, 0.0274658203125, 0.033447265625, 0.024169921875, 0.00054931640625, 0.0184326171875, -0.048583984375, -0.08642578125, -0.0247802734375, -0.01324462890625, 0.01007080078125, 0.00860595703125, -0.0022735595703125, 0.0159912109375, -0.0191650390625, 0.0279541015625, -0.024658203125, 0.033203125, 0.014404296875, -0.060546875, 0.028076171875, 0.0034942626953125, 0.006134033203125, -0.00567626953125, 0.047607421875, 0.0016937255859375, -0.029296875, 0.0390625, 0.044677734375, 0.005584716796875, -0.05615234375, 0.072265625, 0.0206298828125, 0.01263427734375, 0.052734375, 0.07275390625, -0.062255859375, -0.014404296875, 0.053955078125, 0.00543212890625, -0.04345703125, -0.01611328125, -0.01104736328125, 0.0390625, -0.034912109375, 0.01275634765625, 0.00616455078125, -0.044189453125, 0.0101318359375, 0.005950927734375, -0.08251953125, -0.00616455078125, 0.04345703125, -0.05615234375, 0.01129150390625, 0.0172119140625, 0.0419921875, 0.0146484375, 0.0004425048828125, -0.018798828125, -0.043212890625, -0.0031890869140625, 0.040283203125, -0.03564453125, 0.0223388671875, -0.0216064453125, 0.059326171875, 0.029052734375, -0.01507568359375, -0.00946044921875, -0.0067138671875, -0.0003871917724609375, -0.01251220703125, -0.00653076171875, -0.0184326171875, -0.004638671875, 0.01275634765625, -0.03955078125, -0.0050048828125, 0.007537841796875, 0.06689453125, -0.032958984375, -0.0264892578125, -0.01397705078125, 0.042724609375, -0.0546875, 0.007415771484375, -0.01318359375, 0.037841796875, 0.0026092529296875, -0.01165771484375, 0.056640625, 0.00055694580078125, 0.05224609375, 0.0174560546875, -0.013427734375, 0.042724609375, 0.01904296875, -0.021728515625, 0.0238037109375, 0.0308837890625, 0.0302734375, 0.00616455078125, 0.017822265625, -0.01239013671875, 0.01495361328125, 0.0185546875, -0.04833984375, 0.033447265625, -0.0181884765625, -0.0537109375, -0.03369140625, -0.028076171875, 0.00787353515625, -0.034423828125, -0.03466796875, -0.020751953125, -0.043701171875, 0.0810546875, -0.0048828125, 0.04736328125, -0.0164794921875, -0.02880859375, 0.02685546875, 0.033447265625, 0.0103759765625, 0.022216796875, -0.04541015625, 0.036865234375, 0.0225830078125, 0.032470703125, -0.041259765625, 0.041748046875, -0.043212890625, -0.08203125, -0.004608154296875, 0.0031280517578125, 0.04833984375, -0.0185546875, 0.0247802734375, 0.0035552978515625, 0.0184326171875, 0.0296630859375, -0.022705078125, -0.0225830078125, 0.06591796875, -0.0308837890625, -0.0400390625, -0.03173828125, 0.0233154296875, 0.039794921875, 0.046142578125, -0.05517578125, -0.0101318359375, 0.039794921875, -0.00921630859375, -0.05029296875, 0.0341796875, -0.05126953125, -0.0751953125, 0.01611328125, -0.051025390625, -0.00115966796875, -0.04931640625, 0.0118408203125, -0.02587890625, 0.0159912109375, -0.023681640625, 0.00445556640625, -0.031982421875, -0.05029296875, 0.04052734375, 0.0203857421875, -0.033935546875, -0.01373291015625, 0.048583984375, -0.000591278076171875, 0.04638671875, -0.05029296875, -0.0181884765625, -0.04345703125, 0.02685546875, -0.0303955078125, 0.041259765625, -0.009521484375, -0.0233154296875, 0.033935546875, 0.002227783203125, 0.02880859375, 0.0021514892578125, 0.005462646484375, 0.013427734375, 0.0198974609375, 0.005950927734375, 0.006072998046875, -0.0206298828125, -0.05712890625, 0.01019287109375, 0.0220947265625, 0.022705078125, 0.034423828125, -0.0242919921875, 0.000946044921875, 0.0247802734375, 0.031494140625, -0.0301513671875, 0.0159912109375, 0.06298828125, 0.045654296875, -0.01708984375, 0.0184326171875, 0.0260009765625, -0.0091552734375, -0.002838134765625, -0.0250244140625, -0.0037384033203125, -0.054931640625, -0.0228271484375, 0.0157470703125, 0.0247802734375, 0.0791015625, -0.0142822265625, -0.049072265625, 0.025634765625, 0.04345703125, 0.000286102294921875, 0.0361328125, -0.002349853515625, -0.064453125, -0.060302734375, -0.04443359375, -0.050048828125, 0.01239013671875, -0.0537109375, 0.007781982421875, 0.018310546875, -0.042724609375, 0.0341796875, -0.022216796875, 0.0206298828125, -0.03759765625, -0.0263671875, -0.0216064453125, 0.019775390625, -0.0025634765625, -0.03759765625, 0.0380859375, -0.028076171875, -0.0380859375, 0.0157470703125, 0.028076171875, -0.008056640625, 0.05029296875, -0.0185546875, 0.01531982421875, 0.037353515625, -0.017333984375, -0.08056640625, -0.01116943359375, -0.0233154296875, -0.03564453125, -0.0098876953125, 0.0311279296875, -0.041748046875, -0.006866455078125, 0.0274658203125, 0.072265625, -0.016357421875, -0.0198974609375, -0.038330078125, -0.041259765625, 0.0390625, 0.006378173828125, -0.00030517578125, -0.01031494140625, -0.0213623046875, 0.004791259765625, -0.000705718994140625, 0.013671875, 0.0223388671875, -0.0034332275390625, -0.0166015625, -0.03564453125, 0.05810546875, -0.026611328125, 0.0052490234375, -0.022216796875, -0.002532958984375, 0.01318359375, -0.0159912109375, -0.0255126953125, -0.03759765625, -0.0120849609375, -0.007415771484375, 0.0400390625, 0.0115966796875, 0.0157470703125, 0.02685546875, -0.0830078125, 0.025146484375, -0.019775390625, 0.024658203125, -0.00150299072265625, 0.03466796875, -0.051025390625, -0.052734375, -0.0113525390625, 0.0228271484375, -0.005523681640625, -0.0174560546875, -0.025146484375, 0.0162353515625, 0.027587890625, -0.0120849609375, -0.0264892578125, 0.057861328125, -0.0556640625, 0.01544189453125, 0.0205078125, -0.0089111328125, -0.0029449462890625, 0.045654296875, 0.046630859375, -0.004974365234375, -0.01483154296875, 0.003570556640625, 0.01116943359375, -0.0169677734375, 0.00921630859375, -0.016845703125, -0.0517578125, 0.00640869140625, 0.040771484375, -0.00555419921875, 0.0159912109375, -0.01953125, 0.04150390625, 0.0130615234375, -0.01904296875, -0.039794921875, 0.04443359375, -0.032470703125, 0.03955078125, -0.0164794921875, -0.03564453125, 0.053955078125, -0.034423828125, -0.0047607421875, -0.01611328125, 0.006256103515625, -0.022216796875, 0.0242919921875, -0.02783203125, 0.02685546875, 0.041259765625, 0.0703125, -0.017333984375, 0.06982421875, 0.00872802734375, -0.041748046875, -0.024658203125, -0.010009765625, -0.034423828125, -0.04052734375, 0.031494140625, -0.0008392333984375, 0.008544921875, -0.041015625, 0.03515625, -0.05126953125, -0.0238037109375, 