{"movie": "wwdc2025", "offset": 374, "text_offset": 360, "embedding": [0.0306396484375, 0.00102996826171875, 0.0172119140625, 0.00787353515625, -0.056396484375, -0.0184326171875, 0.0281982421875, 0.01513671875, 0.048583984375, 0.009765625, 0.021728515625, 0.03515625, -0.004364013671875, -0.03564453125, -0.0267333984375, 0.0037841796875, -0.000347137451171875, 0.0169677734375, -0.003570556640625, -0.03955078125, -0.019775390625, -0.0546875, 0.00543212890625, -0.0206298828125, 0.047607421875, -0.056640625, -0.0021514892578125, -0.02783203125, -0.027099609375, 0.01025390625, -0.016845703125, -0.0869140625, 0.03564453125, -0.0030975341796875, -0.007720947265625, 0.0390625, 0.031494140625, 0.01251220703125, -0.00958251953125, -0.006256103515625, 0.025634765625, 0.0098876953125, -0.024658203125, 0.004119873046875, -0.016845703125, 0.0072021484375, -0.04150390625, -0.02685546875, -0.002227783203125, 0.0296630859375, 0.0400390625, 0.00063323974609375, 0.034912109375, -0.0308837890625, -0.041259765625, -0.01806640625, 0.0027008056640625, 0.04736328125, 0.0238037109375, -0.01470947265625, -0.083984375, -0.0089111328125, 0.003082275390625, -0.0184326171875, -0.0184326171875, 0.0205078125, 0.0191650390625, -0.03125, -0.050048828125, -0.0157470703125, 0.000370025634765625, 0.01104736328125, 0.0174560546875, 0.005157470703125, -0.01409912109375, -0.0064697265625, 0.037109375, -0.0140380859375, 0.01312255859375, -0.01019287109375, 0.0400390625, 0.042236328125, 0.037109375, -0.026123046875, -0.0235595703125, -0.032470703125, 0.01092529296875, -0.03564453125, 0.00823974609375, -0.019775390625, -0.025390625, 0.01611328125, 0.034423828125, -0.01458740234375, 0.0211181640625, 0.022705078125, -0.0262451171875, -0.0296630859375, -0.0291748046875, 0.0595703125, 0.045166015625, -0.0087890625, 0.01287841796875, -0.01611328125, -0.007293701171875, -0.07373046875, 0.033447265625, 0.003448486328125, 0.043212890625, 0.005279541015625, 0.0087890625, -0.03857421875, -0.043701171875, 0.00579833984375, -0.03564453125, 0.0174560546875, 0.007415771484375, -0.0146484375, -0.0191650390625, 0.044189453125, -0.01031494140625, -0.01031494140625, 0.00604248046875, 0.00830078125, 0.00860595703125, 0.0185546875, 0.037353515625, 0.00665283203125, -0.0286865234375, 0.064453125, -0.01251220703125, -0.052490234375, 0.0390625, 0.00933837890625, -0.05517578125, -0.0032806396484375, -0.004730224609375, -0.000713348388671875, -0.04248046875, -0.0014801025390625, -0.007781982421875, -0.0052490234375, -0.06884765625, 0.06689453125, -0.03369140625, -0.04541015625, 0.0380859375, 0.0380859375, -0.07421875, -0.025390625, -0.02783203125, -0.061279296875, -0.027587890625, 0.03564453125, 0.04345703125, 0.033203125, 0.00238037109375, -0.03662109375, -0.021240234375, 0.021484375, 0.043701171875, -0.0242919921875, 0.02783203125, -0.024658203125, 0.0537109375, 0.005645751953125, -0.0361328125, 0.0286865234375, 0.00262451171875, -0.0262451171875, -0.01953125, 0.050537109375, -0.01470947265625, 0.03515625, 0.006011962890625, -0.00848388671875, -0.01513671875, -0.04736328125, 0.01507568359375, 0.0220947265625, -0.00537109375, 0.032958984375, 0.005126953125, -0.032958984375, 0.0028839111328125, 0.00872802734375, 0.00250244140625, -0.01336669921875, -0.009033203125, 0.0281982421875, -0.0174560546875, 0.03857421875, 0.03759765625, -0.0028228759765625, 0.0302734375, -0.029296875, 0.006439208984375, 0.034423828125, 0.03759765625, -0.0037841796875, 0.0250244140625, 0.04248046875, -0.0233154296875, -0.00396728515625, -0.003265380859375, -0.0361328125, 0.03955078125, 0.04443359375, -0.0810546875, -0.00518798828125, -0.0174560546875, 0.0133056640625, -0.022705078125, -0.054443359375, 0.04150390625, -0.042236328125, 0.03125, 0.0301513671875, 0.014404296875, 0.00098419189453125, -0.05126953125, 0.006591796875, -0.01251220703125, 0.0308837890625, 0.0047607421875, -0.038330078125, 0.00701904296875, 0.0174560546875, 0.0859375, -0.0067138671875, 0.021728515625, -0.00185394287109375, -0.0245361328125, -0.00799560546875, 0.056640625, 0.043701171875, -0.00142669677734375, 0.00628662109375, -0.0101318359375, 0.032470703125, 0.0162353515625, -0.017822265625, 0.0281982421875, 0.034423828125, -0.0037689208984375, -0.04931640625, -0.06298828125, 0.0390625, 0.06982421875, 0.043701171875, -0.01416015625, 0.03564453125, 0.051513671875, -0.003936767578125, -0.0361328125, 0.0296630859375, -0.015380859375, -0.0166015625, 0.009765625, -0.0162353515625, 0.002777099609375, -0.0145263671875, -0.026611328125, -0.01953125, -0.0272216796875, -0.0128173828125, -0.00787353515625, -0.010498046875, -0.06787109375, 0.0302734375, -0.01953125, 0.024658203125, -0.01513671875, 0.08056640625, -0.01055908203125, 0.044189453125, -0.04052734375, 0.0091552734375, -0.01483154296875, -0.0126953125, -0.0283203125, 0.0267333984375, -0.0037078857421875, -0.01531982421875, 0.0203857421875, -0.0240478515625, 0.018310546875, 0.0206298828125, -0.05029296875, 0.00689697265625, 0.061279296875, -0.0205078125, 0.043212890625, -0.00179290771484375, 0.01141357421875, 0.0157470703125, -0.0233154296875, -0.0162353515625, -0.0015106201171875, -0.034423828125, -0.0537109375, 0.0164794921875, 0.05517578125, -0.0263671875, -7.241964340209961e-06, 0.0137939453125, 0.041259765625, -0.03271484375, 0.01953125, -0.005645751953125, 0.03857421875, -0.0032806396484375, 0.007720947265625, 0.0242919921875, -0.03955078125, 0.03955078125, -0.044189453125, -0.00457763671875, 0.00335693359375, -0.027587890625, -0.0294189453125, 0.00958251953125, 0.01507568359375, 0.0245361328125, 0.0128173828125, -0.00086212158203125, -0.057373046875, -0.034423828125, -0.04736328125, -0.00689697265625, 0.033447265625, -0.0245361328125, -0.00494384765625, 0.0247802734375, -0.038330078125, -0.00244140625, -0.04345703125, 0.050048828125, -0.072265625, -0.01287841796875, -0.017822265625, -0.00421142578125, 0.031982421875, -0.02978515625, -0.0098876953125, -0.044677734375, -0.024658203125, 0.0186767578125, -0.0302734375, -0.033447265625, 0.00933837890625, 0.01513671875, -0.005157470703125, -0.007781982421875, -0.0380859375, -0.025634765625, -0.015625, 0.018310546875, -0.04052734375, 0.01141357421875, 0.0186767578125, -0.01544189453125, 0.0107421875, 0.007659912109375, 0.026611328125, 0.0076904296875, 0.013671875, 0.0089111328125, -0.0037078857421875, 0.00445556640625, 0.0308837890625, 0.041259765625, -0.01544189453125, -0.026611328125, -0.0185546875, 0.00628662109375, 0.05126953125, 0.026123046875, -0.03369140625, 0.01904296875, -0.04248046875, 0.05419921875, -0.052490234375, -0.007568359375, -0.02099609375, -0.00640869140625, 0.017822265625, -0.0240478515625, 0.0296630859375, -0.04736328125, -0.048583984375, 0.01806640625, 0.045654296875, 0.01031494140625, -0.01361083984375, 0.00445556640625, -0.0703125, -0.01251220703125, 0.002288818359375, 0.017578125, -0.013671875, 0.017578125, -0.08447265625, -0.0235595703125, -0.04736328125, 0.015380859375, -0.01141357421875, -0.005889892578125, -0.01202392578125, -0.003448486328125, -0.0157470703125, -0.0308837890625, -0.05029296875, 0.043701171875, -0.043212890625, 0.03515625, 0.0128173828125, 0.03857421875, 0.0233154296875, 0.045654296875, 0.080078125, 0.0084228515625, -0.00151824951171875, 0.019775390625, 0.003997802734375, -0.024169921875, 0.005096435546875, -0.0272216796875, -0.05029296875, -0.0040283203125, 0.036865234375, -0.01953125, 0.0203857421875, 0.01287841796875, 0.043212890625, 0.0023651123046875, -0.02685546875, 0.00125885009765625, -0.00872802734375, -0.01611328125, 0.045166015625, 0.0040283203125, -0.059326171875, 0.03857421875, 0.006256103515625, 0.080078125, -0.04052734375, 0.0281982421875, 0.0093994140625, -0.006072998046875, -0.0174560546875, 0.0296630859375, 0.045166015625, 0.0172119140625, -0.022216796875, 0.03759765625, 0.00116729736328125, -0.046630859375, -0.02978515625, -0.0291748046875, 0.009765625, -0.002960205078125, 0.042236328125, -0.031494140625, 0.0036468505859375, -0.0032196044921875, -0.038330078125, -0.0174560546875, -0.060791015625, 