{"movie": "wwdc2025", "offset": 462, "text_offset": 460, "embedding": [-0.00970458984375, 0.05126953125, 0.034912109375, 0.02001953125, -0.05224609375, 0.0277099609375, 0.00927734375, 0.01104736328125, 0.017578125, 0.0791015625, -0.0086669921875, -0.010986328125, 0.0015411376953125, -0.06884765625, -0.0087890625, -0.020751953125, 0.0303955078125, -0.0016326904296875, -0.0264892578125, -0.0103759765625, -0.01202392578125, -0.038818359375, 0.04150390625, -0.06396484375, 0.014404296875, 0.0179443359375, -0.02783203125, -0.023681640625, 0.00848388671875, -0.056396484375, 0.00860595703125, -0.051025390625, 0.0196533203125, 0.03173828125, 0.0115966796875, 0.04931640625, 0.0111083984375, 0.05029296875, -0.003936767578125, -0.0108642578125, -0.041015625, -0.01446533203125, -0.00335693359375, -0.0303955078125, -0.0277099609375, -0.001190185546875, -0.04345703125, -0.0230712890625, 0.0400390625, 0.0019683837890625, 0.0111083984375, -0.01007080078125, 0.01556396484375, -0.035888671875, -0.031494140625, 0.0439453125, -0.03173828125, -0.0001773834228515625, 0.0306396484375, -0.00250244140625, -0.0224609375, -0.0164794921875, 0.004913330078125, 0.006011962890625, -0.023681640625, 0.05859375, -0.00628662109375, 0.0021209716796875, 0.0015411376953125, -0.026611328125, -0.0225830078125, -0.00897216796875, 0.0220947265625, -0.036865234375, -0.004241943359375, -0.004638671875, 0.048095703125, -0.042236328125, -0.05224609375, 0.032470703125, -0.006011962890625, 0.068359375, 0.006927490234375, 0.0274658203125, -0.0191650390625, -0.032470703125, 0.033447265625, 0.00274658203125, 0.01007080078125, -0.021240234375, -0.037109375, 0.0263671875, -0.03955078125, -0.01129150390625, 0.006103515625, -0.044189453125, -0.01220703125, -0.0306396484375, 0.01495361328125, -0.00439453125, 0.0205078125, 0.021484375, -0.06640625, -0.05029296875, -0.045166015625, 0.004486083984375, -0.035888671875, -0.013427734375, -0.01373291015625, 0.0303955078125, -0.007415771484375, -0.01544189453125, 0.002593994140625, 0.0625, -0.0439453125, 0.05224609375, 0.0244140625, -0.00872802734375, 0.010986328125, 0.032470703125, -0.035888671875, -0.04345703125, 0.0167236328125, -0.0264892578125, 0.01409912109375, 0.01495361328125, 0.04931640625, 0.056396484375, -0.00567626953125, 0.059814453125, 0.0086669921875, 0.0277099609375, 0.06396484375, 0.032958984375, -0.058349609375, 0.01519775390625, 0.0169677734375, 0.0191650390625, 0.013916015625, -0.0130615234375, -0.005279541015625, 0.04248046875, -0.038330078125, 0.03173828125, -0.051025390625, -0.032470703125, 0.01556396484375, 0.0074462890625, -0.0162353515625, -0.039306640625, 0.0400390625, -0.03759765625, -0.0654296875, 0.0693359375, 0.020263671875, 0.032958984375, 0.0264892578125, -0.048095703125, -0.05126953125, -0.004638671875, -0.0113525390625, -0.04248046875, 0.0087890625, -0.0133056640625, 0.07958984375, -0.02197265625, -0.0189208984375, 0.027099609375, -0.06982421875, -0.07470703125, -0.056640625, -0.00439453125, -0.0303955078125, 0.0186767578125, 0.01409912109375, -0.025634765625, 0.00811767578125, 0.00335693359375, 0.024658203125, 0.02685546875, -0.004486083984375, 0.035888671875, 0.052734375, -0.04541015625, -0.0274658203125, 0.00058746337890625, 0.0301513671875, 0.058837890625, 0.01177978515625, 0.010986328125, -0.0174560546875, 0.0634765625, 0.0106201171875, 0.005645751953125, -0.0205078125, -0.0181884765625, -0.01055908203125, -0.01171875, 0.05419921875, 0.060546875, -0.01470947265625, 0.037109375, 0.00390625, 0.0240478515625, 0.022216796875, 0.00125885009765625, -0.052001953125, -0.01104736328125, -0.0654296875, 0.0030059814453125, -0.052001953125, 0.044189453125, 0.00787353515625, -0.04931640625, 0.0294189453125, -0.040283203125, -0.0035400390625, 0.022705078125, -0.005126953125, 0.00982666015625, 0.0157470703125, -0.042236328125, 0.05126953125, -0.029296875, 0.0269775390625, -0.020751953125, 0.01434326171875, 0.0035552978515625, -0.0244140625, -0.0157470703125, -0.0111083984375, 0.058349609375, -0.01507568359375, 0.0830078125, 0.03125, 0.034423828125, -0.0106201171875, 0.0201416015625, -0.04248046875, 0.0198974609375, 0.04150390625, -0.0303955078125, -0.0301513671875, 0.041015625, -0.007537841796875, -0.047119140625, -0.00616455078125, 0.03515625, -0.0157470703125, 0.0169677734375, 0.00732421875, -0.044189453125, 0.0235595703125, -0.06298828125, -0.004608154296875, 0.01153564453125, -0.046875, 0.01385498046875, -0.01275634765625, 0.035888671875, 0.049072265625, 0.01055908203125, -0.046875, -0.059326171875, -0.01483154296875, -0.0030670166015625, -0.04150390625, -0.0086669921875, -0.055419921875, 0.044189453125, 0.031494140625, -0.039794921875, -0.0322265625, 0.046875, 0.006256103515625, -0.024169921875, -0.07177734375, 0.004852294921875, -0.0220947265625, 0.0634765625, -0.02099609375, -0.03271484375, -0.0087890625, -0.0198974609375, 0.055419921875, 0.00274658203125, 0.0074462890625, -0.018310546875, -0.060791015625, -0.0028228759765625, 0.032470703125, 0.02587890625, 0.00897216796875, -0.05224609375, -0.03369140625, 0.01171875, -0.01129150390625, 0.00069427490234375, -0.0306396484375, -0.0296630859375, -0.05859375, 0.0546875, -0.0274658203125, 0.0023193359375, 0.031982421875, 0.042236328125, -0.01348876953125, -0.02197265625, 0.0439453125, -0.01385498046875, -0.00069427490234375, -0.017333984375, 0.019775390625, 0.02978515625, -0.061767578125, -0.022705078125, 0.02978515625, -0.0024261474609375, -0.0284423828125, -0.0184326171875, -0.0098876953125, 0.0191650390625, 0.03662109375, 0.004730224609375, 0.008056640625, 0.0064697265625, -0.017333984375, -0.05419921875, -0.0205078125, -0.038818359375, 0.0179443359375, -0.01513671875, -0.018798828125, 0.01373291015625, -0.06591796875, 0.0064697265625, -0.0255126953125, -0.026123046875, -0.083984375, -0.0086669921875, 0.0081787109375, -0.00372314453125, -0.044189453125, -0.032470703125, -0.04150390625, -0.00933837890625, 0.01202392578125, 0.01275634765625, -0.011474609375, 0.0439453125, 0.025146484375, -0.0595703125, -0.0296630859375, 0.060791015625, 0.04150390625, -0.057861328125, 0.004486083984375, 0.04150390625, -0.06494140625, 0.0311279296875, -0.01513671875, -0.00063323974609375, -0.03515625, -0.004791259765625, 0.027099609375, -0.02099609375, -0.0400390625, -0.051025390625, -0.01416015625, 0.0159912109375, 0.0250244140625, 0.0205078125, -0.00537109375, -0.00469970703125, -0.051025390625, 0.0103759765625, 0.0059814453125, 0.0224609375, -0.033203125, 0.0303955078125, -0.01904296875, -0.0400390625, 0.01385498046875, -0.01275634765625, -0.033935546875, -0.010009765625, -0.00014019012451171875, 0.00897216796875, -0.032470703125, -0.0057373046875, -0.04248046875, -0.0205078125, 0.022705078125, -0.0198974609375, 0.02001953125, 0.000881195068359375, 0.013916015625, 0.007171630859375, -0.0004138946533203125, -0.0042724609375, -0.011962890625, -0.004669189453125, -0.0198974609375, 0.024658203125, -0.02099609375, 0.0439453125, -0.04150390625, -0.0047607421875, 0.004486083984375, 0.00180816650390625, -0.0296630859375, 0.02978515625, -0.0296630859375, -0.038818359375, -0.025146484375, -0.0115966796875, -0.0164794921875, 0.0703125, -0.052001953125, 0.0478515625, 0.0216064453125, -0.002716064453125, 0.038818359375, 0.01416015625, 0.006378173828125, -0.005401611328125, 0.021240234375, 0.021728515625, -0.0302734375, -0.00933837890625, 0.0274658203125, -0.0162353515625, 0.036865234375, -0.044189453125, -0.0234375, 0.0419921875, -0.062255859375, -0.0078125, 0.0113525390625, -4.5299530029296875e-06, 0.04541015625, -0.0264892578125, -0.038818359375, 0.021728515625, 0.01483154296875, 0.049072265625, 0.0439453125, -0.0162353515625, 0.0030517578125, -0.023681640625, 0.0133056640625, -0.0263671875, 0.07568359375, 0.062255859375, 0.022705078125, -0.0322265625, -0.05419921875, -0.03076171875, -0.044921875, 0.04248046875, -0.003936767578125, -0.017578125, 0.04248046875, -0.026123046875, 0.05078125, -0.0306396484375, 0.01458740234375, 0.041015625, -0.041015625, -0.0341796875, -0.00286865234375, -0.0191650390625, 