{"movie": "wwdc2025", "offset": 388, "text_offset": 380, "embedding": [0.055908203125, 0.0130615234375, 0.0291748046875, 0.034423828125, -0.103515625, -0.025146484375, 0.01556396484375, 0.0020904541015625, 0.036376953125, -0.004364013671875, -0.00457763671875, 0.0101318359375, 0.023681640625, 0.00653076171875, -0.0042724609375, -0.0032501220703125, 0.0595703125, -0.0106201171875, -0.01226806640625, 0.006103515625, 0.0106201171875, -0.0164794921875, 0.021728515625, -0.0123291015625, 0.0615234375, -0.009521484375, -0.0225830078125, -0.035400390625, -0.033447265625, -0.0162353515625, -0.0106201171875, -0.0849609375, 0.04931640625, -0.01544189453125, 0.01507568359375, 0.015380859375, 0.045166015625, 0.0240478515625, -0.003326416015625, 0.0177001953125, 0.01806640625, 0.034423828125, 0.00732421875, -0.051025390625, 0.0022125244140625, -0.01904296875, -0.0380859375, -0.034423828125, 0.004913330078125, 0.0595703125, -0.0198974609375, -0.0020294189453125, -0.003021240234375, -0.033447265625, -0.032470703125, -0.0028076171875, -0.025146484375, 0.038818359375, 0.08203125, -0.0167236328125, -0.021728515625, -0.02587890625, -0.004119873046875, 0.02001953125, -0.038818359375, 0.005859375, -0.01434326171875, -0.050048828125, -0.0177001953125, -0.0179443359375, 0.00182342529296875, -0.0177001953125, 0.00860595703125, -0.01531982421875, -0.0234375, -0.0054931640625, 0.0546875, -0.0260009765625, -0.008056640625, 8.530914783477783e-07, 0.019775390625, 0.025390625, -0.0076904296875, 0.006988525390625, 0.0115966796875, -0.0225830078125, 0.00113677978515625, -0.057373046875, 0.01904296875, -0.0303955078125, 0.01129150390625, 0.0162353515625, -0.0400390625, -0.02294921875, 0.02197265625, -0.01397705078125, -0.032958984375, -0.0191650390625, 0.0244140625, 0.0230712890625, 0.035400390625, 0.024658203125, -0.006744384765625, 0.0186767578125, -0.048095703125, -0.0849609375, -0.0301513671875, -0.01025390625, 0.00970458984375, 0.007598876953125, -0.004791259765625, 0.0167236328125, -0.020751953125, 0.02294921875, -0.0303955078125, 0.034912109375, 0.007568359375, -0.061767578125, 0.025390625, 0.0028076171875, 0.00384521484375, -0.00799560546875, 0.04931640625, 0.00109100341796875, -0.0260009765625, 0.033447265625, 0.043212890625, 0.00180816650390625, -0.055908203125, 0.06787109375, 0.0234375, 0.015869140625, 0.052978515625, 0.072265625, -0.060791015625, -0.01904296875, 0.052978515625, 0.007110595703125, -0.04443359375, -0.0191650390625, -0.00994873046875, 0.035400390625, -0.0361328125, 0.013427734375, 0.0016326904296875, -0.043212890625, 0.00897216796875, 0.0023345947265625, -0.0869140625, -0.0072021484375, 0.045166015625, -0.053955078125, 0.01348876953125, 0.015380859375, 0.043212890625, 0.0115966796875, -0.00048828125, -0.015380859375, -0.04443359375, 0.00146484375, 0.038330078125, -0.038330078125, 0.0220947265625, -0.0194091796875, 0.0615234375, 0.033203125, -0.01397705078125, -0.00897216796875, -0.01318359375, 0.000881195068359375, -0.0177001953125, -0.00787353515625, -0.021484375, -0.004058837890625, 0.0157470703125, -0.04150390625, -0.006500244140625, 0.01129150390625, 0.060791015625, -0.033447265625, -0.023193359375, -0.0123291015625, 0.0380859375, -0.05224609375, 0.00531005859375, -0.007720947265625, 0.0380859375, 0.00193023681640625, -0.008544921875, 0.0595703125, 0.00010538101196289062, 0.046142578125, 0.0189208984375, -0.0069580078125, 0.041015625, 0.018310546875, -0.018798828125, 0.0260009765625, 0.031982421875, 0.033935546875, 0.00555419921875, 0.020751953125, -0.010986328125, 0.0162353515625, 0.018310546875, -0.05126953125, 0.031982421875, -0.016357421875, -0.0537109375, -0.033935546875, -0.0269775390625, 0.006591796875, -0.03662109375, -0.034912109375, -0.021728515625, -0.046142578125, 0.08056640625, -0.0019989013671875, 0.044189453125, -0.0205078125, -0.0306396484375, 0.0286865234375, 0.0294189453125, 0.011962890625, 0.021240234375, -0.0478515625, 0.038330078125, 0.026123046875, 0.032958984375, -0.038330078125, 0.04345703125, -0.038818359375, -0.076171875, -0.00146484375, -5.888938903808594e-05, 0.047119140625, -0.0211181640625, 0.0220947265625, 0.00811767578125, 0.0220947265625, 0.0281982421875, -0.0245361328125, -0.0235595703125, 0.06982421875, -0.0301513671875, -0.04052734375, -0.03173828125, 0.02734375, 0.040283203125, 0.0439453125, -0.0556640625, -0.007781982421875, 0.042236328125, -0.005126953125, -0.0517578125, 0.038818359375, -0.057373046875, -0.07470703125, 0.0167236328125, -0.04736328125, -0.0019683837890625, -0.046142578125, 0.007598876953125, -0.0286865234375, 0.018798828125, -0.026611328125, 0.006378173828125, -0.0286865234375, -0.050048828125, 0.038330078125, 0.0205078125, -0.0361328125, -0.0162353515625, 0.050048828125, -0.0022125244140625, 0.043212890625, -0.05322265625, -0.023193359375, -0.04248046875, 0.03173828125, -0.03076171875, 0.044189453125, -0.01123046875, -0.022705078125, 0.034423828125, 0.00115966796875, 0.026611328125, -0.006927490234375, 0.00543212890625, 0.0126953125, 0.025390625, 0.0057373046875, 0.005523681640625, -0.020751953125, -0.056640625, 0.007537841796875, 0.020751953125, 0.0225830078125, 0.033935546875, -0.021240234375, 0.00106048583984375, 0.0281982421875, 0.033935546875, -0.03076171875, 0.01300048828125, 0.060302734375, 0.044189453125, -0.0184326171875, 0.0185546875, 0.023193359375, -0.0042724609375, -0.0031890869140625, -0.02490234375, -0.0050048828125, -0.048828125, -0.02197265625, 0.013427734375, 0.0235595703125, 0.0830078125, -0.021728515625, -0.04638671875, 0.02294921875, 0.04150390625, 2.0265579223632812e-05, 0.039794921875, 0.00017547607421875, -0.06591796875, -0.059814453125, -0.038818359375, -0.051025390625, 0.012451171875, -0.05126953125, 0.00927734375, 0.01904296875, -0.044189453125, 0.037109375, -0.0224609375, 0.021728515625, -0.037109375, -0.029296875, -0.0225830078125, 0.0224609375, -0.0045166015625, -0.037353515625, 0.03173828125, -0.0308837890625, -0.040283203125, 0.01544189453125, 0.035400390625, -0.007354736328125, 0.0478515625, -0.0194091796875, 0.0205078125, 0.034912109375, -0.0167236328125, -0.07958984375, -0.007354736328125, -0.0205078125, -0.035888671875, -0.00970458984375, 0.034912109375, -0.0380859375, -0.004547119140625, 0.0244140625, 0.0751953125, -0.0174560546875, -0.0172119140625, -0.041015625, -0.0400390625, 0.038818359375, 0.0037994384765625, -0.00286865234375, -0.0084228515625, -0.018798828125, 0.00274658203125, -0.002105712890625, 0.01226806640625, 0.022705078125, -0.0030517578125, -0.01904296875, -0.035400390625, 0.0625, -0.0283203125, 0.00823974609375, -0.0169677734375, -0.006011962890625, 0.01300048828125, -0.01409912109375, -0.0245361328125, -0.037109375, -0.01611328125, -0.00640869140625, 0.04248046875, 0.010986328125, 0.0174560546875, 0.02490234375, -0.0810546875, 0.026123046875, -0.024169921875, 0.023193359375, -0.004150390625, 0.0361328125, -0.052734375, -0.0517578125, -0.0120849609375, 0.0245361328125, -0.0029296875, -0.0157470703125, -0.03076171875, 0.02001953125, 0.0279541015625, -0.009521484375, -0.025390625, 0.052978515625, -0.055419921875, 0.014892578125, 0.0169677734375, -0.0059814453125, -0.00396728515625, 0.03955078125, 0.048828125, -0.000705718994140625, -0.0164794921875, 0.0059814453125, 0.00799560546875, -0.0159912109375, 0.01171875, -0.0194091796875, -0.05224609375, 0.00970458984375, 0.0400390625, -0.00616455078125, 0.01251220703125, -0.02099609375, 0.038818359375, 0.00872802734375, -0.023193359375, -0.0400390625, 0.04638671875, -0.035400390625, 0.046142578125, -0.0159912109375, -0.03369140625, 0.053955078125, -0.034912109375, -0.000640869140625, -0.0107421875, 0.007659912109375, -0.02197265625, 0.0234375, -0.033935546875, 0.026611328125, 0.0439453125, 0.06689453125, -0.0172119140625, 0.06982421875, 0.004150390625, -0.0419921875, -0.03271484375, -0.007659912109375, -0.03759765625, -0.04150390625, 0.035400390625, -0.0004558563232421875, 0.015380859375, -0.04052734375, 0.037353515625, -0.05126953125, -0.02197265625, -0.04833984375, 0.0159912109375, -0.04833984375, 