{"movie": "wwdc2025", "offset": 458, "text_offset": 440, "embedding": [-0.0281982421875, 0.0299072265625, 0.021484375, -0.0140380859375, -0.0308837890625, 0.0306396484375, -0.0203857421875, -0.015380859375, -0.031982421875, 0.0091552734375, -0.01324462890625, 0.008056640625, -0.0260009765625, -0.01904296875, -0.01263427734375, -0.0255126953125, 0.035888671875, 0.029296875, -0.0079345703125, -0.02880859375, 0.033935546875, -0.028076171875, -0.00384521484375, 0.015869140625, 0.0272216796875, -0.028564453125, 0.005523681640625, -0.0030670166015625, -0.04541015625, -0.06982421875, -0.046875, -0.087890625, 0.024658203125, -0.0184326171875, -0.003997802734375, 0.010498046875, 0.03271484375, 0.08349609375, -0.022705078125, 0.0252685546875, -0.0380859375, 0.00909423828125, 0.03662109375, -0.01043701171875, 0.0025787353515625, -0.0245361328125, -0.05126953125, 0.0244140625, 0.01361083984375, 0.006134033203125, -0.03466796875, 0.0032196044921875, 0.0030975341796875, -0.0269775390625, -0.0751953125, 0.02294921875, -0.0257568359375, 0.000732421875, 0.04443359375, -0.00994873046875, -0.0115966796875, 0.02783203125, -0.036376953125, 0.0400390625, -0.0157470703125, 0.00113677978515625, 0.044189453125, -0.03369140625, -0.0615234375, -0.01458740234375, 0.01300048828125, 0.0303955078125, 0.005859375, 0.006744384765625, -0.02392578125, 0.0179443359375, 0.04296875, -0.01531982421875, -0.04833984375, 0.024658203125, 0.0203857421875, 0.011474609375, 0.01129150390625, -0.03857421875, -0.0045166015625, -0.0380859375, 0.02978515625, -0.039306640625, 0.003570556640625, 0.036376953125, -0.04541015625, 0.059326171875, -0.00604248046875, -0.033935546875, -0.0206298828125, -0.033935546875, -0.026123046875, -0.06494140625, -0.0185546875, 0.0478515625, 0.024658203125, -0.0010528564453125, 0.0262451171875, -0.01123046875, -0.0693359375, -0.01708984375, 0.00982666015625, -0.0213623046875, 0.006195068359375, 0.0024261474609375, 0.002838134765625, -0.041748046875, -0.052978515625, 0.006011962890625, -0.01092529296875, 0.0986328125, -0.006256103515625, 0.0308837890625, 0.00154876708984375, -0.0167236328125, -0.044189453125, -2.1576881408691406e-05, -0.01031494140625, 0.00726318359375, 0.028076171875, 0.03564453125, 0.005279541015625, 0.006500244140625, -0.006317138671875, 0.05712890625, 0.0006103515625, -0.0244140625, -0.0020599365234375, 0.0341796875, -0.033935546875, -0.00537109375, 0.0072021484375, -0.0250244140625, -0.062255859375, -0.0380859375, 0.017822265625, 0.0159912109375, -0.05615234375, 0.044189453125, -0.0302734375, -0.0341796875, 0.0703125, 0.023193359375, -0.044189453125, -0.000335693359375, -0.0135498046875, -0.04541015625, -0.032470703125, 0.03564453125, 0.03173828125, 0.0341796875, 0.01324462890625, 0.00360107421875, -0.051025390625, -0.05712890625, 0.0133056640625, -0.0546875, 0.0091552734375, -0.00665283203125, 0.01904296875, 0.0390625, -0.01519775390625, -0.00836181640625, 0.01263427734375, 0.0037078857421875, -0.000774383544921875, 0.0269775390625, -0.02783203125, 0.0252685546875, 0.0257568359375, -0.0291748046875, -0.0213623046875, -0.01385498046875, -0.002227783203125, -0.01300048828125, 0.0245361328125, -0.000732421875, 0.050048828125, -0.053955078125, -0.018798828125, 0.01953125, 0.005279541015625, 0.0045166015625, -0.007080078125, -0.00579833984375, -0.0244140625, 0.0115966796875, 0.049560546875, 0.01171875, 0.0093994140625, 0.000835418701171875, 0.00011014938354492188, -0.04296875, -0.00982666015625, 0.0634765625, 0.05615234375, 0.032470703125, -0.000949859619140625, 0.039306640625, -0.00927734375, 0.01531982421875, 0.0311279296875, 0.043701171875, -0.0179443359375, -0.0281982421875, -0.0966796875, -0.0225830078125, -0.021484375, -0.026123046875, 0.0244140625, -0.00604248046875, 0.041748046875, 0.00147247314453125, -0.0260009765625, 0.0291748046875, -0.0218505859375, -0.0093994140625, -0.0164794921875, 0.0107421875, -0.0027313232421875, -0.016357421875, -0.0296630859375, 0.042236328125, 0.095703125, -0.05712890625, 0.040771484375, 0.0017547607421875, -0.0091552734375, -0.00537109375, -0.0184326171875, 0.04638671875, -0.026123046875, -0.004913330078125, -0.044189453125, 0.0693359375, -0.00469970703125, -0.033447265625, -0.022705078125, 0.06494140625, -0.02392578125, -0.0208740234375, -0.02783203125, 0.0260009765625, 0.048095703125, 0.00787353515625, -0.0021820068359375, 0.0196533203125, -0.017578125, -0.046142578125, -0.049072265625, -0.00616455078125, -0.0128173828125, -0.0260009765625, 0.00823974609375, -0.04052734375, -0.04052734375, 0.005645751953125, 0.021484375, 0.0020294189453125, -0.02099609375, -0.042724609375, -0.0037841796875, 0.048828125, -0.076171875, -0.01708984375, -0.038818359375, 0.011962890625, 0.0015411376953125, 0.0703125, 0.005767822265625, 0.005859375, -0.02734375, 0.024658203125, -0.03759765625, 0.02294921875, -0.01348876953125, -0.023681640625, -0.00506591796875, 0.014892578125, 0.044189453125, -0.0162353515625, 0.00150299072265625, 0.0206298828125, 0.01104736328125, -0.01263427734375, 0.0211181640625, -0.04736328125, 0.001708984375, -0.06396484375, -0.006500244140625, 0.010498046875, 0.0113525390625, 0.0859375, 0.01019287109375, -0.004241943359375, -0.023193359375, -0.00872802734375, 0.005340576171875, -0.0030670166015625, -0.0230712890625, 0.03369140625, 0.02978515625, -0.044921875, -0.0341796875, 0.01953125, -0.01263427734375, -0.0277099609375, 0.01312255859375, -0.00726318359375, -0.018798828125, 0.004241943359375, -0.0205078125, -0.0260009765625, 0.0224609375, 0.01129150390625, 0.0255126953125, 6.437301635742188e-05, 0.0262451171875, 0.0118408203125, 0.04833984375, 0.005767822265625, -0.072265625, -0.02197265625, -0.042724609375, -0.06787109375, 0.00811767578125, -0.01531982421875, -0.0037841796875, 0.028564453125, 0.0224609375, -0.00567626953125, -0.033447265625, 0.0208740234375, 0.03466796875, 0.001800537109375, 0.02001953125, -0.05810546875, 0.05029296875, 0.05908203125, 0.00021076202392578125, -0.026611328125, 0.0147705078125, 0.0303955078125, 0.028564453125, 0.0034027099609375, 0.01043701171875, 0.00738525390625, 0.00182342529296875, 0.0257568359375, -0.051513671875, -0.0137939453125, -0.05810546875, 0.0252685546875, -0.033935546875, 0.01300048828125, 0.057373046875, 0.01025390625, 0.03759765625, 0.00506591796875, -0.0164794921875, 0.01263427734375, -0.01275634765625, -0.0037994384765625, 0.00092315673828125, -0.004974365234375, 0.048095703125, 0.016845703125, 0.0216064453125, 0.03076171875, -0.009765625, -0.01123046875, 0.0123291015625, 0.01043701171875, -0.0157470703125, -0.0113525390625, -0.0341796875, 0.052001953125, -0.03271484375, 0.0322265625, -0.04541015625, -0.0030059814453125, -0.0267333984375, -0.054443359375, 0.00439453125, -0.062255859375, 0.01904296875, -0.011474609375, 0.000911712646484375, -0.015380859375, 0.0177001953125, -0.087890625, -0.04052734375, 0.0283203125, 0.0419921875, 0.032470703125, 0.03369140625, -0.0303955078125, -0.0556640625, -0.005889892578125, -0.0208740234375, 0.0703125, 0.047119140625, -0.039306640625, 0.0157470703125, -0.0303955078125, -0.036865234375, -0.052978515625, -0.040771484375, 0.021484375, -0.08642578125, 0.02734375, -0.05810546875, 0.06494140625, -0.04833984375, 0.034912109375, 0.0208740234375, 0.03271484375, 0.00811767578125, 0.02734375, 0.035888671875, -0.0224609375, -0.004364013671875, -0.023193359375, -0.061279296875, 0.006683349609375, 0.05322265625, -0.004974365234375, 0.0047607421875, -0.035888671875, 0.011474609375, 0.0194091796875, -0.01458740234375, -0.06591796875, -0.0009307861328125, -0.0001926422119140625, 0.0022735595703125, 0.007781982421875, -0.09423828125, -0.01904296875, -0.018798828125, 0.0283203125, -0.017333984375, -0.0235595703125, -0.00885009765625, 0.0322265625, -0.0162353515625, 0.01708984375, 0.04052734375, 0.062255859375, -0.0159912109375, 0.05322265625, 0.0174560546875, -0.0419921875, -0.040283203125, 0.025146484375, 0.02978515625, 0.0123291015625, 0.022705078125, -0.052490234375, 0.0400390625, -0.000926971435546875, 0.058349609375, 