{"movie": "wwdc2025", "offset": 384, "text_offset": 380, "embedding": [0.042724609375, -0.005859375, 0.0137939453125, 0.0228271484375, -0.09326171875, -0.0537109375, 0.01116943359375, -0.00032806396484375, 0.03271484375, -0.0084228515625, -0.003753662109375, 0.017822265625, 0.02392578125, -0.0029296875, 0.0036773681640625, -0.00086212158203125, 0.054443359375, 0.00738525390625, -0.0103759765625, 0.00341796875, -0.0036163330078125, -0.032470703125, 0.013916015625, -0.00811767578125, 0.0703125, 0.00136566162109375, -0.024169921875, -0.0250244140625, -0.04052734375, 0.00151824951171875, -0.0291748046875, -0.0849609375, 0.031982421875, 0.00142669677734375, 0.01470947265625, 0.0181884765625, 0.0478515625, 0.03369140625, 0.005340576171875, 0.028076171875, 0.005523681640625, 0.0400390625, 0.0069580078125, -0.0537109375, 0.0201416015625, -0.03271484375, -0.035888671875, -0.0439453125, 0.001190185546875, 0.052978515625, -0.0380859375, 3.933906555175781e-05, -0.0079345703125, -0.025390625, -0.04833984375, -0.006195068359375, -0.0281982421875, 0.023681640625, 0.07763671875, -0.006683349609375, -0.0152587890625, -0.00142669677734375, -0.002166748046875, 0.0026397705078125, -0.03662109375, -0.0140380859375, 0.004974365234375, -0.03369140625, -0.005645751953125, -0.0045166015625, -0.001861572265625, -0.0091552734375, -0.0020751953125, -0.016357421875, -0.053466796875, -0.005523681640625, 0.060791015625, -0.041015625, -0.00787353515625, 0.0225830078125, -0.003692626953125, 0.027587890625, -0.0087890625, 0.01165771484375, 0.011474609375, -0.0294189453125, -0.00811767578125, -0.07568359375, -0.002044677734375, -0.01458740234375, 0.01318359375, -0.00872802734375, -0.038818359375, -0.0272216796875, 0.00701904296875, -0.0179443359375, -0.05078125, -0.023681640625, 0.011962890625, 0.042724609375, 0.036376953125, 0.01318359375, -0.005096435546875, 0.0203857421875, -0.049560546875, -0.10205078125, -0.01708984375, -0.007232666015625, 0.01141357421875, -0.005340576171875, -0.00176239013671875, 0.028076171875, -0.0267333984375, 0.0289306640625, -0.037109375, 0.037109375, -0.008544921875, -0.031494140625, 0.02099609375, 0.003509521484375, 0.01055908203125, -0.0201416015625, 0.072265625, -0.01513671875, -0.046875, 0.035888671875, 0.02783203125, -0.0006561279296875, -0.062255859375, 0.06884765625, 0.0233154296875, 0.001373291015625, 0.0341796875, 0.049560546875, -0.0537109375, -0.00408935546875, 0.06591796875, 0.0118408203125, -0.0634765625, -0.016845703125, -0.0220947265625, 0.0242919921875, -0.043701171875, 0.00982666015625, 0.0145263671875, -0.033447265625, 0.0255126953125, -0.000782012939453125, -0.087890625, 0.016845703125, 0.035888671875, -0.0673828125, 0.00469970703125, 0.00897216796875, 0.02978515625, 0.0137939453125, -0.0010223388671875, 0.007781982421875, -0.0302734375, -0.00701904296875, 0.05078125, -0.039794921875, 0.02978515625, -0.029541015625, 0.06298828125, 0.05126953125, -0.01129150390625, -0.01318359375, -0.0150146484375, 0.001678466796875, -0.0289306640625, 0.01556396484375, -0.00933837890625, -0.018798828125, 0.01019287109375, -0.043701171875, -0.0181884765625, 0.01251220703125, 0.0673828125, -0.05224609375, -0.0213623046875, -0.004913330078125, 0.012939453125, -0.042724609375, 0.0020751953125, -0.019287109375, 0.06298828125, 0.01104736328125, -0.033203125, 0.083984375, -0.01019287109375, 0.0225830078125, 0.01104736328125, -0.00439453125, 0.0380859375, 0.01806640625, -0.016845703125, 0.0120849609375, 0.020751953125, 0.05908203125, -0.00518798828125, 0.00946044921875, 0.006591796875, 0.035888671875, 0.0169677734375, -0.0281982421875, 0.0150146484375, -0.008056640625, -0.054443359375, -0.032958984375, -0.04052734375, -0.001922607421875, -0.036376953125, -0.033935546875, -0.027587890625, -0.038818359375, 0.0830078125, 0.0042724609375, 0.05712890625, -0.02197265625, -0.03271484375, 0.0263671875, 0.0194091796875, 0.027587890625, 0.0194091796875, -0.031982421875, 0.03173828125, 0.0172119140625, 0.0272216796875, -0.024169921875, 0.046630859375, -0.0233154296875, -0.05908203125, -0.01251220703125, -0.00994873046875, 0.058837890625, -0.03662109375, 0.0035400390625, -0.00018978118896484375, 0.021240234375, 0.04052734375, -0.03662109375, -0.0458984375, 0.076171875, -0.0179443359375, -0.02978515625, -0.00640869140625, 0.0054931640625, 0.034912109375, 0.01519775390625, -0.07080078125, -0.01470947265625, 0.062255859375, 0.005279541015625, -0.03173828125, 0.045654296875, -0.04150390625, -0.08740234375, 0.00604248046875, -0.042724609375, 0.0010833740234375, -0.068359375, 0.01055908203125, -0.023681640625, 0.032470703125, -0.02587890625, -0.0029296875, -0.0201416015625, -0.060791015625, 0.040771484375, 0.0242919921875, -0.03564453125, -0.0157470703125, 0.0267333984375, -0.002655029296875, 0.0341796875, -0.055419921875, -0.02001953125, -0.036376953125, 0.03076171875, -0.034423828125, 0.039306640625, -0.0303955078125, -0.005706787109375, 0.053466796875, 0.004913330078125, 0.0247802734375, -0.017822265625, 0.0245361328125, -0.00057220458984375, 0.003173828125, -0.000217437744140625, -0.0037384033203125, -0.01275634765625, -0.057861328125, 0.0162353515625, 0.0189208984375, 0.038330078125, 0.015380859375, -0.0211181640625, 0.0084228515625, 0.031982421875, 0.04052734375, -0.0038909912109375, 0.00396728515625, 0.0654296875, 0.04296875, -0.0294189453125, 0.00897216796875, 0.01300048828125, -0.003082275390625, -0.00299072265625, -0.01904296875, -0.005401611328125, -0.051025390625, 0.01275634765625, 0.0096435546875, 0.016845703125, 0.080078125, -0.0023956298828125, -0.06103515625, 0.006072998046875, 0.0218505859375, -0.020751953125, 0.040283203125, -0.0008697509765625, -0.0634765625, -0.04931640625, -0.03857421875, -0.0458984375, 0.040283203125, -0.044921875, 0.023681640625, 0.024169921875, -0.0595703125, 0.03369140625, -0.015625, 0.025146484375, -0.011474609375, -0.0172119140625, -0.0216064453125, 0.0225830078125, -0.0194091796875, -0.027587890625, 0.04248046875, -0.0087890625, -0.035888671875, 0.028076171875, 0.03759765625, -0.0191650390625, 0.0419921875, -0.0032958984375, 0.01007080078125, 0.0289306640625, -0.0137939453125, -0.06396484375, -0.00958251953125, -0.020263671875, -0.03662109375, -0.0166015625, 0.0537109375, -0.02685546875, -0.010986328125, 0.044921875, 0.076171875, -0.03125, -0.01275634765625, -0.0177001953125, -0.033935546875, 0.0233154296875, 0.0025177001953125, -0.00445556640625, -0.007354736328125, -0.0103759765625, 0.02392578125, 0.009033203125, 0.01416015625, 0.031494140625, -0.0017852783203125, -0.027587890625, -0.0281982421875, 0.0625, -0.014892578125, 0.0107421875, -0.025146484375, -0.004913330078125, 0.0203857421875, -0.0164794921875, -0.056396484375, -0.0267333984375, -0.0189208984375, -0.0150146484375, 0.02685546875, 0.00250244140625, 0.00982666015625, 0.0233154296875, -0.0712890625, 0.0361328125, 0.00433349609375, -0.0013275146484375, -0.005706787109375, 0.02392578125, -0.07177734375, -0.037841796875, -0.0142822265625, -0.0089111328125, 0.02197265625, -0.0308837890625, -0.02001953125, 0.02197265625, 0.020263671875, -0.00946044921875, -0.03369140625, 0.047607421875, -0.07177734375, 0.0233154296875, 0.0032958984375, -0.0079345703125, -0.0303955078125, 0.036376953125, 0.06298828125, -0.01141357421875, -0.00750732421875, 0.010986328125, 0.025146484375, -0.0174560546875, 0.00811767578125, -0.020751953125, -0.054443359375, -0.009521484375, 0.024169921875, -0.00885009765625, 0.0228271484375, -0.002899169921875, 0.0732421875, 0.00482177734375, -0.01239013671875, -0.04052734375, 0.04150390625, -0.00860595703125, 0.0263671875, -0.0225830078125, -0.05078125, 0.0625, -0.041015625, -0.018310546875, -0.01324462890625, -0.005401611328125, -0.03466796875, 0.04150390625, -0.0308837890625, 0.015869140625, 0.045654296875, 0.0712890625, -0.0260009765625, 0.0751953125, 0.015869140625, -0.038818359375, -0.037841796875, -0.00153350830078125, -0.056640625, -0.035888671875, 0.02783203125, 0.004669189453125, 0.01324462890625, -0.025390625, 0.039306640625, -0.0439453125, 