{"movie": "wwdc2025", "offset": 342, "text_offset": 340, "embedding": [0.031982421875, -0.017578125, 0.054443359375, 0.052001953125, -0.068359375, 0.012451171875, 0.02294921875, 0.01507568359375, 0.0005035400390625, 0.06298828125, 0.0245361328125, -0.0272216796875, -0.02294921875, -0.05712890625, -0.00555419921875, 0.003936767578125, 0.0546875, -0.02490234375, 0.0032196044921875, 0.01361083984375, 0.042724609375, -0.0498046875, -0.06298828125, -0.040771484375, 0.027587890625, 0.00057220458984375, -0.030029296875, -0.0272216796875, -0.0201416015625, -0.03466796875, -0.00274658203125, -0.07470703125, 0.07958984375, -0.0255126953125, 0.0018310546875, 0.030029296875, 0.06103515625, 0.021728515625, 0.0103759765625, 0.01318359375, -0.019775390625, 0.01287841796875, 0.01806640625, -0.029541015625, -0.0260009765625, -0.00013446807861328125, -0.040283203125, -0.03369140625, -0.01336669921875, 0.0012969970703125, 0.03759765625, -0.03662109375, -0.01019287109375, -0.0013580322265625, -0.048095703125, 0.033447265625, 0.024169921875, 0.0233154296875, 0.0206298828125, -0.01904296875, 0.00897216796875, -0.0091552734375, 0.021728515625, 0.0166015625, 0.0103759765625, 0.0198974609375, -0.03076171875, -0.055908203125, -0.0164794921875, -0.0269775390625, -0.06884765625, 0.045654296875, 0.0224609375, -0.006439208984375, 0.00604248046875, 0.0047607421875, 0.0576171875, -0.007110595703125, 0.0201416015625, 0.017333984375, -0.0240478515625, 0.00066375732421875, 0.055419921875, -0.0264892578125, 0.01202392578125, 0.0062255859375, 0.0311279296875, -0.03564453125, -0.0074462890625, -0.00787353515625, 0.017333984375, 0.03564453125, -0.00019931793212890625, 0.0162353515625, 0.0128173828125, -0.01177978515625, -0.05712890625, 0.001220703125, 0.0277099609375, -0.0040283203125, 0.0458984375, 0.0301513671875, -0.0008544921875, -0.0198974609375, -0.01287841796875, -0.068359375, 0.0235595703125, 0.04296875, -0.0032501220703125, 0.0206298828125, 0.0033111572265625, 0.0211181640625, -0.01019287109375, 0.035888671875, -0.0201416015625, 0.0439453125, 0.000324249267578125, 0.0157470703125, 0.052978515625, -0.028076171875, -0.0537109375, -0.00274658203125, -0.0118408203125, 0.0203857421875, 0.006317138671875, 0.0189208984375, 0.041259765625, 0.0087890625, -0.055908203125, 0.0458984375, -0.0208740234375, -0.0439453125, 0.042724609375, -0.02197265625, -0.08251953125, -0.0224609375, 0.040283203125, -0.007110595703125, -0.007720947265625, -0.01519775390625, -0.0002613067626953125, 0.0201416015625, -0.0322265625, 0.0024566650390625, 0.0206298828125, -0.03662109375, 0.04296875, 0.025634765625, -0.0186767578125, -0.039306640625, 0.0283203125, -0.0252685546875, -0.05859375, 0.0703125, 0.001129150390625, 0.0267333984375, -0.011962890625, 0.0191650390625, -0.053466796875, -0.002716064453125, -0.051513671875, 0.000347137451171875, 0.01507568359375, -0.019775390625, 0.0260009765625, 0.042236328125, -0.01263427734375, -0.034423828125, -0.052978515625, 0.00035858154296875, -0.04833984375, 0.01348876953125, -0.006805419921875, 0.07763671875, -0.019775390625, -0.01519775390625, -0.017333984375, -0.0177001953125, -0.00750732421875, -0.032958984375, -0.0146484375, 0.05859375, 0.0177001953125, 0.0177001953125, -0.055908203125, -0.06396484375, 0.0478515625, 0.01519775390625, 0.0030517578125, -0.00177764892578125, -0.0010986328125, 0.02294921875, 0.0439453125, 0.0023956298828125, 0.03759765625, -0.023681640625, -0.02734375, -0.01483154296875, 0.058349609375, 0.064453125, 0.037841796875, 0.039794921875, 0.015625, 0.03955078125, 0.01361083984375, 0.01007080078125, 0.032958984375, 0.0478515625, -0.037353515625, 0.0703125, -0.0113525390625, 0.007781982421875, -0.0693359375, 0.0213623046875, 0.001068115234375, -0.08203125, -0.033447265625, 0.0284423828125, -0.015380859375, 0.0189208984375, 0.04541015625, -0.00604248046875, -0.0087890625, 0.028564453125, 0.00177001953125, -0.02978515625, 0.01361083984375, 0.0191650390625, 0.032958984375, -0.0216064453125, -0.0196533203125, 0.0028533935546875, -0.007232666015625, 0.0198974609375, -0.010986328125, 0.006591796875, 0.0458984375, -0.028076171875, -0.05224609375, 0.06298828125, 0.025634765625, 0.033935546875, 0.01806640625, 0.042724609375, 0.000701904296875, -0.0732421875, 0.0084228515625, 0.0157470703125, 0.034423828125, 0.05126953125, -0.017578125, 0.0289306640625, -0.00106048583984375, -0.035888671875, 0.0157470703125, 0.03076171875, -0.046630859375, 0.00653076171875, -0.038330078125, 0.053466796875, 0.0283203125, 0.0150146484375, 0.029541015625, -0.0194091796875, 0.018798828125, 0.00994873046875, -0.062255859375, -0.01031494140625, -0.061767578125, -0.0040283203125, 0.043212890625, -0.009033203125, 0.006988525390625, -0.005584716796875, -0.0341796875, -0.04296875, -0.01806640625, -0.024169921875, -0.008056640625, 0.0011749267578125, -0.0233154296875, -0.01385498046875, -0.04638671875, -0.028564453125, 0.039306640625, 0.00433349609375, 0.05712890625, -0.0732421875, -0.053466796875, 0.0228271484375, 0.044677734375, 0.0235595703125, 0.018310546875, 0.00457763671875, 0.03076171875, 0.017822265625, -0.03466796875, 0.033203125, -0.018310546875, -0.0125732421875, -0.0849609375, -0.00830078125, 0.05517578125, 0.056884765625, 0.0020599365234375, 0.04150390625, 0.029296875, -0.00531005859375, 0.0172119140625, 0.0201416015625, 0.0076904296875, 0.0224609375, 0.02880859375, -0.000457763671875, -0.024169921875, -0.006378173828125, -0.0361328125, -0.031982421875, 0.037841796875, -0.0277099609375, -0.0028533935546875, -0.0076904296875, 0.001068115234375, 0.046630859375, -0.005035400390625, -0.0272216796875, -0.005889892578125, -0.00372314453125, -0.032470703125, -0.037109375, -0.01043701171875, -0.07763671875, 0.0091552734375, 0.00958251953125, -0.02197265625, -0.028564453125, -0.06591796875, -0.00640869140625, -0.00787353515625, -0.00445556640625, 0.0498046875, -0.045654296875, -0.031982421875, -0.0255126953125, 0.00750732421875, -0.0128173828125, 0.052001953125, 0.00118255615234375, -0.00311279296875, -0.0301513671875, -0.040283203125, -0.044677734375, -0.0322265625, 0.0478515625, -0.04150390625, -0.035400390625, -0.0458984375, 0.015380859375, -0.0537109375, 0.03125, 0.016357421875, -0.0130615234375, 0.01611328125, -0.0257568359375, -0.01031494140625, 0.02978515625, -0.0269775390625, -0.01287841796875, -0.00518798828125, -0.0194091796875, 0.08984375, -0.0120849609375, 0.008056640625, 0.0194091796875, -0.0380859375, -0.0078125, -0.00457763671875, -0.0194091796875, 0.005126953125, 0.058349609375, -0.0269775390625, 0.004241943359375, -0.000797271728515625, -0.033447265625, -0.024169921875, 0.01007080078125, -0.0289306640625, -0.009765625, -0.02734375, -0.054443359375, -0.0341796875, -0.021484375, 0.049560546875, -0.0498046875, 0.0098876953125, -0.042236328125, -0.06396484375, 0.0224609375, 0.06396484375, -0.0205078125, 0.000751495361328125, 0.0208740234375, -0.0673828125, -0.051513671875, -0.05224609375, 0.037841796875, 0.01318359375, -0.03076171875, 0.00185394287109375, -0.0031585693359375, 0.00738525390625, -0.000637054443359375, -0.052734375, -0.027587890625, -0.02490234375, -0.00421142578125, -0.03369140625, 0.01068115234375, -0.0213623046875, -0.01397705078125, 0.0054931640625, -0.0177001953125, 0.00927734375, 0.003936767578125, -0.00188446044921875, -0.001373291015625, 0.032958984375, -0.040771484375, -0.064453125, 0.0164794921875, 0.0208740234375, -0.0634765625, -0.0283203125, -0.00421142578125, 0.01348876953125, 0.0279541015625, 0.01080322265625, -0.01123046875, -0.00701904296875, 0.013427734375, 0.006103515625, -0.0390625, -0.10595703125, 0.04833984375, -0.018310546875, 0.061767578125, -0.0157470703125, 0.01336669921875, 0.046630859375, 0.0189208984375, -0.0037994384765625, 0.0205078125, 0.040283203125, 0.00714111328125, 0.004852294921875, -0.01397705078125, 0.01031494140625, -0.034912109375, -0.0235595703125, 0.035888671875, -0.02880859375, 0.00787353515625, 0.0927734375, 0.006988525390625, 0.068359375, -0.0498046875, 0.012451171875, -0.01361083984375, -0.052734375, 