{"movie": "wwdc2025", "offset": 428, "text_offset": 420, "embedding": [-0.0169677734375, -0.0177001953125, 0.072265625, 0.0458984375, -0.061279296875, -0.01513671875, 0.00408935546875, -0.041748046875, 0.01544189453125, -0.0111083984375, 0.004364013671875, 0.005584716796875, 0.0159912109375, -0.08447265625, -0.039306640625, -0.0228271484375, -0.0019989013671875, -0.00848388671875, -0.034912109375, -0.047607421875, 0.007354736328125, -0.07666015625, -0.005218505859375, -0.04296875, 0.026611328125, -0.0216064453125, -0.01904296875, -0.0098876953125, -0.064453125, -0.0234375, -0.0279541015625, -0.059326171875, 0.0498046875, -0.004791259765625, 0.005401611328125, -0.0166015625, 0.046875, 0.030029296875, -0.025146484375, 0.058349609375, -0.0172119140625, 0.01556396484375, 0.000186920166015625, 0.0267333984375, -0.0186767578125, -0.018798828125, -0.03857421875, -0.0419921875, 0.0045166015625, 0.035400390625, -0.01806640625, 0.00970458984375, 0.0045166015625, -0.0013427734375, -0.016357421875, 0.005279541015625, 0.000934600830078125, 0.0166015625, 0.00150299072265625, -0.0113525390625, 0.0108642578125, -0.00860595703125, -0.03369140625, 0.022216796875, -0.000591278076171875, 0.003997802734375, 0.04052734375, -0.061279296875, -0.0390625, -0.006805419921875, -0.03857421875, 0.0118408203125, 0.01336669921875, -0.0159912109375, -0.0196533203125, 0.019775390625, 0.01239013671875, -0.05322265625, 0.01239013671875, -0.004638671875, 0.00872802734375, 0.042236328125, 0.0166015625, -0.04296875, 0.004425048828125, -0.0247802734375, 0.01611328125, -0.07568359375, -0.046630859375, 0.011474609375, -0.0172119140625, 0.0380859375, 0.01904296875, -0.0291748046875, -0.00014591217041015625, 0.006561279296875, -0.07763671875, -0.041015625, 0.0162353515625, 0.009033203125, 0.01043701171875, 0.02685546875, -0.019775390625, -0.0145263671875, -0.0654296875, -0.0712890625, -0.0126953125, -0.00750732421875, 0.0172119140625, 0.01385498046875, 0.034912109375, -0.0262451171875, -0.018310546875, 0.0030975341796875, -0.018310546875, 0.05810546875, -0.011962890625, -0.038330078125, -0.0157470703125, 0.026611328125, -0.000904083251953125, -0.01165771484375, 0.009033203125, -0.030517578125, 0.004302978515625, 0.049072265625, 0.0810546875, -0.0023651123046875, -0.006072998046875, 0.0654296875, 0.055908203125, -0.0078125, 0.03271484375, 0.053466796875, -0.06494140625, -0.00244140625, 0.02099609375, 0.0126953125, -0.056396484375, -0.03662109375, -0.06884765625, 0.041259765625, -0.02783203125, 0.00142669677734375, -0.01544189453125, -0.054931640625, 0.04345703125, 0.046875, 0.02392578125, -0.04345703125, 0.011962890625, -0.037353515625, -0.028564453125, -0.0023956298828125, 0.00830078125, -0.0194091796875, 0.025390625, 0.0128173828125, -0.0166015625, -0.0034332275390625, 0.04443359375, -0.0673828125, -0.0106201171875, -0.01165771484375, 0.05908203125, 0.0162353515625, -0.01544189453125, -0.036865234375, -0.0029144287109375, 0.0291748046875, -0.0057373046875, 0.040771484375, -0.0159912109375, 0.02880859375, -0.04345703125, -0.036865234375, -0.009033203125, -0.0255126953125, 0.007476806640625, -0.0439453125, 0.007110595703125, 0.0400390625, 0.09130859375, -0.029541015625, -0.0126953125, 0.0076904296875, -0.022705078125, 0.003631591796875, 0.0021514892578125, 0.0223388671875, -0.037109375, -0.053466796875, 0.0211181640625, 0.028564453125, 0.01397705078125, -0.01611328125, 0.0079345703125, 0.005859375, 0.04052734375, 0.06005859375, 0.0361328125, 0.05712890625, -0.037109375, 0.0311279296875, 0.028564453125, 0.037353515625, 0.0169677734375, 0.00421142578125, -0.061279296875, -0.00469970703125, -0.0208740234375, 0.0166015625, 0.010498046875, -0.040771484375, 0.018798828125, -0.036865234375, 0.0546875, 0.00116729736328125, 0.06640625, 0.0166015625, -0.006988525390625, 0.0159912109375, 0.031982421875, 0.0228271484375, -0.0311279296875, -0.003631591796875, -0.0026092529296875, 0.05078125, 0.041015625, -0.0147705078125, 0.0712890625, 0.016845703125, -0.03271484375, 0.03369140625, 0.04736328125, 0.0260009765625, 0.042236328125, 0.005950927734375, -0.04052734375, 0.05712890625, 0.01416015625, -0.05126953125, 0.01251220703125, 1.33514404296875e-05, -0.05419921875, -0.01806640625, -0.048095703125, 0.0294189453125, 0.046875, 0.0185546875, -0.06396484375, 0.051513671875, 0.025390625, -0.042236328125, -0.0240478515625, 0.0208740234375, -0.026611328125, 0.0189208984375, 0.0257568359375, 0.002044677734375, 0.06982421875, -0.05322265625, -0.023193359375, -0.00830078125, 0.0206298828125, -0.0189208984375, -0.0172119140625, 0.00390625, -0.0279541015625, 0.0361328125, 0.0322265625, 0.031494140625, -0.062255859375, 0.042236328125, -0.0012054443359375, 0.0107421875, -0.025634765625, -0.0108642578125, -0.01495361328125, 0.0093994140625, -0.01104736328125, 0.0047607421875, 0.00445556640625, -0.01312255859375, 0.045654296875, -0.01043701171875, 0.004913330078125, 0.005218505859375, -0.03173828125, -0.052490234375, 0.005523681640625, -0.0264892578125, -0.00182342529296875, -0.0228271484375, -0.02001953125, 0.076171875, -0.01190185546875, -0.031982421875, -0.0289306640625, -0.0257568359375, -0.048095703125, -0.021240234375, 0.049560546875, 0.0130615234375, -0.00799560546875, 0.0194091796875, 0.054443359375, 0.00067138671875, -0.005523681640625, 0.07861328125, -0.00469970703125, -0.033203125, 0.000652313232421875, 0.001739501953125, -0.0157470703125, 0.00933837890625, -0.015380859375, -0.023681640625, -0.006866455078125, -0.009033203125, -0.0245361328125, 0.011962890625, 0.0419921875, -0.00579833984375, 0.031494140625, 0.018798828125, -0.017822265625, -0.0126953125, -0.0145263671875, -0.0654296875, 0.01336669921875, -0.03759765625, -0.0030975341796875, 0.03662109375, -0.059814453125, 0.03662109375, -0.0458984375, -0.031982421875, 0.00830078125, -0.002777099609375, 0.0211181640625, 0.00101470947265625, 0.0029296875, -0.00494384765625, -0.058349609375, 0.01055908203125, -0.0279541015625, 0.019775390625, 0.015869140625, -0.016845703125, 0.048095703125, -0.00994873046875, 0.01202392578125, 0.038818359375, -0.01171875, -0.01495361328125, -0.037353515625, 0.05908203125, -0.0162353515625, -0.031982421875, -0.0032501220703125, 0.03955078125, -0.00194549560546875, -0.034423828125, -0.01300048828125, 0.01470947265625, -0.020263671875, -0.0111083984375, -0.0301513671875, 0.03271484375, 0.1025390625, 0.02490234375, 0.0311279296875, -0.00135040283203125, 0.0030364990234375, -0.00010824203491210938, 0.0211181640625, 0.0130615234375, -0.042236328125, -0.06640625, -0.072265625, 0.047607421875, 0.0250244140625, -0.07666015625, -0.004669189453125, -0.0206298828125, -0.007049560546875, -0.0166015625, -0.0281982421875, 0.0033416748046875, -0.038818359375, -0.059326171875, 0.037841796875, -0.034423828125, -0.0223388671875, -0.04248046875, -0.0673828125, 0.01416015625, 0.0194091796875, -0.0062255859375, 0.0035552978515625, -0.057861328125, -0.0206298828125, -0.031494140625, -0.0322265625, 0.0291748046875, -0.0189208984375, 0.004364013671875, 0.01031494140625, 0.01513671875, -0.0234375, 0.034912109375, -0.06982421875, 0.0030670166015625, -0.010009765625, 0.0238037109375, -0.039794921875, 0.05810546875, -0.025390625, 0.016845703125, 0.006500244140625, 0.0260009765625, 0.01397705078125, 0.03369140625, -0.02490234375, -0.005645751953125, 0.004425048828125, -0.0284423828125, -0.0439453125, -0.0081787109375, -0.005584716796875, -0.0240478515625, 0.027099609375, -0.0081787109375, -0.01116943359375, -0.0069580078125, -0.0166015625, -0.00921630859375, -0.018798828125, -0.0150146484375, 0.0054931640625, -0.0208740234375, -0.041748046875, -0.00180816650390625, 0.009033203125, 0.083984375, -0.026611328125, 0.0301513671875, -0.034912109375, 0.005218505859375, -0.06982421875, 0.0673828125, 0.041259765625, 0.0174560546875, -0.034423828125, 0.06494140625, -0.04052734375, -0.031982421875, -0.03662109375, -0.0084228515625, 0.01031494140625, 0.0194091796875, 0.0247802734375, -0.02685546875, 0.047607421875, 0.004058837890625, 0.048583984375, 0.01458740234375, 