{"movie": "wwdc2025", "offset": 26, "text_offset": 20, "embedding": [0.04541015625, 0.022705078125, 0.047607421875, 0.024658203125, -0.03125, -0.02978515625, 0.01123046875, -0.0029296875, 0.048828125, 0.0244140625, 0.02197265625, -0.01385498046875, 0.0322265625, -0.028564453125, -0.042236328125, -0.006683349609375, -0.0042724609375, -0.0103759765625, -0.01007080078125, -0.004364013671875, -0.00579833984375, -0.006866455078125, -0.011962890625, -0.02978515625, -0.000514984130859375, -0.056884765625, -0.068359375, -0.0380859375, -0.03076171875, -0.029052734375, 0.0037689208984375, -0.06982421875, 0.06396484375, 0.0322265625, 0.021484375, 0.004638671875, -0.0179443359375, 0.05078125, -0.0262451171875, -0.0013580322265625, 0.002655029296875, 0.04150390625, 0.0089111328125, -0.01556396484375, 0.020751953125, -0.030029296875, -0.0380859375, -0.04248046875, 0.0108642578125, 0.0027923583984375, 0.00823974609375, -0.0234375, -0.01806640625, -0.03564453125, -0.01611328125, -0.002471923828125, -0.041015625, 0.0037078857421875, 0.03564453125, 0.04248046875, -0.0277099609375, -0.00823974609375, -0.04345703125, -0.00360107421875, 0.0220947265625, 0.0069580078125, 0.0230712890625, -0.0164794921875, 0.00787353515625, 0.0174560546875, -0.006927490234375, 0.004547119140625, 0.009765625, -0.00531005859375, 0.01239013671875, 0.0064697265625, 0.09228515625, 0.0074462890625, 0.04638671875, -0.003265380859375, 0.031494140625, -0.006744384765625, 0.0478515625, -0.0035552978515625, -0.045654296875, -0.044189453125, 0.0242919921875, -0.020751953125, -0.01611328125, -0.01348876953125, -0.01348876953125, 0.0478515625, -0.0205078125, 0.00567626953125, 0.029296875, 0.0098876953125, 0.01385498046875, -0.012939453125, -0.00469970703125, 0.03564453125, 0.068359375, 0.0179443359375, -0.05224609375, -0.0025482177734375, -0.0185546875, -0.02001953125, -0.00115966796875, 0.00787353515625, -0.0284423828125, 0.01202392578125, -0.023193359375, -0.0203857421875, -0.0068359375, 0.0228271484375, -0.06591796875, 0.0072021484375, -0.02587890625, 0.00098419189453125, 0.06103515625, 0.0322265625, -0.0517578125, -0.030517578125, 0.01275634765625, -0.0859375, -0.00726318359375, 0.04345703125, 0.029052734375, 0.0247802734375, -0.0830078125, 0.0262451171875, 0.019775390625, 0.01177978515625, 0.0115966796875, 0.01904296875, -0.038818359375, -0.03564453125, 0.00089263916015625, 0.020751953125, -0.051025390625, 0.000225067138671875, 0.056396484375, 0.0145263671875, -0.01190185546875, 0.0281982421875, -0.0294189453125, 0.01470947265625, 0.0380859375, 0.0220947265625, -0.00064849853515625, -0.0157470703125, -0.0108642578125, -0.045166015625, -0.0257568359375, 0.03564453125, 0.03955078125, 0.00225830078125, -0.0164794921875, 0.037353515625, 0.00677490234375, -0.0308837890625, 0.0322265625, 0.006866455078125, 0.0269775390625, -0.040771484375, 0.0595703125, 0.007598876953125, -0.0018157958984375, 0.003082275390625, -0.02978515625, 0.01275634765625, -0.044189453125, -0.01153564453125, 0.0142822265625, 0.0023040771484375, -0.056884765625, -0.00860595703125, -0.052490234375, -0.029052734375, 0.053955078125, 0.009033203125, 0.02734375, -0.000278472900390625, 0.0174560546875, -0.023193359375, -0.034912109375, 0.01287841796875, -0.0113525390625, 0.048095703125, 0.04150390625, -0.024658203125, -0.0230712890625, 0.037109375, 0.0224609375, -0.0101318359375, 0.04345703125, -0.05029296875, -0.0225830078125, -0.01025390625, 0.04248046875, 0.0284423828125, -0.006561279296875, 0.068359375, -0.025146484375, 0.0211181640625, -0.0026397705078125, -0.00677490234375, -0.0361328125, -0.01025390625, -0.05810546875, 0.0089111328125, -0.000659942626953125, -0.00225830078125, -0.02734375, -0.045166015625, 0.033447265625, -0.0201416015625, 0.0201416015625, 0.034423828125, 0.0257568359375, 0.01080322265625, -0.0123291015625, -0.002227783203125, 0.0027618408203125, 0.027099609375, -0.0186767578125, -0.04638671875, 0.03125, 0.0098876953125, 0.0194091796875, -0.0033416748046875, 0.007598876953125, 0.00408935546875, -0.00628662109375, 0.024658203125, 0.051513671875, 0.0203857421875, 0.04248046875, -0.000263214111328125, 0.0174560546875, 0.026611328125, -0.004364013671875, -0.006378173828125, 0.00141143798828125, -0.030517578125, -0.014892578125, -0.032470703125, -0.016845703125, 0.020263671875, 0.006744384765625, -0.0130615234375, -0.00927734375, 0.0181884765625, -0.020751953125, -0.00183868408203125, -0.0162353515625, 0.0235595703125, -0.0751953125, 0.0174560546875, -0.016845703125, 0.018310546875, 0.051025390625, 0.0019683837890625, 0.01104736328125, -0.017822265625, 0.0220947265625, 0.01336669921875, -0.048095703125, -0.03955078125, -0.03857421875, -0.00360107421875, 0.055419921875, -0.0032806396484375, -0.01251220703125, 0.026123046875, -0.03271484375, -0.05419921875, -0.0264892578125, 0.0223388671875, -0.048095703125, -0.01080322265625, -0.01708984375, 0.00787353515625, -0.0089111328125, -0.044189453125, 0.047119140625, -0.0115966796875, 0.0311279296875, 0.02587890625, 0.01220703125, 0.01080322265625, -0.016357421875, 0.0038909912109375, -0.00970458984375, 0.00970458984375, 0.01336669921875, 0.032958984375, -0.0164794921875, 0.007781982421875, -0.045654296875, 0.010009765625, -0.072265625, 0.006561279296875, 0.0103759765625, -0.006439208984375, -0.034912109375, -0.0186767578125, 0.003082275390625, 0.0220947265625, -0.004425048828125, 0.000545501708984375, 0.0240478515625, -0.00115203857421875, -0.0247802734375, -0.005126953125, -0.0576171875, 0.000751495361328125, -0.01025390625, -0.01080322265625, 0.036376953125, 0.00762939453125, 0.005523681640625, 0.0115966796875, -0.01470947265625, 0.0216064453125, -0.004852294921875, 0.0257568359375, -0.0145263671875, -0.0235595703125, -0.01556396484375, -0.034423828125, 0.017822265625, 0.0068359375, -0.0201416015625, -0.0032806396484375, -0.034912109375, 0.006866455078125, -0.0712890625, 0.00494384765625, -0.033935546875, -0.0274658203125, 0.036376953125, 0.0013427734375, 0.01080322265625, -0.00726318359375, 0.0101318359375, -0.02978515625, 0.013916015625, 0.04931640625, 0.003326416015625, 0.0125732421875, -0.04150390625, -0.028076171875, -0.043701171875, 0.0250244140625, 0.0084228515625, -0.0322265625, 0.041015625, 0.0185546875, -0.078125, 0.0294189453125, -0.0020599365234375, -0.006378173828125, 0.025146484375, -0.0162353515625, 0.0029754638671875, 0.0135498046875, -0.027099609375, -0.021728515625, -0.068359375, 0.041015625, 0.0830078125, -0.040771484375, -0.001739501953125, -0.02197265625, -0.06884765625, -2.4080276489257812e-05, 0.005279541015625, 0.025390625, 0.033935546875, 0.025390625, -0.041015625, 0.051025390625, 0.0223388671875, -0.017333984375, -0.019775390625, 0.0030517578125, 0.038818359375, 0.015380859375, -0.016845703125, -0.0284423828125, -0.0556640625, -0.056884765625, 0.03076171875, -0.02978515625, 0.044677734375, -0.047607421875, -0.0390625, 0.025390625, -0.033203125, 0.02587890625, 0.05615234375, 0.01239013671875, -0.02783203125, -0.0225830078125, -0.022705078125, 0.034423828125, 0.00482177734375, -0.0098876953125, -0.018798828125, 0.02978515625, -0.03515625, 0.01190185546875, -0.0072021484375, 0.0186767578125, -0.045654296875, 0.043701171875, -0.0145263671875, 0.028076171875, -0.01287841796875, 0.00872802734375, 0.03125, 0.0089111328125, 0.00909423828125, 0.060302734375, -0.0033416748046875, -0.0419921875, 0.0184326171875, -0.033935546875, -0.07666015625, -0.0185546875, 0.064453125, -0.044677734375, -0.0037689208984375, -0.0037689208984375, 0.0322265625, 0.012939453125, -0.0303955078125, 0.0126953125, -0.020751953125, -0.031494140625, 0.041015625, -0.007354736328125, -0.00087738037109375, 0.032958984375, -0.00148773193359375, 0.060302734375, 0.009033203125, -0.022705078125, -0.01409912109375, 0.01153564453125, -0.012939453125, 0.00160980224609375, 0.1259765625, -0.004547119140625, 0.006927490234375, 0.0072021484375, 0.01129150390625, -0.03564453125, -0.01611328125, 0.03564453125, -0.0106201171875, 0.04150390625, 0.06982421875, -0.0262451171875, 0.031982421875, 