{"movie": "wwdc2025", "offset": 456, "text_offset": 440, "embedding": [-0.0322265625, 0.040283203125, 0.0179443359375, -0.0174560546875, -0.024658203125, 0.0260009765625, -0.01263427734375, -0.009521484375, -0.0322265625, 0.0142822265625, -0.00616455078125, 0.014892578125, -0.014892578125, -0.0220947265625, -0.00994873046875, -0.01239013671875, 0.03759765625, 0.03564453125, -0.01324462890625, -0.032470703125, 0.040283203125, -0.03125, -0.00848388671875, 0.0125732421875, 0.0252685546875, -0.027587890625, 0.0123291015625, -0.005645751953125, -0.040283203125, -0.07177734375, -0.052001953125, -0.08447265625, 0.0213623046875, -0.0206298828125, 0.00994873046875, 0.0026092529296875, 0.039306640625, 0.08349609375, -0.032470703125, 0.0177001953125, -0.0439453125, 0.00787353515625, 0.032958984375, 0.000965118408203125, -0.001251220703125, -0.021484375, -0.03759765625, 0.027587890625, 0.01220703125, 0.005218505859375, -0.0252685546875, 0.01153564453125, 0.014404296875, -0.0206298828125, -0.0703125, 0.0272216796875, -0.031982421875, 0.004913330078125, 0.046142578125, -0.0162353515625, -0.0130615234375, 0.03369140625, -0.035888671875, 0.041748046875, -0.02294921875, 0.00408935546875, 0.04833984375, -0.0380859375, -0.0673828125, -0.0113525390625, 0.01324462890625, 0.024658203125, 0.0020599365234375, -0.007781982421875, -0.03173828125, 0.011474609375, 0.04931640625, -0.01806640625, -0.042724609375, 0.0255126953125, 0.039306640625, 0.010009765625, 0.0069580078125, -0.0400390625, -0.005157470703125, -0.043212890625, 0.0286865234375, -0.039306640625, 0.00872802734375, 0.042724609375, -0.050048828125, 0.060791015625, -0.00701904296875, -0.0162353515625, -0.0302734375, -0.021484375, -0.028564453125, -0.06494140625, -0.01080322265625, 0.050537109375, 0.0262451171875, -0.007568359375, 0.0264892578125, -0.017578125, -0.0634765625, -0.01171875, 0.0162353515625, -0.02001953125, -0.001190185546875, 0.00157928466796875, -0.00131988525390625, -0.0361328125, -0.06494140625, 0.0048828125, -0.0074462890625, 0.0986328125, -0.000606536865234375, 0.034912109375, -0.0025177001953125, -0.00982666015625, -0.048095703125, 0.000640869140625, -0.0014190673828125, 0.004425048828125, 0.03759765625, 0.041259765625, 0.01220703125, -0.00019359588623046875, -0.01171875, 0.049072265625, 0.00048065185546875, -0.0159912109375, 0.000652313232421875, 0.037109375, -0.0311279296875, -0.0072021484375, 0.00055694580078125, -0.039306640625, -0.061767578125, -0.0205078125, 0.0208740234375, 0.0218505859375, -0.054443359375, 0.04052734375, -0.036865234375, -0.031982421875, 0.07861328125, 0.02001953125, -0.050048828125, -0.01361083984375, -0.014892578125, -0.0311279296875, -0.039306640625, 0.041748046875, 0.03759765625, 0.03857421875, 0.01129150390625, 0.0206298828125, -0.058349609375, -0.050537109375, 0.01263427734375, -0.056640625, -0.00164031982421875, -0.01251220703125, 0.0240478515625, 0.050537109375, -0.00799560546875, 0.0007476806640625, 0.00799560546875, -0.01123046875, 0.0038604736328125, 0.01904296875, -0.034912109375, 0.01556396484375, 0.0157470703125, -0.0234375, -0.033935546875, -0.0220947265625, -0.006622314453125, -0.0123291015625, 0.03173828125, -0.006622314453125, 0.04931640625, -0.044189453125, -0.01043701171875, 0.0277099609375, -0.000659942626953125, 8.630752563476562e-05, -0.00022411346435546875, -0.0137939453125, -0.0244140625, 0.0020294189453125, 0.047119140625, 0.01361083984375, 0.010498046875, 0.007537841796875, -0.0018157958984375, -0.03759765625, -0.00592041015625, 0.054443359375, 0.04931640625, 0.035888671875, 0.01263427734375, 0.0250244140625, -0.005096435546875, 0.022705078125, 0.0299072265625, 0.032470703125, -0.01495361328125, -0.0262451171875, -0.08837890625, -0.01708984375, -0.017822265625, -0.0201416015625, 0.0257568359375, -0.00927734375, 0.041748046875, 0.0093994140625, -0.016357421875, 0.0390625, -0.0272216796875, -0.002838134765625, -0.010009765625, 0.01495361328125, -0.0220947265625, -0.0020599365234375, -0.0218505859375, 0.04541015625, 0.0908203125, -0.053466796875, 0.048095703125, 0.007080078125, -0.0107421875, -0.002777099609375, -0.01531982421875, 0.0380859375, -0.01556396484375, -0.01348876953125, -0.046875, 0.08154296875, -0.01434326171875, -0.03271484375, -0.016845703125, 0.05810546875, -0.0111083984375, -0.03173828125, -0.0303955078125, 0.0291748046875, 0.051513671875, 0.00909423828125, 0.00567626953125, 0.035400390625, -0.00726318359375, -0.03076171875, -0.04541015625, -0.0001392364501953125, -0.009521484375, -0.01708984375, 0.006103515625, -0.04052734375, -0.034912109375, 0.00182342529296875, 0.03125, 0.0118408203125, -0.01409912109375, -0.042724609375, -0.004180908203125, 0.044189453125, -0.072265625, -0.018798828125, -0.0264892578125, 0.00469970703125, 0.0031585693359375, 0.068359375, 0.004119873046875, 0.000514984130859375, -0.03759765625, 0.0159912109375, -0.0341796875, 0.014404296875, -0.0079345703125, -0.0341796875, -0.0026092529296875, 0.01080322265625, 0.0400390625, -0.0184326171875, 0.00567626953125, 0.0302734375, 0.00726318359375, -0.007080078125, 0.028076171875, -0.048828125, -0.000751495361328125, -0.0556640625, -0.007781982421875, 0.014892578125, 0.00537109375, 0.07080078125, -0.00106048583984375, -0.00506591796875, -0.039306640625, -0.01104736328125, 0.0037689208984375, -0.005401611328125, -0.0196533203125, 0.0291748046875, 0.0252685546875, -0.055419921875, -0.0361328125, 0.0128173828125, -0.004058837890625, -0.01348876953125, 0.0140380859375, -0.0120849609375, -0.024658203125, 0.00714111328125, -0.0234375, -0.0255126953125, 0.0164794921875, 0.01336669921875, 0.02978515625, -0.0025482177734375, 0.0196533203125, 0.007476806640625, 0.041015625, 0.004913330078125, -0.0732421875, -0.03173828125, -0.039306640625, -0.061767578125, 0.006439208984375, -0.007598876953125, -0.002349853515625, 0.0264892578125, 0.0145263671875, -0.0084228515625, -0.04736328125, 0.0130615234375, 0.0269775390625, -0.00384521484375, 0.0252685546875, -0.059326171875, 0.04443359375, 0.061279296875, 0.000530242919921875, -0.015869140625, 0.028564453125, 0.033935546875, 0.0303955078125, 0.01123046875, 0.0177001953125, 0.0128173828125, -0.0034027099609375, 0.01904296875, -0.06494140625, -0.0213623046875, -0.053955078125, 0.03369140625, -0.037109375, 0.0113525390625, 0.05322265625, 0.015869140625, 0.0299072265625, 0.00982666015625, -0.0198974609375, 0.00144195556640625, -0.0185546875, 0.00537109375, 0.003326416015625, -0.0024566650390625, 0.04736328125, 0.0203857421875, 0.0302734375, 0.0234375, -0.0185546875, -0.02197265625, 0.0198974609375, 0.020263671875, -0.017333984375, -0.00909423828125, -0.042724609375, 0.046875, -0.026123046875, 0.031982421875, -0.028564453125, -0.0047607421875, -0.03125, -0.04541015625, 0.00537109375, -0.06396484375, 0.01068115234375, -0.00628662109375, 0.002899169921875, -0.015869140625, 0.0206298828125, -0.0771484375, -0.04296875, 0.03173828125, 0.033935546875, 0.039306640625, 0.03271484375, -0.023681640625, -0.06982421875, -0.002349853515625, -0.0135498046875, 0.078125, 0.0419921875, -0.046875, 0.005340576171875, -0.02734375, -0.039794921875, -0.05322265625, -0.03271484375, 0.0257568359375, -0.0732421875, 0.018798828125, -0.051513671875, 0.060302734375, -0.042724609375, 0.03515625, 0.0264892578125, 0.033447265625, 0.004119873046875, 0.0198974609375, 0.033935546875, -0.018310546875, -0.0011444091796875, -0.02783203125, -0.05517578125, 0.0174560546875, 0.05517578125, 0.0007171630859375, 0.00152587890625, -0.033935546875, -0.00286865234375, 0.026611328125, -0.0184326171875, -0.06591796875, -0.0005035400390625, -0.003326416015625, 0.007171630859375, 0.010009765625, -0.0888671875, -0.01513671875, -0.0198974609375, 0.0272216796875, 0.000736236572265625, -0.0257568359375, -0.00023937225341796875, 0.03369140625, -0.0198974609375, 0.0179443359375, 0.040771484375, 0.07080078125, -0.0120849609375, 0.046875, 0.0137939453125, -0.03759765625, -0.02978515625, 0.021484375, 0.03173828125, 0.01068115234375, 0.0224609375, -0.048095703125, 0.048095703125, 