{"movie": "wwdc2025", "offset": 240, "text_offset": 240, "embedding": [0.02783203125, 0.02490234375, 0.0615234375, 0.01025390625, -0.0081787109375, -0.018310546875, 0.037353515625, 0.0260009765625, 0.02587890625, 0.0091552734375, -0.007659912109375, -0.06787109375, -0.01177978515625, -0.019775390625, -0.0159912109375, 0.003082275390625, 0.0074462890625, -0.0054931640625, -0.0020294189453125, -0.01495361328125, -0.01416015625, -0.024658203125, 0.04541015625, -0.045166015625, 0.05029296875, -0.02880859375, -0.08203125, -0.00836181640625, -0.0034637451171875, 0.018798828125, 0.02099609375, -0.04541015625, 0.047119140625, 0.031982421875, -0.018310546875, -0.022216796875, 0.021728515625, 0.035400390625, -0.000606536865234375, 0.033447265625, 0.018798828125, -0.0294189453125, -0.001922607421875, -0.0224609375, -0.0274658203125, -0.004608154296875, -0.0250244140625, -0.024658203125, -0.003936767578125, 0.000545501708984375, 0.0286865234375, 0.00193023681640625, 0.01556396484375, -0.0341796875, -0.0400390625, -0.01177978515625, -0.000148773193359375, 0.0284423828125, 0.035888671875, 0.0458984375, 0.0022125244140625, -0.018798828125, -0.055908203125, -0.02490234375, -0.00799560546875, -0.035400390625, 0.0185546875, -0.0400390625, 0.01385498046875, -0.0135498046875, -0.0289306640625, 0.05078125, 0.03271484375, -0.0037689208984375, -0.025146484375, -0.04931640625, 0.02880859375, -0.0030517578125, 0.0030059814453125, 0.056640625, 0.035888671875, -0.00079345703125, 0.007232666015625, -0.04345703125, 0.00628662109375, -0.0225830078125, 0.00909423828125, -0.03662109375, -0.0164794921875, -0.0029449462890625, -0.0186767578125, 0.0185546875, -0.00885009765625, -0.000736236572265625, 0.004852294921875, 0.00787353515625, -0.007171630859375, -0.0380859375, -0.0091552734375, 0.038818359375, 0.044921875, 0.0001316070556640625, 0.004364013671875, -0.02978515625, -0.049072265625, -0.06494140625, 0.01220703125, 0.0036773681640625, -0.0118408203125, 0.0240478515625, 0.0240478515625, -0.0537109375, -3.457069396972656e-05, 0.009521484375, -0.032470703125, 0.0098876953125, 0.026123046875, -0.04541015625, 0.04833984375, 0.064453125, -0.0185546875, -0.01153564453125, 0.000919342041015625, -0.04736328125, -0.01080322265625, 0.00138092041015625, 0.0306396484375, 0.00531005859375, -0.041015625, 0.0196533203125, -0.06591796875, 0.0162353515625, -0.00555419921875, 0.0201416015625, -0.06884765625, 0.00274658203125, 0.00970458984375, 0.0302734375, -0.04638671875, -0.029296875, 0.029296875, 0.0419921875, -0.00634765625, 0.0013275146484375, -0.038818359375, -0.01385498046875, 0.009033203125, 0.022705078125, -0.060302734375, -2.2649765014648438e-05, -0.0299072265625, -0.031494140625, 0.0146484375, 0.0751953125, 0.0245361328125, 0.0157470703125, 0.0159912109375, 0.0030517578125, -0.0013275146484375, -0.04296875, 0.052001953125, -0.0458984375, -0.00225830078125, 0.0074462890625, 0.0306396484375, -0.0126953125, 0.052978515625, -0.003387451171875, 0.03173828125, -0.015869140625, -0.048095703125, -0.0130615234375, 0.058837890625, 0.0263671875, 0.0191650390625, 0.0250244140625, -0.06884765625, 0.052734375, 0.0205078125, 0.0458984375, 0.00189971923828125, 0.0191650390625, 0.0230712890625, 0.0264892578125, -0.0062255859375, -0.01324462890625, -0.0201416015625, 0.0194091796875, -0.026123046875, 0.038818359375, -0.0400390625, 0.0361328125, 0.004852294921875, -0.0181884765625, 0.0279541015625, -0.02197265625, 0.0106201171875, 0.0240478515625, 0.00494384765625, 0.0576171875, -0.045166015625, 0.01483154296875, 0.01220703125, 0.007537841796875, -0.0157470703125, -0.045166015625, 0.0198974609375, 0.0098876953125, -0.0184326171875, 0.006378173828125, -0.02197265625, 0.02392578125, -0.018798828125, -0.0341796875, 0.01055908203125, -0.0673828125, 0.0498046875, -0.0177001953125, 0.0201416015625, -0.00958251953125, -0.0284423828125, -0.0120849609375, 0.068359375, 0.0308837890625, 0.02685546875, -0.0186767578125, 0.01324462890625, 0.0244140625, 0.031494140625, 0.029296875, 0.02099609375, -0.00390625, -0.07763671875, 0.0120849609375, 0.03759765625, 0.02783203125, -0.0289306640625, 0.000904083251953125, -0.00341796875, 0.045166015625, -0.026611328125, -0.0615234375, -0.038818359375, 0.0286865234375, -0.0546875, -0.048095703125, -0.0174560546875, 0.0123291015625, 0.08447265625, 0.01519775390625, -0.0546875, 0.003326416015625, 0.01202392578125, -0.0294189453125, -0.00634765625, 0.04833984375, -0.01507568359375, 0.0091552734375, -0.034912109375, -0.03076171875, 0.0004825592041015625, -0.00787353515625, 0.01318359375, 0.015380859375, 0.0400390625, -0.007080078125, -0.000705718994140625, 0.0263671875, -0.01129150390625, 0.0172119140625, -0.033447265625, -0.00174713134765625, -0.007049560546875, 0.00836181640625, -0.023681640625, -0.052734375, -0.031982421875, 0.01385498046875, 0.011962890625, 0.0036468505859375, -0.003387451171875, -0.0277099609375, 0.01495361328125, 0.0107421875, 0.0181884765625, 0.0264892578125, 0.00177001953125, 0.0113525390625, 0.01495361328125, 0.001922607421875, 0.0517578125, -0.004852294921875, 0.01531982421875, 0.02880859375, 0.009521484375, -0.00201416015625, 0.01531982421875, -0.0172119140625, -0.039794921875, -0.048095703125, -0.00970458984375, 0.012939453125, -0.00799560546875, -0.00836181640625, -0.034423828125, 0.044189453125, 0.02783203125, 0.0189208984375, -0.0162353515625, 0.01397705078125, 0.020751953125, -0.05859375, -0.01202392578125, -0.005859375, -0.033447265625, 0.0068359375, -0.0260009765625, -0.0216064453125, 0.0673828125, 0.0634765625, -0.03955078125, 0.05078125, 0.002471923828125, 0.05029296875, -0.00958251953125, -0.01470947265625, -0.00494384765625, 0.02685546875, -0.04052734375, -0.007354736328125, 0.003143310546875, -0.037841796875, -0.001617431640625, -0.022705078125, -0.04638671875, -0.01300048828125, 0.0220947265625, -0.00225830078125, 0.0098876953125, 0.002899169921875, -0.024658203125, -0.0118408203125, -0.005126953125, 0.0006561279296875, -0.021484375, 0.0216064453125, 0.012451171875, 0.0174560546875, 0.01324462890625, 0.002349853515625, -0.007568359375, -0.022216796875, -0.0240478515625, 0.054931640625, 0.052978515625, -0.00897216796875, 0.0177001953125, 0.004730224609375, -0.0123291015625, 0.0308837890625, 0.02587890625, -0.0361328125, 0.04833984375, 0.0103759765625, 0.0869140625, 0.0029296875, 0.04736328125, 0.0126953125, -0.0301513671875, 0.034912109375, 0.009033203125, -0.00592041015625, -0.025390625, -0.004852294921875, -0.031982421875, -0.018798828125, 0.026611328125, 0.0130615234375, 0.00885009765625, 0.00457763671875, -0.0615234375, 0.0263671875, -0.0260009765625, 0.031982421875, -0.024658203125, -0.05078125, 0.034912109375, -0.00897216796875, 0.00013065338134765625, -0.05224609375, -0.04248046875, -0.018310546875, 0.0211181640625, 0.0301513671875, -0.037109375, -0.045166015625, 0.00408935546875, 0.047119140625, -0.0186767578125, 0.0181884765625, 0.006011962890625, 0.018310546875, 0.006744384765625, 0.0302734375, -0.059326171875, 0.01422119140625, -0.0027618408203125, 0.0537109375, 0.0225830078125, 0.00616455078125, -0.00110626220703125, 0.002899169921875, 0.00860595703125, 0.005889892578125, -0.06591796875, 0.0211181640625, -0.04345703125, 0.021240234375, -0.010986328125, -0.0172119140625, 0.06982421875, -0.0157470703125, -0.002838134765625, 0.0294189453125, -0.010986328125, -0.018798828125, 0.01446533203125, 0.00665283203125, -0.04638671875, -0.002593994140625, 0.07177734375, -0.020751953125, 0.0294189453125, 0.0216064453125, 0.076171875, 0.05029296875, -0.0458984375, -0.0081787109375, 0.00836181640625, 0.026611328125, 0.0263671875, -0.0546875, -0.033447265625, -0.010986328125, 0.0146484375, 0.04638671875, -0.00799560546875, 0.0478515625, -0.0186767578125, 0.035400390625, 0.006011962890625, 0.01397705078125, 0.0849609375, 0.01470947265625, 0.0078125, 0.02783203125, -0.024658203125, -0.0038909912109375, -0.06787109375, -0.0159912109375, -0.011962890625, 0.0576171875, -0.0126953125, -0.006011962890625, -0.031494140625, -0.016357421875, -0.0400390625, 