{"movie": "wwdc2025", "offset": 400, "text_offset": 400, "embedding": [-0.0185546875, -0.02099609375, 0.05859375, 0.04541015625, -0.0791015625, -0.0458984375, -0.020263671875, -0.0361328125, 0.006011962890625, -0.01348876953125, -0.03271484375, -0.019775390625, 0.0021820068359375, -0.0057373046875, 0.0299072265625, 0.0020294189453125, 0.032470703125, 0.07080078125, -0.00335693359375, 0.0128173828125, -0.01806640625, -0.0634765625, -0.00156402587890625, -0.038818359375, 0.053955078125, -0.0205078125, -0.020263671875, -0.00177764892578125, -0.033203125, -0.03173828125, -0.0308837890625, -0.08837890625, 0.041015625, 0.0091552734375, 0.007476806640625, 0.04833984375, 0.052001953125, 0.00787353515625, -0.0023956298828125, 0.0205078125, -0.00860595703125, 0.037841796875, 0.0021209716796875, 0.0255126953125, -0.00046539306640625, -0.00080108642578125, -0.0458984375, -0.03271484375, 0.0103759765625, 0.0240478515625, -0.0196533203125, 0.043212890625, 0.01556396484375, -0.033447265625, -0.034912109375, 0.016845703125, -0.0159912109375, 0.005859375, 0.034912109375, 0.00982666015625, -0.00872802734375, -0.006378173828125, -0.010009765625, 0.0181884765625, 0.00146484375, 0.012939453125, 0.046142578125, -0.016845703125, -0.0059814453125, 0.00592041015625, -0.0062255859375, -0.0201416015625, 0.026123046875, -0.0260009765625, -0.06689453125, -0.0673828125, 0.038818359375, -0.0179443359375, 0.01171875, 0.0037384033203125, 0.033447265625, 0.021240234375, 0.00787353515625, -0.006622314453125, 0.0081787109375, 0.00189971923828125, -0.021240234375, -0.0595703125, -0.0458984375, 0.0022735595703125, -0.01123046875, 0.00909423828125, -0.0177001953125, -0.0235595703125, 0.002655029296875, 0.00189208984375, -0.059814453125, -0.0419921875, 0.014404296875, 0.01513671875, 0.020751953125, 0.04443359375, -0.061279296875, 0.0021820068359375, -0.0308837890625, -0.08984375, -0.007232666015625, -0.00067138671875, 0.021484375, 0.02099609375, -0.0038299560546875, -0.00494384765625, -0.0279541015625, 0.0081787109375, -0.02734375, 0.0181884765625, -0.0115966796875, -0.03125, 0.018310546875, 0.032470703125, -0.0186767578125, -0.0230712890625, 0.04248046875, -0.0008544921875, 0.00872802734375, 0.0250244140625, 0.048095703125, -0.0068359375, -0.037353515625, 0.061279296875, -0.015625, 0.01055908203125, 0.0014190673828125, 0.0093994140625, -0.08056640625, -0.00885009765625, 0.0546875, 0.0279541015625, -0.055908203125, -0.01104736328125, -0.037841796875, 0.05078125, -0.0294189453125, -0.01171875, -0.032958984375, -0.05078125, 0.033935546875, -0.02587890625, -0.0274658203125, -0.059814453125, -0.00872802734375, -0.05029296875, -0.01007080078125, 0.041015625, 0.059814453125, -0.036865234375, -0.034912109375, 0.0167236328125, 0.004180908203125, -0.0174560546875, 0.07421875, -0.07177734375, -0.006866455078125, -0.0079345703125, 0.057861328125, 0.048095703125, -0.01123046875, -0.0498046875, -0.021484375, -0.00077056884765625, -0.0537109375, 0.0113525390625, 0.02734375, 0.0098876953125, -0.00078582763671875, -0.039306640625, -0.0240478515625, -0.0081787109375, 0.0478515625, -0.0159912109375, -0.004119873046875, 0.059814453125, 0.01202392578125, -0.03076171875, -0.013671875, -0.023193359375, 0.04248046875, 0.0230712890625, -0.02685546875, 0.08837890625, -0.000896453857421875, -0.0277099609375, 0.0205078125, 0.03125, 0.03955078125, -0.02587890625, -0.014892578125, 0.04150390625, 0.01318359375, 0.0830078125, -0.025390625, 0.0169677734375, -0.0341796875, 0.03662109375, 0.0174560546875, 0.01226806640625, -0.036865234375, 0.00109100341796875, -0.0615234375, -0.007537841796875, -0.04150390625, 0.007354736328125, -0.02197265625, -0.0830078125, -0.000675201416015625, -0.0625, 0.052978515625, 0.0245361328125, 0.0299072265625, -0.05029296875, -0.0299072265625, 0.036865234375, 0.033447265625, 0.008544921875, -0.002655029296875, -0.0281982421875, -0.00182342529296875, -0.007537841796875, 0.06787109375, -0.0191650390625, -0.0025634765625, 0.026611328125, -0.07275390625, -0.0283203125, 0.034912109375, 0.07080078125, -0.0269775390625, -0.021484375, 0.0169677734375, 0.04931640625, -0.0194091796875, -0.0115966796875, -0.0146484375, 0.038818359375, -0.054931640625, -0.07763671875, -0.032470703125, -0.014404296875, 0.021484375, 0.016845703125, -0.0810546875, 0.000530242919921875, 0.00732421875, -0.02587890625, -0.023193359375, -0.010986328125, -0.00885009765625, -0.01226806640625, 0.03369140625, -0.0177001953125, 0.056396484375, -0.0556640625, -0.025390625, -0.00360107421875, 0.0184326171875, -0.02294921875, 0.004547119140625, -0.01080322265625, -0.02099609375, 0.056640625, -0.035400390625, -0.01513671875, -0.039306640625, 0.041015625, 0.0057373046875, 0.040283203125, -0.037109375, -0.014404296875, 0.002593994140625, 0.04052734375, 0.010986328125, -0.0037689208984375, 0.00799560546875, 0.0177001953125, 0.04931640625, -0.00023365020751953125, 0.00543212890625, -0.00872802734375, 0.02734375, -0.01409912109375, 0.03076171875, -0.0235595703125, 0.021240234375, 0.01611328125, -0.03955078125, 0.056396484375, 0.025634765625, 0.0035247802734375, 0.01806640625, -0.0279541015625, -0.0034942626953125, 0.0205078125, 0.018310546875, 0.008056640625, 0.023681640625, 0.037353515625, 0.07080078125, -0.01251220703125, 0.0162353515625, 0.0277099609375, 0.052978515625, -0.02294921875, -0.013427734375, 0.015380859375, 0.00124359130859375, 0.0302734375, 0.0032501220703125, -0.0001773834228515625, 0.05078125, 0.03271484375, -0.003936767578125, -0.0128173828125, 0.0185546875, 0.00592041015625, 0.01507568359375, 0.004425048828125, -0.0260009765625, -0.004364013671875, -0.00128173828125, -0.048095703125, 0.0301513671875, 0.006866455078125, -0.014892578125, 0.039794921875, -0.07373046875, 0.039306640625, 0.007537841796875, 0.032470703125, -0.05078125, -0.0205078125, 0.0050048828125, 0.0294189453125, 0.0093994140625, 0.015869140625, -0.00124359130859375, 0.03955078125, -0.037353515625, 0.035888671875, -0.0019989013671875, -0.032470703125, 0.00531005859375, -0.0028076171875, -0.01129150390625, 0.04443359375, -0.0040283203125, -0.0250244140625, 0.00046539306640625, 0.0201416015625, -0.021240234375, -0.0027008056640625, -0.0015106201171875, 0.01409912109375, 0.004669189453125, 0.0201416015625, 0.06640625, -0.0167236328125, -0.01007080078125, -0.0281982421875, -0.04931640625, 0.07275390625, 0.0224609375, 0.0185546875, 0.031982421875, -0.046875, -0.00360107421875, -0.020263671875, 0.0068359375, 0.03125, -0.0093994140625, -0.0179443359375, -0.05322265625, 0.07080078125, 0.00335693359375, -0.0126953125, 0.02490234375, 0.003936767578125, -0.01177978515625, 0.00116729736328125, 0.00032806396484375, -0.0234375, -0.0311279296875, -0.04638671875, 0.02294921875, 0.025390625, -0.0478515625, -0.006500244140625, -0.04150390625, 0.04248046875, -0.004425048828125, 0.01397705078125, -0.0159912109375, 0.005645751953125, -0.0196533203125, -0.0230712890625, -0.034912109375, -0.0177001953125, 0.039794921875, -0.0201416015625, 0.0230712890625, 0.0296630859375, 0.01123046875, -0.00921630859375, -0.01055908203125, 0.02685546875, -0.0194091796875, 0.032470703125, 0.008544921875, 0.050048828125, -0.0174560546875, 0.005126953125, 0.04150390625, 0.01446533203125, 0.036376953125, 0.039794921875, -0.004364013671875, 0.011962890625, 0.007354736328125, -0.025146484375, -0.037109375, 0.0133056640625, -0.00604248046875, -0.01513671875, 0.051025390625, 0.01446533203125, 0.056640625, 0.001251220703125, -0.05029296875, 0.004425048828125, -0.035888671875, 0.0030059814453125, 0.013916015625, -0.0159912109375, -0.053955078125, 0.034912109375, -0.02880859375, 0.0576171875, -0.059326171875, -0.003997802734375, -0.0341796875, 0.0341796875, -0.01202392578125, 0.04296875, 0.052978515625, 0.00616455078125, -0.01904296875, 0.035888671875, -0.0120849609375, -0.0108642578125, -0.0439453125, -0.04296875, -0.020751953125, 0.00335693359375, 0.0084228515625, 0.01470947265625, 0.0289306640625, -0.00799560546875, 0.04296875, -0.0281982421875, -0.025634765625, -0.0751953125, 0.041015625, 