{"movie": "wwdc2025", "offset": 558, "text_offset": 540, "embedding": [-0.022705078125, -0.0194091796875, 0.036376953125, -0.01171875, -0.07080078125, -0.0126953125, 0.01458740234375, -0.02978515625, 0.02099609375, -0.0003662109375, 0.0281982421875, 0.05078125, -0.007171630859375, -0.0106201171875, -0.01495361328125, -0.007049560546875, 0.0118408203125, -0.0162353515625, 0.026611328125, -0.01300048828125, 0.0037384033203125, -0.00124359130859375, 0.0269775390625, -0.04150390625, 0.0101318359375, -0.00183868408203125, -0.031494140625, -0.0059814453125, -0.006927490234375, -0.0205078125, -0.00457763671875, -0.0576171875, 0.04345703125, 0.047119140625, 0.0260009765625, -0.004608154296875, 0.006500244140625, 0.01171875, 0.0093994140625, 0.0286865234375, -0.038818359375, 0.05078125, 0.010986328125, -0.0035858154296875, -0.0546875, -0.002471923828125, -0.016357421875, -0.0240478515625, -0.041015625, 0.0235595703125, 0.00872802734375, -0.0003108978271484375, 0.003997802734375, -0.062255859375, -0.01348876953125, -0.014892578125, -0.06494140625, -0.013916015625, 0.01080322265625, -0.002899169921875, 0.01483154296875, 0.021240234375, -0.0004444122314453125, 0.03955078125, -0.007720947265625, -0.01513671875, 0.00787353515625, -0.0189208984375, 0.007568359375, -0.034423828125, 0.00830078125, -0.0076904296875, 0.00102996826171875, -0.0556640625, -0.046142578125, 0.007080078125, 0.0419921875, -0.0595703125, 0.0128173828125, -0.00164794921875, 0.0172119140625, 0.0194091796875, 0.047119140625, -0.03662109375, -0.0225830078125, -0.01348876953125, -0.0169677734375, -0.032958984375, -0.0162353515625, -0.031494140625, -0.026611328125, 0.02783203125, -0.0439453125, -0.01519775390625, 0.025634765625, 0.0458984375, -0.06982421875, -0.0576171875, -0.0260009765625, 0.035888671875, -0.031494140625, 0.05224609375, -0.041015625, -0.035400390625, -0.04931640625, -0.022705078125, 0.0157470703125, -0.0120849609375, -0.043212890625, 0.01129150390625, 0.00836181640625, -0.01055908203125, -0.0240478515625, 0.024658203125, -0.031982421875, 0.0732421875, 0.038818359375, -0.068359375, 0.0198974609375, 0.0255126953125, -0.015380859375, 0.00225830078125, 0.033447265625, -0.018798828125, 0.0030517578125, 0.0240478515625, 0.060302734375, 0.04736328125, -0.04931640625, 0.03125, 0.0069580078125, -0.054931640625, 0.0299072265625, 0.0458984375, -0.05224609375, -0.0038909912109375, 0.024169921875, -0.039306640625, -0.00341796875, -0.0098876953125, -0.01348876953125, -0.0216064453125, -0.0517578125, -0.007354736328125, -0.007232666015625, -0.0947265625, 0.01708984375, 0.0234375, -0.00250244140625, -0.052001953125, -0.01129150390625, -0.025390625, -0.04736328125, 0.0308837890625, 0.02783203125, 0.0311279296875, 0.0234375, 0.007080078125, -0.052734375, -0.03662109375, 0.0130615234375, -0.005767822265625, 0.0303955078125, -0.016357421875, 0.0225830078125, 0.03271484375, -0.006866455078125, 0.02001953125, 0.00958251953125, -0.01409912109375, -0.0220947265625, 0.0133056640625, -0.06689453125, 0.0234375, 0.0245361328125, -0.00299072265625, -0.01202392578125, 0.00191497802734375, -0.015625, -0.0255126953125, 0.01507568359375, 0.009521484375, 0.061279296875, -0.031494140625, -0.0003986358642578125, -0.0034637451171875, -0.003936767578125, 0.045166015625, -0.0263671875, 0.0103759765625, -0.0230712890625, 0.0380859375, 0.01129150390625, 0.014892578125, 0.0546875, 0.042236328125, 0.0033721923828125, 0.01177978515625, -0.0260009765625, 0.031494140625, -0.016845703125, 0.035888671875, -0.0019989013671875, -0.000537872314453125, 0.0177001953125, 0.004241943359375, -0.035400390625, 0.068359375, -0.0859375, 0.00537109375, -0.033935546875, -0.013427734375, 0.004364013671875, -0.0235595703125, 0.04150390625, -0.053955078125, 0.0177001953125, -0.00860595703125, -0.020751953125, 0.015869140625, -0.011474609375, 0.0189208984375, 0.007110595703125, 0.024658203125, -0.0303955078125, 0.0230712890625, -0.043212890625, -0.048095703125, 0.025390625, -0.0030059814453125, 0.0184326171875, -0.003173828125, -0.033935546875, 0.018798828125, 0.0439453125, 0.07177734375, 0.0133056640625, -0.0177001953125, -0.00171661376953125, 0.07763671875, 0.018798828125, -0.016845703125, 0.035400390625, 0.06494140625, -0.020263671875, -0.06982421875, -0.01025390625, 0.052001953125, 0.033935546875, 0.0595703125, -0.00799560546875, 0.000492095947265625, 0.0625, -0.002288818359375, -0.021728515625, 0.020751953125, -0.01300048828125, -0.025390625, 0.031494140625, 0.01544189453125, 0.0400390625, -0.0341796875, -0.0074462890625, -0.06689453125, 0.0177001953125, -0.012451171875, -0.035400390625, -0.0419921875, -0.03955078125, -0.0133056640625, -0.0026397705078125, -0.00885009765625, -0.04931640625, 0.0211181640625, -0.0205078125, -0.005279541015625, -0.06982421875, 0.039306640625, -0.007049560546875, -0.022216796875, -0.02783203125, -0.031494140625, -0.0289306640625, -0.008056640625, 0.0159912109375, 0.01385498046875, -0.0013275146484375, 0.000858306884765625, 0.01416015625, -0.00579833984375, 0.00787353515625, 0.0439453125, -0.033935546875, -0.0015869140625, -0.026611328125, 0.0181884765625, -0.01397705078125, -0.0224609375, -0.0458984375, -0.032958984375, -0.021240234375, -0.0135498046875, 0.02783203125, 0.037353515625, -0.0299072265625, 0.049072265625, -0.002471923828125, 0.021240234375, 0.0260009765625, 0.0067138671875, 0.012451171875, 0.000560760498046875, -0.01177978515625, 0.0184326171875, -0.09375, 0.023681640625, 0.00238037109375, -0.0167236328125, 0.0166015625, -0.004364013671875, 0.032958984375, -0.005889892578125, 0.0517578125, 0.072265625, 0.058837890625, -0.01300048828125, -0.0341796875, -0.015625, -0.0198974609375, -0.023193359375, -0.0108642578125, 0.0020751953125, 0.0011444091796875, 0.007293701171875, 0.01104736328125, -0.0177001953125, -0.035888671875, 0.0068359375, 0.0224609375, 0.0196533203125, 0.00872802734375, -0.018798828125, 0.02783203125, -0.025390625, 0.00051116943359375, 0.00994873046875, -0.0174560546875, 0.020263671875, 0.036376953125, -0.026611328125, -0.052734375, 0.00360107421875, -0.049072265625, 0.0025634765625, -0.00811767578125, -0.07763671875, 0.013671875, 0.091796875, -0.10546875, 0.020751953125, 0.020263671875, 0.008544921875, 0.025146484375, -0.0211181640625, -0.01025390625, 0.026123046875, 0.0220947265625, 0.0235595703125, -0.007354736328125, 0.004913330078125, 0.06982421875, 0.0174560546875, -0.02783203125, -0.0264892578125, -0.06689453125, -0.02294921875, 0.006378173828125, 0.038818359375, -0.0189208984375, 0.013671875, -0.057373046875, -0.0103759765625, -0.0164794921875, 0.0177001953125, -0.037841796875, 0.033447265625, 0.025390625, -0.0380859375, -0.039794921875, -0.0106201171875, 0.007171630859375, -0.0015716552734375, 0.015380859375, -0.05126953125, 0.02294921875, -0.03662109375, -0.00860595703125, 0.03662109375, 0.0184326171875, -0.024658203125, 0.03759765625, -0.003387451171875, -0.049072265625, 0.0120849609375, -0.025390625, 0.0751953125, 0.00135040283203125, -0.037841796875, -0.006011962890625, -0.004241943359375, -0.0133056640625, 0.005126953125, 0.00933837890625, 0.00579833984375, -0.076171875, -0.01556396484375, -0.0177001953125, -0.0062255859375, 0.004486083984375, -0.02587890625, 0.095703125, 0.0284423828125, 0.002105712890625, 0.00579833984375, 0.0279541015625, 0.0234375, -0.011962890625, -0.018798828125, -0.058349609375, -0.0169677734375, 0.0146484375, 0.01202392578125, 0.0537109375, 0.00848388671875, -0.01806640625, -0.04345703125, -0.0322265625, -0.000614166259765625, -0.034912109375, -0.037109375, 0.06884765625, -0.05078125, -0.032958984375, 0.039794921875, 0.035400390625, 0.0439453125, -0.00946044921875, -0.026611328125, -0.00098419189453125, -0.0286865234375, 0.009033203125, 0.01300048828125, 0.03759765625, 0.07373046875, -0.02099609375, -0.01373291015625, -0.0306396484375, -0.025146484375, -0.0103759765625, 0.043212890625, 0.0184326171875, -0.006622314453125, 0.01519775390625, -0.0133056640625, 0.0281982421875, -0.040283203125, 0.01129150390625, -0.0133056640625, -0.04541015625, 