{"movie": "wwdc2025", "offset": 542, "text_offset": 540, "embedding": [-0.0260009765625, -0.0164794921875, 0.0390625, -0.01116943359375, -0.07373046875, -0.00958251953125, 0.009765625, -0.0220947265625, 0.022705078125, -0.00130462646484375, 0.0220947265625, 0.049560546875, -0.005126953125, -0.0128173828125, -0.01495361328125, -0.01043701171875, 0.00848388671875, -0.0166015625, 0.025634765625, -0.00830078125, 0.000576019287109375, -0.00189971923828125, 0.0308837890625, -0.0400390625, 0.003448486328125, 0.0072021484375, -0.032470703125, -0.003082275390625, -0.0101318359375, -0.0247802734375, -0.00799560546875, -0.05517578125, 0.044189453125, 0.049560546875, 0.0233154296875, -0.008544921875, 0.00823974609375, 0.00732421875, 0.0096435546875, 0.0289306640625, -0.044677734375, 0.04833984375, 0.01263427734375, -0.00384521484375, -0.05859375, -0.00469970703125, -0.013916015625, -0.0308837890625, -0.041259765625, 0.026123046875, 0.0074462890625, -0.0022735595703125, 0.005462646484375, -0.062255859375, -0.013427734375, -0.0191650390625, -0.0654296875, -0.0157470703125, 0.007232666015625, -0.003631591796875, 0.01141357421875, 0.0205078125, -0.00811767578125, 0.0390625, -0.005157470703125, -0.0130615234375, 0.0089111328125, -0.017822265625, 0.00579833984375, -0.0274658203125, 0.00946044921875, -0.01513671875, 0.005889892578125, -0.06298828125, -0.05224609375, 0.0050048828125, 0.038330078125, -0.05615234375, 0.006134033203125, -0.000652313232421875, 0.01904296875, 0.0181884765625, 0.0576171875, -0.0306396484375, -0.01092529296875, -0.01068115234375, -0.013427734375, -0.042724609375, -0.01513671875, -0.0306396484375, -0.032470703125, 0.0223388671875, -0.0400390625, -0.02001953125, 0.0185546875, 0.045166015625, -0.068359375, -0.060546875, -0.0247802734375, 0.040283203125, -0.033935546875, 0.059814453125, -0.0419921875, -0.036865234375, -0.05126953125, -0.0264892578125, 0.017822265625, -0.017333984375, -0.05126953125, 0.014404296875, 0.016357421875, -0.0087890625, -0.0301513671875, 0.023193359375, -0.032958984375, 0.0703125, 0.03515625, -0.0576171875, 0.01904296875, 0.029296875, -0.01806640625, 0.00830078125, 0.033203125, -0.0220947265625, 0.0020294189453125, 0.01275634765625, 0.05517578125, 0.04248046875, -0.04248046875, 0.031494140625, 8.726119995117188e-05, -0.05224609375, 0.03515625, 0.044189453125, -0.059814453125, -0.001739501953125, 0.0250244140625, -0.0341796875, 0.00183868408203125, -0.00946044921875, -0.01953125, -0.0186767578125, -0.048583984375, -0.01397705078125, -0.01116943359375, -0.0927734375, 0.017578125, 0.028076171875, -0.003143310546875, -0.050048828125, -0.009033203125, -0.02099609375, -0.0390625, 0.0302734375, 0.0252685546875, 0.032958984375, 0.028076171875, 0.0072021484375, -0.051025390625, -0.041015625, 0.016357421875, -0.01007080078125, 0.0302734375, -0.01416015625, 0.0233154296875, 0.03662109375, -0.002838134765625, 0.02001953125, 0.007415771484375, -0.01373291015625, -0.026611328125, 0.01068115234375, -0.06982421875, 0.0242919921875, 0.025634765625, -0.006622314453125, -0.01007080078125, -0.00074005126953125, -0.0213623046875, -0.0247802734375, 0.00872802734375, 0.00848388671875, 0.060791015625, -0.02978515625, -0.003936767578125, -0.0028839111328125, -0.0038604736328125, 0.04736328125, -0.0242919921875, 0.0213623046875, -0.01953125, 0.04150390625, 0.007720947265625, 0.01324462890625, 0.045654296875, 0.037841796875, 0.00665283203125, 0.00518798828125, -0.017822265625, 0.03564453125, -0.0230712890625, 0.03857421875, -0.0028228759765625, 0.0074462890625, 0.02001953125, 0.004974365234375, -0.03466796875, 0.06591796875, -0.08544921875, 0.0087890625, -0.03662109375, -0.0093994140625, 0.00787353515625, -0.0279541015625, 0.03515625, -0.052001953125, 0.015380859375, -0.01416015625, -0.0172119140625, 0.01214599609375, -0.00439453125, 0.0174560546875, 0.008056640625, 0.025634765625, -0.027099609375, 0.024658203125, -0.037841796875, -0.047607421875, 0.0260009765625, -0.00482177734375, 0.0169677734375, 0.005340576171875, -0.033447265625, 0.00994873046875, 0.04248046875, 0.06689453125, 0.0135498046875, -0.0159912109375, 0.000812530517578125, 0.0771484375, 0.0167236328125, -0.01470947265625, 0.044189453125, 0.06591796875, -0.02880859375, -0.06982421875, -0.006744384765625, 0.049560546875, 0.0380859375, 0.060546875, -0.01611328125, 0.00189971923828125, 0.0693359375, -0.00128173828125, -0.021728515625, 0.0198974609375, -0.01092529296875, -0.0238037109375, 0.0296630859375, 0.017578125, 0.037353515625, -0.03662109375, -0.00799560546875, -0.0625, 0.0218505859375, -0.0113525390625, -0.03515625, -0.039794921875, -0.0419921875, -0.0120849609375, -0.00555419921875, -0.00653076171875, -0.04833984375, 0.0205078125, -0.021240234375, -0.00543212890625, -0.06787109375, 0.038330078125, -0.0047607421875, -0.01470947265625, -0.02783203125, -0.03173828125, -0.0260009765625, -0.01446533203125, 0.0189208984375, 0.0213623046875, -0.000621795654296875, 0.00109100341796875, 0.0166015625, -0.0069580078125, 0.00518798828125, 0.049072265625, -0.040283203125, -0.003387451171875, -0.026123046875, 0.018310546875, -0.0108642578125, -0.022705078125, -0.040771484375, -0.03125, -0.023681640625, -0.015869140625, 0.033447265625, 0.041748046875, -0.029052734375, 0.048583984375, -0.0019989013671875, 0.01708984375, 0.0274658203125, 0.009765625, 0.017822265625, -0.005126953125, -0.01251220703125, 0.01519775390625, -0.09619140625, 0.03369140625, 0.00201416015625, -0.0169677734375, 0.0164794921875, 0.00701904296875, 0.037109375, -0.0033111572265625, 0.052978515625, 0.0712890625, 0.0615234375, -0.009765625, -0.02880859375, -0.013671875, -0.017333984375, -0.0203857421875, -0.01025390625, 0.007568359375, 0.00830078125, 0.002655029296875, 0.003936767578125, -0.0250244140625, -0.0341796875, 0.00579833984375, 0.0172119140625, 0.0185546875, 0.002899169921875, -0.022216796875, 0.0296630859375, -0.0263671875, 0.005157470703125, 0.01483154296875, -0.01483154296875, 0.022216796875, 0.03564453125, -0.0252685546875, -0.056884765625, 0.01214599609375, -0.050537109375, -0.00811767578125, -0.00958251953125, -0.0712890625, 0.016845703125, 0.09912109375, -0.10986328125, 0.0235595703125, 0.0274658203125, 0.007720947265625, 0.0279541015625, -0.0263671875, -0.0029449462890625, 0.023681640625, 0.018310546875, 0.024658203125, -0.002655029296875, 0.0008392333984375, 0.0712890625, 0.0167236328125, -0.0250244140625, -0.0294189453125, -0.06689453125, -0.0169677734375, 0.0091552734375, 0.04541015625, -0.02099609375, 0.0157470703125, -0.052001953125, -0.010009765625, -0.00836181640625, 0.018798828125, -0.03564453125, 0.031494140625, 0.03076171875, -0.034423828125, -0.041748046875, -0.0067138671875, -0.0002574920654296875, -0.0030975341796875, 0.0146484375, -0.046630859375, 0.0299072265625, -0.033935546875, -0.00811767578125, 0.03466796875, 0.024169921875, -0.0252685546875, 0.037353515625, -0.01025390625, -0.047607421875, 0.0159912109375, -0.0341796875, 0.0751953125, -0.0016937255859375, -0.03466796875, -0.00872802734375, -0.006866455078125, -0.0201416015625, 0.005340576171875, 0.01153564453125, 0.00102996826171875, -0.076171875, -0.0140380859375, -0.0189208984375, -0.0022735595703125, 0.000946044921875, -0.0255126953125, 0.0869140625, 0.0260009765625, -0.00058746337890625, 0.01116943359375, 0.0306396484375, 0.0296630859375, -0.01373291015625, -0.017578125, -0.05517578125, -0.0159912109375, 0.01556396484375, 0.00653076171875, 0.05615234375, 0.0120849609375, -0.007354736328125, -0.043212890625, -0.03564453125, 0.00141143798828125, -0.032470703125, -0.031494140625, 0.0703125, -0.049072265625, -0.032958984375, 0.041259765625, 0.0308837890625, 0.04833984375, -0.0033721923828125, -0.0235595703125, 0.00023174285888671875, -0.0233154296875, 0.0068359375, 0.017822265625, 0.040283203125, 0.0732421875, -0.0206298828125, -0.0130615234375, -0.033935546875, -0.025634765625, -0.0101318359375, 0.0361328125, 0.01611328125, -0.00732421875, 0.017822265625, -0.0130615234375, 0.022705078125, -0.0296630859375, 0.0162353515625, 