{"movie": "wwdc2025", "offset": 538, "text_offset": 520, "embedding": [0.04150390625, 0.02392578125, -0.0145263671875, -0.02734375, -0.052978515625, -0.0162353515625, -0.010986328125, -0.0203857421875, 0.0018768310546875, 0.03515625, -0.00115966796875, 0.042724609375, -0.00180816650390625, -0.0615234375, -0.00714111328125, 0.0103759765625, 0.0147705078125, -0.024658203125, 0.020751953125, -0.0152587890625, 0.0069580078125, -0.041015625, -0.001617431640625, -0.06494140625, 0.034423828125, 0.0145263671875, -0.02685546875, 0.0250244140625, 0.016845703125, 0.01165771484375, -0.03515625, -0.068359375, 0.0311279296875, 0.0159912109375, 0.02099609375, 0.0020599365234375, 0.00537109375, -0.004913330078125, 0.01251220703125, 0.0142822265625, -0.0272216796875, 0.024658203125, 0.00099945068359375, 0.01116943359375, -0.030029296875, 0.02197265625, -0.038818359375, 0.013427734375, -0.0031890869140625, 0.007049560546875, -0.0380859375, 0.0218505859375, 0.0247802734375, -0.057373046875, 0.005096435546875, -0.037109375, -0.03125, 0.00121307373046875, 0.0225830078125, -0.021484375, -0.024658203125, 0.01275634765625, 0.0286865234375, 0.0250244140625, -0.013427734375, 0.0247802734375, -0.010009765625, -0.0380859375, -0.010009765625, -0.028076171875, 0.02099609375, 0.01544189453125, 0.0712890625, -0.0478515625, -0.0289306640625, 0.00189971923828125, 0.033203125, -0.021240234375, 0.0205078125, 0.039794921875, 0.0021820068359375, 0.035888671875, 0.0299072265625, -0.02783203125, -0.0228271484375, -0.06396484375, -0.00799560546875, -0.0157470703125, -0.028076171875, -0.005462646484375, -0.059814453125, 0.00616455078125, -0.05126953125, -0.040283203125, -0.002655029296875, 0.0045166015625, -0.046630859375, -0.0546875, 0.0194091796875, 0.01116943359375, -0.009033203125, 0.0269775390625, -0.020751953125, -0.00836181640625, -0.06640625, -0.06005859375, 0.00762939453125, 0.006134033203125, 0.003143310546875, 0.004302978515625, 0.0052490234375, -0.03369140625, -0.0537109375, 0.03369140625, -0.0654296875, 0.0712890625, 0.0263671875, -0.04296875, 0.00225830078125, 0.00372314453125, -0.020751953125, -0.033935546875, 0.0220947265625, 0.00897216796875, -0.0172119140625, 0.038330078125, 0.0299072265625, 0.058349609375, -0.037841796875, 0.02197265625, 0.05810546875, -0.0322265625, -0.01007080078125, 0.0283203125, -0.06640625, -0.00433349609375, 0.026123046875, 0.00060272216796875, -0.023193359375, -0.0126953125, 0.03369140625, 0.0234375, -0.056640625, 0.005126953125, -0.0032958984375, -0.05029296875, -0.01123046875, -0.0194091796875, -0.043212890625, -0.01129150390625, -0.012939453125, -0.0380859375, 0.00180816650390625, -0.00830078125, 0.05078125, 0.03515625, 0.008544921875, 0.0003299713134765625, -0.07177734375, -0.0185546875, 0.0137939453125, -0.049560546875, 0.035888671875, -0.01556396484375, 0.035400390625, 0.0145263671875, -0.0189208984375, 0.02001953125, -0.0057373046875, -0.0242919921875, -0.0213623046875, 0.042724609375, -0.0458984375, 0.0302734375, 0.03076171875, 0.00823974609375, -0.038818359375, -0.0216064453125, 0.003143310546875, -0.01904296875, -0.005340576171875, 0.00439453125, 0.06298828125, -0.0771484375, 0.004913330078125, 0.03564453125, -0.01055908203125, -0.0027008056640625, 0.004150390625, 0.01068115234375, 0.003692626953125, 0.00909423828125, 0.0157470703125, 0.0281982421875, 0.07958984375, 0.0181884765625, 0.01251220703125, -0.00994873046875, -0.0029144287109375, 0.060546875, 0.005615234375, 0.07568359375, 0.0286865234375, -0.01611328125, 0.02197265625, 0.03369140625, 0.001983642578125, 0.0194091796875, -0.0810546875, -0.032470703125, -0.01458740234375, -0.03515625, 0.01806640625, -0.033203125, 0.03515625, -0.00518798828125, 0.0162353515625, 0.017822265625, 0.00113677978515625, -0.006805419921875, -0.046875, 0.002593994140625, -0.0057373046875, 0.0400390625, -0.00811767578125, 0.038818359375, -0.025146484375, 0.0125732421875, 0.08935546875, -0.0255126953125, 0.0269775390625, 0.00885009765625, -0.037841796875, 0.000545501708984375, 0.038818359375, 0.0810546875, -0.0140380859375, 0.00396728515625, -0.0272216796875, 0.0419921875, 0.009521484375, -0.04248046875, -0.0263671875, 0.046875, -0.0478515625, -0.049560546875, -0.027587890625, -0.006683349609375, -0.0054931640625, 0.03662109375, -0.037353515625, -0.003448486328125, 0.006500244140625, -0.0238037109375, -0.023193359375, 0.0322265625, -0.055419921875, -0.0625, 0.030029296875, 0.004547119140625, 0.052978515625, -0.01458740234375, 0.0179443359375, -0.035400390625, -0.00640869140625, -0.04931640625, -0.000843048095703125, -0.007080078125, -0.037353515625, -0.0250244140625, -0.0015106201171875, 0.026123046875, -0.019287109375, 0.061767578125, 0.004638671875, 0.013916015625, -0.0830078125, -0.0064697265625, -0.019287109375, -0.0242919921875, -0.0137939453125, -0.007171630859375, -0.01318359375, -0.025390625, 0.04248046875, -0.031982421875, 0.004852294921875, -0.01495361328125, -0.01251220703125, -0.002197265625, 0.0024261474609375, 0.011474609375, -0.01104736328125, -0.037109375, 0.0130615234375, 0.0625, -0.0089111328125, -0.05029296875, -0.016357421875, -0.061767578125, -0.039306640625, -0.0130615234375, -0.026123046875, 0.0191650390625, 0.00299072265625, 0.039306640625, -0.00897216796875, -0.011962890625, 0.020263671875, 0.0162353515625, 0.021240234375, 0.00616455078125, -0.0030975341796875, 0.007568359375, -0.068359375, 0.06298828125, 0.0130615234375, -0.051025390625, 0.025146484375, -0.0311279296875, 0.00164794921875, 0.017578125, 0.05126953125, 0.0152587890625, 0.052001953125, 0.01348876953125, -0.032470703125, -0.043212890625, 0.01092529296875, -0.046630859375, 0.037841796875, -0.033203125, -0.0125732421875, 0.0174560546875, -0.0137939453125, 0.023193359375, -0.0157470703125, -0.00182342529296875, 0.0185546875, 0.03466796875, -0.0018463134765625, -0.02392578125, 0.0040283203125, -0.007049560546875, -0.019287109375, -0.00982666015625, 0.0380859375, 0.033447265625, -0.01513671875, 0.01409912109375, -0.06640625, -0.007781982421875, -0.0303955078125, 0.033935546875, -0.0177001953125, -0.053466796875, 0.0302734375, 0.0615234375, -0.0517578125, -0.00506591796875, 0.04052734375, -0.010986328125, -0.004852294921875, 0.026123046875, 0.00897216796875, 0.006622314453125, 0.025634765625, 0.00799560546875, -0.0341796875, 0.01275634765625, 0.05810546875, 0.07275390625, -0.019287109375, -0.001708984375, -0.0130615234375, -0.00098419189453125, 0.0128173828125, 0.052001953125, -0.007720947265625, 0.00201416015625, -0.072265625, 0.0059814453125, -0.035400390625, -0.03076171875, -0.013427734375, 0.0225830078125, -0.02001953125, -0.0458984375, -0.0167236328125, 0.01708984375, -0.027587890625, -0.0130615234375, 0.0255126953125, -0.0162353515625, -0.006683349609375, 0.00390625, -0.043701171875, 0.020751953125, 0.0751953125, 0.04150390625, 0.015380859375, -0.0118408203125, -0.087890625, -0.035888671875, -0.0159912109375, 0.01458740234375, 0.0007476806640625, -0.020751953125, 0.01611328125, 0.02392578125, 0.01434326171875, 0.0311279296875, -0.0478515625, 0.038330078125, -0.060546875, 0.01300048828125, 0.04296875, 0.0167236328125, -0.02734375, 0.00518798828125, 0.05029296875, 0.006683349609375, 0.0303955078125, 0.015380859375, 0.028076171875, -0.01007080078125, -0.0225830078125, -0.045166015625, -0.08544921875, -0.05908203125, 0.0281982421875, 0.028076171875, 0.007598876953125, -0.0033111572265625, 0.01446533203125, -0.0233154296875, -0.0269775390625, -0.00103759765625, 0.0031890869140625, -0.032470703125, 0.0303955078125, -0.02685546875, -0.0245361328125, 0.01495361328125, 0.0150146484375, 0.054443359375, 0.043701171875, -0.051025390625, -0.05224609375, -0.0177001953125, -0.0150146484375, -0.003265380859375, 0.035400390625, 0.083984375, -0.0034637451171875, -0.020751953125, -0.057861328125, -0.033935546875, -0.0177001953125, 0.0033721923828125, -0.01513671875, 0.01190185546875, 0.01409912109375, -0.0478515625, 0.0654296875, -0.0157470703125, 0.04052734375, 0.0281982421875, -0.062255859375, -0.0732421875, -0.052978515625, 