{"movie": "wwdc2025", "offset": 80, "text_offset": 80, "embedding": [0.000881195068359375, 0.02099609375, 0.06640625, 0.0274658203125, -0.062255859375, -0.0084228515625, 0.0137939453125, 0.000946044921875, 0.0274658203125, 1.6450881958007812e-05, 0.0086669921875, -0.006317138671875, 0.00982666015625, -0.04150390625, 0.01025390625, -0.01080322265625, 0.028564453125, -0.055908203125, 0.00579833984375, 0.018310546875, -0.01470947265625, -0.04736328125, 0.042236328125, -0.049072265625, 0.05078125, -0.0341796875, -0.01043701171875, -0.048095703125, -0.0184326171875, 0.027587890625, -0.004058837890625, -0.05908203125, 0.0517578125, -0.00921630859375, 0.01226806640625, -0.007232666015625, 0.01434326171875, 0.019775390625, -0.057373046875, 0.0137939453125, -0.0267333984375, -0.0299072265625, -0.01446533203125, 0.0274658203125, 0.0458984375, 0.02587890625, -0.0712890625, -0.0185546875, -0.004058837890625, 0.053466796875, 0.015869140625, 0.0208740234375, -0.0159912109375, -0.0654296875, -0.0267333984375, 0.044677734375, -0.01025390625, 0.04248046875, 0.06640625, 0.03173828125, 0.01446533203125, -0.039306640625, 0.021240234375, 0.03125, -0.041015625, 0.03076171875, -0.0157470703125, 0.0037994384765625, -0.00103759765625, -0.005523681640625, -0.00171661376953125, -0.0078125, -0.0537109375, -0.033203125, 0.010498046875, 0.01116943359375, 0.083984375, 0.01422119140625, -0.011962890625, 0.015380859375, 0.0186767578125, 0.0191650390625, 0.01336669921875, 0.0245361328125, -0.003997802734375, 0.00970458984375, 0.051513671875, -0.042236328125, -0.000522613525390625, -0.00927734375, -0.0255126953125, 0.0252685546875, 0.000797271728515625, -0.028564453125, -0.017822265625, 0.026123046875, 0.0274658203125, 0.00128173828125, 0.010498046875, 0.0230712890625, 0.0115966796875, 0.01214599609375, -0.01171875, -0.032470703125, -0.010009765625, -0.052734375, 0.002960205078125, 0.0164794921875, -0.041015625, -0.00010442733764648438, -0.040283203125, -0.0026702880859375, -0.00811767578125, 0.04052734375, -0.033935546875, 0.0289306640625, 0.03515625, -0.0213623046875, 0.03173828125, 0.021240234375, -0.06982421875, -0.0174560546875, 0.01104736328125, -0.03466796875, -0.0024261474609375, 0.022216796875, 0.07177734375, -0.0172119140625, -0.017333984375, 0.037841796875, -0.021728515625, -0.0020294189453125, 0.0181884765625, 0.01226806640625, -0.07275390625, -0.046875, 0.037109375, 0.01556396484375, -0.026123046875, -0.01409912109375, -0.01556396484375, 0.0166015625, -0.02001953125, -0.031494140625, -0.044677734375, -0.0115966796875, 0.006072998046875, -0.0036773681640625, -0.03271484375, -0.031494140625, 0.04443359375, -0.003509521484375, -0.045166015625, 0.041015625, 0.0181884765625, 0.04638671875, -0.050048828125, -0.01556396484375, -0.034912109375, -0.06494140625, -0.0098876953125, -0.004974365234375, 0.03173828125, -0.05517578125, 0.06298828125, -0.00909423828125, -0.0220947265625, 0.0166015625, -0.0274658203125, 0.0050048828125, -0.043212890625, 0.01068115234375, -0.0166015625, 0.01409912109375, -0.0252685546875, 0.01263427734375, 0.00677490234375, 0.00104522705078125, 0.03759765625, -0.01312255859375, 0.00518798828125, 0.031494140625, 0.060546875, -0.003570556640625, -0.00970458984375, -0.044677734375, 0.02099609375, 0.049072265625, 0.018310546875, 0.0299072265625, -0.029541015625, 0.060791015625, -0.01531982421875, -0.000789642333984375, 0.026123046875, -0.021240234375, -0.01318359375, -0.054931640625, 0.0751953125, 0.05419921875, 0.00787353515625, 0.042724609375, -0.031494140625, 0.02001953125, 0.031494140625, -0.0023040771484375, 0.0216064453125, 0.064453125, -0.08203125, 0.004241943359375, -0.00897216796875, -0.006988525390625, 0.0036773681640625, -0.06640625, 0.0225830078125, -0.060546875, 0.0135498046875, 0.0712890625, -0.0030670166015625, -0.05419921875, 0.00982666015625, 0.0216064453125, -0.01104736328125, 0.039794921875, -0.01116943359375, -0.01708984375, -0.01153564453125, 0.0034942626953125, -0.048095703125, -0.0177001953125, -0.0213623046875, 0.04052734375, -0.0498046875, 0.06298828125, 0.056396484375, 0.049072265625, 0.060546875, -0.01116943359375, -0.05908203125, 0.061279296875, -0.000896453857421875, -0.015625, -0.0159912109375, 0.0194091796875, 0.005462646484375, -0.0751953125, -0.029541015625, 0.0140380859375, -0.0111083984375, 0.048095703125, -0.01336669921875, 0.0137939453125, 0.0205078125, -0.043701171875, -0.01226806640625, -0.0020751953125, -0.0294189453125, -0.004425048828125, 0.045166015625, 0.0341796875, 0.06640625, 0.00921630859375, 0.023193359375, -0.03173828125, 0.0166015625, -0.0159912109375, -0.03759765625, -0.0252685546875, -0.0634765625, 0.0052490234375, 0.002838134765625, -0.0059814453125, -0.001861572265625, 0.057861328125, -0.035400390625, -0.0211181640625, -0.0245361328125, -0.037109375, -0.0732421875, -0.0205078125, -0.05810546875, -0.00958251953125, -0.025390625, -0.008056640625, 0.042724609375, 0.0230712890625, 0.05712890625, -0.006683349609375, -0.0185546875, -0.00567626953125, 0.01513671875, 0.0004863739013671875, 0.009521484375, 0.005889892578125, -0.0179443359375, 0.01446533203125, 0.000904083251953125, -0.0208740234375, -0.01318359375, -0.0281982421875, -0.0732421875, 0.042236328125, 0.01336669921875, -0.011962890625, -0.006317138671875, 0.01373291015625, 0.0245361328125, 0.0031890869140625, 0.0115966796875, 0.0059814453125, 0.0218505859375, -0.00653076171875, -0.0098876953125, 0.0223388671875, -0.057861328125, -0.007659912109375, -0.00012493133544921875, 0.00262451171875, 0.046875, 0.00738525390625, -0.032470703125, 0.0024871826171875, 0.031982421875, 0.049072265625, 0.0012359619140625, -0.05078125, -0.040283203125, -0.0022125244140625, -0.03662109375, -0.021728515625, 0.0284423828125, -0.03125, 0.0091552734375, -0.0009613037109375, -0.05810546875, 0.0078125, -0.011962890625, 0.01275634765625, -0.037353515625, 0.0186767578125, 0.05224609375, 0.0302734375, -0.0106201171875, -0.04052734375, 0.0380859375, 0.0106201171875, 0.004547119140625, 0.0732421875, 0.005279541015625, -0.01068115234375, -0.01226806640625, -0.048095703125, -3.838539123535156e-05, 0.01092529296875, -0.0196533203125, -0.0169677734375, 0.036376953125, 0.041015625, -0.0634765625, 0.005645751953125, -0.0027008056640625, -0.06787109375, 0.0517578125, 0.00299072265625, -0.0101318359375, -0.0341796875, -0.06298828125, -0.04736328125, -0.0234375, 0.029052734375, 0.06298828125, -0.0169677734375, 0.0281982421875, -0.0166015625, -0.043701171875, 0.010009765625, -0.00174713134765625, -0.00946044921875, 0.0130615234375, 0.06689453125, -0.0673828125, 0.0267333984375, -0.000835418701171875, 0.0018768310546875, -0.01446533203125, -0.010009765625, 8.487701416015625e-05, 0.01226806640625, -0.012939453125, -0.0201416015625, -0.004791259765625, -0.052734375, 0.062255859375, -0.0267333984375, 0.044677734375, -0.0196533203125, -0.0042724609375, 0.033935546875, -0.004119873046875, 0.0615234375, 0.032958984375, -0.0289306640625, -0.04736328125, 0.037841796875, -0.027587890625, 0.044677734375, -0.00909423828125, 0.0150146484375, 0.029541015625, 0.0380859375, -0.03271484375, -0.0263671875, 0.0031585693359375, 0.0189208984375, -0.049560546875, -0.0250244140625, 0.017578125, -0.017578125, -0.00592041015625, -0.005462646484375, 0.03955078125, -0.01708984375, 0.03173828125, 0.017333984375, -0.000675201416015625, -0.033935546875, -0.0130615234375, -0.0027923583984375, -0.055908203125, 0.00982666015625, 0.026123046875, -0.029052734375, 0.00106048583984375, -0.015380859375, 0.0257568359375, 0.004150390625, -0.020263671875, 0.020263671875, -0.023681640625, -0.03759765625, 0.06982421875, -0.0166015625, -0.03076171875, 0.06884765625, 0.00177764892578125, 0.0732421875, 0.01275634765625, -0.0252685546875, 0.028564453125, -0.00634765625, 0.00653076171875, 0.0400390625, 0.0625, 0.0211181640625, -0.01104736328125, 0.034912109375, -0.026611328125, -0.029541015625, -0.022705078125, 0.048095703125, -0.0022125244140625, 0.0311279296875, 0.054931640625, -0.03125, 0.045166015625, -0.055419921875, 0.0196533203125, 