{"movie": "wwdc2025", "offset": 260, "text_offset": 260, "embedding": [0.042724609375, 0.000362396240234375, 0.05224609375, 0.044189453125, -0.058837890625, 0.0037841796875, 0.00081634521484375, 0.0179443359375, -0.0279541015625, 0.0106201171875, -0.0033416748046875, -0.0111083984375, -0.0133056640625, -0.018310546875, -0.0245361328125, -0.0185546875, 0.050048828125, 0.005218505859375, -0.011962890625, -0.0169677734375, 0.031982421875, -0.00128173828125, 0.0230712890625, -0.0242919921875, 0.0299072265625, -0.0147705078125, -0.01336669921875, -0.0130615234375, 0.0186767578125, -0.01068115234375, -0.0137939453125, -0.080078125, 0.03955078125, 0.04150390625, -0.03466796875, 0.005126953125, -0.0184326171875, 0.042236328125, -0.03466796875, 0.032470703125, -0.0289306640625, -0.012939453125, 0.003173828125, -0.0244140625, -0.035400390625, -0.0289306640625, -0.027099609375, -0.02587890625, 0.027099609375, 0.04638671875, 0.01544189453125, 0.00811767578125, 0.05224609375, -0.00152587890625, -0.0223388671875, 0.04638671875, -0.008544921875, 0.005218505859375, 0.053466796875, -0.00037384033203125, -0.032470703125, -0.00732421875, 0.01239013671875, 0.0126953125, -0.0159912109375, 0.033203125, -0.019775390625, -0.04150390625, -0.014892578125, 0.0023193359375, -0.0157470703125, -0.000667572021484375, 0.01446533203125, -0.0252685546875, 0.000919342041015625, 0.0201416015625, 0.050537109375, -0.00653076171875, -0.00811767578125, 0.023193359375, 0.01373291015625, 0.0263671875, 0.02392578125, 0.0274658203125, -0.01904296875, -0.0194091796875, 0.0234375, -0.02978515625, 0.01373291015625, -0.038818359375, -0.027099609375, 0.03759765625, -0.03173828125, -0.00970458984375, -0.032958984375, -0.03173828125, 0.0108642578125, -0.08935546875, 0.02001953125, 0.0341796875, 0.034912109375, -0.00457763671875, -0.0419921875, -0.0225830078125, -0.0302734375, -0.06298828125, -0.0235595703125, -0.006134033203125, 0.0086669921875, 0.006988525390625, -0.0179443359375, -0.020751953125, -0.0673828125, -0.01202392578125, -0.055419921875, -0.00238037109375, 0.01287841796875, -0.0191650390625, 0.048828125, 0.01446533203125, -0.030029296875, 0.02001953125, -0.006591796875, -0.057861328125, -0.005645751953125, -0.02392578125, 0.0732421875, -8.285045623779297e-06, 0.00506591796875, -0.001861572265625, -0.01495361328125, 0.0174560546875, 0.040283203125, 0.0498046875, -0.03662109375, 0.0147705078125, -0.01226806640625, 0.0038299560546875, 0.0067138671875, 0.0213623046875, 0.0341796875, 0.0308837890625, -0.03662109375, 0.0135498046875, -0.03076171875, -0.00433349609375, 0.00994873046875, -0.0035858154296875, -0.091796875, 0.0101318359375, 0.025390625, -0.017822265625, -0.017333984375, 0.07275390625, 0.00927734375, 0.00738525390625, 0.0025177001953125, -0.0274658203125, -0.033935546875, -0.052490234375, 0.033203125, -0.01385498046875, 0.000614166259765625, 0.028076171875, 0.05859375, 0.00183868408203125, -0.041015625, 0.0042724609375, -0.0038604736328125, -0.049072265625, -0.0703125, 0.01214599609375, -0.0001983642578125, 0.00909423828125, -0.0198974609375, -0.006591796875, -0.0177001953125, 0.005401611328125, -0.00299072265625, 0.0024566650390625, -0.01397705078125, 0.026123046875, 0.01513671875, -0.0279541015625, 0.016357421875, 0.033447265625, 0.00885009765625, 0.055419921875, -0.001953125, 0.039794921875, 0.007049560546875, 0.0693359375, -0.017822265625, 0.010009765625, -0.00262451171875, -0.00732421875, -0.0185546875, 0.0038909912109375, 0.08203125, 0.0400390625, -0.01092529296875, 0.04150390625, 0.01226806640625, -0.0017242431640625, -0.0198974609375, -0.020751953125, -0.01422119140625, 0.04345703125, -0.0255126953125, -0.0263671875, -0.032470703125, 0.0225830078125, -0.00653076171875, -0.0205078125, -0.0230712890625, -0.01129150390625, 0.0478515625, 0.00927734375, -0.0098876953125, -0.03173828125, -0.044677734375, 0.01226806640625, 0.0159912109375, -0.0111083984375, -0.000579833984375, -0.046875, -0.006439208984375, 0.03466796875, 0.0242919921875, -0.0130615234375, -0.03564453125, 0.01556396484375, -0.044677734375, 0.0267333984375, 0.00909423828125, 0.048095703125, -0.01385498046875, 0.0140380859375, -0.00555419921875, 0.04248046875, 0.021728515625, -0.038818359375, 0.01129150390625, 0.033935546875, -0.07177734375, -0.05419921875, -0.038818359375, 0.02001953125, 0.05078125, 0.046142578125, -0.0166015625, -0.0159912109375, 0.0157470703125, -0.062255859375, -0.0150146484375, 0.023193359375, -0.0130615234375, -0.03515625, 0.0159912109375, -0.037841796875, 0.00811767578125, 0.01361083984375, 0.00494384765625, -0.05322265625, 0.00970458984375, 0.0284423828125, 0.0272216796875, 0.0022735595703125, -0.03759765625, 0.0172119140625, 0.0208740234375, -0.021728515625, -0.001617431640625, 0.038818359375, 0.0185546875, -0.0311279296875, -0.041015625, 0.00909423828125, -0.006011962890625, 0.026123046875, -0.0177001953125, 0.01080322265625, 0.0223388671875, -0.0303955078125, 0.0289306640625, 0.064453125, 0.0255126953125, -0.0223388671875, -0.0177001953125, -0.0498046875, 0.0230712890625, 0.0194091796875, -0.0159912109375, -0.01239013671875, -0.0191650390625, -0.00665283203125, 0.01531982421875, 0.019775390625, -0.02490234375, -0.0294189453125, -0.0189208984375, 0.03466796875, 0.00994873046875, -0.02685546875, -0.006103515625, 0.029541015625, 0.0284423828125, -0.0147705078125, 0.0181884765625, 0.0084228515625, 0.0025634765625, -0.0223388671875, -0.0216064453125, 0.034912109375, -0.01318359375, -0.01263427734375, -0.022216796875, 0.005584716796875, 0.05078125, 0.052490234375, 0.0024871826171875, 0.046875, -0.0098876953125, 0.04248046875, 0.02294921875, -0.017333984375, -0.023193359375, -0.03759765625, -0.0023956298828125, -0.0025177001953125, 0.0118408203125, -0.040283203125, -0.0091552734375, -0.01068115234375, -0.044677734375, 0.0194091796875, -0.0084228515625, -0.01251220703125, -0.04443359375, 0.009521484375, -0.000698089599609375, -0.03173828125, 0.049072265625, -0.03759765625, -0.0281982421875, -0.00830078125, 0.002105712890625, 0.0137939453125, 0.0341796875, 0.03515625, -0.050537109375, 0.0137939453125, -0.01446533203125, 0.0255126953125, -0.007720947265625, -0.020751953125, -0.01116943359375, 0.0191650390625, -0.08544921875, 0.031982421875, 0.01202392578125, -0.01025390625, 0.051025390625, -0.0274658203125, 0.0201416015625, 0.01220703125, -0.0020294189453125, -0.03369140625, -0.04345703125, -0.00933837890625, 0.0185546875, 0.002777099609375, -0.01116943359375, -0.009521484375, -0.056396484375, 0.0289306640625, -0.0130615234375, 0.020751953125, -0.018798828125, -0.0081787109375, -0.0267333984375, 0.0279541015625, -0.0419921875, 0.0216064453125, -0.01434326171875, 0.0089111328125, -0.01171875, -0.03466796875, 0.01373291015625, -0.08447265625, -0.0166015625, -0.0164794921875, 0.03369140625, -0.0146484375, 0.016845703125, -0.0322265625, -0.017333984375, 0.034912109375, 0.021728515625, 0.01220703125, 0.02294921875, -0.01409912109375, 0.006988525390625, 0.03662109375, -0.07470703125, 0.05517578125, 0.04345703125, 0.006439208984375, 0.02392578125, -0.006317138671875, -0.039306640625, 0.02099609375, 0.0267333984375, -0.037109375, -0.07421875, 0.003387451171875, -0.00494384765625, 0.04052734375, 0.00897216796875, -0.01116943359375, 0.0341796875, 0.0103759765625, 0.041015625, 0.037353515625, 0.0225830078125, -0.00958251953125, 0.00139617919921875, 0.0020294189453125, -0.060546875, -0.0234375, 0.000560760498046875, -0.007354736328125, 0.03564453125, 0.0130615234375, 0.017333984375, 0.009521484375, -0.058837890625, 0.01263427734375, -0.01251220703125, -0.0086669921875, 0.0595703125, -0.04541015625, -0.0849609375, 0.0145263671875, -0.000469207763671875, 0.060546875, 0.005035400390625, -0.004364013671875, 0.0142822265625, 0.0208740234375, 0.0009307861328125, -0.00872802734375, 0.059814453125, 0.068359375, -0.0108642578125, 0.033203125, -0.0213623046875, -0.0223388671875, -0.0400390625, -0.003936767578125, 0.01446533203125, 0.007568359375, 0.03173828125, 6.532669067382812e-05, 0.0263671875, -0.0076904296875, 