{"movie": "wwdc2025", "offset": 398, "text_offset": 380, "embedding": [0.0576171875, 0.01116943359375, 0.0167236328125, 0.02734375, -0.08935546875, -0.031494140625, 0.01708984375, -0.009765625, 0.034912109375, 0.002410888671875, 0.00238037109375, 0.00665283203125, 0.01806640625, 0.011474609375, -0.00042724609375, -0.01348876953125, 0.057373046875, -0.015869140625, -0.003387451171875, -2.8133392333984375e-05, 0.012939453125, -0.0244140625, 0.0150146484375, -0.02294921875, 0.056884765625, -0.0174560546875, -0.013671875, -0.02294921875, -0.058837890625, -0.01611328125, -0.0064697265625, -0.08349609375, 0.04248046875, -0.01324462890625, 0.0172119140625, 0.00052642822265625, 0.0478515625, 0.0279541015625, -0.00994873046875, 0.01544189453125, 0.0291748046875, 0.042236328125, -0.0037078857421875, -0.05517578125, -0.020751953125, -0.01165771484375, -0.04345703125, -0.0625, 0.00567626953125, 0.0546875, -0.0198974609375, -0.0103759765625, -0.0025482177734375, -0.030517578125, -0.04345703125, -0.01373291015625, -0.024169921875, 0.035888671875, 0.08349609375, -0.00897216796875, -0.01336669921875, -0.0164794921875, -0.0042724609375, 0.01495361328125, -0.04296875, -0.001373291015625, -0.0228271484375, -0.051513671875, -0.0223388671875, -0.01708984375, -0.01220703125, -0.0089111328125, 0.006561279296875, -0.00186920166015625, -0.02783203125, 0.01080322265625, 0.057373046875, -0.0294189453125, -0.01495361328125, 0.006103515625, 0.032958984375, 0.026611328125, 0.005828857421875, -0.00445556640625, 0.0245361328125, -0.02392578125, -0.00102996826171875, -0.057373046875, 0.0198974609375, -0.0252685546875, -0.004150390625, 0.0208740234375, -0.0380859375, -0.0108642578125, 0.0157470703125, 0.00689697265625, -0.040771484375, -0.032958984375, 0.02587890625, 0.0294189453125, 0.040771484375, 0.0250244140625, -0.01080322265625, 0.0224609375, -0.05419921875, -0.08447265625, -0.0286865234375, 0.003631591796875, -0.005096435546875, 0.0076904296875, -0.01806640625, 0.01226806640625, -0.0223388671875, 0.026123046875, -0.040283203125, 0.0303955078125, 0.016845703125, -0.055908203125, 0.034423828125, -0.0157470703125, 0.0028533935546875, -0.0167236328125, 0.046630859375, -0.01611328125, -0.02490234375, 0.032470703125, 0.039794921875, 0.0150146484375, -0.0498046875, 0.06982421875, 0.007354736328125, 0.01806640625, 0.049072265625, 0.07177734375, -0.056640625, -0.01043701171875, 0.04248046875, 0.0021209716796875, -0.03271484375, -0.0223388671875, -0.01324462890625, 0.0380859375, -0.0390625, 0.0062255859375, 0.0150146484375, -0.043701171875, 0.01611328125, 0.0064697265625, -0.0673828125, 0.0057373046875, 0.034912109375, -0.044677734375, -0.00011205673217773438, 0.01312255859375, 0.048095703125, 0.00592041015625, -0.00167083740234375, -0.014404296875, -0.034912109375, -0.006439208984375, 0.035400390625, -0.037109375, 0.033203125, -0.01287841796875, 0.057373046875, 0.036865234375, -0.024169921875, -0.009765625, -0.0048828125, 0.01043701171875, -0.02001953125, -0.003448486328125, -0.007293701171875, 0.0078125, 0.017578125, -0.0546875, -0.0164794921875, 0.0157470703125, 0.058349609375, -0.040771484375, -0.034423828125, -0.0081787109375, 0.036865234375, -0.049072265625, -0.006744384765625, -0.0035552978515625, 0.0252685546875, 0.0164794921875, -0.0240478515625, 0.0634765625, 0.006195068359375, 0.044921875, 0.0096435546875, -0.01416015625, 0.043212890625, 0.0166015625, -0.00799560546875, 0.033935546875, 0.03857421875, 0.0296630859375, -0.0007476806640625, 0.0302734375, -0.01080322265625, 0.00946044921875, 0.0021514892578125, -0.051513671875, 0.03271484375, -0.03271484375, -0.040283203125, -0.035888671875, -0.0206298828125, 0.0179443359375, -0.023681640625, -0.0380859375, -0.02294921875, -0.025634765625, 0.07177734375, -0.0093994140625, 0.050537109375, -0.0201416015625, -0.03857421875, 0.0299072265625, 0.0252685546875, 0.010498046875, 0.010009765625, -0.0361328125, 0.03076171875, 0.023681640625, 0.0296630859375, -0.0220947265625, 0.02587890625, -0.04248046875, -0.087890625, 0.0186767578125, 0.0224609375, 0.040771484375, -0.0262451171875, 0.031494140625, -0.00118255615234375, 0.024169921875, 0.04345703125, -0.0157470703125, -0.0169677734375, 0.06494140625, -0.0390625, -0.050537109375, -0.034423828125, 0.0208740234375, 0.048828125, 0.045654296875, -0.052978515625, -0.0108642578125, 0.039794921875, -0.00140380859375, -0.0478515625, 0.0361328125, -0.052490234375, -0.072265625, 0.01019287109375, -0.055908203125, -0.0034942626953125, -0.043701171875, 0.012451171875, -0.037841796875, 0.026611328125, -0.0208740234375, 0.0003757476806640625, -0.0220947265625, -0.0576171875, 0.0283203125, 0.024169921875, -0.02734375, -0.01397705078125, 0.04248046875, -0.000301361083984375, 0.0439453125, -0.050537109375, -0.02099609375, -0.029052734375, 0.0284423828125, -0.04150390625, 0.02880859375, -0.01397705078125, -0.0216064453125, 0.032958984375, 0.01495361328125, 0.01202392578125, 0.004669189453125, 0.001556396484375, 0.015869140625, 0.0296630859375, -0.0072021484375, 0.00518798828125, -0.01019287109375, -0.0546875, 0.03564453125, 0.0279541015625, 0.020751953125, 0.02734375, -0.0211181640625, -0.01348876953125, 0.019287109375, 0.0250244140625, -0.0223388671875, 0.0016021728515625, 0.053466796875, 0.048095703125, -0.027587890625, 0.0026397705078125, 0.0279541015625, -0.0177001953125, 0.0018768310546875, -0.0279541015625, 0.01806640625, -0.05126953125, -0.0203857421875, 0.0157470703125, 0.01220703125, 0.07373046875, -0.01470947265625, -0.039306640625, 0.02587890625, 0.04736328125, 0.00994873046875, 0.0262451171875, -0.007781982421875, -0.064453125, -0.050048828125, -0.03955078125, -0.0458984375, 0.00927734375, -0.0546875, -0.007415771484375, 0.016845703125, -0.05126953125, 0.03662109375, -0.0120849609375, 0.014404296875, -0.033447265625, -0.036865234375, -0.005584716796875, 0.0126953125, 0.00116729736328125, -0.0380859375, 0.019775390625, -0.0198974609375, -0.03369140625, 0.004302978515625, 0.0291748046875, 0.0068359375, 0.032470703125, -0.0201416015625, 0.000560760498046875, 0.02392578125, -0.00421142578125, -0.0751953125, -0.0184326171875, -0.0162353515625, -0.0390625, -0.0169677734375, 0.029052734375, -0.0302734375, -0.0159912109375, 0.023681640625, 0.07080078125, -0.007171630859375, -0.00933837890625, -0.04248046875, -0.041748046875, 0.032958984375, 0.01324462890625, -0.01434326171875, -0.01165771484375, -0.0294189453125, -0.00408935546875, -0.011474609375, 0.0299072265625, 0.023681640625, -0.004119873046875, -0.019775390625, -0.0311279296875, 0.061767578125, -0.0308837890625, 0.02294921875, -0.0247802734375, 0.000614166259765625, 0.0128173828125, -0.037353515625, -0.0322265625, -0.044921875, -0.00946044921875, -0.00787353515625, 0.0517578125, 0.0172119140625, 0.026611328125, 0.0157470703125, -0.0771484375, 0.0308837890625, -0.03662109375, 0.01007080078125, -0.00238037109375, 0.042236328125, -0.044189453125, -0.04638671875, -0.0185546875, 0.026123046875, -0.004119873046875, -0.0274658203125, -0.031494140625, 0.01080322265625, 0.0203857421875, -0.004180908203125, -0.01556396484375, 0.040771484375, -0.0673828125, 0.0091552734375, 0.01544189453125, -0.0184326171875, -0.000949859619140625, 0.03759765625, 0.059814453125, -0.007354736328125, -0.01019287109375, 0.01220703125, 0.0068359375, -0.0133056640625, 0.020751953125, -0.011474609375, -0.06005859375, 0.0028076171875, 0.044677734375, 0.0022430419921875, 0.02734375, -0.0118408203125, 0.039794921875, 0.0087890625, -0.0252685546875, -0.02294921875, 0.034423828125, -0.039306640625, 0.03173828125, -0.0294189453125, -0.056640625, 0.058837890625, -0.027099609375, -0.0022125244140625, -0.015625, 0.006103515625, -0.0274658203125, 0.02587890625, -0.040771484375, 0.0264892578125, 0.044921875, 0.0654296875, -0.010498046875, 0.06884765625, 0.016357421875, -0.04541015625, -0.0279541015625, -0.0184326171875, -0.037109375, -0.0361328125, 0.0186767578125, 0.004730224609375, 0.004058837890625, -0.03076171875, 0.033203125, -0.04638671875, -0.032470703125, -0.040771484375, 