{"movie": "wwdc2025", "offset": 402, "text_offset": 400, "embedding": [-0.018798828125, -0.020751953125, 0.057861328125, 0.0458984375, -0.0751953125, -0.04638671875, -0.0225830078125, -0.034423828125, 0.007354736328125, -0.00946044921875, -0.033935546875, -0.020751953125, 0.00183868408203125, -0.0034942626953125, 0.031982421875, 0.0023651123046875, 0.03173828125, 0.072265625, -0.0032958984375, 0.00970458984375, -0.0194091796875, -0.06298828125, -0.00064849853515625, -0.037841796875, 0.055419921875, -0.020751953125, -0.0225830078125, -0.000133514404296875, -0.035400390625, -0.03271484375, -0.0279541015625, -0.0908203125, 0.036865234375, 0.01153564453125, 0.0078125, 0.049072265625, 0.052001953125, 0.00787353515625, 0.0001983642578125, 0.0184326171875, -0.010009765625, 0.038330078125, 0.004364013671875, 0.020751953125, 0.000598907470703125, 0.0006866455078125, -0.04638671875, -0.03271484375, 0.01129150390625, 0.025146484375, -0.0191650390625, 0.0439453125, 0.0201416015625, -0.032958984375, -0.035400390625, 0.0194091796875, -0.0167236328125, 0.005126953125, 0.034912109375, 0.01025390625, -0.00958251953125, -0.00628662109375, -0.0103759765625, 0.0172119140625, 0.0037078857421875, 0.01544189453125, 0.048095703125, -0.0177001953125, -0.006988525390625, 0.00537109375, -0.005126953125, -0.0220947265625, 0.02392578125, -0.0260009765625, -0.06640625, -0.06494140625, 0.038330078125, -0.018798828125, 0.013427734375, 0.0037078857421875, 0.033447265625, 0.02197265625, 0.0067138671875, -0.007232666015625, 0.0078125, 0.00107574462890625, -0.0224609375, -0.0576171875, -0.04638671875, 0.0001087188720703125, -0.01123046875, 0.00958251953125, -0.01611328125, -0.0224609375, 0.0037078857421875, 0.0020294189453125, -0.061279296875, -0.04150390625, 0.0107421875, 0.01373291015625, 0.0220947265625, 0.043212890625, -0.056396484375, 0.001861572265625, -0.0291748046875, -0.0888671875, -0.008544921875, 0.0023040771484375, 0.021484375, 0.020751953125, -0.0045166015625, -0.0042724609375, -0.03076171875, 0.007232666015625, -0.0291748046875, 0.0179443359375, -0.01220703125, -0.031982421875, 0.0162353515625, 0.0311279296875, -0.0177001953125, -0.02392578125, 0.04248046875, 0.000606536865234375, 0.00970458984375, 0.0245361328125, 0.0478515625, -0.007110595703125, -0.038818359375, 0.059326171875, -0.01556396484375, 0.01055908203125, -0.00083160400390625, 0.0115966796875, -0.08056640625, -0.0076904296875, 0.053955078125, 0.0291748046875, -0.057373046875, -0.0101318359375, -0.037841796875, 0.05029296875, -0.029296875, -0.01153564453125, -0.03271484375, -0.05224609375, 0.031494140625, -0.02197265625, -0.026611328125, -0.060302734375, -0.00994873046875, -0.05029296875, -0.0106201171875, 0.041015625, 0.05859375, -0.037841796875, -0.03662109375, 0.015380859375, 0.002349853515625, -0.01806640625, 0.07275390625, -0.07275390625, -0.01007080078125, -0.00994873046875, 0.056884765625, 0.048095703125, -0.0118408203125, -0.05078125, -0.02197265625, -0.00274658203125, -0.05224609375, 0.00909423828125, 0.0294189453125, 0.01055908203125, -0.002471923828125, -0.037353515625, -0.02392578125, -0.0098876953125, 0.04736328125, -0.01434326171875, -0.004486083984375, 0.05859375, 0.01318359375, -0.031494140625, -0.01300048828125, -0.0205078125, 0.04248046875, 0.023193359375, -0.0284423828125, 0.08837890625, -0.0014495849609375, -0.0283203125, 0.019775390625, 0.0311279296875, 0.038330078125, -0.0263671875, -0.01470947265625, 0.04248046875, 0.01507568359375, 0.08056640625, -0.024658203125, 0.0181884765625, -0.033447265625, 0.03759765625, 0.01708984375, 0.0118408203125, -0.040283203125, -0.001251220703125, -0.060546875, -0.00555419921875, -0.04345703125, 0.00897216796875, -0.0225830078125, -0.08203125, 0.0012359619140625, -0.061767578125, 0.05419921875, 0.02685546875, 0.0294189453125, -0.048095703125, -0.0289306640625, 0.037353515625, 0.034912109375, 0.0098876953125, -0.0027618408203125, -0.0279541015625, -0.00164794921875, -0.00836181640625, 0.06884765625, -0.0179443359375, -0.00113677978515625, 0.025146484375, -0.07080078125, -0.0284423828125, 0.034423828125, 0.06884765625, -0.024169921875, -0.0225830078125, 0.0172119140625, 0.048095703125, -0.02197265625, -0.00927734375, -0.015869140625, 0.037109375, -0.0537109375, -0.0791015625, -0.031982421875, -0.01483154296875, 0.020751953125, 0.0194091796875, -0.080078125, 2.4586915969848633e-06, 0.007049560546875, -0.0269775390625, -0.0240478515625, -0.0103759765625, -0.00872802734375, -0.01202392578125, 0.0361328125, -0.0189208984375, 0.057373046875, -0.056640625, -0.0286865234375, -0.005615234375, 0.01507568359375, -0.022216796875, 0.0019683837890625, -0.01397705078125, -0.021240234375, 0.0556640625, -0.037109375, -0.016845703125, -0.037353515625, 0.04345703125, 0.004913330078125, 0.041015625, -0.03955078125, -0.013916015625, 0.00144195556640625, 0.037841796875, 0.0106201171875, -0.00335693359375, 0.008056640625, 0.0164794921875, 0.05029296875, 0.00168609619140625, 0.00408935546875, -0.00885009765625, 0.0260009765625, -0.0135498046875, 0.031982421875, -0.0260009765625, 0.02197265625, 0.0159912109375, -0.037353515625, 0.057373046875, 0.023193359375, 0.00182342529296875, 0.0162353515625, -0.0286865234375, -0.004974365234375, 0.0186767578125, 0.0172119140625, 0.005401611328125, 0.0255126953125, 0.0380859375, 0.07177734375, -0.011962890625, 0.0174560546875, 0.02734375, 0.0546875, -0.021484375, -0.0106201171875, 0.0157470703125, 0.0015106201171875, 0.02880859375, 0.004119873046875, 0.00077056884765625, 0.05224609375, 0.031494140625, -0.00787353515625, -0.01434326171875, 0.020751953125, 0.0067138671875, 0.015380859375, 0.00421142578125, -0.0274658203125, -0.003265380859375, -0.0024566650390625, -0.049072265625, 0.03076171875, 0.007568359375, -0.0166015625, 0.038818359375, -0.07421875, 0.03662109375, 0.007659912109375, 0.033935546875, -0.048095703125, -0.021240234375, 0.0038299560546875, 0.0294189453125, 0.00885009765625, 0.0118408203125, 0.00064849853515625, 0.037841796875, -0.037109375, 0.034912109375, -0.005767822265625, -0.034912109375, 0.0036163330078125, -0.003326416015625, -0.01397705078125, 0.04296875, -0.0031280517578125, -0.02197265625, -0.00156402587890625, 0.0198974609375, -0.01904296875, -0.0037841796875, 0.000408172607421875, 0.01422119140625, 0.00555419921875, 0.0205078125, 0.0673828125, -0.0169677734375, -0.0123291015625, -0.02587890625, -0.048095703125, 0.07177734375, 0.022705078125, 0.021240234375, 0.032470703125, -0.048095703125, -0.0027008056640625, -0.0205078125, 0.00872802734375, 0.031982421875, -0.00860595703125, -0.01806640625, -0.052001953125, 0.07080078125, 0.003082275390625, -0.010986328125, 0.02880859375, 0.0037994384765625, -0.0106201171875, -0.0007476806640625, -0.000934600830078125, -0.0225830078125, -0.0291748046875, -0.045166015625, 0.02392578125, 0.026123046875, -0.048095703125, -0.004119873046875, -0.041015625, 0.043212890625, -0.003326416015625, 0.01025390625, -0.0174560546875, 0.005889892578125, -0.018798828125, -0.02197265625, -0.033935546875, -0.0157470703125, 0.039794921875, -0.018798828125, 0.0240478515625, 0.0296630859375, 0.010009765625, -0.01025390625, -0.00909423828125, 0.027099609375, -0.021484375, 0.034912109375, 0.00909423828125, 0.04736328125, -0.0126953125, 0.006591796875, 0.04150390625, 0.01434326171875, 0.035400390625, 0.0400390625, -0.005126953125, 0.0126953125, 0.00732421875, -0.0244140625, -0.037353515625, 0.01397705078125, -0.0059814453125, -0.015625, 0.0498046875, 0.0157470703125, 0.0556640625, 0.002593994140625, -0.04931640625, 0.00616455078125, -0.035400390625, 0.004364013671875, 0.0172119140625, -0.01507568359375, -0.055419921875, 0.033203125, -0.0260009765625, 0.0576171875, -0.061767578125, -0.000732421875, -0.032470703125, 0.0311279296875, -0.0133056640625, 0.04296875, 0.05322265625, 0.006500244140625, -0.01806640625, 0.036376953125, -0.01348876953125, -0.00830078125, -0.044189453125, -0.043212890625, -0.020263671875, 0.002655029296875, 0.007171630859375, 0.015625, 0.0294189453125, -0.0081787109375, 0.040283203125,