{"movie": "wwdc2025", "offset": 442, "text_offset": 440, "embedding": [-0.0269775390625, 0.017333984375, 0.00787353515625, 0.006072998046875, -0.0194091796875, 0.01019287109375, 0.0062255859375, 0.01361083984375, -0.00958251953125, -0.00738525390625, -0.0186767578125, 0.0289306640625, -0.01397705078125, -0.0194091796875, 0.00616455078125, -0.0003814697265625, 0.00982666015625, 0.07177734375, 0.0299072265625, -0.03759765625, 0.00634765625, -0.041748046875, -0.0196533203125, -0.00118255615234375, 0.016845703125, -0.035400390625, -0.01446533203125, -0.01324462890625, -0.040283203125, -0.05126953125, -0.053466796875, -0.09033203125, 0.052490234375, 0.0164794921875, 0.0106201171875, -0.0130615234375, 0.003326416015625, 0.027587890625, -0.040283203125, -0.01446533203125, -0.039794921875, 0.0064697265625, 0.0289306640625, -0.04296875, -0.019287109375, -0.004425048828125, -0.0380859375, 0.006744384765625, -0.03076171875, 0.030029296875, 0.00193023681640625, -0.010498046875, 0.046875, -0.029541015625, -0.056884765625, 0.016845703125, -0.031494140625, 0.017578125, 0.0284423828125, -0.049560546875, 0.0224609375, 0.0269775390625, -0.0274658203125, -0.00799560546875, -0.036376953125, -0.0203857421875, 0.021484375, -0.076171875, -0.08251953125, 0.011962890625, 0.026611328125, 0.01409912109375, 0.01409912109375, -0.005950927734375, -0.058837890625, 0.047607421875, 0.041259765625, -0.053955078125, -0.03369140625, 0.00012493133544921875, 0.04150390625, 0.020751953125, 0.0242919921875, -0.05908203125, 0.01129150390625, -0.0311279296875, 0.0279541015625, -0.009765625, -0.02197265625, -0.00640869140625, -0.060791015625, 0.035400390625, -0.01202392578125, -0.00946044921875, -0.006103515625, 0.01446533203125, -0.03564453125, -0.03515625, -0.011474609375, 0.0439453125, 0.01361083984375, -0.0257568359375, 0.03759765625, 0.01422119140625, -0.08056640625, -0.036376953125, 0.010498046875, -0.0038604736328125, 0.0025482177734375, -0.050537109375, 0.00726318359375, -0.046875, -0.0244140625, 0.01080322265625, -0.025390625, 0.10595703125, 0.040283203125, 0.01336669921875, 0.0166015625, -0.00921630859375, -0.00112152099609375, -0.016845703125, -0.007354736328125, 0.01007080078125, 0.00933837890625, 0.041259765625, 0.045166015625, -0.000827789306640625, -0.0157470703125, 0.033203125, -0.00738525390625, -0.053466796875, 0.025634765625, 0.0279541015625, -0.01007080078125, 0.01141357421875, 0.038330078125, -0.0146484375, -0.078125, -0.0303955078125, 0.0159912109375, -0.018798828125, -0.0233154296875, 0.0634765625, 0.002227783203125, 0.009765625, 0.083984375, 0.0279541015625, -0.052978515625, -0.00135040283203125, -0.031494140625, -0.0098876953125, -0.02392578125, 0.0478515625, 0.046142578125, 0.056396484375, 0.016845703125, 0.025634765625, -0.06640625, -0.0264892578125, -0.003997802734375, -0.042236328125, 0.0030059814453125, 0.000576019287109375, 0.046875, 0.00933837890625, -0.003326416015625, -0.006561279296875, 0.0216064453125, -0.018310546875, -0.006195068359375, 0.0211181640625, -0.03564453125, -0.002655029296875, 0.0233154296875, -0.00689697265625, -0.0009307861328125, -0.0032196044921875, 0.017333984375, -0.0181884765625, 0.008056640625, -0.00665283203125, 0.038818359375, -0.0279541015625, -0.031982421875, 0.0098876953125, -0.0146484375, 0.0133056640625, 0.0125732421875, 0.0244140625, -0.020751953125, 0.0162353515625, 0.0299072265625, 0.000759124755859375, 0.015380859375, 0.0145263671875, 0.03466796875, -0.01324462890625, -0.01007080078125, 0.032470703125, 0.03564453125, 0.04443359375, -0.0311279296875, 0.0311279296875, -0.0235595703125, -0.027587890625, 0.01171875, 0.048095703125, -0.01104736328125, -0.008544921875, -0.0419921875, 0.01312255859375, -0.0238037109375, -0.0179443359375, 0.035400390625, -0.042236328125, 0.0206298828125, -0.011474609375, 0.01409912109375, 0.039306640625, -0.0169677734375, 0.05078125, -0.00445556640625, -0.00537109375, -0.0027008056640625, 0.0157470703125, -0.00225830078125, 0.07275390625, 0.0859375, -0.00433349609375, 0.0224609375, 0.0277099609375, 0.00445556640625, 0.046142578125, -0.0157470703125, 0.00457763671875, 0.00531005859375, 0.0028228759765625, -0.050537109375, 0.05029296875, -0.003326416015625, -0.0732421875, -0.005401611328125, 0.07568359375, -0.01708984375, -0.00543212890625, -0.000637054443359375, 0.007720947265625, 0.06591796875, 0.010986328125, -0.002227783203125, 0.0157470703125, 0.0137939453125, -0.04150390625, -0.03759765625, -0.016845703125, -0.028564453125, -0.0306396484375, 0.0123291015625, -0.044189453125, -0.00823974609375, 0.0135498046875, 0.031982421875, 0.00885009765625, 0.0247802734375, 0.002471923828125, -0.01031494140625, 0.033935546875, -0.0703125, -0.008544921875, -0.0224609375, 0.0281982421875, 0.00958251953125, 0.0458984375, -0.010986328125, 0.032958984375, -0.00750732421875, 0.012451171875, -0.0267333984375, -0.01214599609375, -0.019775390625, -0.01409912109375, -0.043212890625, -0.00109100341796875, 0.045166015625, -0.0164794921875, -0.048583984375, 0.0147705078125, 0.017578125, 0.0059814453125, 0.068359375, -0.0020904541015625, 0.004913330078125, -0.0216064453125, -0.0062255859375, -0.005767822265625, 0.0244140625, 0.04150390625, -0.0179443359375, -0.00689697265625, -0.0673828125, -0.01495361328125, 0.0269775390625, -0.03564453125, 0.003692626953125, 0.0157470703125, 0.0032806396484375, -0.07080078125, -0.04248046875, -0.018310546875, -0.006317138671875, -0.0159912109375, 0.0216064453125, -0.0341796875, 0.00885009765625, -0.04150390625, -0.043212890625, -0.046630859375, -0.015380859375, -0.002197265625, 0.00167083740234375, 0.041748046875, 0.0140380859375, 0.0093994140625, 0.059814453125, -0.002410888671875, -0.08447265625, 0.0018310546875, -0.031982421875, -0.047119140625, 0.0036163330078125, -0.0279541015625, -0.03564453125, 0.02294921875, -0.00060272216796875, 0.00118255615234375, -0.06005859375, 0.000690460205078125, 0.0302734375, -0.0133056640625, 0.0181884765625, -0.032958984375, 0.0216064453125, 0.00396728515625, 0.01519775390625, -0.0198974609375, -0.00665283203125, 0.029296875, 0.0230712890625, 0.01019287109375, -0.0098876953125, 0.0093994140625, 0.0264892578125, 0.01220703125, -0.0257568359375, 0.00726318359375, -0.0341796875, 0.049560546875, -0.01373291015625, 0.010498046875, 0.00970458984375, -0.0302734375, 0.03759765625, 0.018798828125, 0.00022983551025390625, 0.007781982421875, -0.0091552734375, -0.0164794921875, -0.017333984375, -0.018310546875, 0.03759765625, 0.0771484375, 0.0208740234375, 0.0306396484375, -0.0361328125, -0.018310546875, 0.0159912109375, 0.0244140625, -0.0242919921875, 0.0194091796875, -0.046142578125, 0.0303955078125, -0.005401611328125, 0.029541015625, -0.021240234375, 0.003173828125, -0.030029296875, -0.046875, 0.005218505859375, -0.053955078125, -0.0230712890625, 0.044189453125, 0.0198974609375, -0.0007171630859375, 0.0269775390625, -0.06298828125, -0.0224609375, 0.0198974609375, 0.07275390625, 0.032958984375, 0.03564453125, -0.04443359375, -0.043212890625, -0.033935546875, -0.03955078125, 0.0712890625, 0.035888671875, -0.022216796875, 0.01422119140625, -0.0211181640625, 0.0020599365234375, -0.03955078125, -0.045654296875, -0.01080322265625, -0.0244140625, 0.042236328125, -0.0181884765625, 0.049560546875, -0.01312255859375, 0.05126953125, 0.01336669921875, 0.06298828125, -0.04150390625, 0.01806640625, 0.068359375, -0.00531005859375, 0.0033416748046875, -0.0164794921875, -0.029541015625, -0.004119873046875, 0.01171875, -0.0299072265625, 0.0201416015625, -0.0308837890625, 0.00311279296875, 0.007659912109375, -0.0147705078125, -0.038818359375, -0.021240234375, 0.0216064453125, -0.01312255859375, -0.016845703125, -0.078125, 0.0037994384765625, -0.039794921875, 0.045654296875, -0.0062255859375, -0.0230712890625, 0.039794921875, 0.0137939453125, -0.0186767578125, 0.0240478515625, 0.0302734375, 0.027587890625, -0.0230712890625, 0.0059814453125, -0.00836181640625, -0.0517578125, -0.05615234375, 0.00555419921875, -0.004150390625, 0.01190185546875, 0.028076171875, -0.00823974609375, 