{"movie": "wwdc2025", "offset": 184, "text_offset": 180, "embedding": [0.027587890625, -0.0157470703125, 0.01141357421875, -0.0216064453125, -0.04345703125, -0.06494140625, 0.0289306640625, -0.047607421875, 0.0184326171875, 0.01141357421875, 0.00732421875, -0.01324462890625, -0.02734375, -0.0361328125, -0.052734375, -0.0230712890625, 0.0089111328125, 0.037353515625, 0.0167236328125, -0.008056640625, -0.020751953125, -0.0299072265625, 0.0213623046875, -0.061767578125, 0.06298828125, -0.003570556640625, -0.029296875, -0.04345703125, -0.046142578125, 0.0230712890625, 0.020751953125, -0.04931640625, 0.0322265625, 0.0245361328125, -0.03466796875, 0.00384521484375, 0.032470703125, 0.0022430419921875, -0.02099609375, 0.059326171875, -0.032958984375, -0.01116943359375, 0.019775390625, 0.0084228515625, -0.026611328125, -0.0047607421875, -0.0296630859375, -0.01495361328125, 0.036865234375, 0.059326171875, 0.0390625, -0.004638671875, -0.0047607421875, -0.0712890625, 0.003326416015625, -0.00885009765625, 0.041748046875, -0.00640869140625, 0.0120849609375, 0.002227783203125, -0.005950927734375, -0.0162353515625, -0.01300048828125, -0.0517578125, -0.044677734375, 0.042724609375, 0.00665283203125, -0.004241943359375, 0.002410888671875, 0.017333984375, 0.01129150390625, -0.020263671875, -0.00028228759765625, -0.0174560546875, 0.0003261566162109375, -0.0296630859375, 0.034423828125, -0.00830078125, -0.041015625, 0.01446533203125, 0.015380859375, 0.01483154296875, 0.0038909912109375, -0.02783203125, -0.0009307861328125, -0.03955078125, 0.04345703125, 0.002349853515625, 0.01513671875, -0.00421142578125, -0.000736236572265625, 0.01708984375, 0.056640625, 0.01513671875, -0.004638671875, -0.005340576171875, -0.002655029296875, -0.051025390625, -0.0004634857177734375, 0.046630859375, -0.006866455078125, 0.02099609375, -0.037353515625, 0.0101318359375, -0.08837890625, -0.056640625, 0.041015625, 0.009765625, -0.020263671875, -0.000926971435546875, -0.04931640625, -0.00799560546875, 0.005584716796875, 0.044189453125, -0.0615234375, 0.05810546875, 0.0693359375, -0.000728607177734375, 0.05029296875, -0.01177978515625, 0.00927734375, -0.064453125, 0.0201416015625, -0.056640625, 0.01470947265625, 0.0242919921875, -0.0006561279296875, 0.0233154296875, 0.003326416015625, 0.041748046875, -0.02734375, 0.0027618408203125, 0.0341796875, -0.00177764892578125, -0.05029296875, 0.018798828125, 0.07080078125, 0.0159912109375, -0.04248046875, -0.007537841796875, 0.05615234375, 0.034912109375, -0.061767578125, 0.003936767578125, -0.0225830078125, -0.022216796875, 0.052001953125, -0.0341796875, -0.041015625, 0.00408935546875, 0.047119140625, 0.02099609375, -0.016845703125, 0.09619140625, 0.0167236328125, 0.031494140625, -0.033447265625, -0.004669189453125, -0.01544189453125, -0.0380859375, 0.029296875, -0.06591796875, -0.0302734375, 0.0047607421875, 0.0419921875, 0.00592041015625, -0.000766754150390625, -0.004302978515625, -0.049072265625, 0.00897216796875, -0.046630859375, 0.022705078125, 0.044189453125, -0.00469970703125, 0.01483154296875, -0.0289306640625, 0.00823974609375, 0.044189453125, 0.009521484375, 0.0081787109375, 0.0086669921875, 0.0311279296875, -0.01104736328125, -0.0162353515625, -0.0034332275390625, -0.01263427734375, 0.016845703125, 0.0693359375, -0.06689453125, 0.076171875, -0.007110595703125, 0.0101318359375, 0.0098876953125, -0.060546875, 0.058837890625, -0.0218505859375, 0.00238037109375, 0.00885009765625, -0.0159912109375, 0.01190185546875, -0.0301513671875, -0.0013580322265625, -0.0284423828125, 0.041259765625, -0.01446533203125, -0.0201416015625, 0.0111083984375, 0.051025390625, -0.022705078125, 0.0306396484375, -0.028076171875, -0.0146484375, -0.05029296875, -0.05224609375, 0.02783203125, -0.0238037109375, 0.05322265625, 0.004486083984375, -0.00836181640625, -0.0274658203125, -0.0302734375, 0.0299072265625, 0.050048828125, -0.002960205078125, -0.076171875, 0.0225830078125, 0.0079345703125, -0.020751953125, 0.0390625, 0.035400390625, -0.00872802734375, 0.007568359375, -0.0113525390625, -0.0142822265625, 0.01104736328125, 0.0179443359375, -0.007537841796875, 0.025146484375, -0.056884765625, 0.0269775390625, 0.007720947265625, -0.050537109375, -0.0302734375, 0.037353515625, -0.015625, -0.028564453125, 0.0023193359375, 0.015380859375, -0.0081787109375, 0.043701171875, -0.01708984375, -0.0172119140625, 0.064453125, -0.0595703125, 0.01904296875, 0.04638671875, -0.02587890625, -0.01043701171875, 0.032958984375, -0.005096435546875, -0.0419921875, 0.0245361328125, -0.00616455078125, -0.052978515625, 0.0123291015625, 0.01324462890625, -0.0228271484375, -0.00194549560546875, -0.05419921875, 0.059326171875, -0.0177001953125, -0.007232666015625, 0.01446533203125, 0.072265625, 0.005523681640625, -0.060546875, -0.057861328125, 0.022705078125, -0.0157470703125, 0.036865234375, -0.052978515625, 0.01904296875, -0.0206298828125, 0.01373291015625, 0.013916015625, 0.0205078125, -0.005645751953125, 0.00616455078125, -0.00982666015625, -0.01275634765625, 0.05517578125, -0.043701171875, 0.0027923583984375, -0.0128173828125, -0.006134033203125, -0.039306640625, -0.004119873046875, 0.0361328125, -0.0184326171875, -0.032470703125, -0.03662109375, 0.01953125, 0.0030059814453125, 0.00010013580322265625, 0.0137939453125, 0.07275390625, 0.056884765625, 0.04345703125, 0.01513671875, 0.0179443359375, 0.0186767578125, -0.0264892578125, -0.0322265625, 0.05810546875, -0.04931640625, 0.01239013671875, 0.003662109375, -0.036865234375, -0.002044677734375, 0.0205078125, 0.00078582763671875, -0.008544921875, -0.01202392578125, 0.00787353515625, -0.0245361328125, -0.025634765625, -0.060302734375, -0.018310546875, -0.0125732421875, -0.06884765625, 0.046630859375, 0.02734375, 0.004150390625, -0.024169921875, -0.0181884765625, -0.0218505859375, -0.033203125, -0.00921630859375, 0.026123046875, -0.00011157989501953125, 0.0111083984375, -0.01611328125, 0.0179443359375, 0.0008697509765625, -0.0245361328125, 0.042724609375, 0.0159912109375, 0.0205078125, 0.042724609375, 0.033935546875, 0.002044677734375, -0.0169677734375, 0.0223388671875, 0.00106048583984375, -0.01226806640625, -0.07080078125, 0.0213623046875, 0.0031280517578125, -0.06884765625, 0.0220947265625, 0.040771484375, -0.01104736328125, 0.003509521484375, 0.015380859375, 0.034423828125, -0.02685546875, -0.050537109375, -0.001617431640625, -0.0400390625, -0.007080078125, 0.05029296875, 0.022216796875, -0.004486083984375, 0.0302734375, -0.020263671875, -0.01068115234375, -0.01470947265625, 0.005950927734375, -0.031494140625, 0.00186920166015625, -0.0223388671875, 0.000743865966796875, -0.0198974609375, 0.0205078125, -0.01904296875, -0.035888671875, 0.0118408203125, -0.00238037109375, -0.0179443359375, -0.061767578125, 0.046630859375, 0.048583984375, 0.0220947265625, -0.0400390625, 0.0157470703125, -0.0673828125, 0.0140380859375, 0.04638671875, 0.00347900390625, -0.01544189453125, -0.013671875, -0.014404296875, -0.036376953125, 0.0111083984375, -0.0245361328125, 0.0390625, -0.01080322265625, 0.03857421875, 0.0169677734375, 0.0196533203125, -0.050537109375, 0.015380859375, -0.0595703125, -0.027587890625, -0.028076171875, -0.041259765625, 0.027099609375, 0.0296630859375, -0.049072265625, 0.005096435546875, 0.06982421875, -0.03369140625, 0.0068359375, -0.0162353515625, 0.044189453125, -0.0174560546875, -0.01556396484375, -0.044677734375, -0.060302734375, 0.01153564453125, 0.046142578125, 0.01031494140625, 0.005462646484375, -0.01324462890625, 0.00714111328125, 0.02783203125, -0.049072265625, 0.0125732421875, -0.0159912109375, -0.0186767578125, 0.045654296875, -0.046142578125, -0.09130859375, -0.01025390625, -0.03466796875, 0.035888671875, -0.0093994140625, 0.02880859375, -0.0390625, 0.044189453125, 0.0145263671875, -0.007598876953125, 0.02880859375, 0.0198974609375, -0.0184326171875, 0.021728515625, -0.01446533203125, -0.0673828125, -0.0302734375, 0.0220947265625, -0.0361328125, 0.013916015625, 0.0400390625, -0.03271484375, 0.007568359375, -0.023681640625, 