{"movie": "wwdc2025", "offset": 448, "text_offset": 440, "embedding": [-0.0257568359375, 0.0390625, 0.0028839111328125, 0.00946044921875, -0.047119140625, 0.021728515625, 0.01055908203125, -0.00653076171875, -0.02587890625, 0.0255126953125, -0.0263671875, 0.02490234375, -0.00811767578125, -0.044677734375, 0.00084686279296875, -0.037353515625, 0.042724609375, 0.0166015625, -0.01092529296875, -0.04345703125, 0.01239013671875, -0.049560546875, 0.0031280517578125, -0.01556396484375, 0.01226806640625, -0.020263671875, -0.00421142578125, -0.015869140625, -0.05419921875, -0.05810546875, -0.054931640625, -0.0712890625, 0.050537109375, -0.0027923583984375, 0.016845703125, -0.0026702880859375, -0.0078125, 0.0595703125, -0.038818359375, -0.000579833984375, -0.022216796875, -0.006927490234375, -0.00738525390625, -0.0074462890625, -0.0272216796875, -0.03173828125, -0.038818359375, 0.0191650390625, -0.01470947265625, 0.013427734375, -0.005584716796875, 0.0042724609375, 0.046875, -0.0234375, -0.04736328125, 0.031494140625, -0.033935546875, 0.01556396484375, 0.028076171875, -0.05322265625, -0.00970458984375, 0.000766754150390625, -0.01153564453125, 0.01171875, -0.048583984375, 0.00946044921875, 0.0279541015625, -0.037841796875, -0.07421875, -0.0118408203125, 0.0289306640625, 0.0191650390625, -0.01470947265625, -0.006439208984375, -0.0341796875, 0.029296875, 0.052490234375, -0.00958251953125, -0.041015625, 0.00799560546875, 0.00933837890625, 0.0274658203125, 0.006866455078125, -0.038330078125, -0.0191650390625, -0.01025390625, 0.0294189453125, -0.020263671875, -0.00634765625, -0.0031890869140625, -0.055419921875, 0.05224609375, -0.0145263671875, -0.020263671875, -0.017578125, -0.0084228515625, -0.038330078125, -0.0634765625, -0.015869140625, 0.039306640625, 0.0230712890625, -0.0145263671875, 0.0086669921875, -0.00933837890625, -0.05517578125, -0.037353515625, -0.002838134765625, 0.000782012939453125, 0.019775390625, 0.001495361328125, -0.000274658203125, -0.04345703125, -0.051025390625, 0.00020599365234375, -0.01556396484375, 0.0869140625, 0.0004367828369140625, -0.0031280517578125, -0.002716064453125, 0.0140380859375, -0.01708984375, 0.004638671875, -0.0130615234375, 0.006103515625, -0.0118408203125, 0.032470703125, 0.0419921875, 0.0030517578125, -0.01220703125, 0.0634765625, -0.00689697265625, -0.0159912109375, 0.028076171875, 0.047119140625, -0.00592041015625, -0.0016632080078125, 0.02490234375, -0.0244140625, -0.04345703125, -0.027099609375, 0.031494140625, 0.0135498046875, -0.043701171875, 0.046142578125, -0.02490234375, -0.0302734375, 0.08935546875, 0.014892578125, -0.05078125, -0.0172119140625, -0.01708984375, -0.032470703125, -0.033203125, 0.05078125, 0.051025390625, 0.051513671875, 0.012939453125, 0.00982666015625, -0.07373046875, -0.0419921875, 0.008056640625, -0.056884765625, -0.0074462890625, -0.004302978515625, 0.01708984375, 0.004180908203125, -0.007232666015625, -0.0031585693359375, 0.01318359375, -0.0142822265625, -0.007110595703125, 0.021728515625, -0.00144195556640625, 0.0162353515625, 0.01092529296875, -0.03271484375, -0.01263427734375, -0.01470947265625, 0.01495361328125, -0.0011138916015625, 0.01422119140625, -0.00921630859375, 0.04443359375, -0.046142578125, -0.0147705078125, -0.00439453125, 0.00113677978515625, 0.0185546875, 0.0277099609375, -0.0113525390625, -0.0299072265625, 0.037353515625, 0.06640625, -0.0021514892578125, 0.0087890625, 0.0089111328125, 0.01513671875, -0.020263671875, 0.00055694580078125, 0.04052734375, 0.054443359375, 0.06005859375, -0.007568359375, 0.01104736328125, -0.01434326171875, -0.003509521484375, 0.043701171875, 0.0419921875, -0.037841796875, -0.00055694580078125, -0.068359375, -0.0087890625, -0.0159912109375, -0.017333984375, 0.025390625, -0.032470703125, 0.03955078125, 7.915496826171875e-05, -0.01409912109375, 0.0205078125, -0.006866455078125, 0.0064697265625, 0.0257568359375, -0.0198974609375, 0.00128173828125, -0.01385498046875, -0.0086669921875, 0.052734375, 0.07568359375, -0.051513671875, 0.0194091796875, 0.00013446807861328125, -0.0106201171875, 0.0225830078125, -0.0205078125, 0.0218505859375, 0.00372314453125, -0.01519775390625, -0.05615234375, 0.046875, 0.021240234375, -0.057373046875, -0.036376953125, 0.0703125, -0.01544189453125, -0.036865234375, -0.031982421875, 0.030029296875, 0.0791015625, 0.021240234375, 0.01287841796875, 0.016845703125, -0.0010223388671875, -0.04541015625, -0.05859375, -0.0150146484375, -0.04443359375, -0.0189208984375, 0.005767822265625, -0.051513671875, -0.00823974609375, 0.029541015625, 0.04150390625, -0.000919342041015625, 0.0169677734375, -0.0181884765625, -0.0234375, 0.0322265625, -0.080078125, 0.00665283203125, -0.02099609375, 0.0133056640625, -0.02392578125, 0.078125, 0.005767822265625, 0.019775390625, -0.01544189453125, 0.013427734375, -0.053466796875, 0.0230712890625, -0.01953125, -0.00933837890625, -0.00035858154296875, 0.00121307373046875, 0.04248046875, -0.0220947265625, -0.03076171875, 0.020263671875, 0.00130462646484375, -0.0026092529296875, 0.047119140625, -0.022216796875, 0.006591796875, -0.068359375, -0.02001953125, -0.01025390625, 0.0257568359375, 0.03173828125, -0.037841796875, -0.023193359375, -0.068359375, -0.0108642578125, 0.007781982421875, -0.03369140625, -0.0130615234375, 0.052490234375, 0.0157470703125, -0.0245361328125, -0.0284423828125, -0.01068115234375, -0.01385498046875, -0.02978515625, 0.0252685546875, -0.0247802734375, -0.055908203125, -0.019775390625, -0.031982421875, -0.0284423828125, 0.00677490234375, -0.01129150390625, 0.0162353515625, 0.027099609375, 0.0250244140625, 0.04248046875, 0.061279296875, -0.00933837890625, -0.0712890625, -0.031982421875, -0.037841796875, -0.05712890625, 0.009033203125, -0.0208740234375, -0.021240234375, 0.016845703125, -0.0048828125, 0.006256103515625, -0.044189453125, 0.004852294921875, 0.01251220703125, -0.0189208984375, 0.0216064453125, -0.043701171875, 0.006988525390625, 0.0257568359375, -0.0162353515625, -0.0279541015625, 0.0255126953125, 0.0286865234375, 0.021240234375, 0.01226806640625, 0.005462646484375, -0.021728515625, 0.01422119140625, 0.04736328125, -0.0279541015625, -0.0302734375, -0.0478515625, 0.04345703125, -0.031494140625, 0.01953125, 0.03662109375, -0.0184326171875, 0.0400390625, 0.0020294189453125, -0.03076171875, 0.0240478515625, -0.026611328125, -0.0223388671875, -0.0166015625, -0.00933837890625, 0.048095703125, 0.04150390625, 0.02392578125, 0.0169677734375, -0.0225830078125, -0.0184326171875, 0.01470947265625, 0.00299072265625, -0.01495361328125, -0.0084228515625, -0.054931640625, 0.031982421875, -0.036376953125, 0.034423828125, -0.0390625, -0.00079345703125, -0.033203125, -0.038330078125, 0.006195068359375, -0.05810546875, -0.0252685546875, 0.004150390625, 0.048828125, 0.00665283203125, 0.00750732421875, -0.0615234375, -0.0244140625, -0.0084228515625, 0.0234375, 0.03369140625, 0.031494140625, -0.038818359375, -0.05419921875, 0.001556396484375, -0.0189208984375, 0.08447265625, 0.00933837890625, -0.045166015625, 0.0086669921875, -0.0216064453125, -0.004150390625, -0.062255859375, -0.06640625, 0.006805419921875, -0.05615234375, 0.01531982421875, -0.0419921875, 0.042236328125, -0.02587890625, 0.02978515625, 0.022216796875, 0.0299072265625, -0.005218505859375, 0.006927490234375, 0.033935546875, -0.00665283203125, 0.0213623046875, -0.004730224609375, -0.048828125, 0.0087890625, 0.0274658203125, -0.03125, 0.006927490234375, -0.04150390625, -0.0240478515625, 0.0308837890625, -0.045166015625, -0.051025390625, 0.0185546875, 0.000370025634765625, 0.0244140625, -0.0037384033203125, -0.07666015625, -0.022216796875, -0.0145263671875, 0.04345703125, 0.01495361328125, -0.0205078125, 0.0257568359375, 0.005126953125, -0.01251220703125, 0.053466796875, 0.06396484375, 0.06298828125, -0.0302734375, 0.0303955078125, -0.01361083984375, -0.048828125, -0.031982421875, 0.0142822265625, 0.0341796875, 0.0048828125, 0.041015625, -0.046142578125, 0.02685546875, 0.011474609375, 0.06640625, 0.0164794921875, -0.04052734375, 