{"movie": "wwdc2025", "offset": 502, "text_offset": 500, "embedding": [0.0283203125, 0.0206298828125, 0.0179443359375, 0.006561279296875, -0.10302734375, -0.01397705078125, 0.0283203125, 0.0177001953125, 0.01116943359375, -0.000301361083984375, 0.0137939453125, 0.0135498046875, -0.00390625, -0.087890625, -0.059814453125, -0.0274658203125, 0.026611328125, -0.0242919921875, -0.0137939453125, 0.0023193359375, -0.017578125, -0.048583984375, 0.027099609375, -0.029052734375, 0.0341796875, -0.02392578125, -0.07958984375, -0.01806640625, 0.000804901123046875, -0.0019989013671875, -0.0224609375, -0.07958984375, 0.0299072265625, -0.0107421875, 0.020263671875, 0.01904296875, 0.003997802734375, 0.04931640625, -0.0042724609375, 0.04443359375, -0.0029144287109375, 0.0283203125, 0.0302734375, 0.001007080078125, -0.041748046875, 0.0264892578125, 0.00616455078125, 0.00506591796875, -0.003387451171875, 0.037109375, 0.039794921875, -8.678436279296875e-05, 0.01324462890625, -0.0859375, 0.021484375, -0.00677490234375, 0.02294921875, 0.037109375, 0.0303955078125, -0.05322265625, 0.0018310546875, 0.0213623046875, 0.0361328125, 0.022705078125, -0.0284423828125, 0.02880859375, -0.01446533203125, -0.05712890625, -0.0118408203125, -0.053955078125, -0.04296875, 0.0213623046875, 0.03759765625, -0.021484375, -0.00799560546875, 0.017333984375, 0.0888671875, 0.0145263671875, 0.039794921875, 0.0111083984375, 0.0003108978271484375, -0.00836181640625, 0.04736328125, -0.0242919921875, -0.01513671875, -0.0272216796875, 0.0264892578125, -0.0024566650390625, -0.017333984375, -0.005157470703125, -0.0206298828125, 0.04931640625, 0.006622314453125, -0.03466796875, -3.0517578125e-05, 0.01495361328125, -0.0301513671875, -0.026123046875, 0.03857421875, 0.016357421875, 0.051513671875, 0.047607421875, -0.0111083984375, -0.016357421875, -0.057861328125, -0.08251953125, -8.392333984375e-05, -0.0011138916015625, -0.0208740234375, 0.0289306640625, 0.004180908203125, -0.0311279296875, 0.005340576171875, 0.040283203125, -0.0213623046875, 0.048583984375, 0.0255126953125, -0.03564453125, 0.0458984375, 0.0166015625, -0.039306640625, -0.04443359375, -0.005950927734375, 0.006988525390625, 0.01092529296875, 0.06494140625, 0.09521484375, -0.0030364990234375, -0.029541015625, 0.039794921875, 0.005340576171875, -0.004638671875, 0.023681640625, 0.0294189453125, -0.07080078125, 0.0011138916015625, 0.020263671875, -0.005706787109375, 0.0135498046875, 0.00567626953125, 0.032470703125, 0.04443359375, -0.05712890625, 0.0135498046875, 0.0191650390625, 0.00567626953125, 0.003997802734375, -0.01324462890625, -0.0294189453125, -0.038818359375, 0.0262451171875, -0.04052734375, -0.061279296875, 0.039306640625, -0.00982666015625, 0.0361328125, 0.03466796875, 0.033447265625, -0.01300048828125, -0.06298828125, 0.01068115234375, -0.0289306640625, 0.0076904296875, -0.0185546875, 0.0703125, 0.0113525390625, -0.0361328125, 0.04736328125, 0.0093994140625, -0.0267333984375, -0.023681640625, 0.04052734375, -0.050048828125, 0.003509521484375, 0.003326416015625, -0.0022430419921875, -0.0252685546875, -0.00897216796875, -0.021484375, -0.0233154296875, -0.0211181640625, 0.039306640625, 0.0712890625, -0.06298828125, -0.0029296875, -0.00160980224609375, 0.0301513671875, 0.032958984375, 0.01251220703125, 0.00701904296875, 0.018798828125, 0.0262451171875, 0.042236328125, -0.01251220703125, 0.06396484375, -0.02197265625, -0.017578125, -0.020751953125, 0.03515625, 0.0380859375, 0.0123291015625, 0.064453125, 0.0242919921875, -0.0234375, -0.0439453125, 0.041015625, 0.009521484375, 0.0299072265625, -0.07177734375, 0.01806640625, 0.0093994140625, -0.02197265625, -0.039306640625, -0.039794921875, 0.040283203125, -0.0162353515625, 0.02978515625, 0.04052734375, 0.022705078125, -0.00482177734375, -0.027099609375, -0.027099609375, 0.016357421875, 0.00396728515625, 0.003143310546875, 0.0028533935546875, -0.00927734375, 0.00127410888671875, 0.0289306640625, -0.0111083984375, 0.002960205078125, 0.006256103515625, -0.038330078125, 0.029296875, 0.0654296875, 0.0615234375, -0.0004062652587890625, -0.01031494140625, -0.08935546875, 0.055908203125, 0.006988525390625, -0.04296875, 0.01220703125, 0.039306640625, -0.0238037109375, -0.04541015625, -0.029052734375, -0.0380859375, 0.041015625, 0.00189971923828125, -0.0269775390625, 0.03466796875, 0.06298828125, -0.040771484375, -0.0615234375, -0.00469970703125, -0.020263671875, -0.010986328125, 0.006256103515625, -0.01214599609375, 0.035400390625, 0.0115966796875, 0.040283203125, -0.044677734375, 0.0181884765625, -0.0216064453125, -0.038330078125, 0.001434326171875, -0.042236328125, 0.00537109375, 0.0693359375, 0.006622314453125, -0.01361083984375, 0.0595703125, -0.003204345703125, -0.04150390625, -0.039794921875, 0.001739501953125, -0.0380859375, -0.0169677734375, 0.0059814453125, 0.007659912109375, 0.03466796875, -0.0216064453125, 0.00653076171875, -0.010986328125, 0.0142822265625, -0.0234375, -0.0145263671875, 0.007080078125, 0.0238037109375, 0.01275634765625, -0.0010833740234375, -0.01116943359375, -0.0284423828125, 0.0224609375, 0.006500244140625, -0.0181884765625, -0.031982421875, -0.052978515625, -0.04541015625, 0.010986328125, 0.0218505859375, 0.0299072265625, 0.01507568359375, 0.059814453125, 0.033935546875, 0.00982666015625, 0.019287109375, 0.032958984375, 0.0196533203125, -0.022216796875, 0.0157470703125, 0.0198974609375, -0.039306640625, 0.0439453125, -0.001312255859375, -0.00156402587890625, 0.0198974609375, -0.0024566650390625, 0.0125732421875, -0.01251220703125, 0.0439453125, 0.05322265625, 0.06396484375, -0.022705078125, 0.039794921875, -0.054931640625, -0.011474609375, 0.0027008056640625, 0.00616455078125, -0.0419921875, -0.007354736328125, 0.01263427734375, -0.025146484375, 0.04150390625, -0.01275634765625, -0.006103515625, 0.0164794921875, 0.01287841796875, 0.0179443359375, 0.0234375, 0.0299072265625, 1.4841556549072266e-05, 0.01214599609375, 0.000782012939453125, 0.0004673004150390625, 0.02978515625, -0.006988525390625, -0.0004024505615234375, -0.0303955078125, -0.01116943359375, 0.0024566650390625, 0.0693359375, 0.0252685546875, -0.060791015625, 0.01531982421875, 0.048828125, -0.07958984375, 0.022216796875, 0.005401611328125, -0.003570556640625, 0.0198974609375, -0.0125732421875, -0.00885009765625, 0.0194091796875, 0.041259765625, -0.0022735595703125, -0.02880859375, 0.018798828125, 0.05712890625, 0.0224609375, 0.0341796875, -0.024658203125, -0.037109375, -0.0162353515625, 0.00799560546875, 0.0751953125, -0.00020885467529296875, 0.00970458984375, -0.0201416015625, 0.01300048828125, -0.04833984375, -0.0223388671875, -0.0244140625, 0.0128173828125, -0.003662109375, -0.0203857421875, -0.03466796875, -0.0224609375, -0.0125732421875, -0.046630859375, 0.006317138671875, -0.0223388671875, 0.039794921875, -0.0198974609375, -0.044921875, 0.03271484375, 0.039794921875, 0.00177764892578125, 0.060546875, 0.00469970703125, -0.061767578125, -0.03857421875, -0.01336669921875, 0.054931640625, 0.005340576171875, 0.0213623046875, 0.039306640625, 0.0010223388671875, -0.032470703125, -0.01300048828125, -0.04150390625, -0.005126953125, -0.033447265625, 0.023193359375, -0.002288818359375, 0.0185546875, 0.00592041015625, 0.0206298828125, 0.053466796875, 0.01806640625, 0.0458984375, -0.005126953125, 0.0001888275146484375, -0.03759765625, -0.0029296875, -0.0301513671875, -0.07958984375, -0.04150390625, -0.007232666015625, -0.006256103515625, 0.0059814453125, -0.023681640625, 0.000919342041015625, 0.01239013671875, -0.039794921875, -0.006378173828125, -0.00836181640625, -0.02294921875, 0.03759765625, -0.018798828125, -0.056884765625, -0.0093994140625, 0.035888671875, 0.05908203125, 0.01171875, -0.0289306640625, -0.00738525390625, 0.036376953125, -0.005859375, 0.01025390625, 0.0615234375, 0.05029296875, -0.006072998046875, 0.01708984375, -0.0289306640625, -0.044677734375, -0.011474609375, 0.0244140625, 0.0084228515625, 0.01068115234375, 0.040771484375, 0.0091552734375, 0.034912109375, -0.064453125, 0.001922607421875, 