{"movie": "wwdc2025", "offset": 8, "text_offset": 0, "embedding": [0.011962890625, 0.016845703125, 0.0133056640625, -0.0240478515625, -0.048095703125, 0.03466796875, 0.02001953125, -0.0380859375, -0.006500244140625, 0.027099609375, 0.0267333984375, -0.01043701171875, 0.023193359375, -0.05517578125, -0.059814453125, -0.0201416015625, 0.029541015625, 0.00872802734375, -0.0291748046875, -0.03173828125, -0.010498046875, -0.0084228515625, -0.0142822265625, -0.06689453125, 0.00714111328125, -0.03173828125, -0.01458740234375, -0.017822265625, -0.005035400390625, 0.000637054443359375, 0.0003528594970703125, -0.07861328125, 0.047119140625, -0.0164794921875, -0.024658203125, -0.030029296875, 0.006317138671875, 0.040283203125, -0.0634765625, 0.01806640625, -0.00445556640625, 0.0272216796875, -0.01300048828125, -0.01031494140625, -0.00665283203125, -0.01953125, -0.02294921875, -0.01214599609375, 0.00372314453125, 0.030517578125, 0.019775390625, -0.01043701171875, 0.017822265625, -0.02685546875, 0.0013580322265625, -0.0096435546875, 0.0299072265625, 0.0264892578125, -0.0252685546875, 0.0341796875, -0.0196533203125, 0.0240478515625, 0.043212890625, 0.01953125, -0.052001953125, 0.04541015625, -0.025634765625, -0.076171875, -0.011962890625, -0.0120849609375, -0.07470703125, 0.01397705078125, 0.064453125, -0.0091552734375, 0.0281982421875, 0.0693359375, 0.0517578125, -0.01043701171875, -0.00665283203125, 0.0859375, -0.00738525390625, 0.0322265625, 0.023193359375, -0.0216064453125, 0.0279541015625, -0.06201171875, 0.01953125, -0.0341796875, -0.01300048828125, 0.01043701171875, -0.052001953125, 0.04541015625, -0.016845703125, 0.0311279296875, -0.0038909912109375, 0.008056640625, -0.021484375, -0.0213623046875, 0.01226806640625, 0.007293701171875, 0.002227783203125, 0.0311279296875, -0.01177978515625, 0.0140380859375, -0.0712890625, -0.0272216796875, -0.036865234375, 0.0208740234375, 0.005645751953125, 0.034912109375, -0.0126953125, -0.0654296875, 0.0026092529296875, -0.01275634765625, -0.01116943359375, 0.035400390625, 0.0002384185791015625, -0.03173828125, 0.01300048828125, 0.0101318359375, -0.0093994140625, -0.01708984375, 0.0177001953125, -0.0267333984375, 0.04541015625, 0.0771484375, 0.062255859375, 0.0157470703125, -0.047119140625, 0.0025177001953125, -0.011474609375, -0.02587890625, 0.0167236328125, -0.0091552734375, -0.05078125, -0.01080322265625, 0.006195068359375, -0.0155029296875, -0.01953125, -0.01904296875, 0.03564453125, 0.018798828125, -0.044189453125, 0.033447265625, -0.0225830078125, 0.041259765625, -0.021484375, 0.0225830078125, -0.0299072265625, -0.0125732421875, 0.01043701171875, -0.03564453125, -0.0279541015625, 0.0126953125, -0.03271484375, -0.0322265625, 0.02587890625, 0.01953125, -0.0196533203125, 0.007049560546875, -0.00179290771484375, -0.0537109375, -0.0128173828125, -0.04345703125, 0.05908203125, 0.0311279296875, 0.00238037109375, 0.0042724609375, -0.01361083984375, -0.024658203125, 0.0003833770751953125, 0.032958984375, -0.0478515625, 0.03076171875, -0.029296875, -0.043212890625, -0.05859375, -0.0235595703125, 0.01373291015625, -0.005157470703125, -0.018798828125, 0.0240478515625, 0.006561279296875, -0.0233154296875, -0.009765625, 0.032958984375, -0.038818359375, 0.01507568359375, 0.008544921875, 0.01507568359375, -0.03076171875, 0.04052734375, 0.044189453125, 0.024658203125, 0.056396484375, 0.026611328125, 0.002838134765625, -0.03369140625, 0.06103515625, 0.029052734375, 0.02685546875, 0.06689453125, -0.002166748046875, -0.00145721435546875, 0.010498046875, 0.01031494140625, -0.0045166015625, -0.01171875, -0.0322265625, 0.0184326171875, -0.036865234375, -0.0223388671875, -0.010498046875, -0.0400390625, -0.005859375, -0.056396484375, 0.0274658203125, -3.075599670410156e-05, -0.003814697265625, -0.034912109375, -0.03466796875, 0.001007080078125, 0.0537109375, 0.0294189453125, 0.0155029296875, 0.00408935546875, -0.0155029296875, 0.0634765625, 0.01361083984375, -0.0186767578125, 0.052001953125, -0.019775390625, -0.0279541015625, 0.0233154296875, 0.035400390625, 0.029052734375, 0.0281982421875, -0.001983642578125, -0.034912109375, 0.07861328125, -0.0028533935546875, -0.0272216796875, -0.0106201171875, 0.04736328125, -0.006683349609375, 0.024658203125, -0.053466796875, -0.00041961669921875, 0.045166015625, 0.05078125, -0.01171875, 0.0634765625, -0.01458740234375, -0.034912109375, -0.06982421875, 0.0341796875, -0.025146484375, 0.014892578125, 0.008056640625, 0.0311279296875, 0.04541015625, 0.00445556640625, 0.044189453125, -0.040771484375, 0.036865234375, -0.007354736328125, 0.01611328125, 0.0086669921875, -0.001922607421875, 0.00506591796875, 0.032958984375, -0.0228271484375, -0.08251953125, 0.0233154296875, -0.022705078125, -0.06103515625, -0.046875, 0.00021839141845703125, -0.05712890625, 0.01300048828125, -0.03173828125, 0.0220947265625, 0.01043701171875, -0.041748046875, 0.0037994384765625, -0.01031494140625, 0.0120849609375, 0.00244140625, -0.01141357421875, 0.0031890869140625, 0.016357421875, 0.0201416015625, -0.005035400390625, -0.0242919921875, -0.04736328125, 0.0272216796875, -0.0142822265625, 0.0012664794921875, -0.03955078125, -0.044189453125, -0.0595703125, 0.0126953125, -0.044189453125, 0.04931640625, -0.0174560546875, 0.0019073486328125, 0.054931640625, 0.015869140625, -0.054443359375, 0.025390625, -0.0262451171875, -0.02880859375, -0.03759765625, 0.01458740234375, -0.0517578125, 0.008544921875, -0.017822265625, -0.014892578125, 0.04931640625, 0.049072265625, 0.0167236328125, 0.00823974609375, 0.01361083984375, -0.01708984375, 0.031005859375, 0.01129150390625, 0.0150146484375, -0.0235595703125, -0.0005340576171875, -0.041748046875, 0.0103759765625, -0.044677734375, 0.0177001953125, 0.0272216796875, -0.025146484375, -0.00634765625, -0.04638671875, -0.0194091796875, -0.0279541015625, 0.01275634765625, 0.044677734375, -0.044189453125, 0.0245361328125, -0.0157470703125, -0.0634765625, -0.0177001953125, 0.0294189453125, 0.00017261505126953125, -0.000583648681640625, -0.008544921875, -0.0634765625, -0.001861572265625, -0.0030364990234375, 0.062255859375, -0.016357421875, -0.035400390625, -0.0228271484375, 0.05322265625, -0.02880859375, 0.0108642578125, -0.0272216796875, -0.032958984375, 0.00011014938354492188, -0.0400390625, -0.025634765625, 0.00732421875, -0.0042724609375, -0.0234375, -0.056396484375, 0.020751953125, 0.04931640625, 0.006195068359375, -0.01519775390625, -0.03955078125, -0.052001953125, -0.0020599365234375, 0.029296875, 0.00970458984375, -0.003082275390625, -0.004364013671875, 0.006622314453125, 0.01556396484375, 0.0013580322265625, -0.01611328125, 0.01043701171875, -0.0021820068359375, 0.0030059814453125, -0.0157470703125, -0.009765625, -0.00537109375, -0.03369140625, -0.03466796875, 0.002960205078125, -0.054443359375, 0.032958984375, -0.01397705078125, -0.01409912109375, 0.004119873046875, -0.005218505859375, 0.01458740234375, 0.01300048828125, 0.0152587890625, 0.0157470703125, 0.0274658203125, -0.03662109375, 0.0390625, 0.01611328125, 0.0120849609375, -0.002349853515625, -0.02978515625, -0.027587890625, 0.00836181640625, -0.00543212890625, 0.0284423828125, -0.028564453125, 0.045166015625, -0.018798828125, 0.01141357421875, -0.0125732421875, -0.01141357421875, 0.0113525390625, 0.0262451171875, 0.0267333984375, -0.003814697265625, -0.000827789306640625, -0.0537109375, -0.023681640625, -0.01007080078125, -0.0576171875, -0.0142822265625, 0.0234375, -0.0208740234375, -0.0123291015625, -0.02734375, -0.0264892578125, 0.02294921875, -0.017333984375, 0.0027618408203125, -0.01495361328125, -0.00146484375, 0.0286865234375, -0.006500244140625, -0.0084228515625, -0.00213623046875, 0.044189453125, 0.0673828125, 0.039306640625, -0.015869140625, -0.03759765625, 0.01611328125, -0.0419921875, -0.01611328125, 0.07470703125, 0.0242919921875, -0.016845703125, 0.005218505859375, -0.03662109375, -0.03955078125, -0.0096435546875, -0.0025177001953125, -0.009521484375, 0.068359375, 0.03466796875, -0.046630859375, 0.045654296875, 