{"movie": "wwdc2025", "offset": 302, "text_offset": 300, "embedding": [0.026123046875, 0.017333984375, 0.0164794921875, 0.045654296875, -0.0125732421875, 0.027587890625, -0.0341796875, -0.0230712890625, -0.00958251953125, 0.055908203125, -0.00616455078125, -0.01220703125, -0.0034027099609375, -0.049560546875, -0.021728515625, 0.03857421875, 0.031982421875, -0.0107421875, 0.0137939453125, -0.010498046875, 0.01470947265625, -0.0264892578125, -0.031494140625, -0.005889892578125, -0.004669189453125, -0.01220703125, -6.079673767089844e-05, -0.0003643035888671875, -0.0216064453125, -0.03515625, -0.00982666015625, -0.054443359375, -0.001190185546875, -0.0003299713134765625, 0.0341796875, -0.04248046875, 0.040283203125, 0.03466796875, -0.041259765625, 0.056884765625, -0.043212890625, -0.00086212158203125, 0.03466796875, -0.020751953125, -0.0198974609375, 0.004241943359375, -0.043212890625, -0.061767578125, 0.032958984375, 0.048828125, 0.014404296875, 0.017822265625, -0.002227783203125, 0.01312255859375, -0.043212890625, 0.033203125, -0.040283203125, 0.0201416015625, -0.009033203125, 0.0390625, 0.009765625, -0.0166015625, -0.0203857421875, 0.01495361328125, -0.01409912109375, -0.002227783203125, 0.027099609375, -0.000701904296875, -0.00982666015625, -0.0294189453125, 0.01513671875, -0.03955078125, -0.003631591796875, -0.027587890625, 0.0186767578125, 0.0208740234375, -0.01513671875, -0.020751953125, 0.037841796875, 0.0269775390625, 0.01611328125, -0.00726318359375, 0.005889892578125, 0.0419921875, 0.012451171875, -0.01055908203125, 0.05029296875, -0.0064697265625, -0.01165771484375, -0.0086669921875, -0.0234375, 0.054443359375, -0.0145263671875, 0.01177978515625, -0.019775390625, 0.007049560546875, 0.0179443359375, -0.07568359375, -0.01422119140625, -0.0032196044921875, -0.01708984375, -0.0162353515625, -0.03955078125, -0.0054931640625, -0.0235595703125, -0.048828125, 0.005279541015625, 0.01531982421875, 0.028564453125, 0.07080078125, -0.01470947265625, -0.060546875, -0.043212890625, 0.0299072265625, -0.00848388671875, -0.0026397705078125, 0.1162109375, -0.035888671875, 0.022216796875, 0.02197265625, -0.01806640625, 0.056884765625, 0.0089111328125, -0.035888671875, -0.01080322265625, 0.00885009765625, 0.003631591796875, -0.00323486328125, -0.027099609375, 0.02880859375, 0.0025482177734375, 0.0277099609375, 0.026123046875, 0.05078125, -0.0703125, -0.029541015625, 0.0186767578125, -0.0238037109375, 0.0306396484375, -0.0125732421875, -0.055419921875, -0.00726318359375, -0.03271484375, 0.01141357421875, -0.05322265625, -0.0230712890625, -0.0042724609375, 0.0257568359375, -0.00823974609375, -0.0166015625, 0.044921875, 0.009521484375, -0.05126953125, 0.07177734375, 0.035888671875, 0.043212890625, -0.056884765625, -0.0106201171875, -0.061767578125, -0.0478515625, 0.0277099609375, -0.00848388671875, 0.0091552734375, -0.0064697265625, 0.0576171875, 0.03125, -0.059814453125, -0.017333984375, -0.0203857421875, -0.00323486328125, -0.0306396484375, -0.0017852783203125, -0.032470703125, 0.037841796875, -0.06640625, 0.025634765625, 0.007568359375, -0.02197265625, 0.0084228515625, 0.05029296875, 0.006744384765625, 0.01043701171875, 0.0308837890625, 0.01177978515625, -0.01324462890625, 0.0020294189453125, -0.025146484375, 0.027099609375, -0.02587890625, 0.03515625, -0.01287841796875, -0.0135498046875, 0.01202392578125, 0.038818359375, -0.005035400390625, -0.0264892578125, 0.05078125, 0.002288818359375, 0.068359375, 0.043212890625, -0.00830078125, 0.059814453125, 0.0267333984375, 0.0272216796875, -0.060546875, -0.0322265625, 0.012451171875, 0.0191650390625, -0.045654296875, 0.04248046875, -0.005889892578125, -0.01806640625, 0.0177001953125, -0.009521484375, -0.0201416015625, -0.039794921875, 0.001007080078125, -0.007110595703125, 0.05078125, -0.06591796875, -0.0498046875, -0.02099609375, -0.00125885009765625, 0.00958251953125, 0.005706787109375, -0.022216796875, 0.01708984375, 0.033935546875, 0.07666015625, 0.0033721923828125, 0.03173828125, 0.026123046875, -0.004730224609375, -0.00360107421875, 0.0125732421875, 0.00726318359375, -0.0322265625, 0.037353515625, -0.01446533203125, 0.061767578125, -0.00445556640625, -0.01531982421875, -0.0264892578125, -0.02490234375, -0.049560546875, -0.06787109375, -0.045166015625, 0.00026702880859375, 0.0228271484375, 0.0771484375, 0.017333984375, -0.0198974609375, 0.007598876953125, -0.044921875, -0.0091552734375, 0.046875, 0.0299072265625, 0.03466796875, 0.005035400390625, -0.01348876953125, 0.022216796875, 0.01953125, 0.0186767578125, 0.00433349609375, 0.005096435546875, -0.0390625, 0.01519775390625, 0.01708984375, -0.04150390625, 0.020751953125, 0.037353515625, -0.032470703125, -0.0206298828125, -0.0216064453125, 0.0277099609375, 0.015625, -0.052490234375, -0.01019287109375, 0.0015716552734375, 0.0306396484375, -0.000461578369140625, 0.003265380859375, 0.025146484375, -0.01129150390625, 0.031982421875, 0.03076171875, 0.03173828125, -0.0157470703125, -0.0203857421875, 0.0194091796875, 0.043212890625, -0.0098876953125, -0.00933837890625, -0.00038909912109375, -0.05029296875, -0.0038299560546875, 0.022216796875, -0.00689697265625, -0.036865234375, -0.041259765625, -0.04150390625, -0.0341796875, -0.033203125, 0.004974365234375, 0.0111083984375, 0.01422119140625, 0.021240234375, -0.00750732421875, 0.0091552734375, -0.0159912109375, -0.0096435546875, -0.0478515625, -0.044189453125, 0.0208740234375, -0.050537109375, -0.030029296875, -0.02294921875, -0.06494140625, 0.01470947265625, -0.03076171875, 0.007354736328125, -0.015625, 0.041259765625, 0.0673828125, -0.021728515625, -0.08251953125, -0.037353515625, 0.006011962890625, -0.030029296875, -0.051513671875, -0.00081634521484375, 0.01220703125, -0.0419921875, -0.045166015625, -0.03466796875, 0.003631591796875, -0.040771484375, -0.015869140625, 0.01361083984375, -0.006103515625, 0.029052734375, -0.05126953125, 0.053955078125, -0.05859375, -0.007110595703125, -0.06298828125, 0.012939453125, 0.02294921875, -0.027099609375, 0.0306396484375, -0.021240234375, -0.036865234375, -0.041748046875, 0.01953125, -0.05908203125, -0.0233154296875, -0.05224609375, 0.03564453125, -0.052490234375, 0.0419921875, 0.035888671875, -0.0220947265625, 0.05322265625, -0.039306640625, 0.0159912109375, 0.0203857421875, -0.0284423828125, -0.008056640625, 0.029052734375, -0.00836181640625, 0.027587890625, -0.0244140625, 0.0211181640625, -0.00897216796875, -0.0257568359375, -0.0458984375, 0.029296875, -0.036865234375, -0.0267333984375, 0.0299072265625, -0.00482177734375, 0.032958984375, 0.014892578125, -0.0269775390625, -0.01953125, 0.039794921875, 0.007781982421875, -0.005157470703125, 0.033203125, -0.0390625, -0.037353515625, 0.0201416015625, 0.00909423828125, -0.053955078125, 0.0238037109375, -0.02392578125, -0.01031494140625, 0.0023345947265625, -0.02587890625, -0.0037384033203125, 0.038818359375, 0.032470703125, -0.0732421875, 0.0498046875, -0.0277099609375, 0.08154296875, 0.01171875, -0.002655029296875, 0.029052734375, -0.01544189453125, -0.033935546875, 0.0146484375, -0.0234375, 0.01446533203125, -0.017822265625, -0.0225830078125, 0.01007080078125, 0.0025177001953125, 0.00012683868408203125, 0.01165771484375, -0.012939453125, 0.048583984375, -0.026123046875, 0.05078125, 0.00811767578125, 0.035888671875, 0.0380859375, 0.005096435546875, -0.0159912109375, 0.033447265625, 0.053955078125, -0.005218505859375, -0.01202392578125, -0.0235595703125, -0.01153564453125, 0.044189453125, -0.03662109375, 0.0198974609375, -0.0201416015625, -0.002777099609375, 0.01385498046875, -0.004913330078125, -0.08056640625, -0.003753662109375, -0.044921875, 0.058837890625, 0.002777099609375, 0.048583984375, -0.0306396484375, -0.008544921875, -0.01531982421875, -0.0203857421875, 0.040283203125, 0.032958984375, -0.01043701171875, -0.000415802001953125, -0.035888671875, 0.0024566650390625, -0.07275390625, 0.024658203125, -0.01495361328125, 0.014892578125, 0.028076171875, -0.0133056640625, -0.054931640625, -0.04345703125, 0.005157470703125, 