{"movie": "wwdc2025", "offset": 206, "text_offset": 200, "embedding": [0.037109375, -0.0341796875, 0.016357421875, -0.00616455078125, -0.050048828125, -0.030517578125, -0.035400390625, -0.03759765625, 0.0084228515625, 0.0244140625, -0.001129150390625, -0.04296875, -0.045166015625, -0.04833984375, -0.0224609375, -0.0078125, -0.00799560546875, 0.0277099609375, 0.04052734375, 0.01153564453125, 0.01434326171875, 0.000759124755859375, 0.0238037109375, 0.028076171875, 0.0537109375, -0.03759765625, -0.0302734375, -0.050048828125, 0.01220703125, -0.0260009765625, -0.0081787109375, -0.047607421875, 0.0849609375, -0.01123046875, -0.0203857421875, -0.0230712890625, 0.0103759765625, 0.021728515625, -0.05712890625, 0.0250244140625, 0.0164794921875, 0.016357421875, 0.01080322265625, -0.0233154296875, 0.022216796875, 0.0152587890625, -0.034423828125, -0.05029296875, 0.04541015625, 0.046875, -0.0205078125, 0.0181884765625, 0.0184326171875, -0.056640625, 0.007415771484375, -0.0211181640625, -0.009765625, 0.006256103515625, 0.021484375, -0.0220947265625, -0.002105712890625, 0.01806640625, -0.0277099609375, -0.003326416015625, -0.0125732421875, -0.00628662109375, 0.0166015625, -0.033203125, 0.0035858154296875, -0.020751953125, 0.002532958984375, -0.00897216796875, -0.00640869140625, -0.03369140625, -0.004547119140625, -0.041748046875, -0.00347900390625, -0.033447265625, -0.018798828125, 0.00396728515625, 0.00421142578125, 0.034423828125, -0.046875, -0.0025634765625, 0.006439208984375, -0.0169677734375, 0.00848388671875, 0.021728515625, -0.0257568359375, -0.021240234375, -0.0269775390625, 0.047607421875, 0.009033203125, 0.0218505859375, -0.005645751953125, -0.0625, 0.0004329681396484375, -0.054443359375, -0.0159912109375, 0.056640625, 0.04541015625, 0.0027618408203125, -0.005218505859375, -0.0172119140625, -0.03759765625, -0.0751953125, 0.0390625, -0.003997802734375, 7.009506225585938e-05, 0.0252685546875, -0.0103759765625, -0.03125, -0.04052734375, -0.013671875, -0.03173828125, 0.03759765625, 0.03466796875, 0.0179443359375, 0.06494140625, 0.016357421875, -0.04833984375, -0.06005859375, -0.0234375, -0.044921875, 0.00897216796875, 0.05224609375, 0.03466796875, 0.05029296875, 0.033935546875, 0.036376953125, -0.0002651214599609375, 0.03857421875, -0.007080078125, 0.034912109375, -0.03955078125, -0.033447265625, 0.00138092041015625, 0.0123291015625, -0.0654296875, 0.01129150390625, 0.0296630859375, 0.01239013671875, -0.046142578125, 0.04345703125, -0.0269775390625, -0.0177001953125, 0.035400390625, 0.0010833740234375, -0.033203125, -0.0042724609375, 0.006256103515625, -0.047119140625, 0.00131988525390625, 0.10791015625, 0.0166015625, 0.060791015625, -0.006195068359375, 0.0181884765625, 0.01373291015625, -0.0263671875, 0.039794921875, -0.042724609375, -0.0185546875, 0.0033111572265625, 0.0390625, 0.033203125, 0.0283203125, 0.04150390625, -0.017333984375, -0.0106201171875, -0.0098876953125, 0.01068115234375, 0.01611328125, 0.01348876953125, 0.0113525390625, 0.0224609375, -0.00885009765625, 0.01483154296875, -0.000690460205078125, -0.0247802734375, 0.0308837890625, -0.033447265625, -0.025634765625, 0.01043701171875, 0.0181884765625, -0.0032196044921875, 0.025146484375, 0.0380859375, -0.05712890625, 0.038330078125, -0.011474609375, -0.01080322265625, 0.00994873046875, -0.031494140625, 0.054931640625, -0.04052734375, 0.0263671875, -0.000499725341796875, 0.028564453125, 0.0625, 0.0019683837890625, 0.0277099609375, -0.021484375, 0.028076171875, 0.015869140625, 0.03271484375, -0.0380859375, -0.00982666015625, 3.9637088775634766e-06, 0.0021820068359375, -0.039306640625, -0.004180908203125, 0.0220947265625, -0.0269775390625, 0.00433349609375, -0.020263671875, 0.06396484375, 0.0269775390625, 0.018798828125, 0.0302734375, -0.0283203125, -0.0380859375, 0.03759765625, -0.057373046875, -0.052978515625, 0.019287109375, 0.0029754638671875, 0.01190185546875, 0.07958984375, 0.035888671875, 0.00909423828125, 0.0296630859375, 0.0166015625, -0.001953125, 0.01318359375, 0.0084228515625, -0.01019287109375, -0.006622314453125, -0.0302734375, 0.04541015625, 0.003021240234375, -0.0101318359375, -0.04541015625, 0.059326171875, -0.006744384765625, -0.005096435546875, 0.018798828125, 0.0027618408203125, 0.01318359375, 0.0081787109375, -0.0625, -0.0120849609375, 0.04833984375, -0.05908203125, -0.0211181640625, 0.03759765625, -0.000743865966796875, -0.0274658203125, 0.0125732421875, -0.050048828125, -0.0177001953125, 0.01092529296875, -0.035400390625, -0.038330078125, -0.01092529296875, -0.0091552734375, -0.0361328125, 0.044189453125, -0.039306640625, 0.029052734375, 0.03271484375, -0.0179443359375, 0.03271484375, 0.050048828125, 0.01373291015625, -0.055419921875, -0.052734375, -0.001739501953125, -0.00885009765625, 0.0123291015625, -0.015625, -0.01483154296875, 0.0133056640625, 0.0037384033203125, 0.018310546875, -0.01104736328125, -0.0205078125, -0.016357421875, -0.0235595703125, -0.0269775390625, -0.0029144287109375, -0.035400390625, 0.03173828125, -0.004852294921875, -0.05126953125, 0.04345703125, -0.006378173828125, 0.045166015625, -0.0341796875, -0.0196533203125, -0.026123046875, -0.02734375, 0.033203125, -0.0023040771484375, -0.0123291015625, 0.033203125, -0.0012359619140625, 0.0078125, 0.006317138671875, -0.0234375, -0.025146484375, -0.056396484375, -0.0205078125, 0.0235595703125, 0.0322265625, -0.0106201171875, -0.0106201171875, -0.08251953125, 0.038330078125, 0.031982421875, 0.0303955078125, -0.015625, 0.0159912109375, 0.05810546875, 0.01055908203125, 0.007354736328125, -0.04052734375, -0.00970458984375, -0.0308837890625, -0.08544921875, 0.0091552734375, 0.0233154296875, 0.006103515625, 0.0211181640625, -0.0194091796875, 0.0269775390625, -0.033447265625, -0.00640869140625, 0.0234375, 0.0220947265625, 0.0005340576171875, -0.0128173828125, 0.03271484375, 0.00616455078125, -0.0303955078125, 0.004119873046875, 0.006805419921875, 0.0113525390625, 0.01300048828125, 0.00384521484375, 0.0003910064697265625, -0.0108642578125, -0.02783203125, 0.024169921875, 0.0198974609375, 0.00799560546875, -0.0263671875, -0.0033721923828125, -0.044189453125, -0.025634765625, 0.05712890625, -0.039306640625, -0.019775390625, -0.03271484375, 0.0296630859375, 0.009033203125, -0.004150390625, 0.0021820068359375, -0.01239013671875, 0.0004825592041015625, 0.0303955078125, -0.00101470947265625, 0.0120849609375, 0.0206298828125, 0.046875, -0.0250244140625, -0.03662109375, 0.0169677734375, -0.025146484375, 0.01904296875, -0.042724609375, 0.01177978515625, 0.0230712890625, -0.00225830078125, 0.007415771484375, -0.03759765625, 0.03125, -0.01104736328125, -0.004913330078125, -0.0277099609375, -0.031494140625, 0.025634765625, 0.0220947265625, -0.0277099609375, 0.0078125, -0.039794921875, -0.0272216796875, 0.020263671875, -0.005096435546875, 0.0093994140625, 0.0177001953125, -0.0026702880859375, -0.01373291015625, 0.004058837890625, 0.002105712890625, 0.057373046875, -0.00141143798828125, 0.029052734375, 0.0546875, 0.0022735595703125, -0.038818359375, -0.0181884765625, -0.0380859375, -0.0224609375, -0.0264892578125, 0.024169921875, 0.04345703125, 0.035400390625, 0.00189971923828125, 0.033203125, 0.049560546875, -0.0098876953125, 0.0380859375, 0.01275634765625, -0.0147705078125, -0.0458984375, -0.03466796875, -0.041015625, -0.040283203125, 0.016845703125, 0.031494140625, 0.043701171875, 0.025634765625, -0.0140380859375, -0.0250244140625, -0.03173828125, -0.053955078125, 0.0242919921875, 0.0218505859375, -0.015380859375, 0.041748046875, 0.00146484375, -0.0966796875, 0.01495361328125, -0.00286865234375, 0.053955078125, -0.029541015625, 0.03857421875, 0.0113525390625, 0.06298828125, -0.00750732421875, 0.0128173828125, 0.07421875, 0.0294189453125, 0.0107421875, 0.0296630859375, -0.0169677734375, -0.009033203125, -0.06298828125, -0.00151824951171875, 0.001953125, -0.013671875, -0.0108642578125, 0.0012359619140625, 0.049560546875, -0.068359375, 0.004913330078125, -0.0142822265625, -0.006591796875, -0.062255859375, -0.0294189453125, 