{"movie": "wwdc2025", "offset": 112, "text_offset": 100, "embedding": [0.01708984375, 0.024169921875, 0.0189208984375, -0.0216064453125, -0.0830078125, -0.059814453125, 0.039306640625, -0.0439453125, 0.00714111328125, 0.039306640625, 0.0322265625, -0.0260009765625, 0.00154876708984375, -0.057373046875, -0.037109375, 0.0269775390625, 0.001861572265625, 0.027587890625, 0.0294189453125, -0.020751953125, 0.01708984375, -0.013916015625, -0.00015926361083984375, -0.0302734375, 0.0247802734375, 0.002593994140625, -0.0634765625, -0.034912109375, -0.00701904296875, -0.023193359375, -0.0478515625, -0.087890625, 0.046875, -0.0255126953125, 0.0084228515625, -0.036376953125, 0.02392578125, 0.01129150390625, -0.026123046875, 0.041015625, 0.020751953125, 0.003570556640625, -0.044921875, -0.00299072265625, 0.018798828125, -0.01171875, -0.01318359375, -0.003173828125, 4.458427429199219e-05, 0.0152587890625, -0.0037841796875, -0.00811767578125, 0.018798828125, -0.0341796875, 0.0181884765625, 0.0174560546875, -0.0118408203125, 0.0673828125, 0.1015625, -0.0264892578125, -0.0517578125, -0.02197265625, 0.03125, -0.0137939453125, -0.0038909912109375, 0.004180908203125, -0.01470947265625, -0.056640625, -0.05517578125, -0.0211181640625, -0.03271484375, 0.01434326171875, -0.00592041015625, -0.0546875, 0.010009765625, 0.0250244140625, 0.05810546875, -0.00799560546875, 0.044921875, 0.05029296875, 0.02392578125, 0.0196533203125, 0.03759765625, -0.0225830078125, -0.038818359375, -0.02197265625, -0.026123046875, 0.031494140625, -0.0625, -0.0107421875, -0.006622314453125, 0.0537109375, 0.0157470703125, -0.01019287109375, -0.024658203125, 0.021484375, 0.005859375, -0.04833984375, 0.00689697265625, 0.001495361328125, 0.0712890625, 0.00250244140625, -0.03271484375, 0.01141357421875, -0.03271484375, -0.087890625, 0.006134033203125, -0.018798828125, -0.041015625, 0.051025390625, 0.01055908203125, -0.07568359375, -0.02197265625, 3.838539123535156e-05, 0.025390625, 0.039794921875, 0.038818359375, -0.03466796875, -0.000949859619140625, 0.00982666015625, -0.0185546875, -0.018798828125, 0.029052734375, -0.018310546875, -0.003204345703125, 0.0179443359375, 0.061767578125, 0.0260009765625, -0.0634765625, 0.052734375, -0.04150390625, 0.0157470703125, 0.054443359375, -0.007232666015625, -0.053955078125, -0.00946044921875, 0.0225830078125, 0.01019287109375, 0.0101318359375, -0.02783203125, 0.02685546875, 0.03076171875, -0.033935546875, 0.024658203125, -0.03759765625, -0.00909423828125, 0.0162353515625, 0.03564453125, -0.06103515625, -0.004364013671875, -0.02392578125, -0.0023193359375, -0.0302734375, 0.04833984375, 0.01495361328125, 0.07080078125, -0.002899169921875, -0.021484375, -0.020751953125, -0.038818359375, 0.03271484375, -0.044921875, 0.030517578125, -0.005859375, 0.01708984375, 0.007171630859375, -0.034423828125, -0.02197265625, -0.0264892578125, -0.029052734375, -0.0595703125, -0.024169921875, 0.00067138671875, 0.01458740234375, -0.0120849609375, -0.003204345703125, -0.029541015625, 0.0203857421875, 0.000823974609375, -0.020751953125, -0.00689697265625, 0.03466796875, 0.051025390625, -0.033203125, -0.0174560546875, 0.01068115234375, 0.039306640625, 0.0247802734375, 0.0255126953125, 0.020751953125, -0.001495361328125, -0.000621795654296875, 0.0164794921875, 0.00640869140625, 0.0247802734375, -0.05224609375, -0.0081787109375, -0.029052734375, 0.037109375, 0.0693359375, 0.0198974609375, 0.0830078125, 0.05126953125, -0.005279541015625, 0.0203857421875, -0.0014801025390625, -0.0150146484375, 0.031982421875, -0.0322265625, 0.04052734375, 0.0013427734375, 0.01019287109375, -0.0185546875, -0.00982666015625, 0.043701171875, -0.041015625, 0.01092529296875, 0.0712890625, 0.01318359375, -0.00872802734375, -0.02783203125, -0.02392578125, 0.03271484375, 0.02783203125, -0.040771484375, -0.000843048095703125, -0.0247802734375, -0.002288818359375, 0.049560546875, -0.01470947265625, -0.0216064453125, 0.036376953125, -0.05615234375, 0.03369140625, -0.0211181640625, -0.010498046875, -0.03076171875, -0.00946044921875, -0.068359375, 0.10205078125, -0.0198974609375, -0.03759765625, 0.01019287109375, 0.028564453125, -0.0032958984375, -0.06884765625, -0.045166015625, 0.00189208984375, 0.015380859375, -0.0004596710205078125, -0.0162353515625, 0.039306640625, -0.000377655029296875, -0.006927490234375, 0.00701904296875, 0.031494140625, -0.0439453125, -0.020751953125, -0.03759765625, 0.051025390625, 0.024169921875, 0.0123291015625, 0.001861572265625, -0.0732421875, 0.0191650390625, 0.004241943359375, -0.021484375, 0.006683349609375, -0.01226806640625, 0.0074462890625, 0.07421875, -0.0255126953125, -0.01123046875, 0.04248046875, -0.0311279296875, 0.013671875, -0.068359375, -0.04150390625, -0.031982421875, 0.0299072265625, -0.01239013671875, 0.0042724609375, 0.005401611328125, -0.02392578125, 0.05126953125, 0.004547119140625, 0.000640869140625, -0.0286865234375, -0.04296875, 0.003173828125, 0.034423828125, 0.004730224609375, 0.0189208984375, 0.024169921875, -0.039306640625, 0.01251220703125, -0.011962890625, -0.01104736328125, -0.044921875, -0.0380859375, -0.0654296875, -0.00860595703125, 0.0247802734375, 0.029052734375, 0.0181884765625, 5.53131103515625e-05, 0.0093994140625, -0.01300048828125, 0.0177001953125, 0.04833984375, 0.0120849609375, -0.0002384185791015625, 0.024169921875, 0.046875, -0.053955078125, 0.0291748046875, -0.039794921875, -0.0220947265625, 0.10009765625, -0.005645751953125, -0.036376953125, 0.04150390625, 0.03759765625, 0.02197265625, 0.0234375, -0.00927734375, -0.04052734375, -0.027587890625, -0.045166015625, 0.00970458984375, -0.00836181640625, -0.0263671875, 0.034423828125, 0.049560546875, -0.0478515625, 0.0250244140625, -0.00823974609375, 0.00970458984375, 0.01226806640625, 0.002105712890625, 0.060546875, -0.0037994384765625, -0.008544921875, -0.0167236328125, -0.01470947265625, -0.00885009765625, 0.00017547607421875, 0.00787353515625, 0.03857421875, 0.0152587890625, -0.0419921875, -0.02001953125, -0.03662109375, 0.0289306640625, -0.004791259765625, -0.0010223388671875, 0.01544189453125, 0.06689453125, -0.03857421875, 0.01495361328125, 0.019287109375, -0.01123046875, 0.0167236328125, -0.0267333984375, 0.036376953125, 0.00958251953125, 0.005615234375, -0.052978515625, -0.049072265625, 0.03271484375, 0.0118408203125, -0.0546875, 0.035888671875, -0.007598876953125, -0.030517578125, 0.02099609375, 0.00055694580078125, 0.0157470703125, -0.01348876953125, 0.021240234375, -0.037109375, 0.060546875, -0.0299072265625, -0.0196533203125, -0.00022125244140625, 0.00604248046875, 0.0211181640625, 0.00872802734375, -0.039306640625, -0.01385498046875, -0.039306640625, -0.0015411376953125, 0.0250244140625, -0.03662109375, 0.0311279296875, -0.0517578125, -0.03564453125, -0.01055908203125, 0.002410888671875, -0.00396728515625, 0.0269775390625, 0.06103515625, -0.051025390625, -0.031982421875, -0.0634765625, 0.034912109375, 0.0157470703125, 0.0054931640625, -0.0213623046875, 0.0303955078125, 0.0022125244140625, 0.0107421875, -0.003021240234375, 0.0211181640625, -0.0081787109375, -0.00013256072998046875, 0.0286865234375, 0.053466796875, 0.0103759765625, 0.032958984375, 0.057861328125, 0.0242919921875, 0.05078125, 0.0031890869140625, 0.03369140625, 0.0185546875, 0.0169677734375, 0.01318359375, -0.045654296875, 0.01239013671875, 0.003021240234375, -0.028076171875, 0.0302734375, 0.0205078125, 0.0308837890625, 0.0185546875, -0.047607421875, 0.0028228759765625, -0.01434326171875, -0.038818359375, 0.00762939453125, 0.003509521484375, -0.04052734375, 0.0277099609375, -0.01019287109375, 0.0859375, -0.0018768310546875, -0.012939453125, 0.0174560546875, 0.034423828125, -0.00182342529296875, -0.001953125, 0.01446533203125, 0.049072265625, -0.0654296875, -0.004638671875, -0.01129150390625, -0.0166015625, -0.0308837890625, 0.0089111328125, -0.00518798828125, 0.007293701171875, 0.068359375, 0.037109375, 0.0174560546875, -0.060546875, 0.0269775390625, -0.01348876953125, -0.043701171875, -0.0291748046875, -0.045654296875, 