{"movie": "wwdc2025", "offset": 120, "text_offset": 120, "embedding": [0.0205078125, -0.0037841796875, -0.00081634521484375, 0.01519775390625, -0.051025390625, 0.00335693359375, 0.06494140625, -0.00970458984375, 0.0118408203125, 0.0400390625, -0.01226806640625, -0.005950927734375, -0.00946044921875, -0.04150390625, -0.01806640625, 0.004852294921875, -0.0225830078125, 0.0130615234375, 0.057861328125, -0.025634765625, 0.00179290771484375, -0.046630859375, 0.00787353515625, -0.024169921875, 0.043212890625, 0.000186920166015625, -0.045166015625, -0.0162353515625, -0.01904296875, -0.0260009765625, -0.0341796875, -0.0732421875, 0.0281982421875, 0.023681640625, -0.033447265625, -0.00089263916015625, 0.02978515625, 0.007171630859375, -0.01239013671875, 0.0247802734375, 0.00110626220703125, 0.038330078125, 0.000797271728515625, -0.07421875, 0.062255859375, -0.0025177001953125, -0.0810546875, -0.01116943359375, 0.0203857421875, 0.0027923583984375, -0.004150390625, 0.005645751953125, 0.0478515625, -0.038818359375, -0.07421875, -0.010986328125, -0.00026702880859375, 0.01385498046875, 0.015380859375, -0.02197265625, -0.0107421875, -0.041015625, 0.01275634765625, 0.004150390625, -0.0250244140625, -0.0181884765625, 0.06494140625, -0.033447265625, -0.05712890625, 0.0196533203125, -0.06298828125, -0.013916015625, 0.00616455078125, -0.053955078125, 0.018798828125, 0.01416015625, 0.03369140625, -0.038818359375, 0.0225830078125, 0.03759765625, -0.042724609375, 0.0556640625, -0.005706787109375, -0.023681640625, -0.0291748046875, -0.043701171875, -0.046630859375, -0.005401611328125, -0.07177734375, -0.0269775390625, -0.0103759765625, 0.0074462890625, -0.0361328125, -0.056396484375, 0.045166015625, 0.0037384033203125, -0.02294921875, -0.0159912109375, -0.004791259765625, 5.054473876953125e-05, 0.0311279296875, 0.0079345703125, -0.0439453125, -0.0234375, -0.05224609375, -0.053955078125, 0.0223388671875, -0.06884765625, 0.0181884765625, 0.0166015625, 0.02197265625, -0.058837890625, -0.02099609375, -0.039794921875, -0.001617431640625, 0.072265625, 0.033203125, -0.057861328125, 0.035400390625, -0.01123046875, -0.025634765625, -0.061767578125, -0.013916015625, -0.018798828125, 0.024169921875, 0.05908203125, 0.0021820068359375, 0.0260009765625, 0.016357421875, 0.025390625, -0.01446533203125, -0.007232666015625, 0.01007080078125, 0.03857421875, -0.0260009765625, 0.01324462890625, -0.020263671875, 0.018310546875, -0.061767578125, -0.04736328125, -0.003173828125, 0.039794921875, -0.025634765625, 0.0162353515625, -0.0196533203125, -0.0277099609375, 0.028564453125, 0.017578125, -0.0537109375, 0.003021240234375, -0.0174560546875, -0.0439453125, 0.0027923583984375, 0.05517578125, 0.005828857421875, -0.003936767578125, 0.004852294921875, -0.02294921875, -0.0218505859375, 0.00162506103515625, 0.03466796875, -0.0196533203125, 0.046875, 0.025634765625, 0.04296875, -0.005584716796875, -0.032470703125, 0.0189208984375, 0.025146484375, -0.053955078125, -0.059814453125, 0.0172119140625, 0.014892578125, 0.0076904296875, 0.01556396484375, 0.0245361328125, -0.00098419189453125, -0.0078125, 0.038330078125, -0.0157470703125, -0.02685546875, 0.0081787109375, 0.033447265625, -0.03271484375, 0.0036163330078125, 0.0218505859375, -0.00170135498046875, 0.03369140625, -0.0234375, 0.04931640625, -0.01239013671875, 0.026123046875, 0.040771484375, 0.0027923583984375, -0.000583648681640625, -0.020263671875, 0.0172119140625, -0.011962890625, 0.01904296875, 0.0947265625, -0.0283203125, 0.015625, 0.017822265625, 0.0169677734375, 0.017578125, 0.035888671875, -0.005401611328125, -0.0096435546875, -0.0517578125, 0.039306640625, -0.028076171875, -0.0224609375, -0.04638671875, -0.0478515625, 0.01129150390625, -0.06982421875, 0.025634765625, 0.0233154296875, 0.0361328125, -0.000705718994140625, -0.0147705078125, -0.02392578125, 0.033447265625, -0.005828857421875, -0.04931640625, -0.0150146484375, -0.0145263671875, 0.00830078125, 0.045166015625, 0.038330078125, 0.01116943359375, 0.032470703125, -0.01165771484375, 0.00653076171875, -0.0120849609375, 0.039794921875, 0.01434326171875, 0.02197265625, -0.05517578125, -0.006072998046875, 0.002593994140625, -0.034912109375, -0.044921875, 0.060791015625, -0.038330078125, -0.025390625, -0.055419921875, 0.00830078125, 0.006500244140625, 0.02099609375, -0.0361328125, -0.0211181640625, -0.003997802734375, -0.03662109375, -0.0216064453125, 0.05615234375, 0.003021240234375, 0.035400390625, -0.00225830078125, 0.0302734375, 0.0196533203125, 0.04931640625, -0.0234375, 0.0103759765625, 0.0142822265625, 0.010498046875, -0.007476806640625, 0.019287109375, -0.01904296875, 0.03515625, -0.005950927734375, -0.039306640625, -0.0255126953125, 0.05810546875, -0.061767578125, 0.0289306640625, -0.03515625, -0.02294921875, -0.03857421875, 0.037841796875, -0.03515625, -0.058837890625, 0.0137939453125, -0.00830078125, 0.0162353515625, -0.0245361328125, 0.0057373046875, -0.0341796875, -0.05908203125, -0.0021514892578125, 0.05615234375, -0.0771484375, 0.03173828125, -7.295608520507812e-05, -0.044921875, 0.0147705078125, 0.01556396484375, 0.043701171875, -0.0091552734375, -0.028564453125, -0.0281982421875, 0.0142822265625, -0.0242919921875, -0.037109375, 0.04150390625, 0.019287109375, -0.05126953125, 0.02001953125, 0.0147705078125, 0.02197265625, 0.018310546875, -0.0205078125, 0.004852294921875, 0.04736328125, -0.01904296875, -0.016845703125, 0.00689697265625, -0.039306640625, 0.042236328125, -0.0299072265625, -0.0439453125, 0.02197265625, 0.035888671875, -0.0011749267578125, 0.00469970703125, -0.0380859375, -0.09326171875, -0.0194091796875, -0.0673828125, 0.007049560546875, 0.0035247802734375, 0.0303955078125, 0.04296875, 0.0022125244140625, -0.04150390625, -0.00445556640625, -0.033203125, 0.0025177001953125, -0.000274658203125, -0.004638671875, 0.0164794921875, 0.01007080078125, -0.0225830078125, -0.005340576171875, -0.036376953125, 0.009033203125, 0.0142822265625, -0.010498046875, 0.032470703125, -0.00167083740234375, -0.003448486328125, -0.052978515625, -0.0147705078125, 0.06396484375, 0.0169677734375, -0.0400390625, 0.0308837890625, -0.007293701171875, -0.046875, 0.000514984130859375, -0.007232666015625, -0.025146484375, -0.0181884765625, -0.0015106201171875, 0.041015625, -0.040771484375, -0.00958251953125, -0.0260009765625, -0.05810546875, 0.0177001953125, -0.03369140625, -0.007781982421875, -0.024169921875, 0.0130615234375, 0.00689697265625, 0.011962890625, -0.01446533203125, -0.0194091796875, -0.024658203125, -0.034423828125, -0.050048828125, 0.06005859375, 0.0003910064697265625, -0.042236328125, -0.003753662109375, -0.0303955078125, 0.00384521484375, 0.00408935546875, -0.0115966796875, -0.062255859375, -0.020751953125, 0.0281982421875, 0.004791259765625, -0.045166015625, -0.00738525390625, -0.04052734375, -0.0011444091796875, 0.0341796875, -0.0157470703125, 0.000591278076171875, -0.00074005126953125, 0.0059814453125, -0.0400390625, -0.007171630859375, 0.0118408203125, 0.03662109375, 0.037109375, 0.03759765625, -0.029541015625, -0.0299072265625, -0.02685546875, 0.0311279296875, -0.0712890625, -0.0025634765625, -0.038330078125, 0.01409912109375, 0.044189453125, 0.045166015625, -0.056640625, 0.004669189453125, 0.06591796875, 0.0458984375, 0.00408935546875, -0.016845703125, 0.02783203125, -0.035888671875, 0.0027618408203125, -0.0255126953125, -0.030029296875, -0.0025634765625, 0.030029296875, 0.043701171875, 0.044677734375, 0.017578125, 0.0164794921875, 0.0247802734375, -0.04248046875, 0.025146484375, -0.004730224609375, 0.0027008056640625, -0.034423828125, 0.05078125, -0.01251220703125, 0.0213623046875, -0.0245361328125, 0.04296875, -0.04736328125, -0.002105712890625, -0.00101470947265625, -0.01556396484375, -0.020751953125, -0.031494140625, 0.043701171875, 0.07763671875, -0.01409912109375, 0.0233154296875, 0.00183868408203125, 0.02197265625, -0.0712890625, -0.01385498046875, 0.048583984375, -0.018310546875, 0.01458740234375, -0.0272216796875, 0.013916015625, 0.00182342529296875, 