{"movie": "wwdc2025", "offset": 212, "text_offset": 200, "embedding": [0.03564453125, -0.0211181640625, 0.038818359375, -0.00848388671875, -0.06689453125, -0.0137939453125, -0.02392578125, 0.0038909912109375, 0.0093994140625, 0.047607421875, -0.003936767578125, -0.029296875, -0.032958984375, -0.047119140625, -0.02001953125, -0.036865234375, 0.028076171875, 0.0230712890625, 0.042236328125, 0.022705078125, 0.032470703125, 0.01483154296875, 0.01153564453125, 0.0233154296875, 0.024658203125, -0.0250244140625, -0.0177001953125, -0.046875, 0.021728515625, -0.044189453125, -0.0211181640625, -0.052490234375, 0.08251953125, -0.00408935546875, 0.01300048828125, 0.00872802734375, 0.00537109375, 0.00836181640625, -0.047119140625, -0.007080078125, -0.005584716796875, -8.153915405273438e-05, 0.000354766845703125, 0.00115966796875, -0.03125, 0.00482177734375, -0.025146484375, -0.0361328125, 0.05908203125, 0.08447265625, 0.01361083984375, 0.0008087158203125, 0.005767822265625, -0.041748046875, 0.0126953125, -0.02001953125, -0.0169677734375, -0.002227783203125, 0.0185546875, -0.03857421875, -0.0211181640625, 0.005584716796875, -0.01043701171875, 0.0169677734375, -0.029296875, 0.01483154296875, 0.0291748046875, -0.029052734375, -0.0174560546875, -0.044189453125, -0.00531005859375, -0.00188446044921875, -0.011474609375, -0.02197265625, -0.033935546875, -0.04248046875, -0.0225830078125, -0.0220947265625, -0.0150146484375, -0.01519775390625, -0.0038604736328125, 0.030517578125, -0.0191650390625, -0.0032501220703125, -0.006378173828125, 0.0107421875, 0.0279541015625, 0.005096435546875, 0.0123291015625, 0.00390625, -0.0220947265625, 0.06005859375, -0.004913330078125, 0.01275634765625, -0.01904296875, -0.06103515625, -0.0157470703125, -0.056884765625, -0.017333984375, 0.045166015625, 0.06640625, 0.005035400390625, -0.0234375, -0.0233154296875, -0.042724609375, -0.0517578125, 0.03125, 0.0211181640625, -0.0133056640625, 0.02685546875, -0.018798828125, -0.03173828125, -0.033447265625, -0.00133514404296875, -0.045166015625, 0.02294921875, 0.0206298828125, 0.02685546875, 0.0810546875, 0.018310546875, -0.0517578125, -0.03271484375, -0.01416015625, -0.05517578125, 0.0184326171875, 0.0233154296875, 0.054443359375, 0.038818359375, 0.0206298828125, 0.058349609375, -0.01953125, 0.054931640625, 0.033447265625, 0.041259765625, -0.0615234375, -0.013916015625, -0.01129150390625, -0.00141143798828125, -0.035400390625, 0.00299072265625, 0.0311279296875, -0.005889892578125, -0.036376953125, 0.03173828125, -0.01904296875, -0.052490234375, 0.054443359375, -0.01043701171875, -0.049560546875, -0.00543212890625, 0.021240234375, -0.031982421875, -0.03466796875, 0.12158203125, 0.0238037109375, 0.08056640625, 0.00994873046875, 0.0198974609375, -0.0235595703125, -0.038330078125, 0.028076171875, -0.027587890625, -0.0400390625, 0.0034332275390625, 0.042724609375, 0.006256103515625, 0.0233154296875, 0.049560546875, -0.0225830078125, -0.011962890625, -0.0322265625, -0.01007080078125, 0.018798828125, 0.031982421875, 0.00830078125, 0.01708984375, 0.0093994140625, -0.010498046875, -0.01336669921875, -0.026611328125, 0.02392578125, -0.017578125, -0.02685546875, -0.005157470703125, -0.0027923583984375, 0.002166748046875, 0.0267333984375, 0.03466796875, -0.0263671875, 0.02392578125, 0.0185546875, 0.030029296875, 0.00927734375, -0.03515625, 0.018310546875, -0.01007080078125, 0.049072265625, 0.017822265625, 0.06689453125, 0.04931640625, -0.00836181640625, 0.060302734375, -0.027587890625, 0.02587890625, 0.0087890625, 0.0078125, -0.0260009765625, 0.009033203125, -0.02685546875, -0.00762939453125, -0.0299072265625, 0.00390625, 0.033935546875, -0.02099609375, 0.00390625, -0.046630859375, 0.041259765625, 0.009033203125, -0.0003337860107421875, 0.03466796875, -0.0159912109375, -0.042236328125, 0.029541015625, -0.080078125, -0.0458984375, 0.00726318359375, -0.0024261474609375, 0.0091552734375, 0.058349609375, 0.01953125, 0.01507568359375, 0.0234375, -0.003997802734375, 0.0299072265625, 0.0206298828125, 0.03466796875, -0.00045013427734375, 0.0157470703125, -0.0283203125, 0.0458984375, 0.003692626953125, 0.009765625, -0.0167236328125, 0.06591796875, 0.003692626953125, -0.027587890625, 0.00213623046875, 0.0133056640625, 0.04248046875, 0.019287109375, -0.048583984375, -0.005645751953125, 0.04931640625, -0.0625, -0.029296875, 0.03759765625, 0.003997802734375, 0.0057373046875, 0.0196533203125, -0.038818359375, -0.01507568359375, 0.00189971923828125, -0.0203857421875, -0.049560546875, -0.015625, -0.006866455078125, -0.0439453125, 0.03759765625, -0.042724609375, 0.03369140625, 0.052490234375, -0.0101318359375, 0.0076904296875, 0.05126953125, -0.0181884765625, -0.04931640625, -0.033935546875, 0.00170135498046875, -0.0167236328125, 0.01483154296875, -0.0247802734375, 0.005096435546875, -0.00634765625, -0.00970458984375, 0.0272216796875, -0.020263671875, 0.011474609375, 0.0096435546875, -0.0201416015625, -0.0267333984375, 0.021728515625, -0.01611328125, 0.0211181640625, -0.018798828125, -0.051025390625, 0.0299072265625, -0.01129150390625, 0.031494140625, -0.027099609375, -0.024658203125, -0.0537109375, -0.01104736328125, 0.05517578125, -0.033447265625, 0.01171875, 0.05322265625, 0.0032958984375, -0.0145263671875, 0.020263671875, -0.0260009765625, -0.0137939453125, -0.056640625, -0.0230712890625, -0.01953125, 0.015380859375, -0.02392578125, -0.015625, -0.05810546875, 0.027587890625, 0.04345703125, 0.0274658203125, -0.0020904541015625, 0.0283203125, 0.04541015625, -0.006561279296875, -0.006866455078125, -0.0537109375, -0.02294921875, -0.00823974609375, -0.072265625, -0.01312255859375, 0.0120849609375, -0.005523681640625, -0.021728515625, -0.042236328125, 0.0184326171875, -0.06005859375, -0.030517578125, -0.0225830078125, 0.0072021484375, 0.01806640625, 0.001220703125, 0.01416015625, -0.006866455078125, -0.0198974609375, 0.004180908203125, 0.006805419921875, 0.00445556640625, 0.0126953125, -0.01171875, 0.022216796875, -0.029296875, -0.0184326171875, 0.0255126953125, 0.03125, 0.00023174285888671875, -0.035400390625, 0.01226806640625, -0.046630859375, 0.00179290771484375, 0.0223388671875, -0.0291748046875, 0.006256103515625, -0.059326171875, 0.03466796875, 0.032470703125, -0.0137939453125, -0.0284423828125, -0.01397705078125, 0.0048828125, 0.0260009765625, 0.0206298828125, 0.01031494140625, -0.00469970703125, 0.0172119140625, -0.0108642578125, -0.0157470703125, 0.00023174285888671875, -0.04931640625, -0.002166748046875, -0.051025390625, 0.00390625, 0.004852294921875, 0.0157470703125, -0.0107421875, -0.03564453125, 0.0152587890625, -0.005767822265625, 0.0030364990234375, -0.041748046875, -0.033203125, 0.01611328125, 0.034423828125, -0.0162353515625, 0.0010986328125, -0.025634765625, -0.025634765625, 0.00787353515625, -0.00836181640625, 0.024169921875, 0.01556396484375, 0.00113677978515625, -0.006561279296875, 0.0093994140625, -0.00104522705078125, 0.08544921875, 0.0045166015625, 0.029052734375, 0.021484375, 0.01953125, -0.05078125, -0.01806640625, -0.0220947265625, -0.012939453125, -0.029296875, 0.017822265625, 0.0137939453125, 0.046875, -0.0213623046875, 0.0235595703125, 0.047607421875, -0.002288818359375, 0.0225830078125, 0.029541015625, -0.022216796875, -0.034423828125, -0.00970458984375, -0.0203857421875, -0.018310546875, -0.001007080078125, 0.03515625, 0.0279541015625, 0.02197265625, -0.0211181640625, -0.0233154296875, -0.02587890625, -0.0556640625, 0.033935546875, 0.0021209716796875, -0.029052734375, 0.0225830078125, -0.01116943359375, -0.09228515625, 0.0133056640625, -0.002288818359375, 0.06787109375, 0.0184326171875, 0.04931640625, 0.0174560546875, 0.052734375, -0.0146484375, 0.0125732421875, 0.083984375, 0.031494140625, 0.00482177734375, 0.046875, -0.0230712890625, -0.0201416015625, -0.04296875, 0.00146484375, 0.006256103515625, -0.0291748046875, -0.00848388671875, 0.0242919921875, 0.0654296875, -0.053466796875, 0.0169677734375, 0.01171875, -0.0380859375, -0.056640625, -0.03125, 0.041259765625, -0.024169921875, 