{"movie": "wwdc2025", "offset": 52, "text_offset": 40, "embedding": [0.017578125, -0.02880859375, 0.05322265625, -0.018798828125, -0.05224609375, 0.038330078125, 0.036865234375, -0.025390625, 0.01806640625, 0.0206298828125, 0.020263671875, 0.005615234375, -0.01214599609375, -0.057373046875, -0.01251220703125, 0.0019989013671875, 0.0220947265625, -0.034423828125, 0.002166748046875, -0.007476806640625, -0.06298828125, 0.004425048828125, 0.03125, -0.06591796875, 0.00110626220703125, -0.00830078125, -0.03466796875, 0.01141357421875, -0.0008544921875, 0.0242919921875, -0.048095703125, -0.06494140625, 0.02587890625, 0.0235595703125, -0.015869140625, 0.008056640625, 0.017822265625, 0.01287841796875, 0.01416015625, 0.016357421875, -0.0185546875, 0.018798828125, 0.007476806640625, -0.0576171875, -0.00058746337890625, 0.05810546875, -0.01953125, 0.006256103515625, 0.0123291015625, 0.044921875, -0.042236328125, -0.00115203857421875, -0.05078125, -0.041259765625, -0.0177001953125, 0.031005859375, -0.0010986328125, -0.0262451171875, 0.034423828125, 0.014892578125, -0.0211181640625, 0.05322265625, -0.0020751953125, -0.00994873046875, -0.00653076171875, 0.0169677734375, -0.03466796875, -0.01312255859375, 0.0115966796875, -0.045654296875, -0.04345703125, 0.032470703125, 0.0517578125, -0.0306396484375, -0.01531982421875, 0.0284423828125, 0.08349609375, -0.06787109375, 0.006561279296875, 0.05224609375, 0.01239013671875, -0.0045166015625, 0.01348876953125, -0.0244140625, 0.029541015625, -0.021728515625, -0.001007080078125, -0.003265380859375, -0.029541015625, 0.005462646484375, -0.0751953125, 0.039794921875, -0.036865234375, -0.04345703125, -0.020263671875, 0.00994873046875, -0.040283203125, 0.010498046875, 0.01361083984375, 0.0625, -0.029541015625, 0.042724609375, -0.07861328125, -0.030517578125, -0.047119140625, -0.050048828125, 0.0206298828125, 0.01055908203125, -0.0361328125, 0.00225830078125, -0.039306640625, -0.03125, -0.031494140625, 0.024658203125, -0.023193359375, 0.0208740234375, -0.0133056640625, -0.0101318359375, 0.0478515625, 0.00628662109375, -0.0235595703125, -0.0478515625, -0.0010223388671875, -0.052978515625, -0.00225830078125, 0.003265380859375, 0.02392578125, 0.040283203125, -0.0255126953125, 0.054443359375, 0.003326416015625, 0.0118408203125, 0.0201416015625, 0.0045166015625, -0.09619140625, 0.00174713134765625, -0.0223388671875, -0.0091552734375, -0.0213623046875, -0.0130615234375, -0.006195068359375, 0.00738525390625, -0.05078125, 0.0191650390625, -0.0032806396484375, -0.0159912109375, 0.0093994140625, 0.01397705078125, -0.041259765625, -0.058349609375, 0.05810546875, -0.0419921875, -0.033935546875, 0.0078125, -0.01324462890625, -0.039306640625, 0.00787353515625, 0.006256103515625, -0.035400390625, -0.045166015625, -0.0184326171875, -0.000774383544921875, -0.0262451171875, -0.05078125, 0.042724609375, 0.0084228515625, -0.01116943359375, 0.037841796875, -0.0007476806640625, -0.04931640625, -0.033935546875, 0.0257568359375, -0.0198974609375, 0.0123291015625, -0.0021209716796875, -0.00408935546875, -0.042236328125, 0.00130462646484375, 0.020263671875, -0.03466796875, -0.04345703125, 0.0223388671875, 0.07373046875, -0.043701171875, 0.0269775390625, 0.043212890625, 0.0184326171875, 0.0458984375, -0.03466796875, -0.002716064453125, -0.031494140625, 0.0213623046875, -0.00113677978515625, -0.0244140625, 0.07666015625, 0.028076171875, 0.026123046875, -0.01953125, 0.045166015625, 0.0308837890625, -0.0478515625, 0.04931640625, -0.000659942626953125, 0.0184326171875, 0.026123046875, 0.026123046875, -0.01239013671875, 0.025390625, -0.053955078125, 0.0203857421875, -0.0625, -0.01275634765625, 0.0162353515625, -0.0478515625, 0.015625, -0.04736328125, 0.042236328125, 0.0308837890625, 0.0081787109375, 0.03515625, -0.0145263671875, 0.00921630859375, 0.03271484375, 0.0537109375, -0.0177001953125, 0.000885009765625, 0.009765625, 0.0240478515625, -0.000888824462890625, -0.072265625, 0.044677734375, 0.009765625, -0.041259765625, 0.0194091796875, 0.026123046875, 0.0208740234375, 0.047119140625, -0.009765625, -0.03466796875, 0.07666015625, 0.034912109375, -0.02685546875, 0.0211181640625, 0.031005859375, -0.0130615234375, -0.02587890625, -0.03564453125, 0.0264892578125, 0.02392578125, 0.0208740234375, -0.0208740234375, 0.005218505859375, 0.0693359375, -0.031005859375, -0.0888671875, -0.0033721923828125, -0.02099609375, 0.00848388671875, -0.032470703125, 0.00970458984375, 0.0308837890625, 0.0223388671875, 0.007293701171875, -0.026123046875, 0.048828125, -0.01141357421875, -0.0341796875, -0.000759124755859375, -0.01708984375, -0.0203857421875, 0.042724609375, -0.023193359375, -0.0277099609375, 0.033203125, -0.007171630859375, -0.00958251953125, -0.039306640625, 0.0021209716796875, -0.024658203125, -0.0283203125, -0.05078125, -0.01153564453125, -0.03466796875, -0.031005859375, 0.00830078125, 0.03173828125, 0.0201416015625, -0.0284423828125, -0.01019287109375, -0.0257568359375, 0.017333984375, 0.007720947265625, 0.025146484375, -0.00970458984375, -0.01458740234375, 0.0255126953125, -0.0625, 0.002197265625, -0.059814453125, -0.01422119140625, -0.0458984375, 0.03369140625, 0.027587890625, -0.0179443359375, -0.01202392578125, 0.04052734375, 0.048828125, -0.0026702880859375, 0.038330078125, 0.043701171875, 0.000438690185546875, -0.01214599609375, -0.006378173828125, 0.003082275390625, -0.03125, -0.00628662109375, -0.025390625, -0.06103515625, -0.0306396484375, 0.02587890625, -0.0177001953125, 0.010498046875, 0.061279296875, 0.025390625, 0.00787353515625, 0.00982666015625, -0.000278472900390625, -0.026123046875, 0.0064697265625, 0.00982666015625, 0.01458740234375, -0.047119140625, -0.015869140625, 0.00439453125, -0.054443359375, 0.029052734375, -0.017333984375, 0.0247802734375, -0.01068115234375, 0.007110595703125, -0.01055908203125, 0.004974365234375, 0.0152587890625, 0.01397705078125, 0.005889892578125, 0.0284423828125, 0.0595703125, 0.0322265625, 0.0279541015625, -0.0172119140625, -0.08056640625, -0.01068115234375, 0.000644683837890625, 0.03173828125, -0.08251953125, -0.0111083984375, 0.033935546875, -0.0208740234375, -0.053955078125, -0.030517578125, 0.04931640625, 0.06591796875, -0.006927490234375, -0.042724609375, 0.02978515625, -0.0302734375, 0.0284423828125, 0.0162353515625, -0.06298828125, 0.0072021484375, 0.04345703125, 0.0283203125, 0.00885009765625, 0.0213623046875, -0.042236328125, -0.01055908203125, -0.0240478515625, 0.03466796875, -0.01495361328125, 0.0299072265625, -0.01007080078125, 0.0130615234375, 0.01251220703125, -0.01239013671875, -0.0269775390625, -0.0179443359375, -0.01031494140625, -0.033203125, -0.05517578125, -0.014892578125, 0.0036468505859375, -0.01141357421875, -0.0322265625, -0.0198974609375, 0.05615234375, -0.029052734375, -0.057373046875, 0.055908203125, 0.006927490234375, -0.0162353515625, 0.03466796875, 0.0250244140625, -0.052978515625, 0.0130615234375, 0.0067138671875, 0.045654296875, 0.0145263671875, 0.011474609375, 0.0206298828125, 0.0115966796875, 0.00543212890625, 0.00141143798828125, -0.0269775390625, -0.002777099609375, -0.08056640625, 0.006744384765625, -0.004150390625, -0.0064697265625, -0.0223388671875, 0.00848388671875, 0.041259765625, 0.0068359375, 0.033935546875, -0.05078125, -0.0155029296875, -0.0186767578125, -0.0294189453125, -0.0091552734375, -0.0693359375, -0.0264892578125, 0.039794921875, 0.00738525390625, 0.016845703125, -0.004974365234375, 0.00994873046875, -0.022216796875, -0.03173828125, -0.046142578125, 0.0302734375, 0.001434326171875, 0.0155029296875, -0.01055908203125, -0.042724609375, 0.033447265625, 0.044921875, 0.03125, 0.041259765625, -0.01007080078125, -0.0284423828125, 0.021728515625, 0.01513671875, -0.0225830078125, 0.042236328125, 0.041259765625, 0.018798828125, 0.015625, -0.03173828125, -0.021728515625, -0.0218505859375, -0.006256103515625, -0.01495361328125, 0.041259765625, 0.059814453125, 0.005645751953125, 0.033935546875, -0.033203125, 0.009765625, 0.0189208984375, -0.056884765625, -0.0169677734375, 