{"movie": "wwdc2025", "offset": 210, "text_offset": 200, "embedding": [0.03564453125, -0.03173828125, 0.025146484375, -0.0206298828125, -0.0537109375, -0.032470703125, -0.035400390625, -0.037109375, 0.00439453125, 0.0201416015625, -0.0101318359375, -0.047607421875, -0.041259765625, -0.0458984375, -0.021240234375, 0.00225830078125, -0.012939453125, 0.028076171875, 0.0380859375, 0.0157470703125, 0.0172119140625, -0.000568389892578125, 0.0234375, 0.03564453125, 0.047119140625, -0.0419921875, -0.03271484375, -0.05517578125, 0.016357421875, -0.038818359375, -0.0169677734375, -0.04052734375, 0.08251953125, -0.005218505859375, -0.0166015625, -0.02001953125, 0.01519775390625, 0.0211181640625, -0.05810546875, 0.0206298828125, 0.006683349609375, 0.0247802734375, 0.01104736328125, -0.0247802734375, 0.01318359375, 0.00567626953125, -0.0238037109375, -0.039306640625, 0.048583984375, 0.05517578125, -0.0223388671875, 0.01611328125, 0.0201416015625, -0.050048828125, 0.017822265625, -0.02685546875, -0.01312255859375, -0.007598876953125, 0.00921630859375, -0.0234375, 0.0003032684326171875, 0.029541015625, -0.015869140625, -0.00335693359375, -0.0262451171875, -0.0025787353515625, 0.0247802734375, -0.0291748046875, -0.00177764892578125, -0.0198974609375, -0.003631591796875, -0.009521484375, -0.00750732421875, -0.03369140625, -0.01153564453125, -0.052001953125, -0.0035858154296875, -0.03076171875, -0.018310546875, 0.00836181640625, -0.0020599365234375, 0.0260009765625, -0.056640625, -0.011962890625, 0.00799560546875, -0.0108642578125, 0.01373291015625, 0.0286865234375, -0.006256103515625, -0.0225830078125, -0.03564453125, 0.05810546875, 0.00604248046875, 0.018798828125, -0.00092315673828125, -0.059326171875, -0.005279541015625, -0.0478515625, -0.021728515625, 0.055908203125, 0.0517578125, -0.00067901611328125, 0.005523681640625, -0.02197265625, -0.0556640625, -0.07080078125, 0.036376953125, 0.00115966796875, -0.002716064453125, 0.0283203125, 0.002716064453125, -0.036865234375, -0.04345703125, -0.01611328125, -0.0247802734375, 0.03564453125, 0.0439453125, 0.0174560546875, 0.06298828125, 0.0135498046875, -0.06005859375, -0.062255859375, -0.0255126953125, -0.047607421875, 0.006591796875, 0.0458984375, 0.039794921875, 0.04345703125, 0.0262451171875, 0.03271484375, 0.0040283203125, 0.0390625, 0.0010833740234375, 0.025146484375, -0.044189453125, -0.0291748046875, -0.004058837890625, 0.0057373046875, -0.056640625, 0.0166015625, 0.031982421875, 0.0128173828125, -0.057373046875, 0.0458984375, -0.03271484375, -0.021728515625, 0.040283203125, -0.00104522705078125, -0.0220947265625, -0.008056640625, 0.004608154296875, -0.046875, -0.009521484375, 0.111328125, 0.021484375, 0.0654296875, -0.005950927734375, 0.0220947265625, 0.0150146484375, -0.018798828125, 0.036376953125, -0.04931640625, -0.0194091796875, 0.015869140625, 0.033447265625, 0.025634765625, 0.034912109375, 0.045166015625, -0.0172119140625, -0.010498046875, -0.01165771484375, 0.016357421875, 0.00124359130859375, 0.01416015625, 0.0150146484375, 0.0146484375, -0.00811767578125, 0.01336669921875, -0.00555419921875, -0.025390625, 0.040283203125, -0.03173828125, -0.027587890625, 0.00830078125, 0.0150146484375, -0.0040283203125, 0.0274658203125, 0.03515625, -0.045166015625, 0.03271484375, -0.009033203125, -0.0157470703125, 0.002044677734375, -0.031494140625, 0.046142578125, -0.0400390625, 0.0220947265625, 0.0022125244140625, 0.03857421875, 0.06494140625, 0.0020294189453125, 0.033447265625, -0.0181884765625, 0.022216796875, 0.02392578125, 0.033447265625, -0.036376953125, -0.005279541015625, -0.0016021728515625, 0.0145263671875, -0.031982421875, -0.010009765625, 0.017822265625, -0.0301513671875, 0.01312255859375, -0.022216796875, 0.0654296875, 0.0184326171875, 0.0208740234375, 0.0267333984375, -0.0262451171875, -0.041748046875, 0.03857421875, -0.04833984375, -0.052001953125, 0.02099609375, -0.00555419921875, 0.0140380859375, 0.07275390625, 0.0255126953125, 0.0016632080078125, 0.0400390625, 0.01251220703125, 0.0057373046875, 0.006805419921875, 0.01336669921875, -0.01251220703125, -0.00836181640625, -0.0247802734375, 0.05126953125, 0.004119873046875, 0.00185394287109375, -0.045166015625, 0.072265625, -0.005584716796875, -0.00836181640625, 0.02880859375, 0.0037994384765625, 0.0262451171875, 0.00604248046875, -0.0556640625, -0.01806640625, 0.0517578125, -0.06298828125, -0.0185546875, 0.031494140625, -0.0018310546875, -0.0206298828125, 0.010498046875, -0.05419921875, -0.0211181640625, 0.007080078125, -0.0296630859375, -0.04345703125, -0.007598876953125, 0.0003070831298828125, -0.052734375, 0.0380859375, -0.033447265625, 0.03271484375, 0.038330078125, -0.026611328125, 0.041748046875, 0.04345703125, 0.00848388671875, -0.045166015625, -0.041259765625, 0.0078125, -0.000667572021484375, 0.0034332275390625, -0.010498046875, -0.01495361328125, -0.0002994537353515625, 0.012939453125, 0.0208740234375, -0.025390625, -0.00689697265625, -0.0279541015625, -0.030029296875, -0.03564453125, 0.000400543212890625, -0.034912109375, 0.0286865234375, 0.00433349609375, -0.04931640625, 0.036376953125, -0.005645751953125, 0.047119140625, -0.035400390625, -0.028076171875, -0.025634765625, -0.02197265625, 0.032958984375, -0.00994873046875, -0.016357421875, 0.03515625, -0.004608154296875, 0.0125732421875, 0.004608154296875, -0.0238037109375, -0.0234375, -0.05126953125, -0.02587890625, 0.0162353515625, 0.0255126953125, -0.015625, -0.00335693359375, -0.07763671875, 0.034912109375, 0.0322265625, 0.0299072265625, -0.01171875, 0.01165771484375, 0.051025390625, 0.007415771484375, -0.002349853515625, -0.03759765625, -0.0052490234375, -0.02392578125, -0.06689453125, 0.00848388671875, 0.031494140625, 0.00130462646484375, 0.0059814453125, -0.0263671875, 0.03564453125, -0.036376953125, -0.0113525390625, 0.018310546875, 0.0263671875, 0.0185546875, -0.0211181640625, 0.039306640625, -0.0019683837890625, -0.033935546875, 0.01361083984375, 0.005950927734375, 0.00299072265625, 0.018310546875, -0.002044677734375, 0.01397705078125, 0.003631591796875, -0.03173828125, 0.029052734375, 0.0299072265625, 0.00689697265625, -0.0208740234375, -0.001190185546875, -0.03564453125, -0.026611328125, 0.0537109375, -0.0322265625, -0.015869140625, -0.029541015625, 0.026611328125, 0.017333984375, -0.00110626220703125, -0.0024566650390625, -0.01519775390625, -0.005279541015625, 0.031982421875, 0.00872802734375, 0.0177001953125, 0.0267333984375, 0.04443359375, -0.021240234375, -0.051025390625, 0.0185546875, -0.0255126953125, 0.0167236328125, -0.042236328125, 0.0169677734375, 0.017578125, 0.006134033203125, 0.0133056640625, -0.036376953125, 0.0272216796875, -0.00994873046875, -0.0106201171875, -0.016357421875, -0.03466796875, 0.031494140625, 0.018310546875, -0.034423828125, 0.0027618408203125, -0.04931640625, -0.0400390625, 0.0267333984375, -0.00101470947265625, 0.018798828125, 0.03076171875, -0.01483154296875, -0.0169677734375, 0.00689697265625, -0.0028839111328125, 0.052734375, 0.0029144287109375, 0.02685546875, 0.04931640625, -0.004852294921875, -0.04052734375, -0.0194091796875, -0.038330078125, -0.025390625, -0.0262451171875, 0.02099609375, 0.0380859375, 0.045166015625, -0.0037689208984375, 0.040283203125, 0.04931640625, -0.0159912109375, 0.040283203125, 0.00958251953125, -0.01068115234375, -0.056884765625, -0.0303955078125, -0.032958984375, -0.03857421875, 0.0225830078125, 0.02392578125, 0.038330078125, 0.025634765625, -0.01300048828125, -0.029052734375, -0.0303955078125, -0.054443359375, 0.0150146484375, 0.0262451171875, -0.0032958984375, 0.0322265625, 0.0032958984375, -0.08935546875, 0.010009765625, -0.00665283203125, 0.046142578125, -0.02783203125, 0.0242919921875, 0.0238037109375, 0.056640625, -0.0086669921875, 0.0091552734375, 0.0859375, 0.01953125, 0.000301361083984375, 0.03564453125, -0.0169677734375, -0.0024871826171875, -0.068359375, -0.004119873046875, 0.003204345703125, -0.0206298828125, -0.0140380859375, 0.00469970703125, 0.06982421875, -0.06298828125, 0.0147705078125, 