{"movie": "wwdc2025", "offset": 296, "text_offset": 280, "embedding": [0.048583984375, 0.01519775390625, 0.0247802734375, 0.025146484375, -0.027587890625, -0.0086669921875, -0.014404296875, -0.00616455078125, 0.00946044921875, 0.0361328125, 0.0264892578125, 0.0198974609375, 0.00799560546875, -0.080078125, -0.022216796875, -0.0439453125, 0.0244140625, -0.0693359375, -0.044921875, 0.021484375, 0.0283203125, -0.043701171875, -0.0034942626953125, 0.000514984130859375, 0.0045166015625, -0.005035400390625, -0.058837890625, -0.041259765625, 0.0264892578125, -0.0194091796875, -0.041748046875, -0.037841796875, 0.0255126953125, 0.0257568359375, 0.00927734375, 0.000743865966796875, 0.03076171875, 0.03759765625, -0.01300048828125, -0.00101470947265625, -0.00823974609375, -0.000507354736328125, -0.0002918243408203125, -0.08203125, -0.00872802734375, -0.024169921875, -0.03564453125, -0.06494140625, -0.01397705078125, 0.031494140625, -0.004730224609375, 0.0341796875, -0.01025390625, -0.0101318359375, -0.0228271484375, 0.02978515625, -0.01220703125, -0.006866455078125, -0.0093994140625, -0.01312255859375, -0.002777099609375, -0.0439453125, -0.0093994140625, -0.006439208984375, -0.0311279296875, 0.0303955078125, 0.02099609375, -0.026611328125, -0.01141357421875, -0.0206298828125, -0.051025390625, -0.00133514404296875, -0.0093994140625, -0.03662109375, 0.0125732421875, -0.031494140625, -0.006317138671875, -0.051513671875, 0.032470703125, 0.0478515625, -0.03857421875, 0.049560546875, -0.00970458984375, 0.0201416015625, -0.01068115234375, -0.060546875, 0.006500244140625, -0.0130615234375, 0.0012969970703125, 0.033447265625, -0.01336669921875, 0.0299072265625, 0.008056640625, -0.0289306640625, -0.00048065185546875, -0.01446533203125, -0.020751953125, -0.049560546875, 0.01092529296875, 0.00087738037109375, 0.0157470703125, 0.005584716796875, -0.042236328125, -0.0003986358642578125, -0.0111083984375, -0.032958984375, -0.0118408203125, 0.0169677734375, 0.00070953369140625, 0.00408935546875, -0.06591796875, -0.0289306640625, -0.06396484375, 0.025634765625, -0.052978515625, 0.01275634765625, 0.060302734375, -0.015625, 0.0130615234375, 0.03662109375, -0.045654296875, -0.01043701171875, -0.005706787109375, -0.006805419921875, -0.0003871917724609375, 0.0169677734375, 0.0238037109375, 0.005340576171875, 0.0216064453125, 0.032958984375, -0.0185546875, -0.03759765625, 0.031982421875, 0.024169921875, -0.091796875, 0.006683349609375, 0.06591796875, -0.041748046875, -0.0247802734375, 0.00640869140625, 0.027099609375, -0.031494140625, -0.043701171875, -0.0223388671875, 0.006500244140625, -0.00130462646484375, 0.06298828125, -0.01171875, -0.01239013671875, 0.026123046875, 0.014892578125, -0.0380859375, -0.058837890625, 0.058837890625, -0.000774383544921875, 0.034423828125, 0.0147705078125, -0.002349853515625, -0.06298828125, -0.050048828125, 0.0107421875, -0.032958984375, -0.0301513671875, 0.008056640625, 0.10498046875, 0.007720947265625, -0.046630859375, 0.0205078125, -0.000141143798828125, -0.01531982421875, -0.04296875, 0.037353515625, -0.0211181640625, 0.0228271484375, -0.0040283203125, 0.01239013671875, -0.0439453125, 0.00970458984375, -0.017578125, -0.025634765625, -0.042724609375, 0.01806640625, 0.07861328125, -0.0198974609375, 0.01373291015625, -0.00469970703125, 0.0242919921875, 0.0311279296875, -0.031982421875, 0.01239013671875, 0.0001678466796875, 0.01055908203125, 0.0185546875, 0.00872802734375, 0.00927734375, -0.0260009765625, -0.025146484375, -0.03759765625, 0.060302734375, 0.08203125, 0.01708984375, 0.039306640625, -0.034423828125, -0.018310546875, 0.03076171875, 0.034423828125, -0.0208740234375, 0.01904296875, -0.046630859375, 0.04541015625, -0.004425048828125, -0.03662109375, 0.0341796875, -0.000659942626953125, 0.039794921875, -0.0186767578125, 0.0196533203125, 0.03369140625, 0.03857421875, 0.032958984375, -0.0157470703125, 0.008544921875, 0.039306640625, 0.0031890869140625, -0.0130615234375, 0.0002498626708984375, 0.0125732421875, 0.026611328125, 0.052001953125, 0.02978515625, 0.0172119140625, -0.00836181640625, -0.033935546875, 0.060302734375, 0.0257568359375, 0.045654296875, 0.00012874603271484375, 0.0283203125, -0.04296875, 0.0301513671875, 0.049560546875, -0.051513671875, -0.0269775390625, 0.0361328125, -0.00946044921875, -0.0615234375, -0.0196533203125, 0.00469970703125, 0.038330078125, 0.01025390625, 0.0172119140625, 0.0028076171875, -0.0242919921875, -0.07958984375, -0.04931640625, 0.053955078125, -0.0238037109375, -0.007354736328125, 0.033935546875, 0.0123291015625, 0.046875, 0.03173828125, 0.005401611328125, 0.00555419921875, 0.0260009765625, -0.00142669677734375, -0.016357421875, 0.0244140625, -0.031982421875, 0.0101318359375, 0.0308837890625, -0.00616455078125, -0.04541015625, 0.03271484375, -0.0341796875, -0.02099609375, -0.0712890625, 0.03125, -0.052490234375, 0.0164794921875, -0.0072021484375, 0.002044677734375, -0.00628662109375, -0.015380859375, 0.00823974609375, 0.0308837890625, 0.014404296875, -0.0284423828125, -0.049560546875, -0.024658203125, 0.056884765625, -0.031494140625, 0.04443359375, -0.0294189453125, -0.0004520416259765625, 0.007354736328125, -0.0167236328125, 0.0036773681640625, -0.0177001953125, -0.033447265625, -0.048828125, -0.0111083984375, -0.0341796875, -0.0035552978515625, 0.04833984375, 0.0172119140625, -0.0030364990234375, -0.045654296875, 0.022216796875, -0.0301513671875, -0.0311279296875, -0.00933837890625, 0.0032196044921875, 0.038330078125, -0.022705078125, -0.0164794921875, 0.038818359375, -0.018310546875, 0.006561279296875, -0.0020904541015625, -0.061279296875, -0.006500244140625, 0.042236328125, 0.051513671875, 0.01507568359375, -0.04296875, -0.043212890625, -0.0284423828125, -0.041748046875, -0.0693359375, 0.0189208984375, -0.0128173828125, -0.01904296875, -0.00469970703125, -0.0712890625, 0.029541015625, -0.0198974609375, -0.044677734375, 0.0093994140625, 0.0284423828125, 0.0003490447998046875, -0.024169921875, 0.0019989013671875, -0.00701904296875, -0.025146484375, 0.0120849609375, 0.021484375, -0.0030975341796875, -0.0103759765625, 0.056640625, -0.04150390625, -0.028076171875, -0.040771484375, 0.03857421875, -0.0224609375, -0.003265380859375, -0.017333984375, 0.0301513671875, -0.06689453125, 0.0186767578125, -0.0167236328125, -0.041015625, 0.0162353515625, 0.018310546875, -0.0029296875, -0.0059814453125, -0.0289306640625, -0.0196533203125, -0.0250244140625, 0.002288818359375, 0.0294189453125, -0.0021820068359375, 0.0242919921875, -0.03759765625, -0.01422119140625, 0.01544189453125, 0.033203125, 0.01470947265625, 0.006378173828125, -0.011962890625, -0.02197265625, 0.0172119140625, -0.0303955078125, -0.050537109375, 0.0186767578125, 0.003082275390625, -0.08056640625, -0.046875, -0.0264892578125, -0.008544921875, -0.0014190673828125, 0.007659912109375, 0.04833984375, -0.0076904296875, -0.00164031982421875, -0.032470703125, -0.039306640625, 0.04150390625, 0.0247802734375, -0.00188446044921875, 0.0228271484375, -0.0034942626953125, -0.0294189453125, -0.0169677734375, -0.0238037109375, 0.0771484375, 0.00970458984375, -0.00579833984375, 0.04541015625, 0.00726318359375, -0.0091552734375, 0.056640625, 0.00823974609375, -0.037841796875, -0.0194091796875, -0.018310546875, -0.017333984375, 0.01300048828125, -0.0172119140625, 0.0400390625, 0.04443359375, 0.0264892578125, -0.0120849609375, 0.0306396484375, 0.0234375, 0.00665283203125, -0.005706787109375, 0.004241943359375, -0.03466796875, 0.0029296875, 0.020751953125, -0.03662109375, 0.01513671875, 0.01416015625, 0.01025390625, 0.0341796875, -0.03759765625, 0.018310546875, -0.00872802734375, 0.017578125, 0.01190185546875, 0.006500244140625, -0.08447265625, 0.03125, 0.0247802734375, 0.03466796875, 0.01019287109375, 0.02392578125, -0.018310546875, -0.0262451171875, -0.044677734375, 0.01904296875, 0.046875, 0.0252685546875, -0.005950927734375, -0.0274658203125, -0.041015625, -0.0228271484375, -0.0294189453125, 0.0255126953125, -0.0201416015625, -0.011474609375, 0.0201416015625, 